  0
SECTION
  2
HEADER
  9
$ACADVER
  1
AC1032
  9
$ACADMAINTVER
 90
      248
  9
$DWGCODEPAGE
  3
ANSI_1251
  9
$LASTSAVEDBY
  1
User
  9
$REQUIREDVERSIONS
160
                 0
  9
$INSBASE
 10
0.0
 20
0.0
 30
0.0
  9
$EXTMIN
 10
1639.223796923094
 20
1481.443932275184
 30
0.0
  9
$EXTMAX
 10
54055.28409325376
 20
48926.74989673411
 30
0.0
  9
$LIMMIN
 10
0.0
 20
0.0
  9
$LIMMAX
 10
420.0
 20
297.0
  9
$ORTHOMODE
 70
     0
  9
$REGENMODE
 70
     1
  9
$FILLMODE
 70
     1
  9
$QTEXTMODE
 70
     0
  9
$MIRRTEXT
 70
     0
  9
$LTSCALE
 40
1.0
  9
$ATTMODE
 70
     1
  9
$TEXTSIZE
 40
2.5
  9
$TRACEWID
 40
1.0
  9
$TEXTSTYLE
  7
Standard
  9
$CLAYER
  8
0
  9
$CELTYPE
  6
ByLayer
  9
$CECOLOR
 62
   256
  9
$CELTSCALE
 40
1.0
  9
$DISPSILH
 70
     0
  9
$DIMSCALE
 40
1.0
  9
$DIMASZ
 40
2.5
  9
$DIMEXO
 40
0.625
  9
$DIMDLI
 40
3.75
  9
$DIMRND
 40
0.0
  9
$DIMDLE
 40
0.0
  9
$DIMEXE
 40
1.25
  9
$DIMTP
 40
0.0
  9
$DIMTM
 40
0.0
  9
$DIMTXT
 40
2.5
  9
$DIMCEN
 40
2.5
  9
$DIMTSZ
 40
0.0
  9
$DIMTOL
 70
     0
  9
$DIMLIM
 70
     0
  9
$DIMTIH
 70
     0
  9
$DIMTOH
 70
     0
  9
$DIMSE1
 70
     0
  9
$DIMSE2
 70
     0
  9
$DIMTAD
 70
     1
  9
$DIMZIN
 70
     8
  9
$DIMBLK
  1

  9
$DIMASO
 70
     1
  9
$DIMSHO
 70
     1
  9
$DIMPOST
  1

  9
$DIMAPOST
  1

  9
$DIMALT
 70
     0
  9
$DIMALTD
 70
     3
  9
$DIMALTF
 40
0.03937007874016
  9
$DIMLFAC
 40
1.0
  9
$DIMTOFL
 70
     1
  9
$DIMTVP
 40
0.0
  9
$DIMTIX
 70
     0
  9
$DIMSOXD
 70
     0
  9
$DIMSAH
 70
     0
  9
$DIMBLK1
  1

  9
$DIMBLK2
  1

  9
$DIMSTYLE
  2
ISO-25
  9
$DIMCLRD
 70
     0
  9
$DIMCLRE
 70
     0
  9
$DIMCLRT
 70
     0
  9
$DIMTFAC
 40
1.0
  9
$DIMGAP
 40
0.625
  9
$DIMJUST
 70
     0
  9
$DIMSD1
 70
     0
  9
$DIMSD2
 70
     0
  9
$DIMTOLJ
 70
     0
  9
$DIMTZIN
 70
     8
  9
$DIMALTZ
 70
     0
  9
$DIMALTTZ
 70
     0
  9
$DIMUPT
 70
     0
  9
$DIMDEC
 70
     2
  9
$DIMTDEC
 70
     2
  9
$DIMALTU
 70
     2
  9
$DIMALTTD
 70
     3
  9
$DIMTXSTY
  7
Standard
  9
$DIMAUNIT
 70
     0
  9
$DIMADEC
 70
     0
  9
$DIMALTRND
 40
0.0
  9
$DIMAZIN
 70
     0
  9
$DIMDSEP
 70
    44
  9
$DIMATFIT
 70
     3
  9
$DIMFRAC
 70
     0
  9
$DIMLDRBLK
  1

  9
$DIMLUNIT
 70
     2
  9
$DIMLWD
 70
    -2
  9
$DIMLWE
 70
    -2
  9
$DIMTMOVE
 70
     0
  9
$DIMFXL
 40
1.0
  9
$DIMFXLON
 70
     0
  9
$DIMJOGANG
 40
0.7853981633974483
  9
$DIMTFILL
 70
     0
  9
$DIMTFILLCLR
 70
     0
  9
$DIMARCSYM
 70
     0
  9
$DIMLTYPE
  6

  9
$DIMLTEX1
  6

  9
$DIMLTEX2
  6

  9
$DIMTXTDIRECTION
 70
     0
  9
$LUNITS
 70
     2
  9
$LUPREC
 70
     4
  9
$SKETCHINC
 40
1.0
  9
$FILLETRAD
 40
0.0
  9
$AUNITS
 70
     0
  9
$AUPREC
 70
     0
  9
$MENU
  1
.
  9
$ELEVATION
 40
0.0
  9
$PELEVATION
 40
0.0
  9
$THICKNESS
 40
0.0
  9
$LIMCHECK
 70
     0
  9
$CHAMFERA
 40
0.0
  9
$CHAMFERB
 40
0.0
  9
$CHAMFERC
 40
0.0
  9
$CHAMFERD
 40
0.0
  9
$SKPOLY
 70
     0
  9
$TDCREATE
 40
2461252.408865741
  9
$TDUCREATE
 40
2461252.283865741
  9
$TDUPDATE
 40
2461252.410023148
  9
$TDUUPDATE
 40
2461252.285023148
  9
$TDINDWG
 40
0.0011574074
  9
$TDUSRTIMER
 40
0.0011574074
  9
$USRTIMER
 70
     1
  9
$ANGBASE
 50
0.0
  9
$ANGDIR
 70
     0
  9
$PDMODE
 70
     0
  9
$PDSIZE
 40
0.0
  9
$PLINEWID
 40
0.0
  9
$SPLFRAME
 70
     0
  9
$SPLINETYPE
 70
     6
  9
$SPLINESEGS
 70
     8
  9
$HANDSEED
  5
152F
  9
$SURFTAB1
 70
     6
  9
$SURFTAB2
 70
     6
  9
$SURFTYPE
 70
     6
  9
$SURFU
 70
     6
  9
$SURFV
 70
     6
  9
$UCSBASE
  2

  9
$UCSNAME
  2

  9
$UCSORG
 10
0.0
 20
0.0
 30
0.0
  9
$UCSXDIR
 10
1.0
 20
0.0
 30
0.0
  9
$UCSYDIR
 10
0.0
 20
1.0
 30
0.0
  9
$UCSORTHOREF
  2

  9
$UCSORTHOVIEW
 70
     0
  9
$UCSORGTOP
 10
0.0
 20
0.0
 30
0.0
  9
$UCSORGBOTTOM
 10
0.0
 20
0.0
 30
0.0
  9
$UCSORGLEFT
 10
0.0
 20
0.0
 30
0.0
  9
$UCSORGRIGHT
 10
0.0
 20
0.0
 30
0.0
  9
$UCSORGFRONT
 10
0.0
 20
0.0
 30
0.0
  9
$UCSORGBACK
 10
0.0
 20
0.0
 30
0.0
  9
$PUCSBASE
  2

  9
$PUCSNAME
  2

  9
$PUCSORG
 10
0.0
 20
0.0
 30
0.0
  9
$PUCSXDIR
 10
1.0
 20
0.0
 30
0.0
  9
$PUCSYDIR
 10
0.0
 20
1.0
 30
0.0
  9
$PUCSORTHOREF
  2

  9
$PUCSORTHOVIEW
 70
     0
  9
$PUCSORGTOP
 10
0.0
 20
0.0
 30
0.0
  9
$PUCSORGBOTTOM
 10
0.0
 20
0.0
 30
0.0
  9
$PUCSORGLEFT
 10
0.0
 20
0.0
 30
0.0
  9
$PUCSORGRIGHT
 10
0.0
 20
0.0
 30
0.0
  9
$PUCSORGFRONT
 10
0.0
 20
0.0
 30
0.0
  9
$PUCSORGBACK
 10
0.0
 20
0.0
 30
0.0
  9
$USERI1
 70
     0
  9
$USERI2
 70
     0
  9
$USERI3
 70
     0
  9
$USERI4
 70
     0
  9
$USERI5
 70
     0
  9
$USERR1
 40
0.0
  9
$USERR2
 40
0.0
  9
$USERR3
 40
0.0
  9
$USERR4
 40
0.0
  9
$USERR5
 40
0.0
  9
$WORLDVIEW
 70
     1
  9
$SHADEDGE
 70
     3
  9
$SHADEDIF
 70
    70
  9
$TILEMODE
 70
     1
  9
$MAXACTVP
 70
    64
  9
$PINSBASE
 10
0.0
 20
0.0
 30
0.0
  9
$PLIMCHECK
 70
     0
  9
$PEXTMIN
 10
0.0
 20
0.0
 30
0.0
  9
$PEXTMAX
 10
0.0
 20
0.0
 30
0.0
  9
$PLIMMIN
 10
0.0
 20
0.0
  9
$PLIMMAX
 10
12.0
 20
9.0
  9
$UNITMODE
 70
     0
  9
$VISRETAIN
 70
     1
  9
$PLINEGEN
 70
     0
  9
$PSLTSCALE
 70
     1
  9
$TREEDEPTH
 70
  3020
  9
$CMLSTYLE
  2
Standard
  9
$CMLJUST
 70
     0
  9
$CMLSCALE
 40
20.0
  9
$PROXYGRAPHICS
 70
     1
  9
$MEASUREMENT
 70
     1
  9
$CELWEIGHT
370
    -1
  9
$ENDCAPS
280
     0
  9
$JOINSTYLE
280
     0
  9
$LWDISPLAY
290
     0
  9
$INSUNITS
 70
     4
  9
$HYPERLINKBASE
  1

  9
$STYLESHEET
  1

  9
$XEDIT
290
     1
  9
$CEPSNTYPE
380
     0
  9
$PSTYLEMODE
290
     1
  9
$FINGERPRINTGUID
  2
{1291C21D-0022-0D41-B2CB-7E87054434F1}
  9
$VERSIONGUID
  2
{25640D85-233C-DE41-894C-FF92B4C4632F}
  9
$EXTNAMES
290
     1
  9
$PSVPSCALE
 40
0.0
  9
$OLESTARTUP
290
     0
  9
$SORTENTS
280
   127
  9
$INDEXCTL
280
     0
  9
$HIDETEXT
280
     1
  9
$XCLIPFRAME
280
     2
  9
$HALOGAP
280
     0
  9
$OBSCOLOR
 70
   257
  9
$OBSLTYPE
280
     0
  9
$INTERSECTIONDISPLAY
280
     0
  9
$INTERSECTIONCOLOR
 70
   257
  9
$DIMASSOC
280
     2
  9
$PROJECTNAME
  1

  9
$CAMERADISPLAY
290
     0
  9
$LENSLENGTH
 40
50.0
  9
$CAMERAHEIGHT
 40
0.0
  9
$STEPSPERSEC
 40
2.0
  9
$STEPSIZE
 40
6.0
  9
$3DDWFPREC
 40
2.0
  9
$PSOLWIDTH
 40
5.0
  9
$PSOLHEIGHT
 40
80.0
  9
$LOFTANG1
 40
1.570796326794896
  9
$LOFTANG2
 40
1.570796326794896
  9
$LOFTMAG1
 40
0.0
  9
$LOFTMAG2
 40
0.0
  9
$LOFTPARAM
 70
     7
  9
$LOFTNORMALS
280
     1
  9
$LATITUDE
 40
37.795
  9
$LONGITUDE
 40
-122.394
  9
$NORTHDIRECTION
 40
0.0
  9
$TIMEZONE
 70
 -8000
  9
$LIGHTGLYPHDISPLAY
280
     1
  9
$TILEMODELIGHTSYNCH
280
     1
  9
$CMATERIAL
347
EC
  9
$SOLIDHIST
280
     0
  9
$SHOWHIST
280
     1
  9
$DWFFRAME
280
     2
  9
$DGNFRAME
280
     0
  9
$REALWORLDSCALE
290
     1
  9
$INTERFERECOLOR
 62
     1
  9
$INTERFEREOBJVS
345
F9
  9
$INTERFEREVPVS
346
F6
  9
$CSHADOW
280
     0
  9
$SHADOWPLANELOCATION
 40
0.0
  0
ENDSEC
  0
SECTION
  2
CLASSES
  0
CLASS
  1
ACDBDICTIONARYWDFLT
  2
AcDbDictionaryWithDefault
  3
ObjectDBX Classes
 90
        0
 91
        1
280
     0
281
     0
  0
CLASS
  1
DICTIONARYVAR
  2
AcDbDictionaryVar
  3
ObjectDBX Classes
 90
        0
 91
       12
280
     0
281
     0
  0
CLASS
  1
TABLESTYLE
  2
AcDbTableStyle
  3
ObjectDBX Classes
 90
     4095
 91
        1
280
     0
281
     0
  0
CLASS
  1
MATERIAL
  2
AcDbMaterial
  3
ObjectDBX Classes
 90
     1153
 91
        3
280
     0
281
     0
  0
CLASS
  1
VISUALSTYLE
  2
AcDbVisualStyle
  3
ObjectDBX Classes
 90
     4095
 91
       24
280
     0
281
     0
  0
CLASS
  1
SCALE
  2
AcDbScale
  3
ObjectDBX Classes
 90
     1153
 91
       17
280
     0
281
     0
  0
CLASS
  1
MLEADERSTYLE
  2
AcDbMLeaderStyle
  3
ACDB_MLEADERSTYLE_CLASS
 90
     4095
 91
        2
280
     0
281
     0
  0
CLASS
  1
CELLSTYLEMAP
  2
AcDbCellStyleMap
  3
ObjectDBX Classes
 90
     1152
 91
        1
280
     0
281
     0
  0
CLASS
  1
EXACXREFPANELOBJECT
  2
ExAcXREFPanelObject
  3
EXAC_ESW
 90
     1025
 91
        0
280
     0
281
     0
  0
CLASS
  1
NPOCOLLECTION
  2
AcDbImpNonPersistentObjectsCollection
  3
ObjectDBX Classes
 90
     1153
 91
        0
280
     0
281
     0
  0
CLASS
  1
LAYER_INDEX
  2
AcDbLayerIndex
  3
ObjectDBX Classes
 90
        0
 91
        0
280
     0
281
     0
  0
CLASS
  1
SPATIAL_INDEX
  2
AcDbSpatialIndex
  3
ObjectDBX Classes
 90
        0
 91
        0
280
     0
281
     0
  0
CLASS
  1
IDBUFFER
  2
AcDbIdBuffer
  3
ObjectDBX Classes
 90
        0
 91
        0
280
     0
281
     0
  0
CLASS
  1
ACDBSECTIONVIEWSTYLE
  2
AcDbSectionViewStyle
  3
ObjectDBX Classes
 90
     1025
 91
        1
280
     0
281
     0
  0
CLASS
  1
ACDBDETAILVIEWSTYLE
  2
AcDbDetailViewStyle
  3
ObjectDBX Classes
 90
     1025
 91
        1
280
     0
281
     0
  0
CLASS
  1
SORTENTSTABLE
  2
AcDbSortentsTable
  3
ObjectDBX Classes
 90
        0
 91
        2
280
     0
281
     0
  0
CLASS
  1
MULTILEADER
  2
AcDbMLeader
  3
ACDB_MLEADER_CLASS
 90
     1025
 91
       38
280
     0
281
     1
  0
ENDSEC
  0
SECTION
  2
TABLES
  0
TABLE
  2
VPORT
  5
8
330
0
100
AcDbSymbolTable
 70
     1
  0
VPORT
  5
EA
330
8
100
AcDbSymbolTableRecord
100
AcDbViewportTableRecord
  2
*Active
 70
     0
 10
0.0
 20
0.0
 11
1.0
 21
1.0
 12
42462.00918670721
 22
20239.88971300376
 13
0.0
 23
0.0
 14
10.0
 24
10.0
 15
10.0
 25
10.0
 16
0.0
 26
0.0
 36
1.0
 17
0.0
 27
0.0
 37
0.0
 40
71181.00365072057
 41
1.930260047281323
 42
50.0
 43
0.0
 44
0.0
 50
0.0
 51
0.0
 71
     0
 72
  1000
 73
     1
 74
     3
 75
     0
 76
     1
 77
     0
 78
     0
281
     0
 65
     1
110
0.0
120
0.0
130
0.0
111
1.0
121
0.0
131
0.0
112
0.0
122
1.0
132
0.0
 79
     0
146
0.0
348
F5
 60
     3
 61
     5
292
     1
282
     1
141
0.0
142
0.0
 63
   250
421
  3355443
1001
ACAD_NAV_VCDISPLAY
1070
     3
  0
ENDTAB
  0
TABLE
  2
LTYPE
  5
5
330
0
100
AcDbSymbolTable
 70
     3
  0
LTYPE
  5
14
330
5
100
AcDbSymbolTableRecord
100
AcDbLinetypeTableRecord
  2
ByBlock
 70
     0
  3

 72
    65
 73
     0
 40
0.0
  0
LTYPE
  5
15
330
5
100
AcDbSymbolTableRecord
100
AcDbLinetypeTableRecord
  2
ByLayer
 70
     0
  3

 72
    65
 73
     0
 40
0.0
  0
LTYPE
  5
16
330
5
100
AcDbSymbolTableRecord
100
AcDbLinetypeTableRecord
  2
Continuous
 70
     0
  3
Solid line
 72
    65
 73
     0
 40
0.0
  0
LTYPE
  5
488
330
5
100
AcDbSymbolTableRecord
100
AcDbLinetypeTableRecord
  2
DASHED
 70
     0
  3
Dashed __ __ __ __ __ __ __ __ __ __ __ __ __ _
 72
    65
 73
     2
 40
19.05
 49
12.7
 74
     0
 49
-6.349999999999998
 74
     0
  0
LTYPE
  5
489
330
5
100
AcDbSymbolTableRecord
100
AcDbLinetypeTableRecord
  2
DASHDOT
 70
     0
  3
Dash dot __ . __ . __ . __ . __ . __ . __ . __
 72
    65
 73
     4
 40
25.4
 49
12.7
 74
     0
 49
-6.349999999999998
 74
     0
 49
0.0
 74
     0
 49
-6.349999999999998
 74
     0
  0
ENDTAB
  0
TABLE
  2
LAYER
  5
2
102
{ACAD_XDICTIONARY
360
1FF
102
}
330
0
100
AcDbSymbolTable
 70
    11
  0
LAYER
  5
10
102
{ACAD_XDICTIONARY
360
13C
102
}
330
2
100
AcDbSymbolTableRecord
100
AcDbLayerTableRecord
  2
0
 70
     0
 62
     7
  6
Continuous
370
    -3
390
F
347
EE
348
0
  0
LAYER
  5
48A
102
{ACAD_XDICTIONARY
360
48B
102
}
330
2
100
AcDbSymbolTableRecord
100
AcDbLayerTableRecord
  2
$Тонкие
 70
     0
 62
     8
  6
Continuous
370
    13
390
F
347
EE
348
0
  0
LAYER
  5
48C
330
2
100
AcDbSymbolTableRecord
100
AcDbLayerTableRecord
  2
Defpoints
 70
     0
 62
     6
  6
Continuous
290
     0
370
    -3
390
F
347
EE
348
0
  0
LAYER
  5
48D
102
{ACAD_XDICTIONARY
360
48E
102
}
330
2
100
AcDbSymbolTableRecord
100
AcDbLayerTableRecord
  2
$Слои конструкции
 70
     0
 62
     7
  6
Continuous
370
    35
390
F
347
EE
348
0
  0
LAYER
  5
48F
102
{ACAD_XDICTIONARY
360
490
102
}
330
2
100
AcDbSymbolTableRecord
100
AcDbLayerTableRecord
  2
$Пунктир
 70
     0
 62
     3
  6
DASHED
370
    13
390
F
347
EE
348
0
  0
LAYER
  5
491
102
{ACAD_XDICTIONARY
360
492
102
}
330
2
100
AcDbSymbolTableRecord
100
AcDbLayerTableRecord
  2
$Оси
 70
     0
 62
     1
  6
DASHDOT
370
    13
390
F
347
EE
348
0
  0
LAYER
  5
493
102
{ACAD_XDICTIONARY
360
494
102
}
330
2
100
AcDbSymbolTableRecord
100
AcDbLayerTableRecord
  2
$Размеры
 70
     0
 62
     5
  6
Continuous
370
    13
390
F
347
EE
348
0
  0
LAYER
  5
495
102
{ACAD_XDICTIONARY
360
496
102
}
330
2
100
AcDbSymbolTableRecord
100
AcDbLayerTableRecord
  2
$Выноски
 70
     0
 62
     5
  6
Continuous
370
    13
390
F
347
EE
348
0
  0
LAYER
  5
497
330
2
100
AcDbSymbolTableRecord
100
AcDbLayerTableRecord
  2
$ Слои конструкции $
 70
     0
 62
     7
  6
Continuous
370
    35
390
F
347
EE
348
0
1001
AcAecLayerStandard
1000

1000

1001
AcCmTransparency
1071
        0
  0
LAYER
  5
498
330
2
100
AcDbSymbolTableRecord
100
AcDbLayerTableRecord
  2
∅16
 70
     0
 62
   220
  6
Continuous
370
    30
390
F
347
EE
348
0
1001
AcAecLayerStandard
1000

1000

1001
AcCmTransparency
1071
        0
  0
LAYER
  5
499
102
{ACAD_XDICTIONARY
360
49A
102
}
330
2
100
AcDbSymbolTableRecord
100
AcDbLayerTableRecord
  2
$ Оси
 70
     0
 62
    20
  6
DASHDOT
370
    -3
390
F
347
EE
348
0
  0
ENDTAB
  0
TABLE
  2
STYLE
  5
3
330
0
100
AcDbSymbolTable
 70
     3
  0
STYLE
  5
11
330
3
100
AcDbSymbolTableRecord
100
AcDbTextStyleTableRecord
  2
Standard
 70
     0
 40
0.0
 41
1.0
 50
0.0
 71
     0
 42
2.5
  3
arial.ttf
  4

1001
ACAD
1000
Arial
1071
       34
  0
STYLE
  5
132
330
3
100
AcDbSymbolTableRecord
100
AcDbTextStyleTableRecord
  2
Аннотативный
 70
     0
 40
0.0
 41
1.0
 50
0.0
 71
     0
 42
2.5
  3
arial.ttf
  4

1001
AcadAnnotative
1000
AnnotativeData
1002
{
1070
     1
1070
     1
1002
}
1001
ACAD
1000
Arial
1071
       34
  0
STYLE
  5
49B
330
3
100
AcDbSymbolTableRecord
100
AcDbTextStyleTableRecord
  2
@ТРАНСПРОЕКТ
 70
     0
 40
0.0
 41
1.0
 50
15.0
 71
     0
 42
1.0
  3
isocpeur.ttf
  4

1001
ACAD
1000
ISOCPEUR
1071
       34
  0
ENDTAB
  0
TABLE
  2
VIEW
  5
6
330
0
100
AcDbSymbolTable
 70
     0
  0
ENDTAB
  0
TABLE
  2
UCS
  5
7
330
0
100
AcDbSymbolTable
 70
     0
  0
ENDTAB
  0
TABLE
  2
APPID
  5
9
330
0
100
AcDbSymbolTable
 70
    14
  0
APPID
  5
12
330
9
100
AcDbSymbolTableRecord
100
AcDbRegAppTableRecord
  2
ACAD
 70
     0
  0
APPID
  5
9E
330
9
100
AcDbSymbolTableRecord
100
AcDbRegAppTableRecord
  2
ACAD_PSEXT
 70
     0
  0
APPID
  5
133
330
9
100
AcDbSymbolTableRecord
100
AcDbRegAppTableRecord
  2
AcadAnnoPO
 70
     0
  0
APPID
  5
134
330
9
100
AcDbSymbolTableRecord
100
AcDbRegAppTableRecord
  2
AcadAnnotative
 70
     0
  0
APPID
  5
135
330
9
100
AcDbSymbolTableRecord
100
AcDbRegAppTableRecord
  2
ACAD_DSTYLE_DIMJAG
 70
     0
  0
APPID
  5
136
330
9
100
AcDbSymbolTableRecord
100
AcDbRegAppTableRecord
  2
ACAD_DSTYLE_DIMTALN
 70
     0
  0
APPID
  5
165
330
9
100
AcDbSymbolTableRecord
100
AcDbRegAppTableRecord
  2
ACAD_MLEADERVER
 70
     0
  0
APPID
  5
217
330
9
100
AcDbSymbolTableRecord
100
AcDbRegAppTableRecord
  2
ACAD_NAV_VCDISPLAY
 70
     0
  0
APPID
  5
49D
330
9
100
AcDbSymbolTableRecord
100
AcDbRegAppTableRecord
  2
AcDbDynamicBlockGUID
 70
     0
  0
APPID
  5
49E
330
9
100
AcDbSymbolTableRecord
100
AcDbRegAppTableRecord
  2
ACAD_DSTYLE_DIMBREAK
 70
     0
  0
APPID
  5
49F
330
9
100
AcDbSymbolTableRecord
100
AcDbRegAppTableRecord
  2
AcAecLayerStandard
 70
     0
  0
APPID
  5
4A0
330
9
100
AcDbSymbolTableRecord
100
AcDbRegAppTableRecord
  2
AcCmTransparency
 70
     0
  0
APPID
  5
C3E
330
9
100
AcDbSymbolTableRecord
100
AcDbRegAppTableRecord
  2
GradientColor1ACI
 70
     0
  0
APPID
  5
C3F
330
9
100
AcDbSymbolTableRecord
100
AcDbRegAppTableRecord
  2
GradientColor2ACI
 70
     0
  0
ENDTAB
  0
TABLE
  2
DIMSTYLE
  5
A
330
0
100
AcDbSymbolTable
 70
     5
100
AcDbDimStyleTable
 71
     2
340
27
340
137
  0
DIMSTYLE
105
1B0
330
A
100
AcDbSymbolTableRecord
100
AcDbDimStyleTableRecord
  2
Standard
 70
     0
340
11
  0
DIMSTYLE
105
137
330
A
100
AcDbSymbolTableRecord
100
AcDbDimStyleTableRecord
  2
Аннотативный
 70
     0
 40
0.0
 41
2.5
 42
0.625
 43
3.75
 44
1.25
 73
     0
 74
     0
 77
     1
 78
     8
140
2.5
141
2.5
143
0.03937007874016
147
0.625
171
     3
172
     1
271
     2
272
     2
274
     3
278
    44
283
     0
284
     8
340
11
1001
AcadAnnotative
1000
AnnotativeData
1002
{
1070
     1
1070
     1
1002
}
1001
ACAD_DSTYLE_DIMJAG
1070
   388
1040
1.5
1001
ACAD_DSTYLE_DIMTALN
1070
   392
1070
     0
  0
DIMSTYLE
105
27
330
A
100
AcDbSymbolTableRecord
100
AcDbDimStyleTableRecord
  2
ISO-25
 70
     0
 41
2.5
 42
0.625
 43
3.75
 44
1.25
 73
     0
 74
     0
 77
     1
 78
     8
140
2.5
141
2.5
143
0.03937007874016
147
0.625
171
     3
172
     1
271
     2
272
     2
274
     3
278
    44
283
     0
284
     8
340
11
  0
DIMSTYLE
105
49C
102
{ACAD_REACTORS
330
511
330
518
330
51B
330
51C
330
51D
330
51E
330
51F
330
523
330
524
330
525
330
526
330
527
330
528
330
4F6
330
4F7
330
4F8
330
4F9
330
4FA
330
4FB
330
4FC
330
4FD
330
4FE
330
4FF
330
500
330
501
330
502
330
503
330
509
330
50A
330
50B
330
50C
330
50D
330
50E
330
50F
330
510
330
DD1
330
DD2
330
DD3
330
DD4
330
DD5
330
DE0
330
DE1
330
DE2
330
DE3
330
DED
330
DEE
330
DEF
330
DF0
330
DF1
330
DF2
330
DF3
330
DF4
330
DF5
330
DF6
330
DF7
330
DF8
330
DF9
330
DFD
330
DFE
330
DFF
330
E00
330
E01
330
E02
330
E03
330
E04
330
E05
330
E09
330
E0A
330
E0B
330
E0C
330
E0F
330
E10
330
E11
330
E12
330
E13
330
E14
330
E15
330
E17
330
E18
330
E19
330
E1A
330
E1D
330
E1E
330
E2A
330
E50
330
E51
330
E52
330
E53
330
E54
330
E55
330
E56
330
E57
330
E58
330
E59
330
E5A
330
E5B
330
E5C
330
E5D
330
E5E
330
DC5
330
DC6
330
DC7
330
DC9
330
DCA
330
DCB
330
DCC
330
DCD
330
DCE
330
DCF
330
DD0
102
}
330
A
100
AcDbSymbolTableRecord
100
AcDbDimStyleTableRecord
  2
@TN  1-100$0
 70
     0
 40
100.0
 41
1.5
 42
1.0
 43
0.5
 44
1.0
 69
     1
 73
     0
 74
     0
 77
     1
140
2.5
141
0.0
147
0.75
176
     5
177
     5
178
     5
179
     3
271
     0
272
     0
275
     1
340
49B
342
2B9
345
16
346
16
347
16
371
    13
372
    13
1001
ACAD_DSTYLE_DIMJAG
1070
   388
1040
1.0
1001
ACAD_DSTYLE_DIMBREAK
1070
   391
1040
3.0
1001
ACAD_DSTYLE_DIMTALN
1070
   392
1070
     0
  0
DIMSTYLE
105
C3D
102
{ACAD_REACTORS
330
DEC
330
DFC
330
E08
330
E0E
102
}
330
A
100
AcDbSymbolTableRecord
100
AcDbDimStyleTableRecord
  2
@TN  1-100
 70
     0
 40
100.0
 41
1.5
 42
1.0
 44
0.7
 73
     0
 74
     0
 77
     1
140
2.5
141
0.0
147
0.5
176
   256
177
   256
178
   256
179
     3
271
     0
272
     0
275
     1
340
49B
342
2B9
345
16
346
16
347
16
371
    13
372
    13
1001
ACAD_DSTYLE_DIMBREAK
1070
   391
1040
1.0
1001
ACAD_DSTYLE_DIMJAG
1070
   388
1040
1.5
1001
ACAD_DSTYLE_DIMTALN
1070
   392
1070
     0
  0
ENDTAB
  0
TABLE
  2
BLOCK_RECORD
  5
1
330
0
100
AcDbSymbolTable
 70
   236
  0
BLOCK_RECORD
  5
1F
102
{ACAD_XDICTIONARY
360
1CE
102
}
330
1
100
AcDbSymbolTableRecord
100
AcDbBlockTableRecord
  2
*Model_Space
340
22
 70
     0
280
     1
281
     0
  0
BLOCK_RECORD
  5
D2
330
1
100
AcDbSymbolTableRecord
100
AcDbBlockTableRecord
  2
*Paper_Space
340
D3
 70
     0
280
     1
281
     0
  0
BLOCK_RECORD
  5
D6
330
1
100
AcDbSymbolTableRecord
100
AcDbBlockTableRecord
  2
*Paper_Space0
340
D7
 70
     0
280
     1
281
     0
  0
BLOCK_RECORD
  5
2B9
330
1
100
AcDbSymbolTableRecord
100
AcDbBlockTableRecord
  2
_Oblique
340
0
102
{BLKREFS
331
7A1
331
7A2
331
7AC
331
7AD
331
7B4
331
7B5
331
7BD
331
7BE
331
7CB
331
7CC
331
7D6
331
7D7
331
7DE
331
7DF
331
7E7
331
7E8
331
7F0
331
7F1
331
7FE
331
7FF
331
807
331
808
331
810
331
811
331
819
331
81A
331
825
331
826
331
830
331
831
331
83B
331
83C
331
863
331
864
331
871
331
872
331
87E
331
87F
331
726
331
727
331
72F
331
730
331
738
331
739
331
741
331
742
331
74A
331
74B
331
753
331
754
331
75C
331
75D
331
765
331
766
331
76F
331
770
331
779
331
77A
331
781
331
782
331
78A
331
78B
331
793
331
794
331
6EE
331
6EF
331
6F8
331
6F9
331
701
331
702
331
70A
331
70B
331
713
331
714
331
71D
331
71E
331
3E4
331
3E5
331
3EF
331
3F0
331
3FC
331
3FD
331
408
331
409
331
414
331
415
331
420
331
421
331
42D
331
42E
331
439
331
43A
331
445
331
446
331
361
331
362
331
36C
331
36D
331
378
331
379
331
384
331
385
331
395
331
396
331
3A1
331
3A2
331
3AD
331
3AE
331
3B9
331
3BA
331
3C8
331
3C9
331
3D6
331
3D7
331
451
331
452
331
45D
331
45E
331
469
331
46A
331
475
331
476
331
481
331
482
331
2CF
331
2D0
331
2DC
331
2DD
331
2E9
331
2EA
331
2F4
331
2F5
331
300
331
301
331
30C
331
30D
331
31D
331
31E
331
32B
331
32C
331
336
331
337
331
342
331
343
331
353
331
354
331
AE2
331
AE3
331
AF1
331
AF2
331
AFD
331
AFE
331
B0C
331
B0D
331
B17
331
B18
331
B23
331
B24
331
B2F
331
B30
331
B3C
331
B3D
331
B4B
331
B4C
331
B56
331
B57
331
A71
331
A72
331
A7E
331
A7F
331
A8A
331
A8B
331
A96
331
A97
331
AA3
331
AA4
331
AAF
331
AB0
331
ABC
331
ABD
331
ACB
331
ACC
331
AD4
331
AD5
331
9F2
331
9F3
331
9FE
331
9FF
331
A0A
331
A0B
331
A16
331
A17
331
A22
331
A23
331
A2E
331
A2F
331
A3D
331
A3E
331
A49
331
A4A
331
A56
331
A57
331
A65
331
A66
331
97A
331
97B
331
986
331
987
331
992
331
993
331
99E
331
99F
331
9AA
331
9AB
331
9B6
331
9B7
331
9C2
331
9C3
331
9CE
331
9CF
331
9DA
331
9DB
331
9E6
331
9E7
331
900
331
90F
331
910
331
91A
331
91B
331
926
331
927
331
932
331
933
331
93E
331
93F
331
94A
331
94B
331
956
331
957
331
962
331
963
331
96E
331
96F
331
88B
331
88C
331
897
331
898
331
8A3
331
8A4
331
8B0
331
8B1
331
8BC
331
8BD
331
8C8
331
8C9
331
8D5
331
8D6
331
8E2
331
8E3
331
8EE
331
8EF
331
8FF
331
14BF
331
14C0
331
14C8
331
14C9
331
14D1
331
14D2
331
14DA
331
14DB
331
14E3
331
14E4
331
14EC
331
14ED
331
14F5
331
14F6
331
14FE
331
14FF
331
1507
331
1508
331
1513
331
1514
331
151C
331
151D
331
1526
331
1527
331
12DC
331
12DD
331
12E6
331
12E7
331
12F2
331
12F3
331
12FA
331
12FB
331
1303
331
1304
331
130D
331
130E
331
1316
331
1317
331
131D
331
131E
331
1328
331
1329
331
1334
331
1335
331
133D
331
133E
331
1349
331
134A
331
1351
331
1352
331
135A
331
135B
331
1363
331
1364
331
136D
331
136E
331
1376
331
1377
331
137D
331
137E
331
1388
331
1389
331
1391
331
1392
331
139A
331
139B
331
13A4
331
13A5
331
13AB
331
13AC
331
13B6
331
13B7
331
13C0
331
13C1
331
1242
331
1243
331
124B
331
124C
331
1255
331
1256
331
125E
331
125F
331
1267
331
1268
331
1271
331
1272
331
127A
331
127B
331
1284
331
1285
331
1290
331
1291
331
1296
331
1297
331
12A1
331
12A2
331
12AD
331
12AE
331
12B6
331
12B7
331
12C2
331
12C3
331
12CA
331
12CB
331
12D3
331
12D4
331
1441
331
1442
331
144A
331
144B
331
1453
331
1454
331
145C
331
145D
331
1465
331
1466
331
146E
331
146F
331
1477
331
1478
331
1480
331
1481
331
1489
331
148A
331
1492
331
1493
331
149B
331
149C
331
14A4
331
14A5
331
14AD
331
14AE
331
14B6
331
14B7
331
13CA
331
13CB
331
13D3
331
13D4
331
13DC
331
13DD
331
13E6
331
13E7
331
13EF
331
13F0
331
13F8
331
13F9
331
1402
331
1403
331
140C
331
140D
331
1415
331
1416
331
1423
331
1424
331
1430
331
1431
331
1438
331
1439
331
B62
331
B63
331
B6F
331
B70
331
B7B
331
B7C
331
B85
331
B86
331
B93
331
B94
331
BA2
331
BA3
331
BAE
331
BAF
331
BBD
331
BBE
331
BC8
331
BC9
331
BD4
331
BD5
331
BE0
331
BE1
331
BED
331
BEE
331
BF9
331
BFA
331
C03
331
C04
331
C11
331
C12
331
C1D
331
C1E
331
C29
331
C2A
331
C36
331
C37
102
}
 70
     0
280
     1
281
     0
  0
BLOCK_RECORD
  5
2BD
102
{ACAD_XDICTIONARY
360
2BE
102
}
330
1
100
AcDbSymbolTableRecord
100
AcDbBlockTableRecord
  2
A$C1EBE5109
340
0
102
{BLKREFS
331
4EF
331
4F0
331
4F1
331
4F2
331
4F3
331
4F4
331
512
331
513
102
}
 70
     6
280
     1
281
     0
1001
AcDbDynamicBlockGUID
1000
{8D80D78C-7E8D-4BF6-BB79-FE35F2E99DC0}
  0
BLOCK_RECORD
  5
2CA
330
1
100
AcDbSymbolTableRecord
100
AcDbBlockTableRecord
  2
*D3
340
0
 70
     0
280
     1
281
     0
  0
BLOCK_RECORD
  5
2D6
330
1
100
AcDbSymbolTableRecord
100
AcDbBlockTableRecord
  2
*D4
340
0
 70
     0
280
     1
281
     0
  0
BLOCK_RECORD
  5
2E3
330
1
100
AcDbSymbolTableRecord
100
AcDbBlockTableRecord
  2
*D5
340
0
 70
     0
280
     1
281
     0
  0
BLOCK_RECORD
  5
2EF
330
1
100
AcDbSymbolTableRecord
100
AcDbBlockTableRecord
  2
*D6
340
0
 70
     0
280
     1
281
     0
  0
BLOCK_RECORD
  5
2FB
330
1
100
AcDbSymbolTableRecord
100
AcDbBlockTableRecord
  2
*D7
340
0
 70
     0
280
     1
281
     0
  0
BLOCK_RECORD
  5
307
330
1
100
AcDbSymbolTableRecord
100
AcDbBlockTableRecord
  2
*D8
340
0
 70
     0
280
     1
281
     0
  0
BLOCK_RECORD
  5
313
330
1
100
AcDbSymbolTableRecord
100
AcDbBlockTableRecord
  2
*D9
340
0
 70
     0
280
     1
281
     0
  0
BLOCK_RECORD
  5
323
330
1
100
AcDbSymbolTableRecord
100
AcDbBlockTableRecord
  2
*D10
340
0
 70
     0
280
     1
281
     0
  0
BLOCK_RECORD
  5
331
330
1
100
AcDbSymbolTableRecord
100
AcDbBlockTableRecord
  2
*D11
340
0
 70
     0
280
     1
281
     0
  0
BLOCK_RECORD
  5
33D
330
1
100
AcDbSymbolTableRecord
100
AcDbBlockTableRecord
  2
*D12
340
0
 70
     0
280
     1
281
     0
  0
BLOCK_RECORD
  5
349
330
1
100
AcDbSymbolTableRecord
100
AcDbBlockTableRecord
  2
*D13
340
0
 70
     0
280
     1
281
     0
  0
BLOCK_RECORD
  5
359
330
1
100
AcDbSymbolTableRecord
100
AcDbBlockTableRecord
  2
*D14
340
0
 70
     0
280
     1
281
     0
  0
BLOCK_RECORD
  5
367
330
1
100
AcDbSymbolTableRecord
100
AcDbBlockTableRecord
  2
*D15
340
0
 70
     0
280
     1
281
     0
  0
BLOCK_RECORD
  5
373
330
1
100
AcDbSymbolTableRecord
100
AcDbBlockTableRecord
  2
*D16
340
0
 70
     0
280
     1
281
     0
  0
BLOCK_RECORD
  5
37F
330
1
100
AcDbSymbolTableRecord
100
AcDbBlockTableRecord
  2
*D17
340
0
 70
     0
280
     1
281
     0
  0
BLOCK_RECORD
  5
38B
330
1
100
AcDbSymbolTableRecord
100
AcDbBlockTableRecord
  2
*D18
340
0
 70
     0
280
     1
281
     0
  0
BLOCK_RECORD
  5
39B
330
1
100
AcDbSymbolTableRecord
100
AcDbBlockTableRecord
  2
*D19
340
0
 70
     0
280
     1
281
     0
  0
BLOCK_RECORD
  5
3A8
330
1
100
AcDbSymbolTableRecord
100
AcDbBlockTableRecord
  2
*D20
340
0
 70
     0
280
     1
281
     0
  0
BLOCK_RECORD
  5
3B4
330
1
100
AcDbSymbolTableRecord
100
AcDbBlockTableRecord
  2
*D21
340
0
 70
     0
280
     1
281
     0
  0
BLOCK_RECORD
  5
3C0
330
1
100
AcDbSymbolTableRecord
100
AcDbBlockTableRecord
  2
*D22
340
0
 70
     0
280
     1
281
     0
  0
BLOCK_RECORD
  5
3CE
330
1
100
AcDbSymbolTableRecord
100
AcDbBlockTableRecord
  2
*D23
340
0
 70
     0
280
     1
281
     0
  0
BLOCK_RECORD
  5
3DC
330
1
100
AcDbSymbolTableRecord
100
AcDbBlockTableRecord
  2
*D24
340
0
 70
     0
280
     1
281
     0
  0
BLOCK_RECORD
  5
3EA
330
1
100
AcDbSymbolTableRecord
100
AcDbBlockTableRecord
  2
*D25
340
0
 70
     0
280
     1
281
     0
  0
BLOCK_RECORD
  5
3F6
330
1
100
AcDbSymbolTableRecord
100
AcDbBlockTableRecord
  2
*D26
340
0
 70
     0
280
     1
281
     0
  0
BLOCK_RECORD
  5
403
330
1
100
AcDbSymbolTableRecord
100
AcDbBlockTableRecord
  2
*D27
340
0
 70
     0
280
     1
281
     0
  0
BLOCK_RECORD
  5
40F
330
1
100
AcDbSymbolTableRecord
100
AcDbBlockTableRecord
  2
*D28
340
0
 70
     0
280
     1
281
     0
  0
BLOCK_RECORD
  5
41B
330
1
100
AcDbSymbolTableRecord
100
AcDbBlockTableRecord
  2
*D29
340
0
 70
     0
280
     1
281
     0
  0
BLOCK_RECORD
  5
427
330
1
100
AcDbSymbolTableRecord
100
AcDbBlockTableRecord
  2
*D30
340
0
 70
     0
280
     1
281
     0
  0
BLOCK_RECORD
  5
434
330
1
100
AcDbSymbolTableRecord
100
AcDbBlockTableRecord
  2
*D31
340
0
 70
     0
280
     1
281
     0
  0
BLOCK_RECORD
  5
440
330
1
100
AcDbSymbolTableRecord
100
AcDbBlockTableRecord
  2
*D32
340
0
 70
     0
280
     1
281
     0
  0
BLOCK_RECORD
  5
44C
330
1
100
AcDbSymbolTableRecord
100
AcDbBlockTableRecord
  2
*D33
340
0
 70
     0
280
     1
281
     0
  0
BLOCK_RECORD
  5
458
330
1
100
AcDbSymbolTableRecord
100
AcDbBlockTableRecord
  2
*D34
340
0
 70
     0
280
     1
281
     0
  0
BLOCK_RECORD
  5
464
330
1
100
AcDbSymbolTableRecord
100
AcDbBlockTableRecord
  2
*D35
340
0
 70
     0
280
     1
281
     0
  0
BLOCK_RECORD
  5
470
330
1
100
AcDbSymbolTableRecord
100
AcDbBlockTableRecord
  2
*D36
340
0
 70
     0
280
     1
281
     0
  0
BLOCK_RECORD
  5
47C
330
1
100
AcDbSymbolTableRecord
100
AcDbBlockTableRecord
  2
*D37
340
0
 70
     0
280
     1
281
     0
  0
BLOCK_RECORD
  5
52D
330
1
100
AcDbSymbolTableRecord
100
AcDbBlockTableRecord
  2
*D39
340
0
 70
     0
280
     1
281
     0
  0
BLOCK_RECORD
  5
539
330
1
100
AcDbSymbolTableRecord
100
AcDbBlockTableRecord
  2
*D40
340
0
 70
     0
280
     1
281
     0
  0
BLOCK_RECORD
  5
546
330
1
100
AcDbSymbolTableRecord
100
AcDbBlockTableRecord
  2
*D41
340
0
 70
     0
280
     1
281
     0
  0
BLOCK_RECORD
  5
552
330
1
100
AcDbSymbolTableRecord
100
AcDbBlockTableRecord
  2
*D42
340
0
 70
     0
280
     1
281
     0
  0
BLOCK_RECORD
  5
55E
330
1
100
AcDbSymbolTableRecord
100
AcDbBlockTableRecord
  2
*D43
340
0
 70
     0
280
     1
281
     0
  0
BLOCK_RECORD
  5
56A
330
1
100
AcDbSymbolTableRecord
100
AcDbBlockTableRecord
  2
*D44
340
0
 70
     0
280
     1
281
     0
  0
BLOCK_RECORD
  5
577
330
1
100
AcDbSymbolTableRecord
100
AcDbBlockTableRecord
  2
*D45
340
0
 70
     0
280
     1
281
     0
  0
BLOCK_RECORD
  5
583
330
1
100
AcDbSymbolTableRecord
100
AcDbBlockTableRecord
  2
*D46
340
0
 70
     0
280
     1
281
     0
  0
BLOCK_RECORD
  5
58F
330
1
100
AcDbSymbolTableRecord
100
AcDbBlockTableRecord
  2
*D47
340
0
 70
     0
280
     1
281
     0
  0
BLOCK_RECORD
  5
59B
330
1
100
AcDbSymbolTableRecord
100
AcDbBlockTableRecord
  2
*D48
340
0
 70
     0
280
     1
281
     0
  0
BLOCK_RECORD
  5
5A7
330
1
100
AcDbSymbolTableRecord
100
AcDbBlockTableRecord
  2
*D49
340
0
 70
     0
280
     1
281
     0
  0
BLOCK_RECORD
  5
5B3
330
1
100
AcDbSymbolTableRecord
100
AcDbBlockTableRecord
  2
*D50
340
0
 70
     0
280
     1
281
     0
  0
BLOCK_RECORD
  5
5BF
330
1
100
AcDbSymbolTableRecord
100
AcDbBlockTableRecord
  2
*D51
340
0
 70
     0
280
     1
281
     0
  0
BLOCK_RECORD
  5
5CB
330
1
100
AcDbSymbolTableRecord
100
AcDbBlockTableRecord
  2
*D52
340
0
 70
     0
280
     1
281
     0
  0
BLOCK_RECORD
  5
5D7
330
1
100
AcDbSymbolTableRecord
100
AcDbBlockTableRecord
  2
*D53
340
0
 70
     0
280
     1
281
     0
  0
BLOCK_RECORD
  5
5E4
330
1
100
AcDbSymbolTableRecord
100
AcDbBlockTableRecord
  2
*D54
340
0
 70
     0
280
     1
281
     0
  0
BLOCK_RECORD
  5
5F0
330
1
100
AcDbSymbolTableRecord
100
AcDbBlockTableRecord
  2
*D55
340
0
 70
     0
280
     1
281
     0
  0
BLOCK_RECORD
  5
5FC
330
1
100
AcDbSymbolTableRecord
100
AcDbBlockTableRecord
  2
*D56
340
0
 70
     0
280
     1
281
     0
  0
BLOCK_RECORD
  5
608
330
1
100
AcDbSymbolTableRecord
100
AcDbBlockTableRecord
  2
*D57
340
0
 70
     0
280
     1
281
     0
  0
BLOCK_RECORD
  5
614
330
1
100
AcDbSymbolTableRecord
100
AcDbBlockTableRecord
  2
*D58
340
0
 70
     0
280
     1
281
     0
  0
BLOCK_RECORD
  5
624
330
1
100
AcDbSymbolTableRecord
100
AcDbBlockTableRecord
  2
*D59
340
0
 70
     0
280
     1
281
     0
  0
BLOCK_RECORD
  5
632
330
1
100
AcDbSymbolTableRecord
100
AcDbBlockTableRecord
  2
*D60
340
0
 70
     0
280
     1
281
     0
  0
BLOCK_RECORD
  5
63E
330
1
100
AcDbSymbolTableRecord
100
AcDbBlockTableRecord
  2
*D61
340
0
 70
     0
280
     1
281
     0
  0
BLOCK_RECORD
  5
64A
330
1
100
AcDbSymbolTableRecord
100
AcDbBlockTableRecord
  2
*D62
340
0
 70
     0
280
     1
281
     0
  0
BLOCK_RECORD
  5
65A
330
1
100
AcDbSymbolTableRecord
100
AcDbBlockTableRecord
  2
*D63
340
0
 70
     0
280
     1
281
     0
  0
BLOCK_RECORD
  5
668
330
1
100
AcDbSymbolTableRecord
100
AcDbBlockTableRecord
  2
*D64
340
0
 70
     0
280
     1
281
     0
  0
BLOCK_RECORD
  5
674
330
1
100
AcDbSymbolTableRecord
100
AcDbBlockTableRecord
  2
*D65
340
0
 70
     0
280
     1
281
     0
  0
BLOCK_RECORD
  5
680
330
1
100
AcDbSymbolTableRecord
100
AcDbBlockTableRecord
  2
*D66
340
0
 70
     0
280
     1
281
     0
  0
BLOCK_RECORD
  5
68C
330
1
100
AcDbSymbolTableRecord
100
AcDbBlockTableRecord
  2
*D67
340
0
 70
     0
280
     1
281
     0
  0
BLOCK_RECORD
  5
69C
330
1
100
AcDbSymbolTableRecord
100
AcDbBlockTableRecord
  2
*D68
340
0
 70
     0
280
     1
281
     0
  0
BLOCK_RECORD
  5
6A9
330
1
100
AcDbSymbolTableRecord
100
AcDbBlockTableRecord
  2
*D69
340
0
 70
     0
280
     1
281
     0
  0
BLOCK_RECORD
  5
6B5
330
1
100
AcDbSymbolTableRecord
100
AcDbBlockTableRecord
  2
*D70
340
0
 70
     0
280
     1
281
     0
  0
BLOCK_RECORD
  5
6C1
330
1
100
AcDbSymbolTableRecord
100
AcDbBlockTableRecord
  2
*D71
340
0
 70
     0
280
     1
281
     0
  0
BLOCK_RECORD
  5
6CF
330
1
100
AcDbSymbolTableRecord
100
AcDbBlockTableRecord
  2
*D72
340
0
 70
     0
280
     1
281
     0
  0
BLOCK_RECORD
  5
6DD
330
1
100
AcDbSymbolTableRecord
100
AcDbBlockTableRecord
  2
*D73
340
0
 70
     0
280
     1
281
     0
  0
BLOCK_RECORD
  5
840
330
1
100
AcDbSymbolTableRecord
100
AcDbBlockTableRecord
  2
_None
340
0
 70
     0
280
     1
281
     0
  0
BLOCK_RECORD
  5
843
102
{ACAD_XDICTIONARY
360
844
102
}
330
1
100
AcDbSymbolTableRecord
100
AcDbBlockTableRecord
  2
A$C11282C60
340
0
102
{BLKREFS
331
852
331
853
331
854
331
855
331
856
331
857
331
858
331
859
331
85A
331
85B
331
85C
331
D58
331
D59
331
D5D
331
D5E
331
D5F
331
D60
331
D61
331
D62
331
D63
331
D64
331
D65
331
D66
331
D67
331
D68
331
D69
331
D6A
331
D6B
331
D6C
331
D6D
331
D6E
331
D6F
331
D70
331
D71
331
D72
331
D73
331
D74
331
D75
331
D76
331
D77
331
D78
331
D79
331
D7A
331
D7B
331
D7C
331
D7D
331
D7E
331
D7F
331
D80
331
D81
331
D82
331
D83
331
D84
331
D85
331
D86
331
D87
331
D88
331
D89
331
D8A
331
D8B
331
D8C
331
D8D
331
D8E
331
D8F
331
D90
331
D91
331
D92
331
D93
331
D94
331
D95
331
D96
331
D97
331
D98
331
D99
331
D9A
331
D9B
331
D9C
331
D9D
331
D9E
331
D9F
331
DA0
331
DA1
331
DA2
331
DA3
331
DA4
331
DA5
331
DA6
331
DA7
331
DA8
331
DA9
331
DAA
331
DAB
331
DAC
331
DAD
331
DAE
331
DAF
331
DB0
331
DB1
331
DB2
331
DB3
331
DB4
331
DB5
331
DB6
331
DB7
331
DB8
331
DB9
331
DBA
102
}
 70
     6
280
     1
281
     0
1001
AcDbDynamicBlockGUID
1000
{3C32AB2B-4CE5-4A85-96BD-6A6A22DA3DE1}
  0
BLOCK_RECORD
  5
84A
102
{ACAD_XDICTIONARY
360
84B
102
}
330
1
100
AcDbSymbolTableRecord
100
AcDbBlockTableRecord
  2
A$C0AF07C0A
340
0
102
{BLKREFS
331
D52
331
DFA
331
E06
331
E29
102
}
 70
     6
280
     1
281
     0
1001
AcDbDynamicBlockGUID
1000
{037AF355-9750-4547-9A1D-3EE09BD496DA}
  0
BLOCK_RECORD
  5
860
330
1
100
AcDbSymbolTableRecord
100
AcDbBlockTableRecord
  2
*D77
340
0
 70
     0
280
     1
281
     0
  0
BLOCK_RECORD
  5
86C
330
1
100
AcDbSymbolTableRecord
100
AcDbBlockTableRecord
  2
*D78
340
0
 70
     0
280
     1
281
     0
  0
BLOCK_RECORD
  5
878
330
1
100
AcDbSymbolTableRecord
100
AcDbBlockTableRecord
  2
*D79
340
0
 70
     0
280
     1
281
     0
  0
BLOCK_RECORD
  5
885
330
1
100
AcDbSymbolTableRecord
100
AcDbBlockTableRecord
  2
*D80
340
0
 70
     0
280
     1
281
     0
  0
BLOCK_RECORD
  5
892
330
1
100
AcDbSymbolTableRecord
100
AcDbBlockTableRecord
  2
*D81
340
0
 70
     0
280
     1
281
     0
  0
BLOCK_RECORD
  5
89E
330
1
100
AcDbSymbolTableRecord
100
AcDbBlockTableRecord
  2
*D82
340
0
 70
     0
280
     1
281
     0
  0
BLOCK_RECORD
  5
8AA
330
1
100
AcDbSymbolTableRecord
100
AcDbBlockTableRecord
  2
*D83
340
0
 70
     0
280
     1
281
     0
  0
BLOCK_RECORD
  5
8B7
330
1
100
AcDbSymbolTableRecord
100
AcDbBlockTableRecord
  2
*D84
340
0
 70
     0
280
     1
281
     0
  0
BLOCK_RECORD
  5
8C3
330
1
100
AcDbSymbolTableRecord
100
AcDbBlockTableRecord
  2
*D85
340
0
 70
     0
280
     1
281
     0
  0
BLOCK_RECORD
  5
8CF
330
1
100
AcDbSymbolTableRecord
100
AcDbBlockTableRecord
  2
*D86
340
0
 70
     0
280
     1
281
     0
  0
BLOCK_RECORD
  5
8DC
330
1
100
AcDbSymbolTableRecord
100
AcDbBlockTableRecord
  2
*D87
340
0
 70
     0
280
     1
281
     0
  0
BLOCK_RECORD
  5
8E9
330
1
100
AcDbSymbolTableRecord
100
AcDbBlockTableRecord
  2
*D88
340
0
 70
     0
280
     1
281
     0
  0
BLOCK_RECORD
  5
8F5
330
1
100
AcDbSymbolTableRecord
100
AcDbBlockTableRecord
  2
*D89
340
0
 70
     0
280
     1
281
     0
  0
BLOCK_RECORD
  5
905
330
1
100
AcDbSymbolTableRecord
100
AcDbBlockTableRecord
  2
*D90
340
0
 70
     0
280
     1
281
     0
  0
BLOCK_RECORD
  5
915
330
1
100
AcDbSymbolTableRecord
100
AcDbBlockTableRecord
  2
*D91
340
0
 70
     0
280
     1
281
     0
  0
BLOCK_RECORD
  5
921
330
1
100
AcDbSymbolTableRecord
100
AcDbBlockTableRecord
  2
*D92
340
0
 70
     0
280
     1
281
     0
  0
BLOCK_RECORD
  5
92D
330
1
100
AcDbSymbolTableRecord
100
AcDbBlockTableRecord
  2
*D93
340
0
 70
     0
280
     1
281
     0
  0
BLOCK_RECORD
  5
939
330
1
100
AcDbSymbolTableRecord
100
AcDbBlockTableRecord
  2
*D94
340
0
 70
     0
280
     1
281
     0
  0
BLOCK_RECORD
  5
945
330
1
100
AcDbSymbolTableRecord
100
AcDbBlockTableRecord
  2
*D95
340
0
 70
     0
280
     1
281
     0
  0
BLOCK_RECORD
  5
951
330
1
100
AcDbSymbolTableRecord
100
AcDbBlockTableRecord
  2
*D96
340
0
 70
     0
280
     1
281
     0
  0
BLOCK_RECORD
  5
95D
330
1
100
AcDbSymbolTableRecord
100
AcDbBlockTableRecord
  2
*D97
340
0
 70
     0
280
     1
281
     0
  0
BLOCK_RECORD
  5
969
330
1
100
AcDbSymbolTableRecord
100
AcDbBlockTableRecord
  2
*D98
340
0
 70
     0
280
     1
281
     0
  0
BLOCK_RECORD
  5
975
330
1
100
AcDbSymbolTableRecord
100
AcDbBlockTableRecord
  2
*D99
340
0
 70
     0
280
     1
281
     0
  0
BLOCK_RECORD
  5
981
330
1
100
AcDbSymbolTableRecord
100
AcDbBlockTableRecord
  2
*D100
340
0
 70
     0
280
     1
281
     0
  0
BLOCK_RECORD
  5
98D
330
1
100
AcDbSymbolTableRecord
100
AcDbBlockTableRecord
  2
*D101
340
0
 70
     0
280
     1
281
     0
  0
BLOCK_RECORD
  5
999
330
1
100
AcDbSymbolTableRecord
100
AcDbBlockTableRecord
  2
*D102
340
0
 70
     0
280
     1
281
     0
  0
BLOCK_RECORD
  5
9A5
330
1
100
AcDbSymbolTableRecord
100
AcDbBlockTableRecord
  2
*D103
340
0
 70
     0
280
     1
281
     0
  0
BLOCK_RECORD
  5
9B1
330
1
100
AcDbSymbolTableRecord
100
AcDbBlockTableRecord
  2
*D104
340
0
 70
     0
280
     1
281
     0
  0
BLOCK_RECORD
  5
9BD
330
1
100
AcDbSymbolTableRecord
100
AcDbBlockTableRecord
  2
*D105
340
0
 70
     0
280
     1
281
     0
  0
BLOCK_RECORD
  5
9C9
330
1
100
AcDbSymbolTableRecord
100
AcDbBlockTableRecord
  2
*D106
340
0
 70
     0
280
     1
281
     0
  0
BLOCK_RECORD
  5
9D5
330
1
100
AcDbSymbolTableRecord
100
AcDbBlockTableRecord
  2
*D107
340
0
 70
     0
280
     1
281
     0
  0
BLOCK_RECORD
  5
9E1
330
1
100
AcDbSymbolTableRecord
100
AcDbBlockTableRecord
  2
*D108
340
0
 70
     0
280
     1
281
     0
  0
BLOCK_RECORD
  5
9ED
330
1
100
AcDbSymbolTableRecord
100
AcDbBlockTableRecord
  2
*D109
340
0
 70
     0
280
     1
281
     0
  0
BLOCK_RECORD
  5
9F9
330
1
100
AcDbSymbolTableRecord
100
AcDbBlockTableRecord
  2
*D110
340
0
 70
     0
280
     1
281
     0
  0
BLOCK_RECORD
  5
A05
330
1
100
AcDbSymbolTableRecord
100
AcDbBlockTableRecord
  2
*D111
340
0
 70
     0
280
     1
281
     0
  0
BLOCK_RECORD
  5
A11
330
1
100
AcDbSymbolTableRecord
100
AcDbBlockTableRecord
  2
*D112
340
0
 70
     0
280
     1
281
     0
  0
BLOCK_RECORD
  5
A1D
330
1
100
AcDbSymbolTableRecord
100
AcDbBlockTableRecord
  2
*D113
340
0
 70
     0
280
     1
281
     0
  0
BLOCK_RECORD
  5
A29
330
1
100
AcDbSymbolTableRecord
100
AcDbBlockTableRecord
  2
*D114
340
0
 70
     0
280
     1
281
     0
  0
BLOCK_RECORD
  5
A35
330
1
100
AcDbSymbolTableRecord
100
AcDbBlockTableRecord
  2
*D115
340
0
 70
     0
280
     1
281
     0
  0
BLOCK_RECORD
  5
A43
330
1
100
AcDbSymbolTableRecord
100
AcDbBlockTableRecord
  2
*D116
340
0
 70
     0
280
     1
281
     0
  0
BLOCK_RECORD
  5
A50
330
1
100
AcDbSymbolTableRecord
100
AcDbBlockTableRecord
  2
*D117
340
0
 70
     0
280
     1
281
     0
  0
BLOCK_RECORD
  5
A5D
330
1
100
AcDbSymbolTableRecord
100
AcDbBlockTableRecord
  2
*D118
340
0
 70
     0
280
     1
281
     0
  0
BLOCK_RECORD
  5
A6B
330
1
100
AcDbSymbolTableRecord
100
AcDbBlockTableRecord
  2
*D119
340
0
 70
     0
280
     1
281
     0
  0
BLOCK_RECORD
  5
A78
330
1
100
AcDbSymbolTableRecord
100
AcDbBlockTableRecord
  2
*D120
340
0
 70
     0
280
     1
281
     0
  0
BLOCK_RECORD
  5
A85
330
1
100
AcDbSymbolTableRecord
100
AcDbBlockTableRecord
  2
*D121
340
0
 70
     0
280
     1
281
     0
  0
BLOCK_RECORD
  5
A91
330
1
100
AcDbSymbolTableRecord
100
AcDbBlockTableRecord
  2
*D122
340
0
 70
     0
280
     1
281
     0
  0
BLOCK_RECORD
  5
A9D
330
1
100
AcDbSymbolTableRecord
100
AcDbBlockTableRecord
  2
*D123
340
0
 70
     0
280
     1
281
     0
  0
BLOCK_RECORD
  5
AAA
330
1
100
AcDbSymbolTableRecord
100
AcDbBlockTableRecord
  2
*D124
340
0
 70
     0
280
     1
281
     0
  0
BLOCK_RECORD
  5
AB6
330
1
100
AcDbSymbolTableRecord
100
AcDbBlockTableRecord
  2
*D125
340
0
 70
     0
280
     1
281
     0
  0
BLOCK_RECORD
  5
AC3
330
1
100
AcDbSymbolTableRecord
100
AcDbBlockTableRecord
  2
*D126
340
0
 70
     0
280
     1
281
     0
  0
BLOCK_RECORD
  5
AD1
330
1
100
AcDbSymbolTableRecord
100
AcDbBlockTableRecord
  2
*D127
340
0
 70
     0
280
     1
281
     0
  0
BLOCK_RECORD
  5
ADD
330
1
100
AcDbSymbolTableRecord
100
AcDbBlockTableRecord
  2
*D128
340
0
 70
     0
280
     1
281
     0
  0
BLOCK_RECORD
  5
AE9
330
1
100
AcDbSymbolTableRecord
100
AcDbBlockTableRecord
  2
*D129
340
0
 70
     0
280
     1
281
     0
  0
BLOCK_RECORD
  5
AF7
330
1
100
AcDbSymbolTableRecord
100
AcDbBlockTableRecord
  2
*D130
340
0
 70
     0
280
     1
281
     0
  0
BLOCK_RECORD
  5
B04
330
1
100
AcDbSymbolTableRecord
100
AcDbBlockTableRecord
  2
*D131
340
0
 70
     0
280
     1
281
     0
  0
BLOCK_RECORD
  5
B12
330
1
100
AcDbSymbolTableRecord
100
AcDbBlockTableRecord
  2
*D132
340
0
 70
     0
280
     1
281
     0
  0
BLOCK_RECORD
  5
B1E
330
1
100
AcDbSymbolTableRecord
100
AcDbBlockTableRecord
  2
*D133
340
0
 70
     0
280
     1
281
     0
  0
BLOCK_RECORD
  5
B2A
330
1
100
AcDbSymbolTableRecord
100
AcDbBlockTableRecord
  2
*D134
340
0
 70
     0
280
     1
281
     0
  0
BLOCK_RECORD
  5
B36
330
1
100
AcDbSymbolTableRecord
100
AcDbBlockTableRecord
  2
*D135
340
0
 70
     0
280
     1
281
     0
  0
BLOCK_RECORD
  5
B43
330
1
100
AcDbSymbolTableRecord
100
AcDbBlockTableRecord
  2
*D136
340
0
 70
     0
280
     1
281
     0
  0
BLOCK_RECORD
  5
B51
330
1
100
AcDbSymbolTableRecord
100
AcDbBlockTableRecord
  2
*D137
340
0
 70
     0
280
     1
281
     0
  0
BLOCK_RECORD
  5
B5D
330
1
100
AcDbSymbolTableRecord
100
AcDbBlockTableRecord
  2
*D138
340
0
 70
     0
280
     1
281
     0
  0
BLOCK_RECORD
  5
B69
330
1
100
AcDbSymbolTableRecord
100
AcDbBlockTableRecord
  2
*D139
340
0
 70
     0
280
     1
281
     0
  0
BLOCK_RECORD
  5
B76
330
1
100
AcDbSymbolTableRecord
100
AcDbBlockTableRecord
  2
*D140
340
0
 70
     0
280
     1
281
     0
  0
BLOCK_RECORD
  5
B82
330
1
100
AcDbSymbolTableRecord
100
AcDbBlockTableRecord
  2
*D141
340
0
 70
     0
280
     1
281
     0
  0
BLOCK_RECORD
  5
B8E
330
1
100
AcDbSymbolTableRecord
100
AcDbBlockTableRecord
  2
*D142
340
0
 70
     0
280
     1
281
     0
  0
BLOCK_RECORD
  5
B9A
330
1
100
AcDbSymbolTableRecord
100
AcDbBlockTableRecord
  2
*D143
340
0
 70
     0
280
     1
281
     0
  0
BLOCK_RECORD
  5
BA8
330
1
100
AcDbSymbolTableRecord
100
AcDbBlockTableRecord
  2
*D144
340
0
 70
     0
280
     1
281
     0
  0
BLOCK_RECORD
  5
BB5
330
1
100
AcDbSymbolTableRecord
100
AcDbBlockTableRecord
  2
*D145
340
0
 70
     0
280
     1
281
     0
  0
BLOCK_RECORD
  5
BC3
330
1
100
AcDbSymbolTableRecord
100
AcDbBlockTableRecord
  2
*D146
340
0
 70
     0
280
     1
281
     0
  0
BLOCK_RECORD
  5
BCF
330
1
100
AcDbSymbolTableRecord
100
AcDbBlockTableRecord
  2
*D147
340
0
 70
     0
280
     1
281
     0
  0
BLOCK_RECORD
  5
BDB
330
1
100
AcDbSymbolTableRecord
100
AcDbBlockTableRecord
  2
*D148
340
0
 70
     0
280
     1
281
     0
  0
BLOCK_RECORD
  5
BE7
330
1
100
AcDbSymbolTableRecord
100
AcDbBlockTableRecord
  2
*D149
340
0
 70
     0
280
     1
281
     0
  0
BLOCK_RECORD
  5
BF4
330
1
100
AcDbSymbolTableRecord
100
AcDbBlockTableRecord
  2
*D150
340
0
 70
     0
280
     1
281
     0
  0
BLOCK_RECORD
  5
C00
330
1
100
AcDbSymbolTableRecord
100
AcDbBlockTableRecord
  2
*D151
340
0
 70
     0
280
     1
281
     0
  0
BLOCK_RECORD
  5
C0C
330
1
100
AcDbSymbolTableRecord
100
AcDbBlockTableRecord
  2
*D152
340
0
 70
     0
280
     1
281
     0
  0
BLOCK_RECORD
  5
C18
330
1
100
AcDbSymbolTableRecord
100
AcDbBlockTableRecord
  2
*D153
340
0
 70
     0
280
     1
281
     0
  0
BLOCK_RECORD
  5
C24
330
1
100
AcDbSymbolTableRecord
100
AcDbBlockTableRecord
  2
*D154
340
0
 70
     0
280
     1
281
     0
  0
BLOCK_RECORD
  5
C30
330
1
100
AcDbSymbolTableRecord
100
AcDbBlockTableRecord
  2
*D155
340
0
 70
     0
280
     1
281
     0
  0
BLOCK_RECORD
  5
E5F
330
1
100
AcDbSymbolTableRecord
100
AcDbBlockTableRecord
  2
*D157
340
0
 70
     0
280
     1
281
     0
  0
BLOCK_RECORD
  5
E6D
330
1
100
AcDbSymbolTableRecord
100
AcDbBlockTableRecord
  2
*D158
340
0
 70
     0
280
     1
281
     0
  0
BLOCK_RECORD
  5
E7A
330
1
100
AcDbSymbolTableRecord
100
AcDbBlockTableRecord
  2
*D159
340
0
 70
     0
280
     1
281
     0
  0
BLOCK_RECORD
  5
E87
330
1
100
AcDbSymbolTableRecord
100
AcDbBlockTableRecord
  2
*D160
340
0
 70
     0
280
     1
281
     0
  0
BLOCK_RECORD
  5
E93
330
1
100
AcDbSymbolTableRecord
100
AcDbBlockTableRecord
  2
*D161
340
0
 70
     0
280
     1
281
     0
  0
BLOCK_RECORD
  5
E9F
330
1
100
AcDbSymbolTableRecord
100
AcDbBlockTableRecord
  2
*D162
340
0
 70
     0
280
     1
281
     0
  0
BLOCK_RECORD
  5
EAC
330
1
100
AcDbSymbolTableRecord
100
AcDbBlockTableRecord
  2
*D163
340
0
 70
     0
280
     1
281
     0
  0
BLOCK_RECORD
  5
EB8
330
1
100
AcDbSymbolTableRecord
100
AcDbBlockTableRecord
  2
*D164
340
0
 70
     0
280
     1
281
     0
  0
BLOCK_RECORD
  5
EC5
330
1
100
AcDbSymbolTableRecord
100
AcDbBlockTableRecord
  2
*D165
340
0
 70
     0
280
     1
281
     0
  0
BLOCK_RECORD
  5
ED3
330
1
100
AcDbSymbolTableRecord
100
AcDbBlockTableRecord
  2
*D166
340
0
 70
     0
280
     1
281
     0
  0
BLOCK_RECORD
  5
EDF
330
1
100
AcDbSymbolTableRecord
100
AcDbBlockTableRecord
  2
*D167
340
0
 70
     0
280
     1
281
     0
  0
BLOCK_RECORD
  5
EEB
330
1
100
AcDbSymbolTableRecord
100
AcDbBlockTableRecord
  2
*D168
340
0
 70
     0
280
     1
281
     0
  0
BLOCK_RECORD
  5
EF9
330
1
100
AcDbSymbolTableRecord
100
AcDbBlockTableRecord
  2
*D169
340
0
 70
     0
280
     1
281
     0
  0
BLOCK_RECORD
  5
F06
330
1
100
AcDbSymbolTableRecord
100
AcDbBlockTableRecord
  2
*D170
340
0
 70
     0
280
     1
281
     0
  0
BLOCK_RECORD
  5
F14
330
1
100
AcDbSymbolTableRecord
100
AcDbBlockTableRecord
  2
*D171
340
0
 70
     0
280
     1
281
     0
  0
BLOCK_RECORD
  5
F20
330
1
100
AcDbSymbolTableRecord
100
AcDbBlockTableRecord
  2
*D172
340
0
 70
     0
280
     1
281
     0
  0
BLOCK_RECORD
  5
F2C
330
1
100
AcDbSymbolTableRecord
100
AcDbBlockTableRecord
  2
*D173
340
0
 70
     0
280
     1
281
     0
  0
BLOCK_RECORD
  5
F38
330
1
100
AcDbSymbolTableRecord
100
AcDbBlockTableRecord
  2
*D174
340
0
 70
     0
280
     1
281
     0
  0
BLOCK_RECORD
  5
F45
330
1
100
AcDbSymbolTableRecord
100
AcDbBlockTableRecord
  2
*D175
340
0
 70
     0
280
     1
281
     0
  0
BLOCK_RECORD
  5
F53
330
1
100
AcDbSymbolTableRecord
100
AcDbBlockTableRecord
  2
*D176
340
0
 70
     0
280
     1
281
     0
  0
BLOCK_RECORD
  5
F5F
330
1
100
AcDbSymbolTableRecord
100
AcDbBlockTableRecord
  2
*D177
340
0
 70
     0
280
     1
281
     0
  0
BLOCK_RECORD
  5
F6B
330
1
100
AcDbSymbolTableRecord
100
AcDbBlockTableRecord
  2
*D178
340
0
 70
     0
280
     1
281
     0
  0
BLOCK_RECORD
  5
F78
330
1
100
AcDbSymbolTableRecord
100
AcDbBlockTableRecord
  2
*D179
340
0
 70
     0
280
     1
281
     0
  0
BLOCK_RECORD
  5
F84
330
1
100
AcDbSymbolTableRecord
100
AcDbBlockTableRecord
  2
*D180
340
0
 70
     0
280
     1
281
     0
  0
BLOCK_RECORD
  5
F90
330
1
100
AcDbSymbolTableRecord
100
AcDbBlockTableRecord
  2
*D181
340
0
 70
     0
280
     1
281
     0
  0
BLOCK_RECORD
  5
F9C
330
1
100
AcDbSymbolTableRecord
100
AcDbBlockTableRecord
  2
*D182
340
0
 70
     0
280
     1
281
     0
  0
BLOCK_RECORD
  5
FAA
330
1
100
AcDbSymbolTableRecord
100
AcDbBlockTableRecord
  2
*D183
340
0
 70
     0
280
     1
281
     0
  0
BLOCK_RECORD
  5
FB7
330
1
100
AcDbSymbolTableRecord
100
AcDbBlockTableRecord
  2
*D184
340
0
 70
     0
280
     1
281
     0
  0
BLOCK_RECORD
  5
FC5
330
1
100
AcDbSymbolTableRecord
100
AcDbBlockTableRecord
  2
*D185
340
0
 70
     0
280
     1
281
     0
  0
BLOCK_RECORD
  5
FD1
330
1
100
AcDbSymbolTableRecord
100
AcDbBlockTableRecord
  2
*D186
340
0
 70
     0
280
     1
281
     0
  0
BLOCK_RECORD
  5
FDD
330
1
100
AcDbSymbolTableRecord
100
AcDbBlockTableRecord
  2
*D187
340
0
 70
     0
280
     1
281
     0
  0
BLOCK_RECORD
  5
FE9
330
1
100
AcDbSymbolTableRecord
100
AcDbBlockTableRecord
  2
*D188
340
0
 70
     0
280
     1
281
     0
  0
BLOCK_RECORD
  5
FF6
330
1
100
AcDbSymbolTableRecord
100
AcDbBlockTableRecord
  2
*D189
340
0
 70
     0
280
     1
281
     0
  0
BLOCK_RECORD
  5
1002
330
1
100
AcDbSymbolTableRecord
100
AcDbBlockTableRecord
  2
*D190
340
0
 70
     0
280
     1
281
     0
  0
BLOCK_RECORD
  5
100E
330
1
100
AcDbSymbolTableRecord
100
AcDbBlockTableRecord
  2
*D191
340
0
 70
     0
280
     1
281
     0
  0
BLOCK_RECORD
  5
101A
330
1
100
AcDbSymbolTableRecord
100
AcDbBlockTableRecord
  2
*D192
340
0
 70
     0
280
     1
281
     0
  0
BLOCK_RECORD
  5
1026
330
1
100
AcDbSymbolTableRecord
100
AcDbBlockTableRecord
  2
*D193
340
0
 70
     0
280
     1
281
     0
  0
BLOCK_RECORD
  5
1032
330
1
100
AcDbSymbolTableRecord
100
AcDbBlockTableRecord
  2
*D194
340
0
 70
     0
280
     1
281
     0
  0
BLOCK_RECORD
  5
103F
330
1
100
AcDbSymbolTableRecord
100
AcDbBlockTableRecord
  2
*D195
340
0
 70
     0
280
     1
281
     0
  0
BLOCK_RECORD
  5
104B
330
1
100
AcDbSymbolTableRecord
100
AcDbBlockTableRecord
  2
*D196
340
0
 70
     0
280
     1
281
     0
  0
BLOCK_RECORD
  5
1057
330
1
100
AcDbSymbolTableRecord
100
AcDbBlockTableRecord
  2
*D197
340
0
 70
     0
280
     1
281
     0
  0
BLOCK_RECORD
  5
1064
330
1
100
AcDbSymbolTableRecord
100
AcDbBlockTableRecord
  2
*D198
340
0
 70
     0
280
     1
281
     0
  0
BLOCK_RECORD
  5
1071
330
1
100
AcDbSymbolTableRecord
100
AcDbBlockTableRecord
  2
*D199
340
0
 70
     0
280
     1
281
     0
  0
BLOCK_RECORD
  5
107D
330
1
100
AcDbSymbolTableRecord
100
AcDbBlockTableRecord
  2
*D200
340
0
 70
     0
280
     1
281
     0
  0
BLOCK_RECORD
  5
1089
330
1
100
AcDbSymbolTableRecord
100
AcDbBlockTableRecord
  2
*D201
340
0
 70
     0
280
     1
281
     0
  0
BLOCK_RECORD
  5
1096
330
1
100
AcDbSymbolTableRecord
100
AcDbBlockTableRecord
  2
*D202
340
0
 70
     0
280
     1
281
     0
  0
BLOCK_RECORD
  5
10A2
330
1
100
AcDbSymbolTableRecord
100
AcDbBlockTableRecord
  2
*D203
340
0
 70
     0
280
     1
281
     0
  0
BLOCK_RECORD
  5
10AE
330
1
100
AcDbSymbolTableRecord
100
AcDbBlockTableRecord
  2
*D204
340
0
 70
     0
280
     1
281
     0
  0
BLOCK_RECORD
  5
10BB
330
1
100
AcDbSymbolTableRecord
100
AcDbBlockTableRecord
  2
*D205
340
0
 70
     0
280
     1
281
     0
  0
BLOCK_RECORD
  5
10C8
330
1
100
AcDbSymbolTableRecord
100
AcDbBlockTableRecord
  2
*D206
340
0
 70
     0
280
     1
281
     0
  0
BLOCK_RECORD
  5
10D4
330
1
100
AcDbSymbolTableRecord
100
AcDbBlockTableRecord
  2
*D207
340
0
 70
     0
280
     1
281
     0
  0
BLOCK_RECORD
  5
10E4
330
1
100
AcDbSymbolTableRecord
100
AcDbBlockTableRecord
  2
*D208
340
0
 70
     0
280
     1
281
     0
  0
BLOCK_RECORD
  5
10F4
330
1
100
AcDbSymbolTableRecord
100
AcDbBlockTableRecord
  2
*D209
340
0
 70
     0
280
     1
281
     0
  0
BLOCK_RECORD
  5
1100
330
1
100
AcDbSymbolTableRecord
100
AcDbBlockTableRecord
  2
*D210
340
0
 70
     0
280
     1
281
     0
  0
BLOCK_RECORD
  5
110C
330
1
100
AcDbSymbolTableRecord
100
AcDbBlockTableRecord
  2
*D211
340
0
 70
     0
280
     1
281
     0
  0
BLOCK_RECORD
  5
1118
330
1
100
AcDbSymbolTableRecord
100
AcDbBlockTableRecord
  2
*D212
340
0
 70
     0
280
     1
281
     0
  0
BLOCK_RECORD
  5
1124
330
1
100
AcDbSymbolTableRecord
100
AcDbBlockTableRecord
  2
*D213
340
0
 70
     0
280
     1
281
     0
  0
BLOCK_RECORD
  5
1130
330
1
100
AcDbSymbolTableRecord
100
AcDbBlockTableRecord
  2
*D214
340
0
 70
     0
280
     1
281
     0
  0
BLOCK_RECORD
  5
113C
330
1
100
AcDbSymbolTableRecord
100
AcDbBlockTableRecord
  2
*D215
340
0
 70
     0
280
     1
281
     0
  0
BLOCK_RECORD
  5
1148
330
1
100
AcDbSymbolTableRecord
100
AcDbBlockTableRecord
  2
*D216
340
0
 70
     0
280
     1
281
     0
  0
BLOCK_RECORD
  5
1154
330
1
100
AcDbSymbolTableRecord
100
AcDbBlockTableRecord
  2
*D217
340
0
 70
     0
280
     1
281
     0
  0
BLOCK_RECORD
  5
1160
330
1
100
AcDbSymbolTableRecord
100
AcDbBlockTableRecord
  2
*D218
340
0
 70
     0
280
     1
281
     0
  0
BLOCK_RECORD
  5
116C
330
1
100
AcDbSymbolTableRecord
100
AcDbBlockTableRecord
  2
*D219
340
0
 70
     0
280
     1
281
     0
  0
BLOCK_RECORD
  5
1178
330
1
100
AcDbSymbolTableRecord
100
AcDbBlockTableRecord
  2
*D220
340
0
 70
     0
280
     1
281
     0
  0
BLOCK_RECORD
  5
1184
330
1
100
AcDbSymbolTableRecord
100
AcDbBlockTableRecord
  2
*D221
340
0
 70
     0
280
     1
281
     0
  0
BLOCK_RECORD
  5
1190
330
1
100
AcDbSymbolTableRecord
100
AcDbBlockTableRecord
  2
*D222
340
0
 70
     0
280
     1
281
     0
  0
BLOCK_RECORD
  5
119C
330
1
100
AcDbSymbolTableRecord
100
AcDbBlockTableRecord
  2
*D223
340
0
 70
     0
280
     1
281
     0
  0
BLOCK_RECORD
  5
11A8
330
1
100
AcDbSymbolTableRecord
100
AcDbBlockTableRecord
  2
*D224
340
0
 70
     0
280
     1
281
     0
  0
BLOCK_RECORD
  5
11B4
330
1
100
AcDbSymbolTableRecord
100
AcDbBlockTableRecord
  2
*D225
340
0
 70
     0
280
     1
281
     0
  0
BLOCK_RECORD
  5
11C0
330
1
100
AcDbSymbolTableRecord
100
AcDbBlockTableRecord
  2
*D226
340
0
 70
     0
280
     1
281
     0
  0
BLOCK_RECORD
  5
11CC
330
1
100
AcDbSymbolTableRecord
100
AcDbBlockTableRecord
  2
*D227
340
0
 70
     0
280
     1
281
     0
  0
BLOCK_RECORD
  5
11D8
330
1
100
AcDbSymbolTableRecord
100
AcDbBlockTableRecord
  2
*D228
340
0
 70
     0
280
     1
281
     0
  0
BLOCK_RECORD
  5
11E4
330
1
100
AcDbSymbolTableRecord
100
AcDbBlockTableRecord
  2
*D229
340
0
 70
     0
280
     1
281
     0
  0
BLOCK_RECORD
  5
11F0
330
1
100
AcDbSymbolTableRecord
100
AcDbBlockTableRecord
  2
*D230
340
0
 70
     0
280
     1
281
     0
  0
BLOCK_RECORD
  5
11FC
330
1
100
AcDbSymbolTableRecord
100
AcDbBlockTableRecord
  2
*D231
340
0
 70
     0
280
     1
281
     0
  0
BLOCK_RECORD
  5
1208
330
1
100
AcDbSymbolTableRecord
100
AcDbBlockTableRecord
  2
*D232
340
0
 70
     0
280
     1
281
     0
  0
BLOCK_RECORD
  5
1214
330
1
100
AcDbSymbolTableRecord
100
AcDbBlockTableRecord
  2
*D233
340
0
 70
     0
280
     1
281
     0
  0
BLOCK_RECORD
  5
1222
330
1
100
AcDbSymbolTableRecord
100
AcDbBlockTableRecord
  2
*D234
340
0
 70
     0
280
     1
281
     0
  0
BLOCK_RECORD
  5
122F
330
1
100
AcDbSymbolTableRecord
100
AcDbBlockTableRecord
  2
*D235
340
0
 70
     0
280
     1
281
     0
  0
ENDTAB
  0
ENDSEC
  0
SECTION
  2
BLOCKS
  0
BLOCK
  5
20
330
1F
100
AcDbEntity
  8
0
100
AcDbBlockBegin
  2
*Model_Space
 70
     0
 10
0.0
 20
0.0
 30
0.0
  3
*Model_Space
  1

  0
ENDBLK
  5
21
330
1F
100
AcDbEntity
  8
0
100
AcDbBlockEnd
  0
BLOCK
  5
D4
330
D2
100
AcDbEntity
 67
     1
  8
0
100
AcDbBlockBegin
  2
*Paper_Space
 70
     0
 10
0.0
 20
0.0
 30
0.0
  3
*Paper_Space
  1

  0
ENDBLK
  5
D5
330
D2
100
AcDbEntity
 67
     1
  8
0
100
AcDbBlockEnd
  0
BLOCK
  5
D8
330
D6
100
AcDbEntity
 67
     1
  8
0
100
AcDbBlockBegin
  2
*Paper_Space0
 70
     0
 10
0.0
 20
0.0
 30
0.0
  3
*Paper_Space0
  1

  0
ENDBLK
  5
D9
330
D6
100
AcDbEntity
 67
     1
  8
0
100
AcDbBlockEnd
  0
BLOCK
  5
2BA
330
2B9
100
AcDbEntity
  8
0
100
AcDbBlockBegin
  2
_Oblique
 70
     0
 10
0.0
 20
0.0
 30
0.0
  3
_Oblique
  1

  0
LINE
  5
2BB
330
2B9
100
AcDbEntity
  8
0
  6
ByBlock
 62
     0
370
    -2
100
AcDbLine
 10
-0.5
 20
-0.5
 30
0.0
 11
0.5
 21
0.5
 31
0.0
  0
ENDBLK
  5
2BC
330
2B9
100
AcDbEntity
  8
0
100
AcDbBlockEnd
  0
BLOCK
  5
2C0
330
2BD
100
AcDbEntity
  8
0
100
AcDbBlockBegin
  2
A$C1EBE5109
 70
     0
 10
0.0
 20
0.0
 30
0.0
  3
A$C1EBE5109
  1

  0
LWPOLYLINE
  5
2C1
330
2BD
100
AcDbEntity
  8
Defpoints
 48
0.2
100
AcDbPolyline
 90
        4
 70
     1
 43
0.0
 10
161.9455923135391
 20
3012.038397651283
 10
511.9455923135391
 20
3012.038397651283
 10
511.9455923135391
 20
3912.038397651282
 10
161.9455923135391
 20
3912.038397651282
  0
LWPOLYLINE
  5
2C2
330
2BD
100
AcDbEntity
  8
$Тонкие
100
AcDbPolyline
 90
        4
 70
     0
 43
0.0
 10
511.9455923135391
 20
2324.028381860582
 10
511.9455923135391
 20
2912.038397651283
 10
161.9455923135391
 20
2912.038397651283
 10
161.9455923135391
 20
2324.028381860582
  0
LWPOLYLINE
  5
2C3
330
2BD
100
AcDbEntity
  8
$Тонкие
100
AcDbPolyline
 90
        6
 70
     0
 43
0.0
 10
161.9455923140049
 20
2092.164186315097
 10
161.9455923140049
 20
1767.755599603657
 10
306.9455923135393
 20
1467.755599603657
 10
366.9455923135392
 20
1467.755599603657
 10
511.9455923135391
 20
1767.755599603657
 10
511.9455923135391
 20
2092.164186315097
  0
LINE
  5
2C4
330
2BD
100
AcDbEntity
  8
$Оси
 48
2.0
100
AcDbLine
 10
336.9455923135392
 20
3912.038397651282
 30
0.0
 11
336.9455923135392
 21
1467.755599603657
 31
0.0
  0
LWPOLYLINE
  5
2C5
330
2BD
100
AcDbEntity
  8
$Тонкие
100
AcDbPolyline
 90
        2
 70
     0
 43
0.0
 10
161.9455923140049
 20
1767.755599603657
 10
511.9455923135391
 20
1767.755599603657
  0
LWPOLYLINE
  5
2C6
330
2BD
100
AcDbEntity
  8
$Тонкие
100
AcDbPolyline
 90
        6
 70
     0
 43
0.0
 10
0.0
 20
2324.028381860582
 10
250.1875588679686
 20
2324.028381860582
 10
302.6084384503775
 20
2516.931533097523
 10
388.387276252266
 20
2171.611097383546
 10
433.6592012960464
 20
2324.028381860582
 10
684.0822821701878
 20
2324.028381860582
  0
LWPOLYLINE
  5
2C7
330
2BD
100
AcDbEntity
  8
$Тонкие
100
AcDbPolyline
 90
        6
 70
     0
 43
0.0
 10
-0.0000000000001137
 20
2092.164186315097
 10
250.1875588679685
 20
2092.164186315097
 10
302.6084384503773
 20
2285.067337552037
 10
388.3872762522658
 20
1939.746901838059
 10
433.6592012960462
 20
2092.164186315097
 10
684.0822821701875
 20
2092.164186315097
  0
LWPOLYLINE
  5
2C8
330
2BD
100
AcDbEntity
  8
$Пунктир
 48
0.2
100
AcDbPolyline
 90
        4
 70
     0
 43
0.0
 10
161.9455923135391
 20
2912.038397651283
 10
161.9455923135391
 20
3012.038397651283
 10
511.9455923135391
 20
3012.038397651283
 10
511.9455923135391
 20
2912.038397651283
  0
ENDBLK
  5
2C9
330
2BD
100
AcDbEntity
  8
0
100
AcDbBlockEnd
  0
BLOCK
  5
2CB
330
2CA
100
AcDbEntity
  8
0
100
AcDbBlockBegin
  2
*D3
 70
     1
 10
0.0
 20
0.0
 30
0.0
  3
*D3
  1

  0
LINE
  5
2CC
330
2CA
100
AcDbEntity
  8
$Размеры
  6
Continuous
 62
     5
440
 16777216
370
    13
100
AcDbLine
 10
3715.3484251041
 20
15194.91828201657
 30
0.0
 11
3715.3484251041
 21
12411.75035489262
 31
0.0
  0
LINE
  5
2CD
330
2CA
100
AcDbEntity
  8
$Размеры
  6
Continuous
 62
     5
440
 16777216
370
    13
100
AcDbLine
 10
14515.34906167146
 20
15194.91828201657
 30
0.0
 11
14515.34906167146
 21
12411.75035489262
 31
0.0
  0
LINE
  5
2CE
330
2CA
100
AcDbEntity
  8
$Размеры
  6
Continuous
 62
     5
440
 16777216
370
    13
100
AcDbLine
 10
3715.3484251041
 20
12511.75035489262
 30
0.0
 11
14515.34906167146
 21
12511.75035489262
 31
0.0
  0
INSERT
  5
2CF
330
2CA
100
AcDbEntity
  8
$Размеры
 62
     5
440
 16777216
370
    13
100
AcDbBlockReference
  2
_Oblique
 10
3715.3484251041
 20
12511.75035489262
 30
0.0
 41
150.0
 42
150.0
 43
150.0
 50
180.0
  0
INSERT
  5
2D0
330
2CA
100
AcDbEntity
  8
$Размеры
 62
     5
440
 16777216
370
    13
100
AcDbBlockReference
  2
_Oblique
 10
14515.34906167146
 20
12511.75035489262
 30
0.0
 41
150.0
 42
150.0
 43
150.0
  0
MTEXT
  5
2D1
330
2CA
100
AcDbEntity
  8
$Размеры
 62
     5
440
 16777216
100
AcDbMText
 10
9115.34874338778
 20
12711.75035489262
 30
0.0
 40
250.0
 41
0.0
 46
0.0
 71
     5
 72
     1
  1
\A1;10800
  7
@ТРАНСПРОЕКТ
 73
     1
 44
1.0
 90
        3
 63
     9
421
 13158600
 45
1.1
441
        0
  0
POINT
  5
2D2
330
2CA
100
AcDbEntity
  8
Defpoints
 62
     0
440
 16777216
100
AcDbPoint
 10
3715.3484251041
 20
15294.91828201657
 30
0.0
  0
POINT
  5
2D3
330
2CA
100
AcDbEntity
  8
Defpoints
 62
     0
440
 16777216
100
AcDbPoint
 10
14515.34906167146
 20
15294.91828201657
 30
0.0
  0
POINT
  5
2D4
330
2CA
100
AcDbEntity
  8
Defpoints
 62
     0
440
 16777216
100
AcDbPoint
 10
14515.34906167146
 20
12511.75035489262
 30
0.0
  0
ENDBLK
  5
2D5
330
2CA
100
AcDbEntity
  8
0
100
AcDbBlockEnd
  0
BLOCK
  5
2D7
330
2D6
100
AcDbEntity
  8
0
100
AcDbBlockBegin
  2
*D4
 70
     1
 10
0.0
 20
0.0
 30
0.0
  3
*D4
  1

  0
LINE
  5
2D8
330
2D6
100
AcDbEntity
  8
$Размеры
  6
Continuous
 62
     5
440
 16777216
370
    13
100
AcDbLine
 10
4215.348425151598
 20
13750.63548396893
 30
0.0
 11
4215.348425151598
 21
13109.45373618316
 31
0.0
  0
LINE
  5
2D9
330
2D6
100
AcDbEntity
  8
$Размеры
  6
Continuous
 62
     5
440
 16777216
370
    13
100
AcDbLine
 10
3715.3484251041
 20
15194.91828201657
 30
0.0
 11
3715.3484251041
 21
13109.45373618316
 31
0.0
  0
LINE
  5
2DA
330
2D6
100
AcDbEntity
  8
$Размеры
  6
Continuous
 62
     5
440
 16777216
370
    13
100
AcDbLine
 10
4215.348425151598
 20
13209.45373618316
 30
0.0
 11
3715.3484251041
 21
13209.45373618316
 31
0.0
  0
LINE
  5
2DB
330
2D6
100
AcDbEntity
  8
$Размеры
  6
Continuous
 62
     5
440
 16777216
370
    13
100
AcDbLine
 10
3715.3484251041
 20
13209.45373618316
 30
0.0
 11
2873.361126996318
 21
13209.45373618316
 31
0.0
  0
INSERT
  5
2DC
330
2D6
100
AcDbEntity
  8
$Размеры
 62
     5
440
 16777216
370
    13
100
AcDbBlockReference
  2
_Oblique
 10
4215.348425151598
 20
13209.45373618316
 30
0.0
 41
150.0
 42
150.0
 43
150.0
  0
INSERT
  5
2DD
330
2D6
100
AcDbEntity
  8
$Размеры
 62
     5
440
 16777216
370
    13
100
AcDbBlockReference
  2
_Oblique
 10
3715.3484251041
 20
13209.45373618316
 30
0.0
 41
150.0
 42
150.0
 43
150.0
 50
180.0
  0
MTEXT
  5
2DE
330
2D6
100
AcDbEntity
  8
$Размеры
 62
     5
440
 16777216
100
AcDbMText
 10
3219.354776050209
 20
13409.45373618316
 30
0.0
 40
250.0
 41
0.0
 46
0.0
 71
     5
 72
     1
  1
\A1;500
  7
@ТРАНСПРОЕКТ
 73
     1
 44
1.0
 90
        3
 63
     9
421
 13158600
 45
1.1
441
        0
  0
POINT
  5
2DF
330
2D6
100
AcDbEntity
  8
Defpoints
 62
     0
440
 16777216
100
AcDbPoint
 10
4215.348425151598
 20
13850.63548396893
 30
0.0
  0
POINT
  5
2E0
330
2D6
100
AcDbEntity
  8
Defpoints
 62
     0
440
 16777216
100
AcDbPoint
 10
3715.3484251041
 20
15294.91828201657
 30
0.0
  0
POINT
  5
2E1
330
2D6
100
AcDbEntity
  8
Defpoints
 62
     0
440
 16777216
100
AcDbPoint
 10
3715.3484251041
 20
13209.45373618316
 30
0.0
  0
ENDBLK
  5
2E2
330
2D6
100
AcDbEntity
  8
0
100
AcDbBlockEnd
  0
BLOCK
  5
2E4
330
2E3
100
AcDbEntity
  8
0
100
AcDbBlockBegin
  2
*D5
 70
     1
 10
0.0
 20
0.0
 30
0.0
  3
*D5
  1

  0
LINE
  5
2E5
330
2E3
100
AcDbEntity
  8
$Размеры
  6
Continuous
 62
     5
440
 16777216
370
    13
100
AcDbLine
 10
13665.34842515672
 20
13750.63548396893
 30
0.0
 11
13665.34842515672
 21
13109.45373618316
 31
0.0
  0
LINE
  5
2E6
330
2E3
100
AcDbEntity
  8
$Размеры
  6
Continuous
 62
     5
440
 16777216
370
    13
100
AcDbLine
 10
14042.14334434858
 20
15194.91828201657
 30
0.0
 11
14042.14334434858
 21
13109.45373618316
 31
0.0
  0
LINE
  5
2E7
330
2E3
100
AcDbEntity
  8
$Размеры
  6
Continuous
 62
     5
440
 16777216
370
    13
100
AcDbLine
 10
13665.34842515672
 20
13209.45373618316
 30
0.0
 11
14042.14334434858
 21
13209.45373618316
 31
0.0
  0
MTEXT
  5
2E8
330
2E3
100
AcDbEntity
  8
$Размеры
 62
     5
440
 16777216
100
AcDbMText
 10
13853.74588475265
 20
13409.45373618316
 30
0.0
 40
250.0
 41
0.0
 46
0.0
 71
     5
 72
     1
  1
\A1;377
  7
@ТРАНСПРОЕКТ
 73
     1
 44
1.0
 90
        3
 63
     9
421
 13158600
 45
1.1
441
        0
  0
INSERT
  5
2E9
330
2E3
100
AcDbEntity
  8
$Размеры
 62
     5
440
 16777216
370
    13
100
AcDbBlockReference
  2
_Oblique
 10
13665.34842515672
 20
13209.45373618316
 30
0.0
 41
150.0
 42
150.0
 43
150.0
 50
180.0
  0
INSERT
  5
2EA
330
2E3
100
AcDbEntity
  8
$Размеры
 62
     5
440
 16777216
370
    13
100
AcDbBlockReference
  2
_Oblique
 10
14042.14334434858
 20
13209.45373618316
 30
0.0
 41
150.0
 42
150.0
 43
150.0
  0
POINT
  5
2EB
330
2E3
100
AcDbEntity
  8
Defpoints
 62
     0
440
 16777216
100
AcDbPoint
 10
13665.34842515672
 20
13850.63548396893
 30
0.0
  0
POINT
  5
2EC
330
2E3
100
AcDbEntity
  8
Defpoints
 62
     0
440
 16777216
100
AcDbPoint
 10
14042.14334434858
 20
15294.91828201657
 30
0.0
  0
POINT
  5
2ED
330
2E3
100
AcDbEntity
  8
Defpoints
 62
     0
440
 16777216
100
AcDbPoint
 10
14042.14334434858
 20
13209.45373618316
 30
0.0
  0
ENDBLK
  5
2EE
330
2E3
100
AcDbEntity
  8
0
100
AcDbBlockEnd
  0
BLOCK
  5
2F0
330
2EF
100
AcDbEntity
  8
0
100
AcDbBlockBegin
  2
*D6
 70
     1
 10
0.0
 20
0.0
 30
0.0
  3
*D6
  1

  0
LINE
  5
2F1
330
2EF
100
AcDbEntity
  8
$Размеры
  6
Continuous
 62
     5
440
 16777216
370
    13
100
AcDbLine
 10
13665.34842515672
 20
13750.63548396893
 30
0.0
 11
13665.34842515672
 21
13109.45373618316
 31
0.0
  0
LINE
  5
2F2
330
2EF
100
AcDbEntity
  8
$Размеры
  6
Continuous
 62
     5
440
 16777216
370
    13
100
AcDbLine
 10
12615.34842515299
 20
13750.63548396893
 30
0.0
 11
12615.34842515299
 21
13109.45373618316
 31
0.0
  0
LINE
  5
2F3
330
2EF
100
AcDbEntity
  8
$Размеры
  6
Continuous
 62
     5
440
 16777216
370
    13
100
AcDbLine
 10
13665.34842515672
 20
13209.45373618316
 30
0.0
 11
12615.34842515299
 21
13209.45373618316
 31
0.0
  0
INSERT
  5
2F4
330
2EF
100
AcDbEntity
  8
$Размеры
 62
     5
440
 16777216
370
    13
100
AcDbBlockReference
  2
_Oblique
 10
13665.34842515672
 20
13209.45373618316
 30
0.0
 41
150.0
 42
150.0
 43
150.0
  0
INSERT
  5
2F5
330
2EF
100
AcDbEntity
  8
$Размеры
 62
     5
440
 16777216
370
    13
100
AcDbBlockReference
  2
_Oblique
 10
12615.34842515299
 20
13209.45373618316
 30
0.0
 41
150.0
 42
150.0
 43
150.0
 50
180.0
  0
MTEXT
  5
2F6
330
2EF
100
AcDbEntity
  8
$Размеры
 62
     5
440
 16777216
100
AcDbMText
 10
13140.34842515485
 20
13409.45373618316
 30
0.0
 40
250.0
 41
0.0
 46
0.0
 71
     5
 72
     1
  1
\A1;1050
  7
@ТРАНСПРОЕКТ
 73
     1
 44
1.0
 90
        3
 63
     9
421
 13158600
 45
1.1
441
        0
  0
POINT
  5
2F7
330
2EF
100
AcDbEntity
  8
Defpoints
 62
     0
440
 16777216
100
AcDbPoint
 10
13665.34842515672
 20
13850.63548396893
 30
0.0
  0
POINT
  5
2F8
330
2EF
100
AcDbEntity
  8
Defpoints
 62
     0
440
 16777216
100
AcDbPoint
 10
12615.34842515299
 20
13850.63548396893
 30
0.0
  0
POINT
  5
2F9
330
2EF
100
AcDbEntity
  8
Defpoints
 62
     0
440
 16777216
100
AcDbPoint
 10
12615.34842515299
 20
13209.45373618316
 30
0.0
  0
ENDBLK
  5
2FA
330
2EF
100
AcDbEntity
  8
0
100
AcDbBlockEnd
  0
BLOCK
  5
2FC
330
2FB
100
AcDbEntity
  8
0
100
AcDbBlockBegin
  2
*D7
 70
     1
 10
0.0
 20
0.0
 30
0.0
  3
*D7
  1

  0
LINE
  5
2FD
330
2FB
100
AcDbEntity
  8
$Размеры
  6
Continuous
 62
     5
440
 16777216
370
    13
100
AcDbLine
 10
12615.34842515299
 20
13750.63548396893
 30
0.0
 11
12615.34842515299
 21
13109.45373618316
 31
0.0
  0
LINE
  5
2FE
330
2FB
100
AcDbEntity
  8
$Размеры
  6
Continuous
 62
     5
440
 16777216
370
    13
100
AcDbLine
 10
4215.348425151598
 20
13750.63548396893
 30
0.0
 11
4215.348425151598
 21
13109.45373618316
 31
0.0
  0
LINE
  5
2FF
330
2FB
100
AcDbEntity
  8
$Размеры
  6
Continuous
 62
     5
440
 16777216
370
    13
100
AcDbLine
 10
12615.34842515299
 20
13209.45373618316
 30
0.0
 11
4215.348425151598
 21
13209.45373618316
 31
0.0
  0
INSERT
  5
300
330
2FB
100
AcDbEntity
  8
$Размеры
 62
     5
440
 16777216
370
    13
100
AcDbBlockReference
  2
_Oblique
 10
12615.34842515299
 20
13209.45373618316
 30
0.0
 41
150.0
 42
150.0
 43
150.0
  0
INSERT
  5
301
330
2FB
100
AcDbEntity
  8
$Размеры
 62
     5
440
 16777216
370
    13
100
AcDbBlockReference
  2
_Oblique
 10
4215.348425151598
 20
13209.45373618316
 30
0.0
 41
150.0
 42
150.0
 43
150.0
 50
180.0
  0
MTEXT
  5
302
330
2FB
100
AcDbEntity
  8
$Размеры
 62
     5
440
 16777216
100
AcDbMText
 10
8415.348425152295
 20
13409.45373618316
 30
0.0
 40
250.0
 41
0.0
 46
0.0
 71
     5
 72
     1
  1
\A1;4х2100=8400
  7
@ТРАНСПРОЕКТ
 73
     1
 44
1.0
 90
        3
 63
     9
421
 13158600
 45
1.1
441
        0
  0
POINT
  5
303
330
2FB
100
AcDbEntity
  8
Defpoints
 62
     0
440
 16777216
100
AcDbPoint
 10
12615.34842515299
 20
13850.63548396893
 30
0.0
  0
POINT
  5
304
330
2FB
100
AcDbEntity
  8
Defpoints
 62
     0
440
 16777216
100
AcDbPoint
 10
4215.348425151598
 20
13850.63548396893
 30
0.0
  0
POINT
  5
305
330
2FB
100
AcDbEntity
  8
Defpoints
 62
     0
440
 16777216
100
AcDbPoint
 10
4215.348425151598
 20
13209.45373618316
 30
0.0
  0
ENDBLK
  5
306
330
2FB
100
AcDbEntity
  8
0
100
AcDbBlockEnd
  0
BLOCK
  5
308
330
307
100
AcDbEntity
  8
0
100
AcDbBlockBegin
  2
*D8
 70
     1
 10
0.0
 20
0.0
 30
0.0
  3
*D8
  1

  0
LINE
  5
309
330
307
100
AcDbEntity
  8
$Размеры
  6
Continuous
 62
     5
440
 16777216
370
    13
100
AcDbLine
 10
19942.14334434859
 20
15294.91828201658
 30
0.0
 11
19558.06144270004
 21
15294.91828201658
 31
0.0
  0
LINE
  5
30A
330
307
100
AcDbEntity
  8
$Размеры
  6
Continuous
 62
     5
440
 16777216
370
    13
100
AcDbLine
 10
19942.14334434859
 20
16494.91828201658
 30
0.0
 11
19558.06144270004
 21
16494.91828201658
 31
0.0
  0
LINE
  5
30B
330
307
100
AcDbEntity
  8
$Размеры
  6
Continuous
 62
     5
440
 16777216
370
    13
100
AcDbLine
 10
19658.06144270004
 20
15294.91828201658
 30
0.0
 11
19658.06144270004
 21
16494.91828201658
 31
0.0
  0
INSERT
  5
30C
330
307
100
AcDbEntity
  8
$Размеры
 62
     5
440
 16777216
370
    13
100
AcDbBlockReference
  2
_Oblique
 10
19658.06144270004
 20
15294.91828201658
 30
0.0
 41
150.0
 42
150.0
 43
150.0
 50
270.0
  0
INSERT
  5
30D
330
307
100
AcDbEntity
  8
$Размеры
 62
     5
440
 16777216
370
    13
100
AcDbBlockReference
  2
_Oblique
 10
19658.06144270004
 20
16494.91828201658
 30
0.0
 41
150.0
 42
150.0
 43
150.0
 50
90.0
  0
MTEXT
  5
30E
330
307
100
AcDbEntity
  8
$Размеры
 62
     5
440
 16777216
100
AcDbMText
 10
19458.06144270004
 20
15894.91828201657
 30
0.0
 40
250.0
 41
0.0
 46
0.0
 71
     5
 72
     1
  1
\A1;1200
  7
@ТРАНСПРОЕКТ
 11
0.0000000000000001
 21
1.0
 31
0.0
 73
     1
 44
1.0
 90
        3
 63
     9
421
 13158600
 45
1.1
441
        0
  0
POINT
  5
30F
330
307
100
AcDbEntity
  8
Defpoints
 62
     0
440
 16777216
100
AcDbPoint
 10
20042.14334434859
 20
15294.91828201658
 30
0.0
  0
POINT
  5
310
330
307
100
AcDbEntity
  8
Defpoints
 62
     0
440
 16777216
100
AcDbPoint
 10
20042.14334434859
 20
16494.91828201658
 30
0.0
  0
POINT
  5
311
330
307
100
AcDbEntity
  8
Defpoints
 62
     0
440
 16777216
100
AcDbPoint
 10
19658.06144270004
 20
16494.91828201658
 30
0.0
  0
ENDBLK
  5
312
330
307
100
AcDbEntity
  8
0
100
AcDbBlockEnd
  0
BLOCK
  5
314
330
313
100
AcDbEntity
  8
0
100
AcDbBlockBegin
  2
*D9
 70
     1
 10
0.0
 20
0.0
 30
0.0
  3
*D9
  1

  0
LINE
  5
315
330
313
100
AcDbEntity
  8
$Размеры
  6
Continuous
 62
     5
440
 16777216
370
    13
100
AcDbLine
 10
19942.14334434859
 20
16494.91828201658
 30
0.0
 11
19558.06144270004
 21
16494.91828201658
 31
0.0
  0
LINE
  5
316
330
313
100
AcDbEntity
  8
$Размеры
  6
Continuous
 62
     5
440
 16777216
370
    13
100
AcDbLine
 10
21242.14334434859
 20
16624.91828201658
 30
0.0
 11
19558.06144270004
 21
16624.91828201658
 31
0.0
  0
LINE
  5
317
330
313
100
AcDbEntity
  8
$Размеры
  6
Continuous
 62
     5
440
 16777216
370
    13
100
AcDbLine
 10
19658.06144270004
 20
16494.91828201658
 30
0.0
 11
19658.06144270004
 21
16344.91828201658
 31
0.0
  0
LINE
  5
318
330
313
100
AcDbEntity
  8
$Размеры
  6
Continuous
 62
     5
440
 16777216
370
    13
100
AcDbLine
 10
19658.06144270004
 20
16624.91828201658
 30
0.0
 11
19658.06144270004
 21
16774.91828201658
 31
0.0
  0
LINE
  5
319
330
313
100
AcDbEntity
  8
$Размеры
  6
Continuous
 62
     5
440
 16777216
370
    13
100
AcDbLine
 10
19658.06144270004
 20
16559.91828201658
 30
0.0
 11
19128.00448051542
 21
16558.76976974185
 31
0.0
  0
LINE
  5
31A
330
313
100
AcDbEntity
  8
$Размеры
  6
Continuous
 62
     5
440
 16777216
370
    13
100
AcDbLine
 10
19128.00448051542
 20
16558.76976974185
 30
0.0
 11
19128.00448051542
 21
15916.78247163407
 31
0.0
  0
MTEXT
  5
31B
330
313
100
AcDbEntity
  8
$Размеры
 62
     5
440
 16777216
100
AcDbMText
 10
18928.00448051542
 20
16237.77612068795
 30
0.0
 40
250.0
 41
0.0
 46
0.0
 71
     5
 72
     1
  1
\A1;130
  7
@ТРАНСПРОЕКТ
 11
0.0000000000000001
 21
1.0
 31
0.0
 73
     1
 44
1.0
 90
        3
 63
     9
421
 13158600
 45
1.1
441
        0
  0
LINE
  5
31C
330
313
100
AcDbEntity
  8
$Размеры
  6
Continuous
 62
     5
440
 16777216
370
    13
100
AcDbLine
 10
19658.06144270004
 20
16494.91828201658
 30
0.0
 11
19658.06144270004
 21
16624.91828201658
 31
0.0
  0
INSERT
  5
31D
330
313
100
AcDbEntity
  8
$Размеры
 62
     5
440
 16777216
370
    13
100
AcDbBlockReference
  2
_Oblique
 10
19658.06144270004
 20
16494.91828201658
 30
0.0
 41
150.0
 42
150.0
 43
150.0
 50
90.0
  0
INSERT
  5
31E
330
313
100
AcDbEntity
  8
$Размеры
 62
     5
440
 16777216
370
    13
100
AcDbBlockReference
  2
_Oblique
 10
19658.06144270004
 20
16624.91828201658
 30
0.0
 41
150.0
 42
150.0
 43
150.0
 50
270.0
  0
POINT
  5
31F
330
313
100
AcDbEntity
  8
Defpoints
 62
     0
440
 16777216
100
AcDbPoint
 10
20042.14334434859
 20
16494.91828201658
 30
0.0
  0
POINT
  5
320
330
313
100
AcDbEntity
  8
Defpoints
 62
     0
440
 16777216
100
AcDbPoint
 10
21342.14334434859
 20
16624.91828201658
 30
0.0
  0
POINT
  5
321
330
313
100
AcDbEntity
  8
Defpoints
 62
     0
440
 16777216
100
AcDbPoint
 10
19658.06144270004
 20
16624.91828201658
 30
0.0
  0
ENDBLK
  5
322
330
313
100
AcDbEntity
  8
0
100
AcDbBlockEnd
  0
BLOCK
  5
324
330
323
100
AcDbEntity
  8
0
100
AcDbBlockBegin
  2
*D10
 70
     1
 10
0.0
 20
0.0
 30
0.0
  3
*D10
  1

  0
LINE
  5
325
330
323
100
AcDbEntity
  8
$Размеры
  6
Continuous
 62
     5
440
 16777216
370
    13
100
AcDbLine
 10
21242.14334434859
 20
16624.91828201658
 30
0.0
 11
19558.06144270004
 21
16624.91828201658
 31
0.0
  0
LINE
  5
326
330
323
100
AcDbEntity
  8
$Размеры
  6
Continuous
 62
     5
440
 16777216
370
    13
100
AcDbLine
 10
21542.14334434859
 20
16924.91828201658
 30
0.0
 11
19558.06144270004
 21
16924.91828201658
 31
0.0
  0
LINE
  5
327
330
323
100
AcDbEntity
  8
$Размеры
  6
Continuous
 62
     5
440
 16777216
370
    13
100
AcDbLine
 10
19658.06144270004
 20
16624.91828201658
 30
0.0
 11
19658.06144270004
 21
16924.91828201658
 31
0.0
  0
LINE
  5
328
330
323
100
AcDbEntity
  8
$Размеры
  6
Continuous
 62
     5
440
 16777216
370
    13
100
AcDbLine
 10
19658.06144270004
 20
16774.91828201658
 30
0.0
 11
19128.00448051496
 21
16775.23243118816
 31
0.0
  0
LINE
  5
329
330
323
100
AcDbEntity
  8
$Размеры
  6
Continuous
 62
     5
440
 16777216
370
    13
100
AcDbLine
 10
19128.00448051496
 20
16775.23243118816
 30
0.0
 11
19128.00448051496
 21
17467.21972929594
 31
0.0
  0
MTEXT
  5
32A
330
323
100
AcDbEntity
  8
$Размеры
 62
     5
440
 16777216
100
AcDbMText
 10
18928.00448051496
 20
17121.22608024204
 30
0.0
 40
250.0
 41
0.0
 46
0.0
 71
     5
 72
     1
  1
\A1;300
  7
@ТРАНСПРОЕКТ
 11
0.0000000000000001
 21
1.0
 31
0.0
 73
     1
 44
1.0
 90
        3
 63
     9
421
 13158600
 45
1.1
441
        0
  0
INSERT
  5
32B
330
323
100
AcDbEntity
  8
$Размеры
 62
     5
440
 16777216
370
    13
100
AcDbBlockReference
  2
_Oblique
 10
19658.06144270004
 20
16624.91828201658
 30
0.0
 41
150.0
 42
150.0
 43
150.0
 50
270.0
  0
INSERT
  5
32C
330
323
100
AcDbEntity
  8
$Размеры
 62
     5
440
 16777216
370
    13
100
AcDbBlockReference
  2
_Oblique
 10
19658.06144270004
 20
16924.91828201658
 30
0.0
 41
150.0
 42
150.0
 43
150.0
 50
90.0
  0
POINT
  5
32D
330
323
100
AcDbEntity
  8
Defpoints
 62
     0
440
 16777216
100
AcDbPoint
 10
21342.14334434859
 20
16624.91828201658
 30
0.0
  0
POINT
  5
32E
330
323
100
AcDbEntity
  8
Defpoints
 62
     0
440
 16777216
100
AcDbPoint
 10
21642.14334434859
 20
16924.91828201658
 30
0.0
  0
POINT
  5
32F
330
323
100
AcDbEntity
  8
Defpoints
 62
     0
440
 16777216
100
AcDbPoint
 10
19658.06144270004
 20
16924.91828201658
 30
0.0
  0
ENDBLK
  5
330
330
323
100
AcDbEntity
  8
0
100
AcDbBlockEnd
  0
BLOCK
  5
332
330
331
100
AcDbEntity
  8
0
100
AcDbBlockBegin
  2
*D11
 70
     1
 10
0.0
 20
0.0
 30
0.0
  3
*D11
  1

  0
LINE
  5
333
330
331
100
AcDbEntity
  8
$Размеры
  6
Continuous
 62
     5
440
 16777216
370
    13
100
AcDbLine
 10
21542.14334434859
 20
16924.91828201658
 30
0.0
 11
19558.06144270004
 21
16924.91828201658
 31
0.0
  0
LINE
  5
334
330
331
100
AcDbEntity
  8
$Размеры
  6
Continuous
 62
     5
440
 16777216
370
    13
100
AcDbLine
 10
21542.14334434859
 20
22494.91828201658
 30
0.0
 11
19558.06144270004
 21
22494.91828201658
 31
0.0
  0
LINE
  5
335
330
331
100
AcDbEntity
  8
$Размеры
  6
Continuous
 62
     5
440
 16777216
370
    13
100
AcDbLine
 10
19658.06144270004
 20
16924.91828201658
 30
0.0
 11
19658.06144270004
 21
22494.91828201658
 31
0.0
  0
INSERT
  5
336
330
331
100
AcDbEntity
  8
$Размеры
 62
     5
440
 16777216
370
    13
100
AcDbBlockReference
  2
_Oblique
 10
19658.06144270004
 20
16924.91828201658
 30
0.0
 41
150.0
 42
150.0
 43
150.0
 50
270.0
  0
INSERT
  5
337
330
331
100
AcDbEntity
  8
$Размеры
 62
     5
440
 16777216
370
    13
100
AcDbBlockReference
  2
_Oblique
 10
19658.06144270004
 20
22494.91828201658
 30
0.0
 41
150.0
 42
150.0
 43
150.0
 50
90.0
  0
MTEXT
  5
338
330
331
100
AcDbEntity
  8
$Размеры
 62
     5
440
 16777216
100
AcDbMText
 10
19458.06144270004
 20
19709.91828201657
 30
0.0
 40
250.0
 41
0.0
 46
0.0
 71
     5
 72
     1
  1
\A1;5570
  7
@ТРАНСПРОЕКТ
 11
0.0000000000000001
 21
1.0
 31
0.0
 73
     1
 44
1.0
 90
        3
 63
     9
421
 13158600
 45
1.1
441
        0
  0
POINT
  5
339
330
331
100
AcDbEntity
  8
Defpoints
 62
     0
440
 16777216
100
AcDbPoint
 10
21642.14334434859
 20
16924.91828201658
 30
0.0
  0
POINT
  5
33A
330
331
100
AcDbEntity
  8
Defpoints
 62
     0
440
 16777216
100
AcDbPoint
 10
21642.14334434859
 20
22494.91828201658
 30
0.0
  0
POINT
  5
33B
330
331
100
AcDbEntity
  8
Defpoints
 62
     0
440
 16777216
100
AcDbPoint
 10
19658.06144270004
 20
22494.91828201658
 30
0.0
  0
ENDBLK
  5
33C
330
331
100
AcDbEntity
  8
0
100
AcDbBlockEnd
  0
BLOCK
  5
33E
330
33D
100
AcDbEntity
  8
0
100
AcDbBlockBegin
  2
*D12
 70
     1
 10
0.0
 20
0.0
 30
0.0
  3
*D12
  1

  0
LINE
  5
33F
330
33D
100
AcDbEntity
  8
$Размеры
  6
Continuous
 62
     5
440
 16777216
370
    13
100
AcDbLine
 10
23142.14334434859
 20
15294.91828201658
 30
0.0
 11
23836.66176164692
 21
15294.91828201658
 31
0.0
  0
LINE
  5
340
330
33D
100
AcDbEntity
  8
$Размеры
  6
Continuous
 62
     5
440
 16777216
370
    13
100
AcDbLine
 10
23142.14334434859
 20
16494.91828201658
 30
0.0
 11
23836.66176164692
 21
16494.91828201658
 31
0.0
  0
LINE
  5
341
330
33D
100
AcDbEntity
  8
$Размеры
  6
Continuous
 62
     5
440
 16777216
370
    13
100
AcDbLine
 10
23736.66176164692
 20
15294.91828201658
 30
0.0
 11
23736.66176164692
 21
16494.91828201658
 31
0.0
  0
INSERT
  5
342
330
33D
100
AcDbEntity
  8
$Размеры
 62
     5
440
 16777216
370
    13
100
AcDbBlockReference
  2
_Oblique
 10
23736.66176164692
 20
15294.91828201658
 30
0.0
 41
150.0
 42
150.0
 43
150.0
 50
270.0
  0
INSERT
  5
343
330
33D
100
AcDbEntity
  8
$Размеры
 62
     5
440
 16777216
370
    13
100
AcDbBlockReference
  2
_Oblique
 10
23736.66176164692
 20
16494.91828201658
 30
0.0
 41
150.0
 42
150.0
 43
150.0
 50
90.0
  0
MTEXT
  5
344
330
33D
100
AcDbEntity
  8
$Размеры
 62
     5
440
 16777216
100
AcDbMText
 10
23536.66176164692
 20
15894.91828201657
 30
0.0
 40
250.0
 41
0.0
 46
0.0
 71
     5
 72
     1
  1
\A1;1200
  7
@ТРАНСПРОЕКТ
 11
0.0000000000000001
 21
1.0
 31
0.0
 73
     1
 44
1.0
 90
        3
 63
     9
421
 13158600
 45
1.1
441
        0
  0
POINT
  5
345
330
33D
100
AcDbEntity
  8
Defpoints
 62
     0
440
 16777216
100
AcDbPoint
 10
23042.14334434859
 20
15294.91828201658
 30
0.0
  0
POINT
  5
346
330
33D
100
AcDbEntity
  8
Defpoints
 62
     0
440
 16777216
100
AcDbPoint
 10
23042.14334434859
 20
16494.91828201658
 30
0.0
  0
POINT
  5
347
330
33D
100
AcDbEntity
  8
Defpoints
 62
     0
440
 16777216
100
AcDbPoint
 10
23736.66176164692
 20
16494.91828201658
 30
0.0
  0
ENDBLK
  5
348
330
33D
100
AcDbEntity
  8
0
100
AcDbBlockEnd
  0
BLOCK
  5
34A
330
349
100
AcDbEntity
  8
0
100
AcDbBlockBegin
  2
*D13
 70
     1
 10
0.0
 20
0.0
 30
0.0
  3
*D13
  1

  0
LINE
  5
34B
330
349
100
AcDbEntity
  8
$Размеры
  6
Continuous
 62
     5
440
 16777216
370
    13
100
AcDbLine
 10
23142.14334434859
 20
16494.91828201658
 30
0.0
 11
23836.66176164692
 21
16494.91828201658
 31
0.0
  0
LINE
  5
34C
330
349
100
AcDbEntity
  8
$Размеры
  6
Continuous
 62
     5
440
 16777216
370
    13
100
AcDbLine
 10
22642.14334434859
 20
16544.91828201658
 30
0.0
 11
23836.66176164692
 21
16544.91828201658
 31
0.0
  0
LINE
  5
34D
330
349
100
AcDbEntity
  8
$Размеры
  6
Continuous
 62
     5
440
 16777216
370
    13
100
AcDbLine
 10
23736.66176164692
 20
16494.91828201658
 30
0.0
 11
23736.66176164692
 21
16344.91828201658
 31
0.0
  0
LINE
  5
34E
330
349
100
AcDbEntity
  8
$Размеры
  6
Continuous
 62
     5
440
 16777216
370
    13
100
AcDbLine
 10
23736.66176164692
 20
16544.91828201658
 30
0.0
 11
23736.66176164692
 21
16694.91828201658
 31
0.0
  0
LINE
  5
34F
330
349
100
AcDbEntity
  8
$Размеры
  6
Continuous
 62
     5
440
 16777216
370
    13
100
AcDbLine
 10
23736.66176164692
 20
16519.91828201658
 30
0.0
 11
24260.87525841529
 21
16517.59174463611
 31
0.0
  0
LINE
  5
350
330
349
100
AcDbEntity
  8
$Размеры
  6
Continuous
 62
     5
440
 16777216
370
    13
100
AcDbLine
 10
24260.87525841529
 20
16517.59174463611
 30
0.0
 11
24260.87525841529
 21
16000.60444652834
 31
0.0
  0
MTEXT
  5
351
330
349
100
AcDbEntity
  8
$Размеры
 62
     5
440
 16777216
100
AcDbMText
 10
24060.87525841529
 20
16259.09809558222
 30
0.0
 40
250.0
 41
0.0
 46
0.0
 71
     5
 72
     1
  1
\A1;50
  7
@ТРАНСПРОЕКТ
 11
0.0000000000000001
 21
1.0
 31
0.0
 73
     1
 44
1.0
 90
        3
 63
     9
421
 13158600
 45
1.1
441
        0
  0
LINE
  5
352
330
349
100
AcDbEntity
  8
$Размеры
  6
Continuous
 62
     5
440
 16777216
370
    13
100
AcDbLine
 10
23736.66176164692
 20
16494.91828201658
 30
0.0
 11
23736.66176164692
 21
16544.91828201658
 31
0.0
  0
INSERT
  5
353
330
349
100
AcDbEntity
  8
$Размеры
 62
     5
440
 16777216
370
    13
100
AcDbBlockReference
  2
_Oblique
 10
23736.66176164692
 20
16494.91828201658
 30
0.0
 41
150.0
 42
150.0
 43
150.0
 50
90.0
  0
INSERT
  5
354
330
349
100
AcDbEntity
  8
$Размеры
 62
     5
440
 16777216
370
    13
100
AcDbBlockReference
  2
_Oblique
 10
23736.66176164692
 20
16544.91828201658
 30
0.0
 41
150.0
 42
150.0
 43
150.0
 50
270.0
  0
POINT
  5
355
330
349
100
AcDbEntity
  8
Defpoints
 62
     0
440
 16777216
100
AcDbPoint
 10
23042.14334434859
 20
16494.91828201658
 30
0.0
  0
POINT
  5
356
330
349
100
AcDbEntity
  8
Defpoints
 62
     0
440
 16777216
100
AcDbPoint
 10
22542.14334434859
 20
16544.91828201658
 30
0.0
  0
POINT
  5
357
330
349
100
AcDbEntity
  8
Defpoints
 62
     0
440
 16777216
100
AcDbPoint
 10
23736.66176164692
 20
16544.91828201658
 30
0.0
  0
ENDBLK
  5
358
330
349
100
AcDbEntity
  8
0
100
AcDbBlockEnd
  0
BLOCK
  5
35A
330
359
100
AcDbEntity
  8
0
100
AcDbBlockBegin
  2
*D14
 70
     1
 10
0.0
 20
0.0
 30
0.0
  3
*D14
  1

  0
LINE
  5
35B
330
359
100
AcDbEntity
  8
$Размеры
  6
Continuous
 62
     5
440
 16777216
370
    13
100
AcDbLine
 10
22642.14334434859
 20
16544.91828201658
 30
0.0
 11
23836.66176164692
 21
16544.91828201658
 31
0.0
  0
LINE
  5
35C
330
359
100
AcDbEntity
  8
$Размеры
  6
Continuous
 62
     5
440
 16777216
370
    13
100
AcDbLine
 10
22342.14334434859
 20
16844.91828201658
 30
0.0
 11
23836.66176164692
 21
16844.91828201658
 31
0.0
  0
LINE
  5
35D
330
359
100
AcDbEntity
  8
$Размеры
  6
Continuous
 62
     5
440
 16777216
370
    13
100
AcDbLine
 10
23736.66176164692
 20
16544.91828201658
 30
0.0
 11
23736.66176164692
 21
16844.91828201658
 31
0.0
  0
LINE
  5
35E
330
359
100
AcDbEntity
  8
$Размеры
  6
Continuous
 62
     5
440
 16777216
370
    13
100
AcDbLine
 10
23736.66176164692
 20
16694.91828201658
 30
0.0
 11
24260.87525841529
 21
16695.92381577699
 31
0.0
  0
LINE
  5
35F
330
359
100
AcDbEntity
  8
$Размеры
  6
Continuous
 62
     5
440
 16777216
370
    13
100
AcDbLine
 10
24260.87525841529
 20
16695.92381577699
 30
0.0
 11
24260.87525841529
 21
17387.91111388477
 31
0.0
  0
MTEXT
  5
360
330
359
100
AcDbEntity
  8
$Размеры
 62
     5
440
 16777216
100
AcDbMText
 10
24060.87525841529
 20
17041.91746483088
 30
0.0
 40
250.0
 41
0.0
 46
0.0
 71
     5
 72
     1
  1
\A1;300
  7
@ТРАНСПРОЕКТ
 11
0.0000000000000001
 21
1.0
 31
0.0
 73
     1
 44
1.0
 90
        3
 63
     9
421
 13158600
 45
1.1
441
        0
  0
INSERT
  5
361
330
359
100
AcDbEntity
  8
$Размеры
 62
     5
440
 16777216
370
    13
100
AcDbBlockReference
  2
_Oblique
 10
23736.66176164692
 20
16544.91828201658
 30
0.0
 41
150.0
 42
150.0
 43
150.0
 50
270.0
  0
INSERT
  5
362
330
359
100
AcDbEntity
  8
$Размеры
 62
     5
440
 16777216
370
    13
100
AcDbBlockReference
  2
_Oblique
 10
23736.66176164692
 20
16844.91828201658
 30
0.0
 41
150.0
 42
150.0
 43
150.0
 50
90.0
  0
POINT
  5
363
330
359
100
AcDbEntity
  8
Defpoints
 62
     0
440
 16777216
100
AcDbPoint
 10
22542.14334434859
 20
16544.91828201658
 30
0.0
  0
POINT
  5
364
330
359
100
AcDbEntity
  8
Defpoints
 62
     0
440
 16777216
100
AcDbPoint
 10
22242.14334434859
 20
16844.91828201658
 30
0.0
  0
POINT
  5
365
330
359
100
AcDbEntity
  8
Defpoints
 62
     0
440
 16777216
100
AcDbPoint
 10
23736.66176164692
 20
16844.91828201658
 30
0.0
  0
ENDBLK
  5
366
330
359
100
AcDbEntity
  8
0
100
AcDbBlockEnd
  0
BLOCK
  5
368
330
367
100
AcDbEntity
  8
0
100
AcDbBlockBegin
  2
*D15
 70
     1
 10
0.0
 20
0.0
 30
0.0
  3
*D15
  1

  0
LINE
  5
369
330
367
100
AcDbEntity
  8
$Размеры
  6
Continuous
 62
     5
440
 16777216
370
    13
100
AcDbLine
 10
22342.14334434859
 20
16844.91828201658
 30
0.0
 11
23836.66176164692
 21
16844.91828201658
 31
0.0
  0
LINE
  5
36A
330
367
100
AcDbEntity
  8
$Размеры
  6
Continuous
 62
     5
440
 16777216
370
    13
100
AcDbLine
 10
22342.14334434859
 20
22494.91828201658
 30
0.0
 11
23836.66176164692
 21
22494.91828201658
 31
0.0
  0
LINE
  5
36B
330
367
100
AcDbEntity
  8
$Размеры
  6
Continuous
 62
     5
440
 16777216
370
    13
100
AcDbLine
 10
23736.66176164692
 20
16844.91828201658
 30
0.0
 11
23736.66176164692
 21
22494.91828201658
 31
0.0
  0
INSERT
  5
36C
330
367
100
AcDbEntity
  8
$Размеры
 62
     5
440
 16777216
370
    13
100
AcDbBlockReference
  2
_Oblique
 10
23736.66176164692
 20
16844.91828201658
 30
0.0
 41
150.0
 42
150.0
 43
150.0
 50
270.0
  0
INSERT
  5
36D
330
367
100
AcDbEntity
  8
$Размеры
 62
     5
440
 16777216
370
    13
100
AcDbBlockReference
  2
_Oblique
 10
23736.66176164692
 20
22494.91828201658
 30
0.0
 41
150.0
 42
150.0
 43
150.0
 50
90.0
  0
MTEXT
  5
36E
330
367
100
AcDbEntity
  8
$Размеры
 62
     5
440
 16777216
100
AcDbMText
 10
23536.66176164692
 20
19669.91828201657
 30
0.0
 40
250.0
 41
0.0
 46
0.0
 71
     5
 72
     1
  1
\A1;5650
  7
@ТРАНСПРОЕКТ
 11
0.0000000000000001
 21
1.0
 31
0.0
 73
     1
 44
1.0
 90
        3
 63
     9
421
 13158600
 45
1.1
441
        0
  0
POINT
  5
36F
330
367
100
AcDbEntity
  8
Defpoints
 62
     0
440
 16777216
100
AcDbPoint
 10
22242.14334434859
 20
16844.91828201658
 30
0.0
  0
POINT
  5
370
330
367
100
AcDbEntity
  8
Defpoints
 62
     0
440
 16777216
100
AcDbPoint
 10
22242.14334434859
 20
22494.91828201658
 30
0.0
  0
POINT
  5
371
330
367
100
AcDbEntity
  8
Defpoints
 62
     0
440
 16777216
100
AcDbPoint
 10
23736.66176164692
 20
22494.91828201658
 30
0.0
  0
ENDBLK
  5
372
330
367
100
AcDbEntity
  8
0
100
AcDbBlockEnd
  0
BLOCK
  5
374
330
373
100
AcDbEntity
  8
0
100
AcDbBlockBegin
  2
*D16
 70
     1
 10
0.0
 20
0.0
 30
0.0
  3
*D16
  1

  0
LINE
  5
375
330
373
100
AcDbEntity
  8
$Размеры
  6
Continuous
 62
     5
440
 16777216
370
    13
100
AcDbLine
 10
23142.14334434859
 20
15294.91828201658
 30
0.0
 11
24657.77461021516
 21
15294.91828201658
 31
0.0
  0
LINE
  5
376
330
373
100
AcDbEntity
  8
$Размеры
  6
Continuous
 62
     5
440
 16777216
370
    13
100
AcDbLine
 10
22342.14334434859
 20
22494.91828201658
 30
0.0
 11
24657.77461021516
 21
22494.91828201659
 31
0.0
  0
LINE
  5
377
330
373
100
AcDbEntity
  8
$Размеры
  6
Continuous
 62
     5
440
 16777216
370
    13
100
AcDbLine
 10
24557.77461021515
 20
15294.91828201658
 30
0.0
 11
24557.77461021515
 21
22494.91828201658
 31
0.0
  0
INSERT
  5
378
330
373
100
AcDbEntity
  8
$Размеры
 62
     5
440
 16777216
370
    13
100
AcDbBlockReference
  2
_Oblique
 10
24557.77461021515
 20
15294.91828201658
 30
0.0
 41
150.0
 42
150.0
 43
150.0
 50
270.0
  0
INSERT
  5
379
330
373
100
AcDbEntity
  8
$Размеры
 62
     5
440
 16777216
370
    13
100
AcDbBlockReference
  2
_Oblique
 10
24557.77461021515
 20
22494.91828201658
 30
0.0
 41
150.0
 42
150.0
 43
150.0
 50
90.0
  0
MTEXT
  5
37A
330
373
100
AcDbEntity
  8
$Размеры
 62
     5
440
 16777216
100
AcDbMText
 10
24357.77461021515
 20
19655.8291347997
 30
0.0
 40
250.0
 41
0.0
 46
0.0
 71
     5
 72
     1
  1
\A1;7200
  7
@ТРАНСПРОЕКТ
 11
0.0000000000000001
 21
1.0
 31
0.0
 73
     1
 44
1.0
 90
        3
 63
     9
421
 13158600
 45
1.1
441
        0
  0
POINT
  5
37B
330
373
100
AcDbEntity
  8
Defpoints
 62
     0
440
 16777216
100
AcDbPoint
 10
23042.14334434859
 20
15294.91828201658
 30
0.0
  0
POINT
  5
37C
330
373
100
AcDbEntity
  8
Defpoints
 62
     0
440
 16777216
100
AcDbPoint
 10
22242.14334434859
 20
22494.91828201658
 30
0.0
  0
POINT
  5
37D
330
373
100
AcDbEntity
  8
Defpoints
 62
     0
440
 16777216
100
AcDbPoint
 10
24557.77461021515
 20
22494.91828201658
 30
0.0
  0
ENDBLK
  5
37E
330
373
100
AcDbEntity
  8
0
100
AcDbBlockEnd
  0
BLOCK
  5
380
330
37F
100
AcDbEntity
  8
0
100
AcDbBlockBegin
  2
*D17
 70
     1
 10
0.0
 20
0.0
 30
0.0
  3
*D17
  1

  0
LINE
  5
381
330
37F
100
AcDbEntity
  8
$Размеры
  6
Continuous
 62
     5
440
 16777216
370
    13
100
AcDbLine
 10
14142.14334434858
 20
15294.91828201658
 30
0.0
 11
15307.25405731594
 21
15294.91828201658
 31
0.0
  0
LINE
  5
382
330
37F
100
AcDbEntity
  8
$Размеры
  6
Continuous
 62
     5
440
 16777216
370
    13
100
AcDbLine
 10
14615.34906167146
 20
16494.91828201658
 30
0.0
 11
15307.25405731594
 21
16494.91828201658
 31
0.0
  0
LINE
  5
383
330
37F
100
AcDbEntity
  8
$Размеры
  6
Continuous
 62
     5
440
 16777216
370
    13
100
AcDbLine
 10
15207.25405731594
 20
15294.91828201658
 30
0.0
 11
15207.25405731594
 21
16494.91828201658
 31
0.0
  0
INSERT
  5
384
330
37F
100
AcDbEntity
  8
$Размеры
 62
     5
440
 16777216
370
    13
100
AcDbBlockReference
  2
_Oblique
 10
15207.25405731594
 20
15294.91828201658
 30
0.0
 41
150.0
 42
150.0
 43
150.0
 50
270.0
  0
INSERT
  5
385
330
37F
100
AcDbEntity
  8
$Размеры
 62
     5
440
 16777216
370
    13
100
AcDbBlockReference
  2
_Oblique
 10
15207.25405731594
 20
16494.91828201658
 30
0.0
 41
150.0
 42
150.0
 43
150.0
 50
90.0
  0
MTEXT
  5
386
330
37F
100
AcDbEntity
  8
$Размеры
 62
     5
440
 16777216
100
AcDbMText
 10
15007.25405731594
 20
15894.91828201657
 30
0.0
 40
250.0
 41
0.0
 46
0.0
 71
     5
 72
     1
  1
\A1;1200
  7
@ТРАНСПРОЕКТ
 11
0.0000000000000001
 21
1.0
 31
0.0
 73
     1
 44
1.0
 90
        3
 63
     9
421
 13158600
 45
1.1
441
        0
  0
POINT
  5
387
330
37F
100
AcDbEntity
  8
Defpoints
 62
     0
440
 16777216
100
AcDbPoint
 10
14042.14334434858
 20
15294.91828201658
 30
0.0
  0
POINT
  5
388
330
37F
100
AcDbEntity
  8
Defpoints
 62
     0
440
 16777216
100
AcDbPoint
 10
14515.34906167147
 20
16494.91828201658
 30
0.0
  0
POINT
  5
389
330
37F
100
AcDbEntity
  8
Defpoints
 62
     0
440
 16777216
100
AcDbPoint
 10
15207.25405731594
 20
16494.91828201658
 30
0.0
  0
ENDBLK
  5
38A
330
37F
100
AcDbEntity
  8
0
100
AcDbBlockEnd
  0
BLOCK
  5
38C
330
38B
100
AcDbEntity
  8
0
100
AcDbBlockBegin
  2
*D18
 70
     1
 10
0.0
 20
0.0
 30
0.0
  3
*D18
  1

  0
LINE
  5
38D
330
38B
100
AcDbEntity
  8
$Размеры
  6
Continuous
 62
     5
440
 16777216
370
    13
100
AcDbLine
 10
14615.34906167146
 20
16494.91828201658
 30
0.0
 11
15307.25405731594
 21
16494.91828201658
 31
0.0
  0
LINE
  5
38E
330
38B
100
AcDbEntity
  8
$Размеры
  6
Continuous
 62
     5
440
 16777216
370
    13
100
AcDbLine
 10
14488.55350586335
 20
16544.91828201658
 30
0.0
 11
15307.25405731594
 21
16544.91828201658
 31
0.0
  0
LINE
  5
38F
330
38B
100
AcDbEntity
  8
$Размеры
  6
Continuous
 62
     5
440
 16777216
370
    13
100
AcDbLine
 10
15207.25405731594
 20
16494.91828201658
 30
0.0
 11
15207.25405731594
 21
16344.91828201658
 31
0.0
  0
LINE
  5
390
330
38B
100
AcDbEntity
  8
$Размеры
  6
Continuous
 62
     5
440
 16777216
370
    13
100
AcDbLine
 10
15207.25405731594
 20
16544.91828201658
 30
0.0
 11
15207.25405731594
 21
16694.91828201658
 31
0.0
  0
LINE
  5
391
330
38B
100
AcDbEntity
  8
$Размеры
  6
Continuous
 62
     5
440
 16777216
370
    13
100
AcDbLine
 10
15207.25405731594
 20
16519.91828201658
 30
0.0
 11
15713.92672077594
 21
16517.83581144519
 31
0.0
  0
LINE
  5
392
330
38B
100
AcDbEntity
  8
$Размеры
  6
Continuous
 62
     5
440
 16777216
370
    13
100
AcDbLine
 10
15713.92672077594
 20
16517.83581144519
 30
0.0
 11
15713.92672077594
 21
16000.84851333741
 31
0.0
  0
MTEXT
  5
393
330
38B
100
AcDbEntity
  8
$Размеры
 62
     5
440
 16777216
100
AcDbMText
 10
15513.92672077594
 20
16259.34216239129
 30
0.0
 40
250.0
 41
0.0
 46
0.0
 71
     5
 72
     1
  1
\A1;50
  7
@ТРАНСПРОЕКТ
 11
0.0000000000000001
 21
1.0
 31
0.0
 73
     1
 44
1.0
 90
        3
 63
     9
421
 13158600
 45
1.1
441
        0
  0
LINE
  5
394
330
38B
100
AcDbEntity
  8
$Размеры
  6
Continuous
 62
     5
440
 16777216
370
    13
100
AcDbLine
 10
15207.25405731594
 20
16494.91828201658
 30
0.0
 11
15207.25405731594
 21
16544.91828201658
 31
0.0
  0
INSERT
  5
395
330
38B
100
AcDbEntity
  8
$Размеры
 62
     5
440
 16777216
370
    13
100
AcDbBlockReference
  2
_Oblique
 10
15207.25405731594
 20
16494.91828201658
 30
0.0
 41
150.0
 42
150.0
 43
150.0
 50
90.0
  0
INSERT
  5
396
330
38B
100
AcDbEntity
  8
$Размеры
 62
     5
440
 16777216
370
    13
100
AcDbBlockReference
  2
_Oblique
 10
15207.25405731594
 20
16544.91828201658
 30
0.0
 41
150.0
 42
150.0
 43
150.0
 50
270.0
  0
POINT
  5
397
330
38B
100
AcDbEntity
  8
Defpoints
 62
     0
440
 16777216
100
AcDbPoint
 10
14515.34906167147
 20
16494.91828201658
 30
0.0
  0
POINT
  5
398
330
38B
100
AcDbEntity
  8
Defpoints
 62
     0
440
 16777216
100
AcDbPoint
 10
14388.55350586335
 20
16544.91828201658
 30
0.0
  0
POINT
  5
399
330
38B
100
AcDbEntity
  8
Defpoints
 62
     0
440
 16777216
100
AcDbPoint
 10
15207.25405731594
 20
16544.91828201658
 30
0.0
  0
ENDBLK
  5
39A
330
38B
100
AcDbEntity
  8
0
100
AcDbBlockEnd
  0
BLOCK
  5
39C
330
39B
100
AcDbEntity
  8
0
100
AcDbBlockBegin
  2
*D19
 70
     1
 10
0.0
 20
0.0
 30
0.0
  3
*D19
  1

  0
LINE
  5
39D
330
39B
100
AcDbEntity
  8
$Размеры
  6
Continuous
 62
     5
440
 16777216
370
    13
100
AcDbLine
 10
14488.55350586335
 20
16544.91828201658
 30
0.0
 11
15307.25405731592
 21
16544.91828201658
 31
0.0
  0
LINE
  5
39E
330
39B
100
AcDbEntity
  8
$Размеры
  6
Continuous
 62
     5
440
 16777216
370
    13
100
AcDbLine
 10
14315.3484251041
 20
16844.91828201658
 30
0.0
 11
15307.25405731592
 21
16844.91828201658
 31
0.0
  0
LINE
  5
39F
330
39B
100
AcDbEntity
  8
$Размеры
  6
Continuous
 62
     5
440
 16777216
370
    13
100
AcDbLine
 10
15207.25405731592
 20
16544.91828201658
 30
0.0
 11
15207.25405731592
 21
16844.91828201658
 31
0.0
  0
LINE
  5
3A0
330
39B
100
AcDbEntity
  8
$Размеры
  6
Continuous
 62
     5
440
 16777216
370
    13
100
AcDbLine
 10
15207.25405731592
 20
16844.91828201658
 30
0.0
 11
15207.25405731592
 21
17686.90558012479
 31
0.0
  0
INSERT
  5
3A1
330
39B
100
AcDbEntity
  8
$Размеры
 62
     5
440
 16777216
370
    13
100
AcDbBlockReference
  2
_Oblique
 10
15207.25405731592
 20
16544.91828201658
 30
0.0
 41
150.0
 42
150.0
 43
150.0
 50
270.0
  0
INSERT
  5
3A2
330
39B
100
AcDbEntity
  8
$Размеры
 62
     5
440
 16777216
370
    13
100
AcDbBlockReference
  2
_Oblique
 10
15207.25405731592
 20
16844.91828201658
 30
0.0
 41
150.0
 42
150.0
 43
150.0
 50
90.0
  0
MTEXT
  5
3A3
330
39B
100
AcDbEntity
  8
$Размеры
 62
     5
440
 16777216
100
AcDbMText
 10
15007.25405731592
 20
17340.91193107089
 30
0.0
 40
250.0
 41
0.0
 46
0.0
 71
     5
 72
     1
  1
\A1;300
  7
@ТРАНСПРОЕКТ
 11
0.0000000000000001
 21
1.0
 31
0.0
 73
     1
 44
1.0
 90
        3
 63
     9
421
 13158600
 45
1.1
441
        0
  0
POINT
  5
3A4
330
39B
100
AcDbEntity
  8
Defpoints
 62
     0
440
 16777216
100
AcDbPoint
 10
14388.55350586335
 20
16544.91828201658
 30
0.0
  0
POINT
  5
3A5
330
39B
100
AcDbEntity
  8
Defpoints
 62
     0
440
 16777216
100
AcDbPoint
 10
14215.3484251041
 20
16844.91828201658
 30
0.0
  0
POINT
  5
3A6
330
39B
100
AcDbEntity
  8
Defpoints
 62
     0
440
 16777216
100
AcDbPoint
 10
15207.25405731592
 20
16844.91828201658
 30
0.0
  0
ENDBLK
  5
3A7
330
39B
100
AcDbEntity
  8
0
100
AcDbBlockEnd
  0
BLOCK
  5
3A9
330
3A8
100
AcDbEntity
  8
0
100
AcDbBlockBegin
  2
*D20
 70
     1
 10
0.0
 20
0.0
 30
0.0
  3
*D20
  1

  0
LINE
  5
3AA
330
3A8
100
AcDbEntity
  8
$Размеры
  6
Continuous
 62
     5
440
 16777216
370
    13
100
AcDbLine
 10
14315.3484251041
 20
16844.91828201658
 30
0.0
 11
15307.25405731594
 21
16844.91828201658
 31
0.0
  0
LINE
  5
3AB
330
3A8
100
AcDbEntity
  8
$Размеры
  6
Continuous
 62
     5
440
 16777216
370
    13
100
AcDbLine
 10
14142.14334434858
 20
22494.91828201658
 30
0.0
 11
15307.25405731594
 21
22494.91828201658
 31
0.0
  0
LINE
  5
3AC
330
3A8
100
AcDbEntity
  8
$Размеры
  6
Continuous
 62
     5
440
 16777216
370
    13
100
AcDbLine
 10
15207.25405731594
 20
16844.91828201658
 30
0.0
 11
15207.25405731594
 21
22494.91828201658
 31
0.0
  0
INSERT
  5
3AD
330
3A8
100
AcDbEntity
  8
$Размеры
 62
     5
440
 16777216
370
    13
100
AcDbBlockReference
  2
_Oblique
 10
15207.25405731594
 20
16844.91828201658
 30
0.0
 41
150.0
 42
150.0
 43
150.0
 50
270.0
  0
INSERT
  5
3AE
330
3A8
100
AcDbEntity
  8
$Размеры
 62
     5
440
 16777216
370
    13
100
AcDbBlockReference
  2
_Oblique
 10
15207.25405731594
 20
22494.91828201658
 30
0.0
 41
150.0
 42
150.0
 43
150.0
 50
90.0
  0
MTEXT
  5
3AF
330
3A8
100
AcDbEntity
  8
$Размеры
 62
     5
440
 16777216
100
AcDbMText
 10
15007.25405731594
 20
19669.91828201657
 30
0.0
 40
250.0
 41
0.0
 46
0.0
 71
     5
 72
     1
  1
\A1;5650
  7
@ТРАНСПРОЕКТ
 11
0.0000000000000001
 21
1.0
 31
0.0
 73
     1
 44
1.0
 90
        3
 63
     9
421
 13158600
 45
1.1
441
        0
  0
POINT
  5
3B0
330
3A8
100
AcDbEntity
  8
Defpoints
 62
     0
440
 16777216
100
AcDbPoint
 10
14215.3484251041
 20
16844.91828201658
 30
0.0
  0
POINT
  5
3B1
330
3A8
100
AcDbEntity
  8
Defpoints
 62
     0
440
 16777216
100
AcDbPoint
 10
14042.14334434858
 20
22494.91828201658
 30
0.0
  0
POINT
  5
3B2
330
3A8
100
AcDbEntity
  8
Defpoints
 62
     0
440
 16777216
100
AcDbPoint
 10
15207.25405731594
 20
22494.91828201658
 30
0.0
  0
ENDBLK
  5
3B3
330
3A8
100
AcDbEntity
  8
0
100
AcDbBlockEnd
  0
BLOCK
  5
3B5
330
3B4
100
AcDbEntity
  8
0
100
AcDbBlockBegin
  2
*D21
 70
     1
 10
0.0
 20
0.0
 30
0.0
  3
*D21
  1

  0
LINE
  5
3B6
330
3B4
100
AcDbEntity
  8
∅16
  6
Continuous
 62
     5
440
 16777216
370
    13
100
AcDbLine
 10
23042.14334434858
 20
16594.91828201657
 30
0.0
 11
23042.14334434858
 21
17392.91198541729
 31
0.0
  0
LINE
  5
3B7
330
3B4
100
AcDbEntity
  8
∅16
  6
Continuous
 62
     5
440
 16777216
370
    13
100
AcDbLine
 10
22542.14334434858
 20
16644.91828201657
 30
0.0
 11
22542.14334434858
 21
17392.91198541729
 31
0.0
  0
LINE
  5
3B8
330
3B4
100
AcDbEntity
  8
∅16
  6
Continuous
 62
     5
440
 16777216
370
    13
100
AcDbLine
 10
23042.14334434858
 20
17292.91198541729
 30
0.0
 11
22542.14334434858
 21
17292.91198541729
 31
0.0
  0
INSERT
  5
3B9
330
3B4
100
AcDbEntity
  8
∅16
 62
     5
440
 16777216
370
    13
100
AcDbBlockReference
  2
_Oblique
 10
23042.14334434858
 20
17292.91198541729
 30
0.0
 41
150.0
 42
150.0
 43
150.0
  0
INSERT
  5
3BA
330
3B4
100
AcDbEntity
  8
∅16
 62
     5
440
 16777216
370
    13
100
AcDbBlockReference
  2
_Oblique
 10
22542.14334434858
 20
17292.91198541729
 30
0.0
 41
150.0
 42
150.0
 43
150.0
 50
180.0
  0
MTEXT
  5
3BB
330
3B4
100
AcDbEntity
  8
∅16
 62
     5
440
 16777216
100
AcDbMText
 10
22792.14334434858
 20
17492.91198541729
 30
0.0
 40
250.0
 41
0.0
 46
0.0
 71
     5
 72
     1
  1
\A1;500
  7
@ТРАНСПРОЕКТ
 73
     1
 44
1.0
 90
        3
 63
     9
421
 13158600
 45
1.1
441
        0
  0
POINT
  5
3BC
330
3B4
100
AcDbEntity
  8
Defpoints
 62
     0
440
 16777216
100
AcDbPoint
 10
23042.14334434858
 20
16494.91828201657
 30
0.0
  0
POINT
  5
3BD
330
3B4
100
AcDbEntity
  8
Defpoints
 62
     0
440
 16777216
100
AcDbPoint
 10
22542.14334434858
 20
16544.91828201657
 30
0.0
  0
POINT
  5
3BE
330
3B4
100
AcDbEntity
  8
Defpoints
 62
     0
440
 16777216
100
AcDbPoint
 10
22542.14334434858
 20
17292.91198541729
 30
0.0
  0
ENDBLK
  5
3BF
330
3B4
100
AcDbEntity
  8
0
100
AcDbBlockEnd
  0
BLOCK
  5
3C1
330
3C0
100
AcDbEntity
  8
0
100
AcDbBlockBegin
  2
*D22
 70
     1
 10
0.0
 20
0.0
 30
0.0
  3
*D22
  1

  0
LINE
  5
3C2
330
3C0
100
AcDbEntity
  8
∅16
  6
Continuous
 62
     5
440
 16777216
370
    13
100
AcDbLine
 10
22542.14334434858
 20
16644.91828201657
 30
0.0
 11
22542.14334434858
 21
17392.91198541729
 31
0.0
  0
LINE
  5
3C3
330
3C0
100
AcDbEntity
  8
∅16
  6
Continuous
 62
     5
440
 16777216
370
    13
100
AcDbLine
 10
22242.14334434858
 20
16944.91828201657
 30
0.0
 11
22242.14334434858
 21
17392.91198541729
 31
0.0
  0
LINE
  5
3C4
330
3C0
100
AcDbEntity
  8
∅16
  6
Continuous
 62
     5
440
 16777216
370
    13
100
AcDbLine
 10
22542.14334434858
 20
17292.91198541729
 30
0.0
 11
22242.14334434858
 21
17292.91198541729
 31
0.0
  0
LINE
  5
3C5
330
3C0
100
AcDbEntity
  8
∅16
  6
Continuous
 62
     5
440
 16777216
370
    13
100
AcDbLine
 10
22392.14334434858
 20
17292.91198541729
 30
0.0
 11
22549.97783878614
 21
17765.08802277145
 31
0.0
  0
LINE
  5
3C6
330
3C0
100
AcDbEntity
  8
∅16
  6
Continuous
 62
     5
440
 16777216
370
    13
100
AcDbLine
 10
22549.97783878614
 20
17765.08802277145
 30
0.0
 11
23241.96513689392
 21
17765.08802277145
 31
0.0
  0
MTEXT
  5
3C7
330
3C0
100
AcDbEntity
  8
∅16
 62
     5
440
 16777216
100
AcDbMText
 10
22895.97148784003
 20
17965.08802277145
 30
0.0
 40
250.0
 41
0.0
 46
0.0
 71
     5
 72
     1
  1
\A1;300
  7
@ТРАНСПРОЕКТ
 73
     1
 44
1.0
 90
        3
 63
     9
421
 13158600
 45
1.1
441
        0
  0
INSERT
  5
3C8
330
3C0
100
AcDbEntity
  8
∅16
 62
     5
440
 16777216
370
    13
100
AcDbBlockReference
  2
_Oblique
 10
22542.14334434858
 20
17292.91198541729
 30
0.0
 41
150.0
 42
150.0
 43
150.0
  0
INSERT
  5
3C9
330
3C0
100
AcDbEntity
  8
∅16
 62
     5
440
 16777216
370
    13
100
AcDbBlockReference
  2
_Oblique
 10
22242.14334434858
 20
17292.91198541729
 30
0.0
 41
150.0
 42
150.0
 43
150.0
 50
180.0
  0
POINT
  5
3CA
330
3C0
100
AcDbEntity
  8
Defpoints
 62
     0
440
 16777216
100
AcDbPoint
 10
22542.14334434858
 20
16544.91828201657
 30
0.0
  0
POINT
  5
3CB
330
3C0
100
AcDbEntity
  8
Defpoints
 62
     0
440
 16777216
100
AcDbPoint
 10
22242.14334434858
 20
16844.91828201657
 30
0.0
  0
POINT
  5
3CC
330
3C0
100
AcDbEntity
  8
Defpoints
 62
     0
440
 16777216
100
AcDbPoint
 10
22242.14334434858
 20
17292.91198541729
 30
0.0
  0
ENDBLK
  5
3CD
330
3C0
100
AcDbEntity
  8
0
100
AcDbBlockEnd
  0
BLOCK
  5
3CF
330
3CE
100
AcDbEntity
  8
0
100
AcDbBlockBegin
  2
*D23
 70
     1
 10
0.0
 20
0.0
 30
0.0
  3
*D23
  1

  0
LINE
  5
3D0
330
3CE
100
AcDbEntity
  8
∅16
  6
Continuous
 62
     5
440
 16777216
370
    13
100
AcDbLine
 10
22242.14334434858
 20
16944.91828201657
 30
0.0
 11
22242.14334434858
 21
17392.91198541729
 31
0.0
  0
LINE
  5
3D1
330
3CE
100
AcDbEntity
  8
∅16
  6
Continuous
 62
     5
440
 16777216
370
    13
100
AcDbLine
 10
21642.14334434858
 20
17024.91828201657
 30
0.0
 11
21642.14334434858
 21
17392.91198541729
 31
0.0
  0
LINE
  5
3D2
330
3CE
100
AcDbEntity
  8
∅16
  6
Continuous
 62
     5
440
 16777216
370
    13
100
AcDbLine
 10
22242.14334434858
 20
17292.91198541729
 30
0.0
 11
21642.14334434858
 21
17292.91198541729
 31
0.0
  0
LINE
  5
3D3
330
3CE
100
AcDbEntity
  8
∅16
  6
Continuous
 62
     5
440
 16777216
370
    13
100
AcDbLine
 10
21942.14334434858
 20
17292.91198541729
 30
0.0
 11
22474.4758469903
 21
18222.95618594058
 31
0.0
  0
LINE
  5
3D4
330
3CE
100
AcDbEntity
  8
∅16
  6
Continuous
 62
     5
440
 16777216
370
    13
100
AcDbLine
 10
22474.4758469903
 20
18222.95618594058
 30
0.0
 11
23166.46314509808
 21
18222.95618594058
 31
0.0
  0
MTEXT
  5
3D5
330
3CE
100
AcDbEntity
  8
∅16
 62
     5
440
 16777216
100
AcDbMText
 10
22820.46949604418
 20
18422.95618594058
 30
0.0
 40
250.0
 41
0.0
 46
0.0
 71
     5
 72
     1
  1
\A1;600
  7
@ТРАНСПРОЕКТ
 73
     1
 44
1.0
 90
        3
 63
     9
421
 13158600
 45
1.1
441
        0
  0
INSERT
  5
3D6
330
3CE
100
AcDbEntity
  8
∅16
 62
     5
440
 16777216
370
    13
100
AcDbBlockReference
  2
_Oblique
 10
22242.14334434858
 20
17292.91198541729
 30
0.0
 41
150.0
 42
150.0
 43
150.0
  0
INSERT
  5
3D7
330
3CE
100
AcDbEntity
  8
∅16
 62
     5
440
 16777216
370
    13
100
AcDbBlockReference
  2
_Oblique
 10
21642.14334434858
 20
17292.91198541729
 30
0.0
 41
150.0
 42
150.0
 43
150.0
 50
180.0
  0
POINT
  5
3D8
330
3CE
100
AcDbEntity
  8
Defpoints
 62
     0
440
 16777216
100
AcDbPoint
 10
22242.14334434858
 20
16844.91828201657
 30
0.0
  0
POINT
  5
3D9
330
3CE
100
AcDbEntity
  8
Defpoints
 62
     0
440
 16777216
100
AcDbPoint
 10
21642.14334434858
 20
16924.91828201657
 30
0.0
  0
POINT
  5
3DA
330
3CE
100
AcDbEntity
  8
Defpoints
 62
     0
440
 16777216
100
AcDbPoint
 10
21642.14334434858
 20
17292.91198541729
 30
0.0
  0
ENDBLK
  5
3DB
330
3CE
100
AcDbEntity
  8
0
100
AcDbBlockEnd
  0
BLOCK
  5
3DD
330
3DC
100
AcDbEntity
  8
0
100
AcDbBlockBegin
  2
*D24
 70
     1
 10
0.0
 20
0.0
 30
0.0
  3
*D24
  1

  0
LINE
  5
3DE
330
3DC
100
AcDbEntity
  8
∅16
  6
Continuous
 62
     5
440
 16777216
370
    13
100
AcDbLine
 10
21642.14334434858
 20
17024.91828201657
 30
0.0
 11
21642.14334434858
 21
17392.91198541729
 31
0.0
  0
LINE
  5
3DF
330
3DC
100
AcDbEntity
  8
∅16
  6
Continuous
 62
     5
440
 16777216
370
    13
100
AcDbLine
 10
21342.14334434858
 20
16724.91828201657
 30
0.0
 11
21342.14334434858
 21
17392.91198541729
 31
0.0
  0
LINE
  5
3E0
330
3DC
100
AcDbEntity
  8
∅16
  6
Continuous
 62
     5
440
 16777216
370
    13
100
AcDbLine
 10
21642.14334434858
 20
17292.91198541729
 30
0.0
 11
21342.14334434858
 21
17292.91198541729
 31
0.0
  0
LINE
  5
3E1
330
3DC
100
AcDbEntity
  8
∅16
  6
Continuous
 62
     5
440
 16777216
370
    13
100
AcDbLine
 10
21492.14334434858
 20
17292.91198541729
 30
0.0
 11
21491.71329142973
 21
17765.08802277145
 31
0.0
  0
LINE
  5
3E2
330
3DC
100
AcDbEntity
  8
∅16
  6
Continuous
 62
     5
440
 16777216
370
    13
100
AcDbLine
 10
21491.71329142973
 20
17765.08802277145
 30
0.0
 11
20799.72599332195
 21
17765.08802277145
 31
0.0
  0
MTEXT
  5
3E3
330
3DC
100
AcDbEntity
  8
∅16
 62
     5
440
 16777216
100
AcDbMText
 10
21145.71964237585
 20
17965.08802277145
 30
0.0
 40
250.0
 41
0.0
 46
0.0
 71
     5
 72
     1
  1
\A1;300
  7
@ТРАНСПРОЕКТ
 73
     1
 44
1.0
 90
        3
 63
     9
421
 13158600
 45
1.1
441
        0
  0
INSERT
  5
3E4
330
3DC
100
AcDbEntity
  8
∅16
 62
     5
440
 16777216
370
    13
100
AcDbBlockReference
  2
_Oblique
 10
21642.14334434858
 20
17292.91198541729
 30
0.0
 41
150.0
 42
150.0
 43
150.0
  0
INSERT
  5
3E5
330
3DC
100
AcDbEntity
  8
∅16
 62
     5
440
 16777216
370
    13
100
AcDbBlockReference
  2
_Oblique
 10
21342.14334434858
 20
17292.91198541729
 30
0.0
 41
150.0
 42
150.0
 43
150.0
 50
180.0
  0
POINT
  5
3E6
330
3DC
100
AcDbEntity
  8
Defpoints
 62
     0
440
 16777216
100
AcDbPoint
 10
21642.14334434858
 20
16924.91828201657
 30
0.0
  0
POINT
  5
3E7
330
3DC
100
AcDbEntity
  8
Defpoints
 62
     0
440
 16777216
100
AcDbPoint
 10
21342.14334434858
 20
16624.91828201657
 30
0.0
  0
POINT
  5
3E8
330
3DC
100
AcDbEntity
  8
Defpoints
 62
     0
440
 16777216
100
AcDbPoint
 10
21342.14334434858
 20
17292.91198541729
 30
0.0
  0
ENDBLK
  5
3E9
330
3DC
100
AcDbEntity
  8
0
100
AcDbBlockEnd
  0
BLOCK
  5
3EB
330
3EA
100
AcDbEntity
  8
0
100
AcDbBlockBegin
  2
*D25
 70
     1
 10
0.0
 20
0.0
 30
0.0
  3
*D25
  1

  0
LINE
  5
3EC
330
3EA
100
AcDbEntity
  8
∅16
  6
Continuous
 62
     5
440
 16777216
370
    13
100
AcDbLine
 10
21342.14334434858
 20
16724.91828201657
 30
0.0
 11
21342.14334434858
 21
17392.91198541729
 31
0.0
  0
LINE
  5
3ED
330
3EA
100
AcDbEntity
  8
∅16
  6
Continuous
 62
     5
440
 16777216
370
    13
100
AcDbLine
 10
20042.14334434858
 20
16594.91828201657
 30
0.0
 11
20042.14334434858
 21
17392.91198541729
 31
0.0
  0
LINE
  5
3EE
330
3EA
100
AcDbEntity
  8
∅16
  6
Continuous
 62
     5
440
 16777216
370
    13
100
AcDbLine
 10
21342.14334434858
 20
17292.91198541729
 30
0.0
 11
20042.14334434858
 21
17292.91198541729
 31
0.0
  0
INSERT
  5
3EF
330
3EA
100
AcDbEntity
  8
∅16
 62
     5
440
 16777216
370
    13
100
AcDbBlockReference
  2
_Oblique
 10
21342.14334434858
 20
17292.91198541729
 30
0.0
 41
150.0
 42
150.0
 43
150.0
  0
INSERT
  5
3F0
330
3EA
100
AcDbEntity
  8
∅16
 62
     5
440
 16777216
370
    13
100
AcDbBlockReference
  2
_Oblique
 10
20042.14334434858
 20
17292.91198541729
 30
0.0
 41
150.0
 42
150.0
 43
150.0
 50
180.0
  0
MTEXT
  5
3F1
330
3EA
100
AcDbEntity
  8
∅16
 62
     5
440
 16777216
100
AcDbMText
 10
20692.14334434858
 20
17492.91198541729
 30
0.0
 40
250.0
 41
0.0
 46
0.0
 71
     5
 72
     1
  1
\A1;1300
  7
@ТРАНСПРОЕКТ
 73
     1
 44
1.0
 90
        3
 63
     9
421
 13158600
 45
1.1
441
        0
  0
POINT
  5
3F2
330
3EA
100
AcDbEntity
  8
Defpoints
 62
     0
440
 16777216
100
AcDbPoint
 10
21342.14334434858
 20
16624.91828201657
 30
0.0
  0
POINT
  5
3F3
330
3EA
100
AcDbEntity
  8
Defpoints
 62
     0
440
 16777216
100
AcDbPoint
 10
20042.14334434858
 20
16494.91828201657
 30
0.0
  0
POINT
  5
3F4
330
3EA
100
AcDbEntity
  8
Defpoints
 62
     0
440
 16777216
100
AcDbPoint
 10
20042.14334434858
 20
17292.91198541729
 30
0.0
  0
ENDBLK
  5
3F5
330
3EA
100
AcDbEntity
  8
0
100
AcDbBlockEnd
  0
BLOCK
  5
3F7
330
3F6
100
AcDbEntity
  8
0
100
AcDbBlockBegin
  2
*D26
 70
     1
 10
0.0
 20
0.0
 30
0.0
  3
*D26
  1

  0
LINE
  5
3F8
330
3F6
100
AcDbEntity
  8
$Выноски
  6
Continuous
 62
     5
440
 16777216
370
    13
100
AcDbLine
 10
14042.14334434858
 20
15194.91828201657
 30
0.0
 11
14042.14334434858
 21
13109.45373618316
 31
0.0
  0
LINE
  5
3F9
330
3F6
100
AcDbEntity
  8
$Выноски
  6
Continuous
 62
     5
440
 16777216
370
    13
100
AcDbLine
 10
14515.34906167146
 20
15194.91828201657
 30
0.0
 11
14515.34906167146
 21
13109.45373618316
 31
0.0
  0
LINE
  5
3FA
330
3F6
100
AcDbEntity
  8
$Выноски
  6
Continuous
 62
     5
440
 16777216
370
    13
100
AcDbLine
 10
14042.14334434858
 20
13209.45373618316
 30
0.0
 11
14515.34906167146
 21
13209.45373618316
 31
0.0
  0
LINE
  5
3FB
330
3F6
100
AcDbEntity
  8
$Выноски
  6
Continuous
 62
     5
440
 16777216
370
    13
100
AcDbLine
 10
14515.34906167146
 20
13209.45373618316
 30
0.0
 11
15382.33635977924
 21
13209.45373618316
 31
0.0
  0
INSERT
  5
3FC
330
3F6
100
AcDbEntity
  8
$Выноски
 62
     5
440
 16777216
370
    13
100
AcDbBlockReference
  2
_Oblique
 10
14042.14334434858
 20
13209.45373618316
 30
0.0
 41
150.0
 42
150.0
 43
150.0
 50
180.0
  0
INSERT
  5
3FD
330
3F6
100
AcDbEntity
  8
$Выноски
 62
     5
440
 16777216
370
    13
100
AcDbBlockReference
  2
_Oblique
 10
14515.34906167146
 20
13209.45373618316
 30
0.0
 41
150.0
 42
150.0
 43
150.0
  0
MTEXT
  5
3FE
330
3F6
100
AcDbEntity
  8
$Выноски
 62
     5
440
 16777216
100
AcDbMText
 10
15023.84271072535
 20
13409.45373618316
 30
0.0
 40
250.0
 41
0.0
 46
0.0
 71
     5
 72
     1
  1
\A1;473
  7
@ТРАНСПРОЕКТ
 73
     1
 44
1.0
 90
        3
 63
     9
421
 13158600
 45
1.1
441
        0
  0
POINT
  5
3FF
330
3F6
100
AcDbEntity
  8
Defpoints
 62
     0
440
 16777216
100
AcDbPoint
 10
14042.14334434858
 20
15294.91828201657
 30
0.0
  0
POINT
  5
400
330
3F6
100
AcDbEntity
  8
Defpoints
 62
     0
440
 16777216
100
AcDbPoint
 10
14515.34906167146
 20
15294.91828201657
 30
0.0
  0
POINT
  5
401
330
3F6
100
AcDbEntity
  8
Defpoints
 62
     0
440
 16777216
100
AcDbPoint
 10
14515.34906167146
 20
13209.45373618316
 30
0.0
  0
ENDBLK
  5
402
330
3F6
100
AcDbEntity
  8
0
100
AcDbBlockEnd
  0
BLOCK
  5
404
330
403
100
AcDbEntity
  8
0
100
AcDbBlockBegin
  2
*D27
 70
     1
 10
0.0
 20
0.0
 30
0.0
  3
*D27
  1

  0
LINE
  5
405
330
403
100
AcDbEntity
  8
$Размеры
  6
Continuous
 62
     5
440
 16777216
370
    13
100
AcDbLine
 10
3615.348425104101
 20
16844.91828201658
 30
0.0
 11
2877.60786992479
 21
16844.91828201658
 31
0.0
  0
LINE
  5
406
330
403
100
AcDbEntity
  8
$Размеры
  6
Continuous
 62
     5
440
 16777216
370
    13
100
AcDbLine
 10
3615.348425104101
 20
17494.91828201658
 30
0.0
 11
2877.607869924789
 21
17494.91828201658
 31
0.0
  0
LINE
  5
407
330
403
100
AcDbEntity
  8
$Размеры
  6
Continuous
 62
     5
440
 16777216
370
    13
100
AcDbLine
 10
2977.60786992479
 20
16844.91828201658
 30
0.0
 11
2977.607869924789
 21
17494.91828201658
 31
0.0
  0
INSERT
  5
408
330
403
100
AcDbEntity
  8
$Размеры
 62
     5
440
 16777216
370
    13
100
AcDbBlockReference
  2
_Oblique
 10
2977.60786992479
 20
16844.91828201658
 30
0.0
 41
150.0
 42
150.0
 43
150.0
 50
270.0
  0
INSERT
  5
409
330
403
100
AcDbEntity
  8
$Размеры
 62
     5
440
 16777216
370
    13
100
AcDbBlockReference
  2
_Oblique
 10
2977.607869924789
 20
17494.91828201658
 30
0.0
 41
150.0
 42
150.0
 43
150.0
 50
90.0
  0
MTEXT
  5
40A
330
403
100
AcDbEntity
  8
$Размеры
 62
     5
440
 16777216
100
AcDbMText
 10
2777.607869924794
 20
17169.91828201658
 30
0.0
 40
250.0
 41
0.0
 46
0.0
 71
     5
 72
     1
  1
\A1;650
  7
@ТРАНСПРОЕКТ
 11
0.0000000000000001
 21
1.0
 31
0.0
 73
     1
 44
1.0
 90
        3
 63
     9
421
 13158600
 45
1.1
441
        0
  0
POINT
  5
40B
330
403
100
AcDbEntity
  8
Defpoints
 62
     0
440
 16777216
100
AcDbPoint
 10
3715.348425104101
 20
16844.91828201658
 30
0.0
  0
POINT
  5
40C
330
403
100
AcDbEntity
  8
Defpoints
 62
     0
440
 16777216
100
AcDbPoint
 10
3715.348425104101
 20
17494.91828201658
 30
0.0
  0
POINT
  5
40D
330
403
100
AcDbEntity
  8
Defpoints
 62
     0
440
 16777216
100
AcDbPoint
 10
2977.607869924789
 20
17494.91828201658
 30
0.0
  0
ENDBLK
  5
40E
330
403
100
AcDbEntity
  8
0
100
AcDbBlockEnd
  0
BLOCK
  5
410
330
40F
100
AcDbEntity
  8
0
100
AcDbBlockBegin
  2
*D28
 70
     1
 10
0.0
 20
0.0
 30
0.0
  3
*D28
  1

  0
LINE
  5
411
330
40F
100
AcDbEntity
  8
$Размеры
  6
Continuous
 62
     5
440
 16777216
370
    13
100
AcDbLine
 10
13215.34842512086
 20
22594.91828201658
 30
0.0
 11
13215.34842512086
 21
23482.87601277085
 31
0.0
  0
LINE
  5
412
330
40F
100
AcDbEntity
  8
$Размеры
  6
Continuous
 62
     5
440
 16777216
370
    13
100
AcDbLine
 10
3715.3484251041
 20
17594.91828201657
 30
0.0
 11
3715.3484251041
 21
23482.87601277085
 31
0.0
  0
LINE
  5
413
330
40F
100
AcDbEntity
  8
$Размеры
  6
Continuous
 62
     5
440
 16777216
370
    13
100
AcDbLine
 10
13215.34842512086
 20
23382.87601277085
 30
0.0
 11
3715.3484251041
 21
23382.87601277085
 31
0.0
  0
INSERT
  5
414
330
40F
100
AcDbEntity
  8
$Размеры
 62
     5
440
 16777216
370
    13
100
AcDbBlockReference
  2
_Oblique
 10
13215.34842512086
 20
23382.87601277085
 30
0.0
 41
150.0
 42
150.0
 43
150.0
  0
INSERT
  5
415
330
40F
100
AcDbEntity
  8
$Размеры
 62
     5
440
 16777216
370
    13
100
AcDbBlockReference
  2
_Oblique
 10
3715.3484251041
 20
23382.87601277085
 30
0.0
 41
150.0
 42
150.0
 43
150.0
 50
180.0
  0
MTEXT
  5
416
330
40F
100
AcDbEntity
  8
$Размеры
 62
     5
440
 16777216
100
AcDbMText
 10
8465.348425112479
 20
23582.87601277085
 30
0.0
 40
250.0
 41
0.0
 46
0.0
 71
     5
 72
     1
  1
\A1;9500
  7
@ТРАНСПРОЕКТ
 73
     1
 44
1.0
 90
        3
 63
     9
421
 13158600
 45
1.1
441
        0
  0
POINT
  5
417
330
40F
100
AcDbEntity
  8
Defpoints
 62
     0
440
 16777216
100
AcDbPoint
 10
13215.34842512086
 20
22494.91828201656
 30
0.0
  0
POINT
  5
418
330
40F
100
AcDbEntity
  8
Defpoints
 62
     0
440
 16777216
100
AcDbPoint
 10
3715.3484251041
 20
17494.91828201657
 30
0.0
  0
POINT
  5
419
330
40F
100
AcDbEntity
  8
Defpoints
 62
     0
440
 16777216
100
AcDbPoint
 10
3715.3484251041
 20
23382.87601277085
 30
0.0
  0
ENDBLK
  5
41A
330
40F
100
AcDbEntity
  8
0
100
AcDbBlockEnd
  0
BLOCK
  5
41C
330
41B
100
AcDbEntity
  8
0
100
AcDbBlockBegin
  2
*D29
 70
     1
 10
0.0
 20
0.0
 30
0.0
  3
*D29
  1

  0
LINE
  5
41D
330
41B
100
AcDbEntity
  8
$Размеры
  6
Continuous
 62
     5
440
 16777216
370
    13
100
AcDbLine
 10
13215.34842512086
 20
22594.91828201658
 30
0.0
 11
13215.34842512086
 21
23482.87601277085
 31
0.0
  0
LINE
  5
41E
330
41B
100
AcDbEntity
  8
$Размеры
  6
Continuous
 62
     5
440
 16777216
370
    13
100
AcDbLine
 10
14215.3484251041
 20
22594.91828201658
 30
0.0
 11
14215.3484251041
 21
23482.87601277085
 31
0.0
  0
LINE
  5
41F
330
41B
100
AcDbEntity
  8
$Размеры
  6
Continuous
 62
     5
440
 16777216
370
    13
100
AcDbLine
 10
13215.34842512086
 20
23382.87601277085
 30
0.0
 11
14215.3484251041
 21
23382.87601277085
 31
0.0
  0
INSERT
  5
420
330
41B
100
AcDbEntity
  8
$Размеры
 62
     5
440
 16777216
370
    13
100
AcDbBlockReference
  2
_Oblique
 10
13215.34842512086
 20
23382.87601277085
 30
0.0
 41
150.0
 42
150.0
 43
150.0
 50
180.0
  0
INSERT
  5
421
330
41B
100
AcDbEntity
  8
$Размеры
 62
     5
440
 16777216
370
    13
100
AcDbBlockReference
  2
_Oblique
 10
14215.3484251041
 20
23382.87601277085
 30
0.0
 41
150.0
 42
150.0
 43
150.0
  0
MTEXT
  5
422
330
41B
100
AcDbEntity
  8
$Размеры
 62
     5
440
 16777216
100
AcDbMText
 10
13715.34842511248
 20
23582.87601277085
 30
0.0
 40
250.0
 41
0.0
 46
0.0
 71
     5
 72
     1
  1
\A1;1000
  7
@ТРАНСПРОЕКТ
 73
     1
 44
1.0
 90
        3
 63
     9
421
 13158600
 45
1.1
441
        0
  0
POINT
  5
423
330
41B
100
AcDbEntity
  8
Defpoints
 62
     0
440
 16777216
100
AcDbPoint
 10
13215.34842512086
 20
22494.91828201656
 30
0.0
  0
POINT
  5
424
330
41B
100
AcDbEntity
  8
Defpoints
 62
     0
440
 16777216
100
AcDbPoint
 10
14215.3484251041
 20
22494.91828201656
 30
0.0
  0
POINT
  5
425
330
41B
100
AcDbEntity
  8
Defpoints
 62
     0
440
 16777216
100
AcDbPoint
 10
14215.3484251041
 20
23382.87601277085
 30
0.0
  0
ENDBLK
  5
426
330
41B
100
AcDbEntity
  8
0
100
AcDbBlockEnd
  0
BLOCK
  5
428
330
427
100
AcDbEntity
  8
0
100
AcDbBlockBegin
  2
*D30
 70
     1
 10
0.0
 20
0.0
 30
0.0
  3
*D30
  1

  0
LINE
  5
429
330
427
100
AcDbEntity
  8
$Слои конструкции
  6
Continuous
 62
     5
440
 16777216
370
    13
100
AcDbLine
 10
21642.14334434858
 20
22594.91828201658
 30
0.0
 11
21642.14334434858
 21
23482.87601277085
 31
0.0
  0
LINE
  5
42A
330
427
100
AcDbEntity
  8
$Слои конструкции
  6
Continuous
 62
     5
440
 16777216
370
    13
100
AcDbLine
 10
22242.14334434858
 20
22594.91828201658
 30
0.0
 11
22242.14334434858
 21
23482.87601277085
 31
0.0
  0
LINE
  5
42B
330
427
100
AcDbEntity
  8
$Слои конструкции
  6
Continuous
 62
     5
440
 16777216
370
    13
100
AcDbLine
 10
21642.14334434858
 20
23382.87601277085
 30
0.0
 11
22242.14334434858
 21
23382.87601277085
 31
0.0
  0
LINE
  5
42C
330
427
100
AcDbEntity
  8
$Слои конструкции
  6
Continuous
 62
     5
440
 16777216
370
    13
100
AcDbLine
 10
22242.14334434858
 20
23382.87601277085
 30
0.0
 11
23084.13064245636
 21
23382.87601277085
 31
0.0
  0
INSERT
  5
42D
330
427
100
AcDbEntity
  8
$Слои конструкции
 62
     5
440
 16777216
370
    13
100
AcDbBlockReference
  2
_Oblique
 10
21642.14334434858
 20
23382.87601277085
 30
0.0
 41
150.0
 42
150.0
 43
150.0
 50
180.0
  0
INSERT
  5
42E
330
427
100
AcDbEntity
  8
$Слои конструкции
 62
     5
440
 16777216
370
    13
100
AcDbBlockReference
  2
_Oblique
 10
22242.14334434858
 20
23382.87601277085
 30
0.0
 41
150.0
 42
150.0
 43
150.0
  0
MTEXT
  5
42F
330
427
100
AcDbEntity
  8
$Слои конструкции
 62
     5
440
 16777216
100
AcDbMText
 10
22738.13699340247
 20
23582.87601277085
 30
0.0
 40
250.0
 41
0.0
 46
0.0
 71
     5
 72
     1
  1
\A1;600
  7
@ТРАНСПРОЕКТ
 73
     1
 44
1.0
 90
        3
 63
     9
421
 13158600
 45
1.1
441
        0
  0
POINT
  5
430
330
427
100
AcDbEntity
  8
Defpoints
 62
     0
440
 16777216
100
AcDbPoint
 10
21642.14334434858
 20
22494.91828201656
 30
0.0
  0
POINT
  5
431
330
427
100
AcDbEntity
  8
Defpoints
 62
     0
440
 16777216
100
AcDbPoint
 10
22242.14334434858
 20
22494.91828201656
 30
0.0
  0
POINT
  5
432
330
427
100
AcDbEntity
  8
Defpoints
 62
     0
440
 16777216
100
AcDbPoint
 10
22242.14334434858
 20
23382.87601277085
 30
0.0
  0
ENDBLK
  5
433
330
427
100
AcDbEntity
  8
0
100
AcDbBlockEnd
  0
BLOCK
  5
435
330
434
100
AcDbEntity
  8
0
100
AcDbBlockBegin
  2
*D31
 70
     1
 10
0.0
 20
0.0
 30
0.0
  3
*D31
  1

  0
LINE
  5
436
330
434
100
AcDbEntity
  8
$Размеры
  6
Continuous
 62
     5
440
 16777216
370
    13
100
AcDbLine
 10
3615.348425104101
 20
17494.91828201658
 30
0.0
 11
2877.607869924796
 21
17494.91828201658
 31
0.0
  0
LINE
  5
437
330
434
100
AcDbEntity
  8
$Размеры
  6
Continuous
 62
     5
440
 16777216
370
    13
100
AcDbLine
 10
13115.34842512087
 20
22494.91828201658
 30
0.0
 11
2877.607869924795
 21
22494.91828201658
 31
0.0
  0
LINE
  5
438
330
434
100
AcDbEntity
  8
$Размеры
  6
Continuous
 62
     5
440
 16777216
370
    13
100
AcDbLine
 10
2977.607869924796
 20
17494.91828201658
 30
0.0
 11
2977.607869924795
 21
22494.91828201658
 31
0.0
  0
INSERT
  5
439
330
434
100
AcDbEntity
  8
$Размеры
 62
     5
440
 16777216
370
    13
100
AcDbBlockReference
  2
_Oblique
 10
2977.607869924796
 20
17494.91828201658
 30
0.0
 41
150.0
 42
150.0
 43
150.0
 50
270.0
  0
INSERT
  5
43A
330
434
100
AcDbEntity
  8
$Размеры
 62
     5
440
 16777216
370
    13
100
AcDbBlockReference
  2
_Oblique
 10
2977.607869924795
 20
22494.91828201658
 30
0.0
 41
150.0
 42
150.0
 43
150.0
 50
90.0
  0
MTEXT
  5
43B
330
434
100
AcDbEntity
  8
$Размеры
 62
     5
440
 16777216
100
AcDbMText
 10
2777.607869924801
 20
19994.91828201657
 30
0.0
 40
250.0
 41
0.0
 46
0.0
 71
     5
 72
     1
  1
\A1;5000
  7
@ТРАНСПРОЕКТ
 11
0.0000000000000001
 21
1.0
 31
0.0
 73
     1
 44
1.0
 90
        3
 63
     9
421
 13158600
 45
1.1
441
        0
  0
POINT
  5
43C
330
434
100
AcDbEntity
  8
Defpoints
 62
     0
440
 16777216
100
AcDbPoint
 10
3715.348425104101
 20
17494.91828201658
 30
0.0
  0
POINT
  5
43D
330
434
100
AcDbEntity
  8
Defpoints
 62
     0
440
 16777216
100
AcDbPoint
 10
13215.34842512087
 20
22494.91828201658
 30
0.0
  0
POINT
  5
43E
330
434
100
AcDbEntity
  8
Defpoints
 62
     0
440
 16777216
100
AcDbPoint
 10
2977.607869924795
 20
22494.91828201658
 30
0.0
  0
ENDBLK
  5
43F
330
434
100
AcDbEntity
  8
0
100
AcDbBlockEnd
  0
BLOCK
  5
441
330
440
100
AcDbEntity
  8
0
100
AcDbBlockBegin
  2
*D32
 70
     1
 10
0.0
 20
0.0
 30
0.0
  3
*D32
  1

  0
LINE
  5
442
330
440
100
AcDbEntity
  8
$Размеры
  6
Continuous
 62
     5
440
 16777216
370
    13
100
AcDbLine
 10
6804.581858848043
 20
17579.2042896563
 30
0.0
 11
6397.347787447561
 21
17579.2042896563
 31
0.0
  0
LINE
  5
443
330
440
100
AcDbEntity
  8
$Размеры
  6
Continuous
 62
     5
440
 16777216
370
    13
100
AcDbLine
 10
6804.581858848043
 20
16494.91828201658
 30
0.0
 11
6397.347787447561
 21
16494.91828201658
 31
0.0
  0
LINE
  5
444
330
440
100
AcDbEntity
  8
$Размеры
  6
Continuous
 62
     5
440
 16777216
370
    13
100
AcDbLine
 10
6497.34778744756
 20
17579.2042896563
 30
0.0
 11
6497.34778744756
 21
16494.91828201658
 31
0.0
  0
INSERT
  5
445
330
440
100
AcDbEntity
  8
$Размеры
 62
     5
440
 16777216
370
    13
100
AcDbBlockReference
  2
_Oblique
 10
6497.34778744756
 20
17579.2042896563
 30
0.0
 41
150.0
 42
150.0
 43
150.0
 50
90.0
  0
INSERT
  5
446
330
440
100
AcDbEntity
  8
$Размеры
 62
     5
440
 16777216
370
    13
100
AcDbBlockReference
  2
_Oblique
 10
6497.34778744756
 20
16494.91828201658
 30
0.0
 41
150.0
 42
150.0
 43
150.0
 50
270.0
  0
MTEXT
  5
447
330
440
100
AcDbEntity
  8
$Размеры
 62
     5
440
 16777216
100
AcDbMText
 10
6297.347787447564
 20
17037.06128583643
 30
0.0
 40
250.0
 41
0.0
 46
0.0
 71
     5
 72
     1
  1
\A1;1084
  7
@ТРАНСПРОЕКТ
 11
0.0000000000000001
 21
1.0
 31
0.0
 73
     1
 44
1.0
 90
        3
 63
     9
421
 13158600
 45
1.1
441
        0
  0
POINT
  5
448
330
440
100
AcDbEntity
  8
Defpoints
 62
     0
440
 16777216
100
AcDbPoint
 10
6904.58185884804
 20
17579.2042896563
 30
0.0
  0
POINT
  5
449
330
440
100
AcDbEntity
  8
Defpoints
 62
     0
440
 16777216
100
AcDbPoint
 10
6904.58185884804
 20
16494.91828201658
 30
0.0
  0
POINT
  5
44A
330
440
100
AcDbEntity
  8
Defpoints
 62
     0
440
 16777216
100
AcDbPoint
 10
6497.34778744756
 20
16494.91828201658
 30
0.0
  0
ENDBLK
  5
44B
330
440
100
AcDbEntity
  8
0
100
AcDbBlockEnd
  0
BLOCK
  5
44D
330
44C
100
AcDbEntity
  8
0
100
AcDbBlockBegin
  2
*D33
 70
     1
 10
0.0
 20
0.0
 30
0.0
  3
*D33
  1

  0
LINE
  5
44E
330
44C
100
AcDbEntity
  8
$Размеры
  6
Continuous
 62
     5
440
 16777216
370
    13
100
AcDbLine
 10
9804.581858960732
 20
17593.57155548309
 30
0.0
 11
9261.295800789548
 21
17593.57155548309
 31
0.0
  0
LINE
  5
44F
330
44C
100
AcDbEntity
  8
$Размеры
  6
Continuous
 62
     5
440
 16777216
370
    13
100
AcDbLine
 10
9402.64867705927
 20
16494.91828201658
 30
0.0
 11
9261.295800789548
 21
16494.91828201658
 31
0.0
  0
LINE
  5
450
330
44C
100
AcDbEntity
  8
$Размеры
  6
Continuous
 62
     5
440
 16777216
370
    13
100
AcDbLine
 10
9361.295800789548
 20
17593.57155548309
 30
0.0
 11
9361.295800789548
 21
16494.91828201658
 31
0.0
  0
INSERT
  5
451
330
44C
100
AcDbEntity
  8
$Размеры
 62
     5
440
 16777216
370
    13
100
AcDbBlockReference
  2
_Oblique
 10
9361.295800789548
 20
17593.57155548309
 30
0.0
 41
150.0
 42
150.0
 43
150.0
 50
90.0
  0
INSERT
  5
452
330
44C
100
AcDbEntity
  8
$Размеры
 62
     5
440
 16777216
370
    13
100
AcDbBlockReference
  2
_Oblique
 10
9361.295800789548
 20
16494.91828201658
 30
0.0
 41
150.0
 42
150.0
 43
150.0
 50
270.0
  0
MTEXT
  5
453
330
44C
100
AcDbEntity
  8
$Размеры
 62
     5
440
 16777216
100
AcDbMText
 10
9161.295800789552
 20
17044.24491874983
 30
0.0
 40
250.0
 41
0.0
 46
0.0
 71
     5
 72
     1
  1
\A1;1099
  7
@ТРАНСПРОЕКТ
 11
0.0000000000000001
 21
1.0
 31
0.0
 73
     1
 44
1.0
 90
        3
 63
     9
421
 13158600
 45
1.1
441
        0
  0
POINT
  5
454
330
44C
100
AcDbEntity
  8
Defpoints
 62
     0
440
 16777216
100
AcDbPoint
 10
9904.581858960732
 20
17593.57155548309
 30
0.0
  0
POINT
  5
455
330
44C
100
AcDbEntity
  8
Defpoints
 62
     0
440
 16777216
100
AcDbPoint
 10
9502.648677059267
 20
16494.91828201658
 30
0.0
  0
POINT
  5
456
330
44C
100
AcDbEntity
  8
Defpoints
 62
     0
440
 16777216
100
AcDbPoint
 10
9361.295800789548
 20
16494.91828201658
 30
0.0
  0
ENDBLK
  5
457
330
44C
100
AcDbEntity
  8
0
100
AcDbBlockEnd
  0
BLOCK
  5
459
330
458
100
AcDbEntity
  8
0
100
AcDbBlockBegin
  2
*D34
 70
     1
 10
0.0
 20
0.0
 30
0.0
  3
*D34
  1

  0
LINE
  5
45A
330
458
100
AcDbEntity
  8
$Размеры
  6
Continuous
 62
     5
440
 16777216
370
    13
100
AcDbLine
 10
12804.58177353703
 20
17607.93889759626
 30
0.0
 11
12187.23060293944
 21
17607.93889759626
 31
0.0
  0
LINE
  5
45B
330
458
100
AcDbEntity
  8
$Размеры
  6
Continuous
 62
     5
440
 16777216
370
    13
100
AcDbLine
 10
12200.72929030173
 20
16494.91828201658
 30
0.0
 11
12387.23060293944
 21
16494.91828201658
 31
0.0
  0
LINE
  5
45C
330
458
100
AcDbEntity
  8
$Размеры
  6
Continuous
 62
     5
440
 16777216
370
    13
100
AcDbLine
 10
12287.23060293943
 20
17607.93889759626
 30
0.0
 11
12287.23060293943
 21
16494.91828201658
 31
0.0
  0
INSERT
  5
45D
330
458
100
AcDbEntity
  8
$Размеры
 62
     5
440
 16777216
370
    13
100
AcDbBlockReference
  2
_Oblique
 10
12287.23060293943
 20
17607.93889759626
 30
0.0
 41
150.0
 42
150.0
 43
150.0
 50
90.0
  0
INSERT
  5
45E
330
458
100
AcDbEntity
  8
$Размеры
 62
     5
440
 16777216
370
    13
100
AcDbBlockReference
  2
_Oblique
 10
12287.23060293943
 20
16494.91828201658
 30
0.0
 41
150.0
 42
150.0
 43
150.0
 50
270.0
  0
MTEXT
  5
45F
330
458
100
AcDbEntity
  8
$Размеры
 62
     5
440
 16777216
100
AcDbMText
 10
12087.23060293944
 20
17051.42858980641
 30
0.0
 40
250.0
 41
0.0
 46
0.0
 71
     5
 72
     1
  1
\A1;1113
  7
@ТРАНСПРОЕКТ
 11
0.0000000000000001
 21
1.0
 31
0.0
 73
     1
 44
1.0
 90
        3
 63
     9
421
 13158600
 45
1.1
441
        0
  0
POINT
  5
460
330
458
100
AcDbEntity
  8
Defpoints
 62
     0
440
 16777216
100
AcDbPoint
 10
12904.58177353703
 20
17607.93889759626
 30
0.0
  0
POINT
  5
461
330
458
100
AcDbEntity
  8
Defpoints
 62
     0
440
 16777216
100
AcDbPoint
 10
12100.72929030173
 20
16494.91828201658
 30
0.0
  0
POINT
  5
462
330
458
100
AcDbEntity
  8
Defpoints
 62
     0
440
 16777216
100
AcDbPoint
 10
12287.23060293943
 20
16494.91828201658
 30
0.0
  0
ENDBLK
  5
463
330
458
100
AcDbEntity
  8
0
100
AcDbBlockEnd
  0
BLOCK
  5
465
330
464
100
AcDbEntity
  8
0
100
AcDbBlockBegin
  2
*D35
 70
     1
 10
0.0
 20
0.0
 30
0.0
  3
*D35
  1

  0
LINE
  5
466
330
464
100
AcDbEntity
  8
$Размеры
  6
Continuous
 62
     5
440
 16777216
370
    13
100
AcDbLine
 10
12904.58177353702
 20
17707.93889759625
 30
0.0
 11
12904.58177353702
 21
18868.17358951286
 31
0.0
  0
LINE
  5
467
330
464
100
AcDbEntity
  8
$Размеры
  6
Continuous
 62
     5
440
 16777216
370
    13
100
AcDbLine
 10
14215.3484251041
 20
17707.93889759625
 30
0.0
 11
14215.3484251041
 21
18868.17358951286
 31
0.0
  0
LINE
  5
468
330
464
100
AcDbEntity
  8
$Размеры
  6
Continuous
 62
     5
440
 16777216
370
    13
100
AcDbLine
 10
12904.58177353702
 20
18768.17358951286
 30
0.0
 11
14215.3484251041
 21
18768.17358951286
 31
0.0
  0
INSERT
  5
469
330
464
100
AcDbEntity
  8
$Размеры
 62
     5
440
 16777216
370
    13
100
AcDbBlockReference
  2
_Oblique
 10
12904.58177353702
 20
18768.17358951286
 30
0.0
 41
150.0
 42
150.0
 43
150.0
 50
180.0
  0
INSERT
  5
46A
330
464
100
AcDbEntity
  8
$Размеры
 62
     5
440
 16777216
370
    13
100
AcDbBlockReference
  2
_Oblique
 10
14215.3484251041
 20
18768.17358951286
 30
0.0
 41
150.0
 42
150.0
 43
150.0
  0
MTEXT
  5
46B
330
464
100
AcDbEntity
  8
$Размеры
 62
     5
440
 16777216
100
AcDbMText
 10
13559.96509932056
 20
18968.17358951286
 30
0.0
 40
250.0
 41
0.0
 46
0.0
 71
     5
 72
     1
  1
\A1;1311
  7
@ТРАНСПРОЕКТ
 73
     1
 44
1.0
 90
        3
 63
     9
421
 13158600
 45
1.1
441
        0
  0
POINT
  5
46C
330
464
100
AcDbEntity
  8
Defpoints
 62
     0
440
 16777216
100
AcDbPoint
 10
12904.58177353702
 20
17607.93889759625
 30
0.0
  0
POINT
  5
46D
330
464
100
AcDbEntity
  8
Defpoints
 62
     0
440
 16777216
100
AcDbPoint
 10
14215.3484251041
 20
17607.93889759625
 30
0.0
  0
POINT
  5
46E
330
464
100
AcDbEntity
  8
Defpoints
 62
     0
440
 16777216
100
AcDbPoint
 10
14215.3484251041
 20
18768.17358951286
 30
0.0
  0
ENDBLK
  5
46F
330
464
100
AcDbEntity
  8
0
100
AcDbBlockEnd
  0
BLOCK
  5
471
330
470
100
AcDbEntity
  8
0
100
AcDbBlockBegin
  2
*D36
 70
     1
 10
0.0
 20
0.0
 30
0.0
  3
*D36
  1

  0
LINE
  5
472
330
470
100
AcDbEntity
  8
$Слои конструкции
  6
Continuous
 62
     5
440
 16777216
370
    13
100
AcDbLine
 10
12904.58177353702
 20
17707.93889759625
 30
0.0
 11
12904.58177353702
 21
18868.17358951286
 31
0.0
  0
LINE
  5
473
330
470
100
AcDbEntity
  8
$Слои конструкции
  6
Continuous
 62
     5
440
 16777216
370
    13
100
AcDbLine
 10
6904.58185884804
 20
17679.20428965629
 30
0.0
 11
6904.58185884804
 21
18868.17358951286
 31
0.0
  0
LINE
  5
474
330
470
100
AcDbEntity
  8
$Слои конструкции
  6
Continuous
 62
     5
440
 16777216
370
    13
100
AcDbLine
 10
12904.58177353702
 20
18768.17358951286
 30
0.0
 11
6904.58185884804
 21
18768.17358951286
 31
0.0
  0
INSERT
  5
475
330
470
100
AcDbEntity
  8
$Слои конструкции
 62
     5
440
 16777216
370
    13
100
AcDbBlockReference
  2
_Oblique
 10
12904.58177353702
 20
18768.17358951286
 30
0.0
 41
150.0
 42
150.0
 43
150.0
  0
INSERT
  5
476
330
470
100
AcDbEntity
  8
$Слои конструкции
 62
     5
440
 16777216
370
    13
100
AcDbBlockReference
  2
_Oblique
 10
6904.58185884804
 20
18768.17358951286
 30
0.0
 41
150.0
 42
150.0
 43
150.0
 50
180.0
  0
MTEXT
  5
477
330
470
100
AcDbEntity
  8
$Слои конструкции
 62
     5
440
 16777216
100
AcDbMText
 10
9904.581816192532
 20
19018.17358951286
 30
0.0
 40
250.0
 41
0.0
 46
0.0
 71
     5
 72
     1
  1
\A1;2х3000 (Дренажные трубки)
  7
@ТРАНСПРОЕКТ
 73
     1
 44
1.0
 90
        3
 63
     9
421
 13158600
 45
1.1
441
        0
  0
POINT
  5
478
330
470
100
AcDbEntity
  8
Defpoints
 62
     0
440
 16777216
100
AcDbPoint
 10
12904.58177353702
 20
17607.93889759625
 30
0.0
  0
POINT
  5
479
330
470
100
AcDbEntity
  8
Defpoints
 62
     0
440
 16777216
100
AcDbPoint
 10
6904.58185884804
 20
17579.20428965629
 30
0.0
  0
POINT
  5
47A
330
470
100
AcDbEntity
  8
Defpoints
 62
     0
440
 16777216
100
AcDbPoint
 10
6904.58185884804
 20
18768.17358951286
 30
0.0
  0
ENDBLK
  5
47B
330
470
100
AcDbEntity
  8
0
100
AcDbBlockEnd
  0
BLOCK
  5
47D
330
47C
100
AcDbEntity
  8
0
100
AcDbBlockBegin
  2
*D37
 70
     1
 10
0.0
 20
0.0
 30
0.0
  3
*D37
  1

  0
LINE
  5
47E
330
47C
100
AcDbEntity
  8
$Слои конструкции
  6
Continuous
 62
     5
440
 16777216
370
    13
100
AcDbLine
 10
6904.58185884804
 20
17679.20428965629
 30
0.0
 11
6904.58185884804
 21
18868.17358951286
 31
0.0
  0
LINE
  5
47F
330
47C
100
AcDbEntity
  8
$Слои конструкции
  6
Continuous
 62
     5
440
 16777216
370
    13
100
AcDbLine
 10
3715.3484251041
 20
17594.91828201657
 30
0.0
 11
3715.3484251041
 21
18868.17358951286
 31
0.0
  0
LINE
  5
480
330
47C
100
AcDbEntity
  8
$Слои конструкции
  6
Continuous
 62
     5
440
 16777216
370
    13
100
AcDbLine
 10
6904.58185884804
 20
18768.17358951286
 30
0.0
 11
3715.3484251041
 21
18768.17358951286
 31
0.0
  0
INSERT
  5
481
330
47C
100
AcDbEntity
  8
$Слои конструкции
 62
     5
440
 16777216
370
    13
100
AcDbBlockReference
  2
_Oblique
 10
6904.58185884804
 20
18768.17358951286
 30
0.0
 41
150.0
 42
150.0
 43
150.0
  0
INSERT
  5
482
330
47C
100
AcDbEntity
  8
$Слои конструкции
 62
     5
440
 16777216
370
    13
100
AcDbBlockReference
  2
_Oblique
 10
3715.3484251041
 20
18768.17358951286
 30
0.0
 41
150.0
 42
150.0
 43
150.0
 50
180.0
  0
MTEXT
  5
483
330
47C
100
AcDbEntity
  8
$Слои конструкции
 62
     5
440
 16777216
100
AcDbMText
 10
5309.965141976068
 20
18968.17358951286
 30
0.0
 40
250.0
 41
0.0
 46
0.0
 71
     5
 72
     1
  1
\A1;3189
  7
@ТРАНСПРОЕКТ
 73
     1
 44
1.0
 90
        3
 63
     9
421
 13158600
 45
1.1
441
        0
  0
POINT
  5
484
330
47C
100
AcDbEntity
  8
Defpoints
 62
     0
440
 16777216
100
AcDbPoint
 10
6904.58185884804
 20
17579.20428965629
 30
0.0
  0
POINT
  5
485
330
47C
100
AcDbEntity
  8
Defpoints
 62
     0
440
 16777216
100
AcDbPoint
 10
3715.3484251041
 20
17494.91828201657
 30
0.0
  0
POINT
  5
486
330
47C
100
AcDbEntity
  8
Defpoints
 62
     0
440
 16777216
100
AcDbPoint
 10
3715.3484251041
 20
18768.17358951286
 30
0.0
  0
ENDBLK
  5
487
330
47C
100
AcDbEntity
  8
0
100
AcDbBlockEnd
  0
BLOCK
  5
52E
330
52D
100
AcDbEntity
  8
0
100
AcDbBlockBegin
  2
*D39
 70
     1
 10
0.0
 20
0.0
 30
0.0
  3
*D39
  1

  0
LINE
  5
6EB
330
52D
100
AcDbEntity
  8
∅16
  6
Continuous
 62
     5
440
 16777216
370
    13
100
AcDbLine
 10
20453.75927134688
 20
5794.611859399134
 30
0.0
 11
20453.75927134688
 21
6462.605562799854
 31
0.0
  0
LINE
  5
6EC
330
52D
100
AcDbEntity
  8
∅16
  6
Continuous
 62
     5
440
 16777216
370
    13
100
AcDbLine
 10
19153.75927134688
 20
5664.611859399133
 30
0.0
 11
19153.75927134688
 21
6462.605562799854
 31
0.0
  0
LINE
  5
6ED
330
52D
100
AcDbEntity
  8
∅16
  6
Continuous
 62
     5
440
 16777216
370
    13
100
AcDbLine
 10
20453.75927134688
 20
6362.605562799854
 30
0.0
 11
19153.75927134688
 21
6362.605562799854
 31
0.0
  0
INSERT
  5
6EE
330
52D
100
AcDbEntity
  8
∅16
 62
     5
440
 16777216
370
    13
100
AcDbBlockReference
  2
_Oblique
 10
20453.75927134688
 20
6362.605562799854
 30
0.0
 41
150.0
 42
150.0
 43
150.0
  0
INSERT
  5
6EF
330
52D
100
AcDbEntity
  8
∅16
 62
     5
440
 16777216
370
    13
100
AcDbBlockReference
  2
_Oblique
 10
19153.75927134688
 20
6362.605562799854
 30
0.0
 41
150.0
 42
150.0
 43
150.0
 50
180.0
  0
MTEXT
  5
6F0
330
52D
100
AcDbEntity
  8
∅16
 62
     5
440
 16777216
100
AcDbMText
 10
19803.75927134687
 20
6562.605562799854
 30
0.0
 40
250.0
 41
0.0
 46
0.0
 71
     5
 72
     1
  1
\A1;1300
  7
@ТРАНСПРОЕКТ
 73
     1
 44
1.0
 90
        3
 63
     9
421
 13158600
 45
1.1
441
        0
  0
POINT
  5
6F1
330
52D
100
AcDbEntity
  8
Defpoints
 62
     0
440
 16777216
100
AcDbPoint
 10
20453.75927134688
 20
5694.611859399135
 30
0.0
  0
POINT
  5
6F2
330
52D
100
AcDbEntity
  8
Defpoints
 62
     0
440
 16777216
100
AcDbPoint
 10
19153.75927134688
 20
5564.611859399134
 30
0.0
  0
POINT
  5
6F3
330
52D
100
AcDbEntity
  8
Defpoints
 62
     0
440
 16777216
100
AcDbPoint
 10
19153.75927134688
 20
6362.605562799854
 30
0.0
  0
ENDBLK
  5
52F
330
52D
100
AcDbEntity
  8
0
100
AcDbBlockEnd
  0
BLOCK
  5
53A
330
539
100
AcDbEntity
  8
0
100
AcDbBlockBegin
  2
*D40
 70
     1
 10
0.0
 20
0.0
 30
0.0
  3
*D40
  1

  0
LINE
  5
6F4
330
539
100
AcDbEntity
  8
$Выноски
  6
Continuous
 62
     5
440
 16777216
370
    13
100
AcDbLine
 10
13153.75927134688
 20
4264.611859399134
 30
0.0
 11
13153.75927134688
 21
2179.147313565723
 31
0.0
  0
LINE
  5
6F5
330
539
100
AcDbEntity
  8
$Выноски
  6
Continuous
 62
     5
440
 16777216
370
    13
100
AcDbLine
 10
13626.96498866976
 20
4264.611859399134
 30
0.0
 11
13626.96498866976
 21
2179.147313565723
 31
0.0
  0
LINE
  5
6F6
330
539
100
AcDbEntity
  8
$Выноски
  6
Continuous
 62
     5
440
 16777216
370
    13
100
AcDbLine
 10
13153.75927134688
 20
2279.147313565724
 30
0.0
 11
13626.96498866976
 21
2279.147313565724
 31
0.0
  0
LINE
  5
6F7
330
539
100
AcDbEntity
  8
$Выноски
  6
Continuous
 62
     5
440
 16777216
370
    13
100
AcDbLine
 10
13626.96498866976
 20
2279.147313565724
 30
0.0
 11
14493.95228677754
 21
2279.147313565724
 31
0.0
  0
INSERT
  5
6F8
330
539
100
AcDbEntity
  8
$Выноски
 62
     5
440
 16777216
370
    13
100
AcDbBlockReference
  2
_Oblique
 10
13153.75927134688
 20
2279.147313565724
 30
0.0
 41
150.0
 42
150.0
 43
150.0
 50
180.0
  0
INSERT
  5
6F9
330
539
100
AcDbEntity
  8
$Выноски
 62
     5
440
 16777216
370
    13
100
AcDbBlockReference
  2
_Oblique
 10
13626.96498866976
 20
2279.147313565724
 30
0.0
 41
150.0
 42
150.0
 43
150.0
  0
MTEXT
  5
6FA
330
539
100
AcDbEntity
  8
$Выноски
 62
     5
440
 16777216
100
AcDbMText
 10
14135.45863772365
 20
2479.147313565724
 30
0.0
 40
250.0
 41
0.0
 46
0.0
 71
     5
 72
     1
  1
\A1;473
  7
@ТРАНСПРОЕКТ
 73
     1
 44
1.0
 90
        3
 63
     9
421
 13158600
 45
1.1
441
        0
  0
POINT
  5
6FB
330
539
100
AcDbEntity
  8
Defpoints
 62
     0
440
 16777216
100
AcDbPoint
 10
13153.75927134688
 20
4364.611859399134
 30
0.0
  0
POINT
  5
6FC
330
539
100
AcDbEntity
  8
Defpoints
 62
     0
440
 16777216
100
AcDbPoint
 10
13626.96498866976
 20
4364.611859399134
 30
0.0
  0
POINT
  5
6FD
330
539
100
AcDbEntity
  8
Defpoints
 62
     0
440
 16777216
100
AcDbPoint
 10
13626.96498866976
 20
2279.147313565724
 30
0.0
  0
ENDBLK
  5
53B
330
539
100
AcDbEntity
  8
0
100
AcDbBlockEnd
  0
BLOCK
  5
547
330
546
100
AcDbEntity
  8
0
100
AcDbBlockBegin
  2
*D41
 70
     1
 10
0.0
 20
0.0
 30
0.0
  3
*D41
  1

  0
LINE
  5
6FE
330
546
100
AcDbEntity
  8
$Размеры
  6
Continuous
 62
     5
440
 16777216
370
    13
100
AcDbLine
 10
2726.964352102401
 20
5914.611859399136
 30
0.0
 11
1989.223796923092
 21
5914.611859399135
 31
0.0
  0
LINE
  5
6FF
330
546
100
AcDbEntity
  8
$Размеры
  6
Continuous
 62
     5
440
 16777216
370
    13
100
AcDbLine
 10
2726.964352102401
 20
6564.611859399137
 30
0.0
 11
1989.223796923092
 21
6564.611859399137
 31
0.0
  0
LINE
  5
700
330
546
100
AcDbEntity
  8
$Размеры
  6
Continuous
 62
     5
440
 16777216
370
    13
100
AcDbLine
 10
2089.223796923092
 20
5914.611859399136
 30
0.0
 11
2089.223796923092
 21
6564.611859399137
 31
0.0
  0
INSERT
  5
701
330
546
100
AcDbEntity
  8
$Размеры
 62
     5
440
 16777216
370
    13
100
AcDbBlockReference
  2
_Oblique
 10
2089.223796923092
 20
5914.611859399136
 30
0.0
 41
150.0
 42
150.0
 43
150.0
 50
270.0
  0
INSERT
  5
702
330
546
100
AcDbEntity
  8
$Размеры
 62
     5
440
 16777216
370
    13
100
AcDbBlockReference
  2
_Oblique
 10
2089.223796923092
 20
6564.611859399137
 30
0.0
 41
150.0
 42
150.0
 43
150.0
 50
90.0
  0
MTEXT
  5
703
330
546
100
AcDbEntity
  8
$Размеры
 62
     5
440
 16777216
100
AcDbMText
 10
1889.223796923094
 20
6239.611859399134
 30
0.0
 40
250.0
 41
0.0
 46
0.0
 71
     5
 72
     1
  1
\A1;650
  7
@ТРАНСПРОЕКТ
 11
0.0000000000000001
 21
1.0
 31
0.0
 73
     1
 44
1.0
 90
        3
 63
     9
421
 13158600
 45
1.1
441
        0
  0
POINT
  5
704
330
546
100
AcDbEntity
  8
Defpoints
 62
     0
440
 16777216
100
AcDbPoint
 10
2826.964352102401
 20
5914.611859399136
 30
0.0
  0
POINT
  5
705
330
546
100
AcDbEntity
  8
Defpoints
 62
     0
440
 16777216
100
AcDbPoint
 10
2826.964352102401
 20
6564.611859399137
 30
0.0
  0
POINT
  5
706
330
546
100
AcDbEntity
  8
Defpoints
 62
     0
440
 16777216
100
AcDbPoint
 10
2089.223796923092
 20
6564.611859399137
 30
0.0
  0
ENDBLK
  5
548
330
546
100
AcDbEntity
  8
0
100
AcDbBlockEnd
  0
BLOCK
  5
553
330
552
100
AcDbEntity
  8
0
100
AcDbBlockBegin
  2
*D42
 70
     1
 10
0.0
 20
0.0
 30
0.0
  3
*D42
  1

  0
LINE
  5
707
330
552
100
AcDbEntity
  8
$Размеры
  6
Continuous
 62
     5
440
 16777216
370
    13
100
AcDbLine
 10
12326.96435211916
 20
11664.61185939913
 30
0.0
 11
12326.96435211916
 21
12552.56959015341
 31
0.0
  0
LINE
  5
708
330
552
100
AcDbEntity
  8
$Размеры
  6
Continuous
 62
     5
440
 16777216
370
    13
100
AcDbLine
 10
2826.964352102399
 20
6664.611859399134
 30
0.0
 11
2826.9643521024
 21
12552.56959015341
 31
0.0
  0
LINE
  5
709
330
552
100
AcDbEntity
  8
$Размеры
  6
Continuous
 62
     5
440
 16777216
370
    13
100
AcDbLine
 10
12326.96435211916
 20
12452.56959015341
 30
0.0
 11
2826.9643521024
 21
12452.56959015341
 31
0.0
  0
INSERT
  5
70A
330
552
100
AcDbEntity
  8
$Размеры
 62
     5
440
 16777216
370
    13
100
AcDbBlockReference
  2
_Oblique
 10
12326.96435211916
 20
12452.56959015341
 30
0.0
 41
150.0
 42
150.0
 43
150.0
  0
INSERT
  5
70B
330
552
100
AcDbEntity
  8
$Размеры
 62
     5
440
 16777216
370
    13
100
AcDbBlockReference
  2
_Oblique
 10
2826.9643521024
 20
12452.56959015341
 30
0.0
 41
150.0
 42
150.0
 43
150.0
 50
180.0
  0
MTEXT
  5
70C
330
552
100
AcDbEntity
  8
$Размеры
 62
     5
440
 16777216
100
AcDbMText
 10
7576.964352110779
 20
12652.56959015341
 30
0.0
 40
250.0
 41
0.0
 46
0.0
 71
     5
 72
     1
  1
\A1;9500
  7
@ТРАНСПРОЕКТ
 73
     1
 44
1.0
 90
        3
 63
     9
421
 13158600
 45
1.1
441
        0
  0
POINT
  5
70D
330
552
100
AcDbEntity
  8
Defpoints
 62
     0
440
 16777216
100
AcDbPoint
 10
12326.96435211916
 20
11564.61185939913
 30
0.0
  0
POINT
  5
70E
330
552
100
AcDbEntity
  8
Defpoints
 62
     0
440
 16777216
100
AcDbPoint
 10
2826.964352102399
 20
6564.611859399135
 30
0.0
  0
POINT
  5
70F
330
552
100
AcDbEntity
  8
Defpoints
 62
     0
440
 16777216
100
AcDbPoint
 10
2826.9643521024
 20
12452.56959015341
 30
0.0
  0
ENDBLK
  5
554
330
552
100
AcDbEntity
  8
0
100
AcDbBlockEnd
  0
BLOCK
  5
55F
330
55E
100
AcDbEntity
  8
0
100
AcDbBlockBegin
  2
*D43
 70
     1
 10
0.0
 20
0.0
 30
0.0
  3
*D43
  1

  0
LINE
  5
710
330
55E
100
AcDbEntity
  8
$Размеры
  6
Continuous
 62
     5
440
 16777216
370
    13
100
AcDbLine
 10
12326.96435211916
 20
11664.61185939913
 30
0.0
 11
12326.96435211916
 21
12552.56959015341
 31
0.0
  0
LINE
  5
711
330
55E
100
AcDbEntity
  8
$Размеры
  6
Continuous
 62
     5
440
 16777216
370
    13
100
AcDbLine
 10
13326.9643521024
 20
11664.61185939913
 30
0.0
 11
13326.9643521024
 21
12552.56959015341
 31
0.0
  0
LINE
  5
712
330
55E
100
AcDbEntity
  8
$Размеры
  6
Continuous
 62
     5
440
 16777216
370
    13
100
AcDbLine
 10
12326.96435211916
 20
12452.56959015341
 30
0.0
 11
13326.9643521024
 21
12452.56959015341
 31
0.0
  0
INSERT
  5
713
330
55E
100
AcDbEntity
  8
$Размеры
 62
     5
440
 16777216
370
    13
100
AcDbBlockReference
  2
_Oblique
 10
12326.96435211916
 20
12452.56959015341
 30
0.0
 41
150.0
 42
150.0
 43
150.0
 50
180.0
  0
INSERT
  5
714
330
55E
100
AcDbEntity
  8
$Размеры
 62
     5
440
 16777216
370
    13
100
AcDbBlockReference
  2
_Oblique
 10
13326.9643521024
 20
12452.56959015341
 30
0.0
 41
150.0
 42
150.0
 43
150.0
  0
MTEXT
  5
715
330
55E
100
AcDbEntity
  8
$Размеры
 62
     5
440
 16777216
100
AcDbMText
 10
12826.96435211078
 20
12652.56959015341
 30
0.0
 40
250.0
 41
0.0
 46
0.0
 71
     5
 72
     1
  1
\A1;1000
  7
@ТРАНСПРОЕКТ
 73
     1
 44
1.0
 90
        3
 63
     9
421
 13158600
 45
1.1
441
        0
  0
POINT
  5
716
330
55E
100
AcDbEntity
  8
Defpoints
 62
     0
440
 16777216
100
AcDbPoint
 10
12326.96435211916
 20
11564.61185939913
 30
0.0
  0
POINT
  5
717
330
55E
100
AcDbEntity
  8
Defpoints
 62
     0
440
 16777216
100
AcDbPoint
 10
13326.9643521024
 20
11564.61185939913
 30
0.0
  0
POINT
  5
718
330
55E
100
AcDbEntity
  8
Defpoints
 62
     0
440
 16777216
100
AcDbPoint
 10
13326.9643521024
 20
12452.56959015341
 30
0.0
  0
ENDBLK
  5
560
330
55E
100
AcDbEntity
  8
0
100
AcDbBlockEnd
  0
BLOCK
  5
56B
330
56A
100
AcDbEntity
  8
0
100
AcDbBlockBegin
  2
*D44
 70
     1
 10
0.0
 20
0.0
 30
0.0
  3
*D44
  1

  0
LINE
  5
719
330
56A
100
AcDbEntity
  8
$Слои конструкции
  6
Continuous
 62
     5
440
 16777216
370
    13
100
AcDbLine
 10
20753.75927134688
 20
11664.61185939913
 30
0.0
 11
20753.75927134688
 21
12552.56959015341
 31
0.0
  0
LINE
  5
71A
330
56A
100
AcDbEntity
  8
$Слои конструкции
  6
Continuous
 62
     5
440
 16777216
370
    13
100
AcDbLine
 10
21353.75927134688
 20
11664.61185939913
 30
0.0
 11
21353.75927134688
 21
12552.56959015341
 31
0.0
  0
LINE
  5
71B
330
56A
100
AcDbEntity
  8
$Слои конструкции
  6
Continuous
 62
     5
440
 16777216
370
    13
100
AcDbLine
 10
20753.75927134688
 20
12452.56959015341
 30
0.0
 11
21353.75927134688
 21
12452.56959015341
 31
0.0
  0
LINE
  5
71C
330
56A
100
AcDbEntity
  8
$Слои конструкции
  6
Continuous
 62
     5
440
 16777216
370
    13
100
AcDbLine
 10
21353.75927134688
 20
12452.56959015341
 30
0.0
 11
22195.74656945466
 21
12452.56959015341
 31
0.0
  0
INSERT
  5
71D
330
56A
100
AcDbEntity
  8
$Слои конструкции
 62
     5
440
 16777216
370
    13
100
AcDbBlockReference
  2
_Oblique
 10
20753.75927134688
 20
12452.56959015341
 30
0.0
 41
150.0
 42
150.0
 43
150.0
 50
180.0
  0
INSERT
  5
71E
330
56A
100
AcDbEntity
  8
$Слои конструкции
 62
     5
440
 16777216
370
    13
100
AcDbBlockReference
  2
_Oblique
 10
21353.75927134688
 20
12452.56959015341
 30
0.0
 41
150.0
 42
150.0
 43
150.0
  0
MTEXT
  5
71F
330
56A
100
AcDbEntity
  8
$Слои конструкции
 62
     5
440
 16777216
100
AcDbMText
 10
21849.75292040077
 20
12652.56959015341
 30
0.0
 40
250.0
 41
0.0
 46
0.0
 71
     5
 72
     1
  1
\A1;600
  7
@ТРАНСПРОЕКТ
 73
     1
 44
1.0
 90
        3
 63
     9
421
 13158600
 45
1.1
441
        0
  0
POINT
  5
720
330
56A
100
AcDbEntity
  8
Defpoints
 62
     0
440
 16777216
100
AcDbPoint
 10
20753.75927134688
 20
11564.61185939913
 30
0.0
  0
POINT
  5
721
330
56A
100
AcDbEntity
  8
Defpoints
 62
     0
440
 16777216
100
AcDbPoint
 10
21353.75927134688
 20
11564.61185939913
 30
0.0
  0
POINT
  5
722
330
56A
100
AcDbEntity
  8
Defpoints
 62
     0
440
 16777216
100
AcDbPoint
 10
21353.75927134688
 20
12452.56959015341
 30
0.0
  0
ENDBLK
  5
56C
330
56A
100
AcDbEntity
  8
0
100
AcDbBlockEnd
  0
BLOCK
  5
578
330
577
100
AcDbEntity
  8
0
100
AcDbBlockBegin
  2
*D45
 70
     1
 10
0.0
 20
0.0
 30
0.0
  3
*D45
  1

  0
LINE
  5
723
330
577
100
AcDbEntity
  8
$Размеры
  6
Continuous
 62
     5
440
 16777216
370
    13
100
AcDbLine
 10
2726.964352102401
 20
6564.611859399137
 30
0.0
 11
1989.223796923097
 21
6564.611859399137
 31
0.0
  0
LINE
  5
724
330
577
100
AcDbEntity
  8
$Размеры
  6
Continuous
 62
     5
440
 16777216
370
    13
100
AcDbLine
 10
12226.96435211916
 20
11564.61185939913
 30
0.0
 11
1989.223796923097
 21
11564.61185939913
 31
0.0
  0
LINE
  5
725
330
577
100
AcDbEntity
  8
$Размеры
  6
Continuous
 62
     5
440
 16777216
370
    13
100
AcDbLine
 10
2089.223796923097
 20
6564.611859399137
 30
0.0
 11
2089.223796923096
 21
11564.61185939913
 31
0.0
  0
INSERT
  5
726
330
577
100
AcDbEntity
  8
$Размеры
 62
     5
440
 16777216
370
    13
100
AcDbBlockReference
  2
_Oblique
 10
2089.223796923097
 20
6564.611859399137
 30
0.0
 41
150.0
 42
150.0
 43
150.0
 50
270.0
  0
INSERT
  5
727
330
577
100
AcDbEntity
  8
$Размеры
 62
     5
440
 16777216
370
    13
100
AcDbBlockReference
  2
_Oblique
 10
2089.223796923096
 20
11564.61185939913
 30
0.0
 41
150.0
 42
150.0
 43
150.0
 50
90.0
  0
MTEXT
  5
728
330
577
100
AcDbEntity
  8
$Размеры
 62
     5
440
 16777216
100
AcDbMText
 10
1889.223796923099
 20
9064.611859399132
 30
0.0
 40
250.0
 41
0.0
 46
0.0
 71
     5
 72
     1
  1
\A1;5000
  7
@ТРАНСПРОЕКТ
 11
0.0000000000000001
 21
1.0
 31
0.0
 73
     1
 44
1.0
 90
        3
 63
     9
421
 13158600
 45
1.1
441
        0
  0
POINT
  5
729
330
577
100
AcDbEntity
  8
Defpoints
 62
     0
440
 16777216
100
AcDbPoint
 10
2826.964352102401
 20
6564.611859399137
 30
0.0
  0
POINT
  5
72A
330
577
100
AcDbEntity
  8
Defpoints
 62
     0
440
 16777216
100
AcDbPoint
 10
12326.96435211916
 20
11564.61185939913
 30
0.0
  0
POINT
  5
72B
330
577
100
AcDbEntity
  8
Defpoints
 62
     0
440
 16777216
100
AcDbPoint
 10
2089.223796923096
 20
11564.61185939913
 30
0.0
  0
ENDBLK
  5
579
330
577
100
AcDbEntity
  8
0
100
AcDbBlockEnd
  0
BLOCK
  5
584
330
583
100
AcDbEntity
  8
0
100
AcDbBlockBegin
  2
*D46
 70
     1
 10
0.0
 20
0.0
 30
0.0
  3
*D46
  1

  0
LINE
  5
72C
330
583
100
AcDbEntity
  8
$Размеры
  6
Continuous
 62
     5
440
 16777216
370
    13
100
AcDbLine
 10
5916.197785846342
 20
6648.89786703886
 30
0.0
 11
5508.963714445862
 21
6648.89786703886
 31
0.0
  0
LINE
  5
72D
330
583
100
AcDbEntity
  8
$Размеры
  6
Continuous
 62
     5
440
 16777216
370
    13
100
AcDbLine
 10
5916.197785846342
 20
5564.611859399136
 30
0.0
 11
5508.963714445864
 21
5564.611859399136
 31
0.0
  0
LINE
  5
72E
330
583
100
AcDbEntity
  8
$Размеры
  6
Continuous
 62
     5
440
 16777216
370
    13
100
AcDbLine
 10
5608.963714445863
 20
6648.89786703886
 30
0.0
 11
5608.963714445864
 21
5564.611859399136
 31
0.0
  0
INSERT
  5
72F
330
583
100
AcDbEntity
  8
$Размеры
 62
     5
440
 16777216
370
    13
100
AcDbBlockReference
  2
_Oblique
 10
5608.963714445863
 20
6648.89786703886
 30
0.0
 41
150.0
 42
150.0
 43
150.0
 50
90.0
  0
INSERT
  5
730
330
583
100
AcDbEntity
  8
$Размеры
 62
     5
440
 16777216
370
    13
100
AcDbBlockReference
  2
_Oblique
 10
5608.963714445864
 20
5564.611859399136
 30
0.0
 41
150.0
 42
150.0
 43
150.0
 50
270.0
  0
MTEXT
  5
731
330
583
100
AcDbEntity
  8
$Размеры
 62
     5
440
 16777216
100
AcDbMText
 10
5408.963714445864
 20
6106.754863218995
 30
0.0
 40
250.0
 41
0.0
 46
0.0
 71
     5
 72
     1
  1
\A1;1084
  7
@ТРАНСПРОЕКТ
 11
0.0000000000000001
 21
1.0
 31
0.0
 73
     1
 44
1.0
 90
        3
 63
     9
421
 13158600
 45
1.1
441
        0
  0
POINT
  5
732
330
583
100
AcDbEntity
  8
Defpoints
 62
     0
440
 16777216
100
AcDbPoint
 10
6016.197785846341
 20
6648.89786703886
 30
0.0
  0
POINT
  5
733
330
583
100
AcDbEntity
  8
Defpoints
 62
     0
440
 16777216
100
AcDbPoint
 10
6016.197785846341
 20
5564.611859399136
 30
0.0
  0
POINT
  5
734
330
583
100
AcDbEntity
  8
Defpoints
 62
     0
440
 16777216
100
AcDbPoint
 10
5608.963714445864
 20
5564.611859399136
 30
0.0
  0
ENDBLK
  5
585
330
583
100
AcDbEntity
  8
0
100
AcDbBlockEnd
  0
BLOCK
  5
590
330
58F
100
AcDbEntity
  8
0
100
AcDbBlockBegin
  2
*D47
 70
     1
 10
0.0
 20
0.0
 30
0.0
  3
*D47
  1

  0
LINE
  5
735
330
58F
100
AcDbEntity
  8
$Размеры
  6
Continuous
 62
     5
440
 16777216
370
    13
100
AcDbLine
 10
8916.197785959033
 20
6663.26513286565
 30
0.0
 11
8372.911727787856
 21
6663.26513286565
 31
0.0
  0
LINE
  5
736
330
58F
100
AcDbEntity
  8
$Размеры
  6
Continuous
 62
     5
440
 16777216
370
    13
100
AcDbLine
 10
8514.26460405757
 20
5564.611859399136
 30
0.0
 11
8372.911727787856
 21
5564.611859399136
 31
0.0
  0
LINE
  5
737
330
58F
100
AcDbEntity
  8
$Размеры
  6
Continuous
 62
     5
440
 16777216
370
    13
100
AcDbLine
 10
8472.911727787856
 20
6663.26513286565
 30
0.0
 11
8472.911727787856
 21
5564.611859399136
 31
0.0
  0
INSERT
  5
738
330
58F
100
AcDbEntity
  8
$Размеры
 62
     5
440
 16777216
370
    13
100
AcDbBlockReference
  2
_Oblique
 10
8472.911727787856
 20
6663.26513286565
 30
0.0
 41
150.0
 42
150.0
 43
150.0
 50
90.0
  0
INSERT
  5
739
330
58F
100
AcDbEntity
  8
$Размеры
 62
     5
440
 16777216
370
    13
100
AcDbBlockReference
  2
_Oblique
 10
8472.911727787856
 20
5564.611859399136
 30
0.0
 41
150.0
 42
150.0
 43
150.0
 50
270.0
  0
MTEXT
  5
73A
330
58F
100
AcDbEntity
  8
$Размеры
 62
     5
440
 16777216
100
AcDbMText
 10
8272.911727787855
 20
6113.93849613239
 30
0.0
 40
250.0
 41
0.0
 46
0.0
 71
     5
 72
     1
  1
\A1;1099
  7
@ТРАНСПРОЕКТ
 11
0.0000000000000001
 21
1.0
 31
0.0
 73
     1
 44
1.0
 90
        3
 63
     9
421
 13158600
 45
1.1
441
        0
  0
POINT
  5
73B
330
58F
100
AcDbEntity
  8
Defpoints
 62
     0
440
 16777216
100
AcDbPoint
 10
9016.197785959032
 20
6663.26513286565
 30
0.0
  0
POINT
  5
73C
330
58F
100
AcDbEntity
  8
Defpoints
 62
     0
440
 16777216
100
AcDbPoint
 10
8614.26460405757
 20
5564.611859399136
 30
0.0
  0
POINT
  5
73D
330
58F
100
AcDbEntity
  8
Defpoints
 62
     0
440
 16777216
100
AcDbPoint
 10
8472.911727787856
 20
5564.611859399136
 30
0.0
  0
ENDBLK
  5
591
330
58F
100
AcDbEntity
  8
0
100
AcDbBlockEnd
  0
BLOCK
  5
59C
330
59B
100
AcDbEntity
  8
0
100
AcDbBlockBegin
  2
*D48
 70
     1
 10
0.0
 20
0.0
 30
0.0
  3
*D48
  1

  0
LINE
  5
73E
330
59B
100
AcDbEntity
  8
$Размеры
  6
Continuous
 62
     5
440
 16777216
370
    13
100
AcDbLine
 10
11916.19770053532
 20
6677.632474978818
 30
0.0
 11
11298.84652993774
 21
6677.632474978818
 31
0.0
  0
LINE
  5
73F
330
59B
100
AcDbEntity
  8
$Размеры
  6
Continuous
 62
     5
440
 16777216
370
    13
100
AcDbLine
 10
11312.34521730003
 20
5564.611859399136
 30
0.0
 11
11498.84652993773
 21
5564.611859399136
 31
0.0
  0
LINE
  5
740
330
59B
100
AcDbEntity
  8
$Размеры
  6
Continuous
 62
     5
440
 16777216
370
    13
100
AcDbLine
 10
11398.84652993773
 20
6677.632474978818
 30
0.0
 11
11398.84652993773
 21
5564.611859399136
 31
0.0
  0
INSERT
  5
741
330
59B
100
AcDbEntity
  8
$Размеры
 62
     5
440
 16777216
370
    13
100
AcDbBlockReference
  2
_Oblique
 10
11398.84652993773
 20
6677.632474978818
 30
0.0
 41
150.0
 42
150.0
 43
150.0
 50
90.0
  0
INSERT
  5
742
330
59B
100
AcDbEntity
  8
$Размеры
 62
     5
440
 16777216
370
    13
100
AcDbBlockReference
  2
_Oblique
 10
11398.84652993773
 20
5564.611859399136
 30
0.0
 41
150.0
 42
150.0
 43
150.0
 50
270.0
  0
MTEXT
  5
743
330
59B
100
AcDbEntity
  8
$Размеры
 62
     5
440
 16777216
100
AcDbMText
 10
11198.84652993774
 20
6121.122167188971
 30
0.0
 40
250.0
 41
0.0
 46
0.0
 71
     5
 72
     1
  1
\A1;1113
  7
@ТРАНСПРОЕКТ
 11
0.0000000000000001
 21
1.0
 31
0.0
 73
     1
 44
1.0
 90
        3
 63
     9
421
 13158600
 45
1.1
441
        0
  0
POINT
  5
744
330
59B
100
AcDbEntity
  8
Defpoints
 62
     0
440
 16777216
100
AcDbPoint
 10
12016.19770053532
 20
6677.632474978818
 30
0.0
  0
POINT
  5
745
330
59B
100
AcDbEntity
  8
Defpoints
 62
     0
440
 16777216
100
AcDbPoint
 10
11212.34521730003
 20
5564.611859399136
 30
0.0
  0
POINT
  5
746
330
59B
100
AcDbEntity
  8
Defpoints
 62
     0
440
 16777216
100
AcDbPoint
 10
11398.84652993773
 20
5564.611859399136
 30
0.0
  0
ENDBLK
  5
59D
330
59B
100
AcDbEntity
  8
0
100
AcDbBlockEnd
  0
BLOCK
  5
5A8
330
5A7
100
AcDbEntity
  8
0
100
AcDbBlockBegin
  2
*D49
 70
     1
 10
0.0
 20
0.0
 30
0.0
  3
*D49
  1

  0
LINE
  5
747
330
5A7
100
AcDbEntity
  8
$Размеры
  6
Continuous
 62
     5
440
 16777216
370
    13
100
AcDbLine
 10
12016.19770053532
 20
6777.632474978815
 30
0.0
 11
12016.19770053532
 21
7937.867166895422
 31
0.0
  0
LINE
  5
748
330
5A7
100
AcDbEntity
  8
$Размеры
  6
Continuous
 62
     5
440
 16777216
370
    13
100
AcDbLine
 10
13326.9643521024
 20
6777.632474978815
 30
0.0
 11
13326.9643521024
 21
7937.867166895422
 31
0.0
  0
LINE
  5
749
330
5A7
100
AcDbEntity
  8
$Размеры
  6
Continuous
 62
     5
440
 16777216
370
    13
100
AcDbLine
 10
12016.19770053532
 20
7837.867166895422
 30
0.0
 11
13326.9643521024
 21
7837.867166895422
 31
0.0
  0
INSERT
  5
74A
330
5A7
100
AcDbEntity
  8
$Размеры
 62
     5
440
 16777216
370
    13
100
AcDbBlockReference
  2
_Oblique
 10
12016.19770053532
 20
7837.867166895422
 30
0.0
 41
150.0
 42
150.0
 43
150.0
 50
180.0
  0
INSERT
  5
74B
330
5A7
100
AcDbEntity
  8
$Размеры
 62
     5
440
 16777216
370
    13
100
AcDbBlockReference
  2
_Oblique
 10
13326.9643521024
 20
7837.867166895422
 30
0.0
 41
150.0
 42
150.0
 43
150.0
  0
MTEXT
  5
74C
330
5A7
100
AcDbEntity
  8
$Размеры
 62
     5
440
 16777216
100
AcDbMText
 10
12671.58102631886
 20
8037.867166895422
 30
0.0
 40
250.0
 41
0.0
 46
0.0
 71
     5
 72
     1
  1
\A1;1311
  7
@ТРАНСПРОЕКТ
 73
     1
 44
1.0
 90
        3
 63
     9
421
 13158600
 45
1.1
441
        0
  0
POINT
  5
74D
330
5A7
100
AcDbEntity
  8
Defpoints
 62
     0
440
 16777216
100
AcDbPoint
 10
12016.19770053532
 20
6677.632474978814
 30
0.0
  0
POINT
  5
74E
330
5A7
100
AcDbEntity
  8
Defpoints
 62
     0
440
 16777216
100
AcDbPoint
 10
13326.9643521024
 20
6677.632474978814
 30
0.0
  0
POINT
  5
74F
330
5A7
100
AcDbEntity
  8
Defpoints
 62
     0
440
 16777216
100
AcDbPoint
 10
13326.9643521024
 20
7837.867166895422
 30
0.0
  0
ENDBLK
  5
5A9
330
5A7
100
AcDbEntity
  8
0
100
AcDbBlockEnd
  0
BLOCK
  5
5B4
330
5B3
100
AcDbEntity
  8
0
100
AcDbBlockBegin
  2
*D50
 70
     1
 10
0.0
 20
0.0
 30
0.0
  3
*D50
  1

  0
LINE
  5
750
330
5B3
100
AcDbEntity
  8
$Слои конструкции
  6
Continuous
 62
     5
440
 16777216
370
    13
100
AcDbLine
 10
12016.19770053532
 20
6777.632474978815
 30
0.0
 11
12016.19770053532
 21
7937.867166895422
 31
0.0
  0
LINE
  5
751
330
5B3
100
AcDbEntity
  8
$Слои конструкции
  6
Continuous
 62
     5
440
 16777216
370
    13
100
AcDbLine
 10
6016.19778584634
 20
6748.897867038857
 30
0.0
 11
6016.19778584634
 21
7937.867166895422
 31
0.0
  0
LINE
  5
752
330
5B3
100
AcDbEntity
  8
$Слои конструкции
  6
Continuous
 62
     5
440
 16777216
370
    13
100
AcDbLine
 10
12016.19770053532
 20
7837.867166895422
 30
0.0
 11
6016.19778584634
 21
7837.867166895422
 31
0.0
  0
INSERT
  5
753
330
5B3
100
AcDbEntity
  8
$Слои конструкции
 62
     5
440
 16777216
370
    13
100
AcDbBlockReference
  2
_Oblique
 10
12016.19770053532
 20
7837.867166895422
 30
0.0
 41
150.0
 42
150.0
 43
150.0
  0
INSERT
  5
754
330
5B3
100
AcDbEntity
  8
$Слои конструкции
 62
     5
440
 16777216
370
    13
100
AcDbBlockReference
  2
_Oblique
 10
6016.19778584634
 20
7837.867166895422
 30
0.0
 41
150.0
 42
150.0
 43
150.0
 50
180.0
  0
MTEXT
  5
755
330
5B3
100
AcDbEntity
  8
$Слои конструкции
 62
     5
440
 16777216
100
AcDbMText
 10
9016.197743190831
 20
8087.867166895422
 30
0.0
 40
250.0
 41
0.0
 46
0.0
 71
     5
 72
     1
  1
\A1;2х3000 (Дренажные трубки)
  7
@ТРАНСПРОЕКТ
 73
     1
 44
1.0
 90
        3
 63
     9
421
 13158600
 45
1.1
441
        0
  0
POINT
  5
756
330
5B3
100
AcDbEntity
  8
Defpoints
 62
     0
440
 16777216
100
AcDbPoint
 10
12016.19770053532
 20
6677.632474978814
 30
0.0
  0
POINT
  5
757
330
5B3
100
AcDbEntity
  8
Defpoints
 62
     0
440
 16777216
100
AcDbPoint
 10
6016.19778584634
 20
6648.897867038858
 30
0.0
  0
POINT
  5
758
330
5B3
100
AcDbEntity
  8
Defpoints
 62
     0
440
 16777216
100
AcDbPoint
 10
6016.19778584634
 20
7837.867166895422
 30
0.0
  0
ENDBLK
  5
5B5
330
5B3
100
AcDbEntity
  8
0
100
AcDbBlockEnd
  0
BLOCK
  5
5C0
330
5BF
100
AcDbEntity
  8
0
100
AcDbBlockBegin
  2
*D51
 70
     1
 10
0.0
 20
0.0
 30
0.0
  3
*D51
  1

  0
LINE
  5
759
330
5BF
100
AcDbEntity
  8
$Слои конструкции
  6
Continuous
 62
     5
440
 16777216
370
    13
100
AcDbLine
 10
6016.19778584634
 20
6748.897867038857
 30
0.0
 11
6016.19778584634
 21
7937.867166895422
 31
0.0
  0
LINE
  5
75A
330
5BF
100
AcDbEntity
  8
$Слои конструкции
  6
Continuous
 62
     5
440
 16777216
370
    13
100
AcDbLine
 10
2826.964352102399
 20
6664.611859399134
 30
0.0
 11
2826.964352102399
 21
7937.867166895422
 31
0.0
  0
LINE
  5
75B
330
5BF
100
AcDbEntity
  8
$Слои конструкции
  6
Continuous
 62
     5
440
 16777216
370
    13
100
AcDbLine
 10
6016.19778584634
 20
7837.867166895422
 30
0.0
 11
2826.964352102399
 21
7837.867166895422
 31
0.0
  0
INSERT
  5
75C
330
5BF
100
AcDbEntity
  8
$Слои конструкции
 62
     5
440
 16777216
370
    13
100
AcDbBlockReference
  2
_Oblique
 10
6016.19778584634
 20
7837.867166895422
 30
0.0
 41
150.0
 42
150.0
 43
150.0
  0
INSERT
  5
75D
330
5BF
100
AcDbEntity
  8
$Слои конструкции
 62
     5
440
 16777216
370
    13
100
AcDbBlockReference
  2
_Oblique
 10
2826.964352102399
 20
7837.867166895422
 30
0.0
 41
150.0
 42
150.0
 43
150.0
 50
180.0
  0
MTEXT
  5
75E
330
5BF
100
AcDbEntity
  8
$Слои конструкции
 62
     5
440
 16777216
100
AcDbMText
 10
4421.581068974369
 20
8037.867166895422
 30
0.0
 40
250.0
 41
0.0
 46
0.0
 71
     5
 72
     1
  1
\A1;3189
  7
@ТРАНСПРОЕКТ
 73
     1
 44
1.0
 90
        3
 63
     9
421
 13158600
 45
1.1
441
        0
  0
POINT
  5
75F
330
5BF
100
AcDbEntity
  8
Defpoints
 62
     0
440
 16777216
100
AcDbPoint
 10
6016.19778584634
 20
6648.897867038858
 30
0.0
  0
POINT
  5
760
330
5BF
100
AcDbEntity
  8
Defpoints
 62
     0
440
 16777216
100
AcDbPoint
 10
2826.964352102399
 20
6564.611859399135
 30
0.0
  0
POINT
  5
761
330
5BF
100
AcDbEntity
  8
Defpoints
 62
     0
440
 16777216
100
AcDbPoint
 10
2826.964352102399
 20
7837.867166895422
 30
0.0
  0
ENDBLK
  5
5C1
330
5BF
100
AcDbEntity
  8
0
100
AcDbBlockEnd
  0
BLOCK
  5
5CC
330
5CB
100
AcDbEntity
  8
0
100
AcDbBlockBegin
  2
*D52
 70
     1
 10
0.0
 20
0.0
 30
0.0
  3
*D52
  1

  0
LINE
  5
762
330
5CB
100
AcDbEntity
  8
$Размеры
  6
Continuous
 62
     5
440
 16777216
370
    13
100
AcDbLine
 10
2826.964352102399
 20
4264.611859399134
 30
0.0
 11
2826.964352102399
 21
1481.443932275184
 31
0.0
  0
LINE
  5
763
330
5CB
100
AcDbEntity
  8
$Размеры
  6
Continuous
 62
     5
440
 16777216
370
    13
100
AcDbLine
 10
13626.96498866976
 20
4264.611859399134
 30
0.0
 11
13626.96498866976
 21
1481.443932275184
 31
0.0
  0
LINE
  5
764
330
5CB
100
AcDbEntity
  8
$Размеры
  6
Continuous
 62
     5
440
 16777216
370
    13
100
AcDbLine
 10
2826.964352102399
 20
1581.443932275184
 30
0.0
 11
13626.96498866976
 21
1581.443932275184
 31
0.0
  0
INSERT
  5
765
330
5CB
100
AcDbEntity
  8
$Размеры
 62
     5
440
 16777216
370
    13
100
AcDbBlockReference
  2
_Oblique
 10
2826.964352102399
 20
1581.443932275184
 30
0.0
 41
150.0
 42
150.0
 43
150.0
 50
180.0
  0
INSERT
  5
766
330
5CB
100
AcDbEntity
  8
$Размеры
 62
     5
440
 16777216
370
    13
100
AcDbBlockReference
  2
_Oblique
 10
13626.96498866976
 20
1581.443932275184
 30
0.0
 41
150.0
 42
150.0
 43
150.0
  0
MTEXT
  5
767
330
5CB
100
AcDbEntity
  8
$Размеры
 62
     5
440
 16777216
100
AcDbMText
 10
8226.964670386079
 20
1781.443932275184
 30
0.0
 40
250.0
 41
0.0
 46
0.0
 71
     5
 72
     1
  1
\A1;10800
  7
@ТРАНСПРОЕКТ
 73
     1
 44
1.0
 90
        3
 63
     9
421
 13158600
 45
1.1
441
        0
  0
POINT
  5
768
330
5CB
100
AcDbEntity
  8
Defpoints
 62
     0
440
 16777216
100
AcDbPoint
 10
2826.964352102399
 20
4364.611859399134
 30
0.0
  0
POINT
  5
769
330
5CB
100
AcDbEntity
  8
Defpoints
 62
     0
440
 16777216
100
AcDbPoint
 10
13626.96498866976
 20
4364.611859399134
 30
0.0
  0
POINT
  5
76A
330
5CB
100
AcDbEntity
  8
Defpoints
 62
     0
440
 16777216
100
AcDbPoint
 10
13626.96498866976
 20
1581.443932275184
 30
0.0
  0
ENDBLK
  5
5CD
330
5CB
100
AcDbEntity
  8
0
100
AcDbBlockEnd
  0
BLOCK
  5
5D8
330
5D7
100
AcDbEntity
  8
0
100
AcDbBlockBegin
  2
*D53
 70
     1
 10
0.0
 20
0.0
 30
0.0
  3
*D53
  1

  0
LINE
  5
76B
330
5D7
100
AcDbEntity
  8
$Размеры
  6
Continuous
 62
     5
440
 16777216
370
    13
100
AcDbLine
 10
3326.964352149898
 20
2820.329061351495
 30
0.0
 11
3326.964352149898
 21
2179.147313565723
 31
0.0
  0
LINE
  5
76C
330
5D7
100
AcDbEntity
  8
$Размеры
  6
Continuous
 62
     5
440
 16777216
370
    13
100
AcDbLine
 10
2826.964352102399
 20
4264.611859399134
 30
0.0
 11
2826.964352102399
 21
2179.147313565723
 31
0.0
  0
LINE
  5
76D
330
5D7
100
AcDbEntity
  8
$Размеры
  6
Continuous
 62
     5
440
 16777216
370
    13
100
AcDbLine
 10
3326.964352149898
 20
2279.147313565724
 30
0.0
 11
2826.964352102399
 21
2279.147313565724
 31
0.0
  0
LINE
  5
76E
330
5D7
100
AcDbEntity
  8
$Размеры
  6
Continuous
 62
     5
440
 16777216
370
    13
100
AcDbLine
 10
2826.964352102399
 20
2279.147313565724
 30
0.0
 11
1984.977053994619
 21
2279.147313565724
 31
0.0
  0
INSERT
  5
76F
330
5D7
100
AcDbEntity
  8
$Размеры
 62
     5
440
 16777216
370
    13
100
AcDbBlockReference
  2
_Oblique
 10
3326.964352149898
 20
2279.147313565724
 30
0.0
 41
150.0
 42
150.0
 43
150.0
  0
INSERT
  5
770
330
5D7
100
AcDbEntity
  8
$Размеры
 62
     5
440
 16777216
370
    13
100
AcDbBlockReference
  2
_Oblique
 10
2826.964352102399
 20
2279.147313565724
 30
0.0
 41
150.0
 42
150.0
 43
150.0
 50
180.0
  0
MTEXT
  5
771
330
5D7
100
AcDbEntity
  8
$Размеры
 62
     5
440
 16777216
100
AcDbMText
 10
2330.970703048509
 20
2479.147313565724
 30
0.0
 40
250.0
 41
0.0
 46
0.0
 71
     5
 72
     1
  1
\A1;500
  7
@ТРАНСПРОЕКТ
 73
     1
 44
1.0
 90
        3
 63
     9
421
 13158600
 45
1.1
441
        0
  0
POINT
  5
772
330
5D7
100
AcDbEntity
  8
Defpoints
 62
     0
440
 16777216
100
AcDbPoint
 10
3326.964352149898
 20
2920.329061351495
 30
0.0
  0
POINT
  5
773
330
5D7
100
AcDbEntity
  8
Defpoints
 62
     0
440
 16777216
100
AcDbPoint
 10
2826.964352102399
 20
4364.611859399134
 30
0.0
  0
POINT
  5
774
330
5D7
100
AcDbEntity
  8
Defpoints
 62
     0
440
 16777216
100
AcDbPoint
 10
2826.964352102399
 20
2279.147313565724
 30
0.0
  0
ENDBLK
  5
5D9
330
5D7
100
AcDbEntity
  8
0
100
AcDbBlockEnd
  0
BLOCK
  5
5E5
330
5E4
100
AcDbEntity
  8
0
100
AcDbBlockBegin
  2
*D54
 70
     1
 10
0.0
 20
0.0
 30
0.0
  3
*D54
  1

  0
LINE
  5
775
330
5E4
100
AcDbEntity
  8
$Размеры
  6
Continuous
 62
     5
440
 16777216
370
    13
100
AcDbLine
 10
12776.96435215502
 20
2820.329061351495
 30
0.0
 11
12776.96435215502
 21
2179.147313565723
 31
0.0
  0
LINE
  5
776
330
5E4
100
AcDbEntity
  8
$Размеры
  6
Continuous
 62
     5
440
 16777216
370
    13
100
AcDbLine
 10
13153.75927134688
 20
4264.611859399134
 30
0.0
 11
13153.75927134688
 21
2179.147313565723
 31
0.0
  0
LINE
  5
777
330
5E4
100
AcDbEntity
  8
$Размеры
  6
Continuous
 62
     5
440
 16777216
370
    13
100
AcDbLine
 10
12776.96435215502
 20
2279.147313565724
 30
0.0
 11
13153.75927134688
 21
2279.147313565724
 31
0.0
  0
MTEXT
  5
778
330
5E4
100
AcDbEntity
  8
$Размеры
 62
     5
440
 16777216
100
AcDbMText
 10
12965.36181175095
 20
2479.147313565724
 30
0.0
 40
250.0
 41
0.0
 46
0.0
 71
     5
 72
     1
  1
\A1;377
  7
@ТРАНСПРОЕКТ
 73
     1
 44
1.0
 90
        3
 63
     9
421
 13158600
 45
1.1
441
        0
  0
INSERT
  5
779
330
5E4
100
AcDbEntity
  8
$Размеры
 62
     5
440
 16777216
370
    13
100
AcDbBlockReference
  2
_Oblique
 10
12776.96435215502
 20
2279.147313565724
 30
0.0
 41
150.0
 42
150.0
 43
150.0
 50
180.0
  0
INSERT
  5
77A
330
5E4
100
AcDbEntity
  8
$Размеры
 62
     5
440
 16777216
370
    13
100
AcDbBlockReference
  2
_Oblique
 10
13153.75927134688
 20
2279.147313565724
 30
0.0
 41
150.0
 42
150.0
 43
150.0
  0
POINT
  5
77B
330
5E4
100
AcDbEntity
  8
Defpoints
 62
     0
440
 16777216
100
AcDbPoint
 10
12776.96435215502
 20
2920.329061351495
 30
0.0
  0
POINT
  5
77C
330
5E4
100
AcDbEntity
  8
Defpoints
 62
     0
440
 16777216
100
AcDbPoint
 10
13153.75927134688
 20
4364.611859399134
 30
0.0
  0
POINT
  5
77D
330
5E4
100
AcDbEntity
  8
Defpoints
 62
     0
440
 16777216
100
AcDbPoint
 10
13153.75927134688
 20
2279.147313565724
 30
0.0
  0
ENDBLK
  5
5E6
330
5E4
100
AcDbEntity
  8
0
100
AcDbBlockEnd
  0
BLOCK
  5
5F1
330
5F0
100
AcDbEntity
  8
0
100
AcDbBlockBegin
  2
*D55
 70
     1
 10
0.0
 20
0.0
 30
0.0
  3
*D55
  1

  0
LINE
  5
77E
330
5F0
100
AcDbEntity
  8
$Размеры
  6
Continuous
 62
     5
440
 16777216
370
    13
100
AcDbLine
 10
12776.96435215502
 20
2820.329061351495
 30
0.0
 11
12776.96435215502
 21
2179.147313565723
 31
0.0
  0
LINE
  5
77F
330
5F0
100
AcDbEntity
  8
$Размеры
  6
Continuous
 62
     5
440
 16777216
370
    13
100
AcDbLine
 10
11726.96435215129
 20
2820.329061351495
 30
0.0
 11
11726.96435215129
 21
2179.147313565723
 31
0.0
  0
LINE
  5
780
330
5F0
100
AcDbEntity
  8
$Размеры
  6
Continuous
 62
     5
440
 16777216
370
    13
100
AcDbLine
 10
12776.96435215502
 20
2279.147313565724
 30
0.0
 11
11726.96435215129
 21
2279.147313565724
 31
0.0
  0
INSERT
  5
781
330
5F0
100
AcDbEntity
  8
$Размеры
 62
     5
440
 16777216
370
    13
100
AcDbBlockReference
  2
_Oblique
 10
12776.96435215502
 20
2279.147313565724
 30
0.0
 41
150.0
 42
150.0
 43
150.0
  0
INSERT
  5
782
330
5F0
100
AcDbEntity
  8
$Размеры
 62
     5
440
 16777216
370
    13
100
AcDbBlockReference
  2
_Oblique
 10
11726.96435215129
 20
2279.147313565724
 30
0.0
 41
150.0
 42
150.0
 43
150.0
 50
180.0
  0
MTEXT
  5
783
330
5F0
100
AcDbEntity
  8
$Размеры
 62
     5
440
 16777216
100
AcDbMText
 10
12251.96435215315
 20
2479.147313565724
 30
0.0
 40
250.0
 41
0.0
 46
0.0
 71
     5
 72
     1
  1
\A1;1050
  7
@ТРАНСПРОЕКТ
 73
     1
 44
1.0
 90
        3
 63
     9
421
 13158600
 45
1.1
441
        0
  0
POINT
  5
784
330
5F0
100
AcDbEntity
  8
Defpoints
 62
     0
440
 16777216
100
AcDbPoint
 10
12776.96435215502
 20
2920.329061351495
 30
0.0
  0
POINT
  5
785
330
5F0
100
AcDbEntity
  8
Defpoints
 62
     0
440
 16777216
100
AcDbPoint
 10
11726.96435215129
 20
2920.329061351495
 30
0.0
  0
POINT
  5
786
330
5F0
100
AcDbEntity
  8
Defpoints
 62
     0
440
 16777216
100
AcDbPoint
 10
11726.96435215129
 20
2279.147313565724
 30
0.0
  0
ENDBLK
  5
5F2
330
5F0
100
AcDbEntity
  8
0
100
AcDbBlockEnd
  0
BLOCK
  5
5FD
330
5FC
100
AcDbEntity
  8
0
100
AcDbBlockBegin
  2
*D56
 70
     1
 10
0.0
 20
0.0
 30
0.0
  3
*D56
  1

  0
LINE
  5
787
330
5FC
100
AcDbEntity
  8
$Размеры
  6
Continuous
 62
     5
440
 16777216
370
    13
100
AcDbLine
 10
11726.96435215129
 20
2820.329061351495
 30
0.0
 11
11726.96435215129
 21
2179.147313565723
 31
0.0
  0
LINE
  5
788
330
5FC
100
AcDbEntity
  8
$Размеры
  6
Continuous
 62
     5
440
 16777216
370
    13
100
AcDbLine
 10
3326.964352149898
 20
2820.329061351495
 30
0.0
 11
3326.964352149898
 21
2179.147313565723
 31
0.0
  0
LINE
  5
789
330
5FC
100
AcDbEntity
  8
$Размеры
  6
Continuous
 62
     5
440
 16777216
370
    13
100
AcDbLine
 10
11726.96435215129
 20
2279.147313565724
 30
0.0
 11
3326.964352149898
 21
2279.147313565724
 31
0.0
  0
INSERT
  5
78A
330
5FC
100
AcDbEntity
  8
$Размеры
 62
     5
440
 16777216
370
    13
100
AcDbBlockReference
  2
_Oblique
 10
11726.96435215129
 20
2279.147313565724
 30
0.0
 41
150.0
 42
150.0
 43
150.0
  0
INSERT
  5
78B
330
5FC
100
AcDbEntity
  8
$Размеры
 62
     5
440
 16777216
370
    13
100
AcDbBlockReference
  2
_Oblique
 10
3326.964352149898
 20
2279.147313565724
 30
0.0
 41
150.0
 42
150.0
 43
150.0
 50
180.0
  0
MTEXT
  5
78C
330
5FC
100
AcDbEntity
  8
$Размеры
 62
     5
440
 16777216
100
AcDbMText
 10
7526.964352150592
 20
2479.147313565724
 30
0.0
 40
250.0
 41
0.0
 46
0.0
 71
     5
 72
     1
  1
\A1;4х2100=8400
  7
@ТРАНСПРОЕКТ
 73
     1
 44
1.0
 90
        3
 63
     9
421
 13158600
 45
1.1
441
        0
  0
POINT
  5
78D
330
5FC
100
AcDbEntity
  8
Defpoints
 62
     0
440
 16777216
100
AcDbPoint
 10
11726.96435215129
 20
2920.329061351495
 30
0.0
  0
POINT
  5
78E
330
5FC
100
AcDbEntity
  8
Defpoints
 62
     0
440
 16777216
100
AcDbPoint
 10
3326.964352149898
 20
2920.329061351495
 30
0.0
  0
POINT
  5
78F
330
5FC
100
AcDbEntity
  8
Defpoints
 62
     0
440
 16777216
100
AcDbPoint
 10
3326.964352149898
 20
2279.147313565724
 30
0.0
  0
ENDBLK
  5
5FE
330
5FC
100
AcDbEntity
  8
0
100
AcDbBlockEnd
  0
BLOCK
  5
609
330
608
100
AcDbEntity
  8
0
100
AcDbBlockBegin
  2
*D57
 70
     1
 10
0.0
 20
0.0
 30
0.0
  3
*D57
  1

  0
LINE
  5
790
330
608
100
AcDbEntity
  8
$Размеры
  6
Continuous
 62
     5
440
 16777216
370
    13
100
AcDbLine
 10
19053.75927134688
 20
4364.611859399135
 30
0.0
 11
18669.67736969835
 21
4364.611859399135
 31
0.0
  0
LINE
  5
791
330
608
100
AcDbEntity
  8
$Размеры
  6
Continuous
 62
     5
440
 16777216
370
    13
100
AcDbLine
 10
19053.75927134688
 20
5564.611859399136
 30
0.0
 11
18669.67736969835
 21
5564.611859399136
 31
0.0
  0
LINE
  5
792
330
608
100
AcDbEntity
  8
$Размеры
  6
Continuous
 62
     5
440
 16777216
370
    13
100
AcDbLine
 10
18769.67736969835
 20
4364.611859399135
 30
0.0
 11
18769.67736969835
 21
5564.611859399136
 31
0.0
  0
INSERT
  5
793
330
608
100
AcDbEntity
  8
$Размеры
 62
     5
440
 16777216
370
    13
100
AcDbBlockReference
  2
_Oblique
 10
18769.67736969835
 20
4364.611859399135
 30
0.0
 41
150.0
 42
150.0
 43
150.0
 50
270.0
  0
INSERT
  5
794
330
608
100
AcDbEntity
  8
$Размеры
 62
     5
440
 16777216
370
    13
100
AcDbBlockReference
  2
_Oblique
 10
18769.67736969835
 20
5564.611859399136
 30
0.0
 41
150.0
 42
150.0
 43
150.0
 50
90.0
  0
MTEXT
  5
795
330
608
100
AcDbEntity
  8
$Размеры
 62
     5
440
 16777216
100
AcDbMText
 10
18569.67736969835
 20
4964.61185939913
 30
0.0
 40
250.0
 41
0.0
 46
0.0
 71
     5
 72
     1
  1
\A1;1200
  7
@ТРАНСПРОЕКТ
 11
0.0000000000000001
 21
1.0
 31
0.0
 73
     1
 44
1.0
 90
        3
 63
     9
421
 13158600
 45
1.1
441
        0
  0
POINT
  5
796
330
608
100
AcDbEntity
  8
Defpoints
 62
     0
440
 16777216
100
AcDbPoint
 10
19153.75927134688
 20
4364.611859399135
 30
0.0
  0
POINT
  5
797
330
608
100
AcDbEntity
  8
Defpoints
 62
     0
440
 16777216
100
AcDbPoint
 10
19153.75927134688
 20
5564.611859399136
 30
0.0
  0
POINT
  5
798
330
608
100
AcDbEntity
  8
Defpoints
 62
     0
440
 16777216
100
AcDbPoint
 10
18769.67736969835
 20
5564.611859399136
 30
0.0
  0
ENDBLK
  5
60A
330
608
100
AcDbEntity
  8
0
100
AcDbBlockEnd
  0
BLOCK
  5
615
330
614
100
AcDbEntity
  8
0
100
AcDbBlockBegin
  2
*D58
 70
     1
 10
0.0
 20
0.0
 30
0.0
  3
*D58
  1

  0
LINE
  5
799
330
614
100
AcDbEntity
  8
$Размеры
  6
Continuous
 62
     5
440
 16777216
370
    13
100
AcDbLine
 10
19053.75927134688
 20
5564.611859399136
 30
0.0
 11
18669.67736969835
 21
5564.611859399136
 31
0.0
  0
LINE
  5
79A
330
614
100
AcDbEntity
  8
$Размеры
  6
Continuous
 62
     5
440
 16777216
370
    13
100
AcDbLine
 10
20353.75927134688
 20
5694.611859399135
 30
0.0
 11
18669.67736969835
 21
5694.611859399135
 31
0.0
  0
LINE
  5
79B
330
614
100
AcDbEntity
  8
$Размеры
  6
Continuous
 62
     5
440
 16777216
370
    13
100
AcDbLine
 10
18769.67736969835
 20
5564.611859399136
 30
0.0
 11
18769.67736969835
 21
5414.611859399136
 31
0.0
  0
LINE
  5
79C
330
614
100
AcDbEntity
  8
$Размеры
  6
Continuous
 62
     5
440
 16777216
370
    13
100
AcDbLine
 10
18769.67736969835
 20
5694.611859399135
 30
0.0
 11
18769.67736969835
 21
5844.611859399136
 31
0.0
  0
LINE
  5
79D
330
614
100
AcDbEntity
  8
$Размеры
  6
Continuous
 62
     5
440
 16777216
370
    13
100
AcDbLine
 10
18769.67736969835
 20
5629.611859399136
 30
0.0
 11
18239.62040751372
 21
5628.463347124421
 31
0.0
  0
LINE
  5
79E
330
614
100
AcDbEntity
  8
$Размеры
  6
Continuous
 62
     5
440
 16777216
370
    13
100
AcDbLine
 10
18239.62040751372
 20
5628.463347124421
 30
0.0
 11
18239.62040751372
 21
4986.476049016641
 31
0.0
  0
MTEXT
  5
79F
330
614
100
AcDbEntity
  8
$Размеры
 62
     5
440
 16777216
100
AcDbMText
 10
18039.62040751372
 20
5307.469698070526
 30
0.0
 40
250.0
 41
0.0
 46
0.0
 71
     5
 72
     1
  1
\A1;130
  7
@ТРАНСПРОЕКТ
 11
0.0000000000000001
 21
1.0
 31
0.0
 73
     1
 44
1.0
 90
        3
 63
     9
421
 13158600
 45
1.1
441
        0
  0
LINE
  5
7A0
330
614
100
AcDbEntity
  8
$Размеры
  6
Continuous
 62
     5
440
 16777216
370
    13
100
AcDbLine
 10
18769.67736969835
 20
5564.611859399136
 30
0.0
 11
18769.67736969835
 21
5694.611859399135
 31
0.0
  0
INSERT
  5
7A1
330
614
100
AcDbEntity
  8
$Размеры
 62
     5
440
 16777216
370
    13
100
AcDbBlockReference
  2
_Oblique
 10
18769.67736969835
 20
5564.611859399136
 30
0.0
 41
150.0
 42
150.0
 43
150.0
 50
90.0
  0
INSERT
  5
7A2
330
614
100
AcDbEntity
  8
$Размеры
 62
     5
440
 16777216
370
    13
100
AcDbBlockReference
  2
_Oblique
 10
18769.67736969835
 20
5694.611859399135
 30
0.0
 41
150.0
 42
150.0
 43
150.0
 50
270.0
  0
POINT
  5
7A3
330
614
100
AcDbEntity
  8
Defpoints
 62
     0
440
 16777216
100
AcDbPoint
 10
19153.75927134688
 20
5564.611859399136
 30
0.0
  0
POINT
  5
7A4
330
614
100
AcDbEntity
  8
Defpoints
 62
     0
440
 16777216
100
AcDbPoint
 10
20453.75927134688
 20
5694.611859399135
 30
0.0
  0
POINT
  5
7A5
330
614
100
AcDbEntity
  8
Defpoints
 62
     0
440
 16777216
100
AcDbPoint
 10
18769.67736969835
 20
5694.611859399135
 30
0.0
  0
ENDBLK
  5
616
330
614
100
AcDbEntity
  8
0
100
AcDbBlockEnd
  0
BLOCK
  5
625
330
624
100
AcDbEntity
  8
0
100
AcDbBlockBegin
  2
*D59
 70
     1
 10
0.0
 20
0.0
 30
0.0
  3
*D59
  1

  0
LINE
  5
7A6
330
624
100
AcDbEntity
  8
$Размеры
  6
Continuous
 62
     5
440
 16777216
370
    13
100
AcDbLine
 10
20353.75927134688
 20
5694.611859399135
 30
0.0
 11
18669.67736969835
 21
5694.611859399135
 31
0.0
  0
LINE
  5
7A7
330
624
100
AcDbEntity
  8
$Размеры
  6
Continuous
 62
     5
440
 16777216
370
    13
100
AcDbLine
 10
20653.75927134688
 20
5994.611859399135
 30
0.0
 11
18669.67736969835
 21
5994.611859399135
 31
0.0
  0
LINE
  5
7A8
330
624
100
AcDbEntity
  8
$Размеры
  6
Continuous
 62
     5
440
 16777216
370
    13
100
AcDbLine
 10
18769.67736969835
 20
5694.611859399135
 30
0.0
 11
18769.67736969835
 21
5994.611859399135
 31
0.0
  0
LINE
  5
7A9
330
624
100
AcDbEntity
  8
$Размеры
  6
Continuous
 62
     5
440
 16777216
370
    13
100
AcDbLine
 10
18769.67736969835
 20
5844.611859399136
 30
0.0
 11
18239.62040751326
 21
5844.92600857072
 31
0.0
  0
LINE
  5
7AA
330
624
100
AcDbEntity
  8
$Размеры
  6
Continuous
 62
     5
440
 16777216
370
    13
100
AcDbLine
 10
18239.62040751326
 20
5844.92600857072
 30
0.0
 11
18239.62040751326
 21
6536.913306678501
 31
0.0
  0
MTEXT
  5
7AB
330
624
100
AcDbEntity
  8
$Размеры
 62
     5
440
 16777216
100
AcDbMText
 10
18039.62040751325
 20
6190.919657624604
 30
0.0
 40
250.0
 41
0.0
 46
0.0
 71
     5
 72
     1
  1
\A1;300
  7
@ТРАНСПРОЕКТ
 11
0.0000000000000001
 21
1.0
 31
0.0
 73
     1
 44
1.0
 90
        3
 63
     9
421
 13158600
 45
1.1
441
        0
  0
INSERT
  5
7AC
330
624
100
AcDbEntity
  8
$Размеры
 62
     5
440
 16777216
370
    13
100
AcDbBlockReference
  2
_Oblique
 10
18769.67736969835
 20
5694.611859399135
 30
0.0
 41
150.0
 42
150.0
 43
150.0
 50
270.0
  0
INSERT
  5
7AD
330
624
100
AcDbEntity
  8
$Размеры
 62
     5
440
 16777216
370
    13
100
AcDbBlockReference
  2
_Oblique
 10
18769.67736969835
 20
5994.611859399135
 30
0.0
 41
150.0
 42
150.0
 43
150.0
 50
90.0
  0
POINT
  5
7AE
330
624
100
AcDbEntity
  8
Defpoints
 62
     0
440
 16777216
100
AcDbPoint
 10
20453.75927134688
 20
5694.611859399135
 30
0.0
  0
POINT
  5
7AF
330
624
100
AcDbEntity
  8
Defpoints
 62
     0
440
 16777216
100
AcDbPoint
 10
20753.75927134688
 20
5994.611859399135
 30
0.0
  0
POINT
  5
7B0
330
624
100
AcDbEntity
  8
Defpoints
 62
     0
440
 16777216
100
AcDbPoint
 10
18769.67736969835
 20
5994.611859399135
 30
0.0
  0
ENDBLK
  5
626
330
624
100
AcDbEntity
  8
0
100
AcDbBlockEnd
  0
BLOCK
  5
633
330
632
100
AcDbEntity
  8
0
100
AcDbBlockBegin
  2
*D60
 70
     1
 10
0.0
 20
0.0
 30
0.0
  3
*D60
  1

  0
LINE
  5
7B1
330
632
100
AcDbEntity
  8
$Размеры
  6
Continuous
 62
     5
440
 16777216
370
    13
100
AcDbLine
 10
20653.75927134688
 20
5994.611859399135
 30
0.0
 11
18669.67736969835
 21
5994.611859399135
 31
0.0
  0
LINE
  5
7B2
330
632
100
AcDbEntity
  8
$Размеры
  6
Continuous
 62
     5
440
 16777216
370
    13
100
AcDbLine
 10
20653.75927134688
 20
11564.61185939913
 30
0.0
 11
18669.67736969835
 21
11564.61185939913
 31
0.0
  0
LINE
  5
7B3
330
632
100
AcDbEntity
  8
$Размеры
  6
Continuous
 62
     5
440
 16777216
370
    13
100
AcDbLine
 10
18769.67736969835
 20
5994.611859399135
 30
0.0
 11
18769.67736969835
 21
11564.61185939913
 31
0.0
  0
INSERT
  5
7B4
330
632
100
AcDbEntity
  8
$Размеры
 62
     5
440
 16777216
370
    13
100
AcDbBlockReference
  2
_Oblique
 10
18769.67736969835
 20
5994.611859399135
 30
0.0
 41
150.0
 42
150.0
 43
150.0
 50
270.0
  0
INSERT
  5
7B5
330
632
100
AcDbEntity
  8
$Размеры
 62
     5
440
 16777216
370
    13
100
AcDbBlockReference
  2
_Oblique
 10
18769.67736969835
 20
11564.61185939913
 30
0.0
 41
150.0
 42
150.0
 43
150.0
 50
90.0
  0
MTEXT
  5
7B6
330
632
100
AcDbEntity
  8
$Размеры
 62
     5
440
 16777216
100
AcDbMText
 10
18569.67736969835
 20
8779.611859399127
 30
0.0
 40
250.0
 41
0.0
 46
0.0
 71
     5
 72
     1
  1
\A1;5570
  7
@ТРАНСПРОЕКТ
 11
0.0000000000000001
 21
1.0
 31
0.0
 73
     1
 44
1.0
 90
        3
 63
     9
421
 13158600
 45
1.1
441
        0
  0
POINT
  5
7B7
330
632
100
AcDbEntity
  8
Defpoints
 62
     0
440
 16777216
100
AcDbPoint
 10
20753.75927134688
 20
5994.611859399135
 30
0.0
  0
POINT
  5
7B8
330
632
100
AcDbEntity
  8
Defpoints
 62
     0
440
 16777216
100
AcDbPoint
 10
20753.75927134688
 20
11564.61185939913
 30
0.0
  0
POINT
  5
7B9
330
632
100
AcDbEntity
  8
Defpoints
 62
     0
440
 16777216
100
AcDbPoint
 10
18769.67736969835
 20
11564.61185939913
 30
0.0
  0
ENDBLK
  5
634
330
632
100
AcDbEntity
  8
0
100
AcDbBlockEnd
  0
BLOCK
  5
63F
330
63E
100
AcDbEntity
  8
0
100
AcDbBlockBegin
  2
*D61
 70
     1
 10
0.0
 20
0.0
 30
0.0
  3
*D61
  1

  0
LINE
  5
7BA
330
63E
100
AcDbEntity
  8
$Размеры
  6
Continuous
 62
     5
440
 16777216
370
    13
100
AcDbLine
 10
22253.75927134689
 20
4364.611859399135
 30
0.0
 11
22948.27768864523
 21
4364.611859399136
 31
0.0
  0
LINE
  5
7BB
330
63E
100
AcDbEntity
  8
$Размеры
  6
Continuous
 62
     5
440
 16777216
370
    13
100
AcDbLine
 10
22253.75927134689
 20
5564.611859399136
 30
0.0
 11
22948.27768864523
 21
5564.611859399136
 31
0.0
  0
LINE
  5
7BC
330
63E
100
AcDbEntity
  8
$Размеры
  6
Continuous
 62
     5
440
 16777216
370
    13
100
AcDbLine
 10
22848.27768864523
 20
4364.611859399136
 30
0.0
 11
22848.27768864523
 21
5564.611859399136
 31
0.0
  0
INSERT
  5
7BD
330
63E
100
AcDbEntity
  8
$Размеры
 62
     5
440
 16777216
370
    13
100
AcDbBlockReference
  2
_Oblique
 10
22848.27768864523
 20
4364.611859399136
 30
0.0
 41
150.0
 42
150.0
 43
150.0
 50
270.0
  0
INSERT
  5
7BE
330
63E
100
AcDbEntity
  8
$Размеры
 62
     5
440
 16777216
370
    13
100
AcDbBlockReference
  2
_Oblique
 10
22848.27768864523
 20
5564.611859399136
 30
0.0
 41
150.0
 42
150.0
 43
150.0
 50
90.0
  0
MTEXT
  5
7BF
330
63E
100
AcDbEntity
  8
$Размеры
 62
     5
440
 16777216
100
AcDbMText
 10
22648.27768864523
 20
4964.611859399129
 30
0.0
 40
250.0
 41
0.0
 46
0.0
 71
     5
 72
     1
  1
\A1;1200
  7
@ТРАНСПРОЕКТ
 11
0.0000000000000001
 21
1.0
 31
0.0
 73
     1
 44
1.0
 90
        3
 63
     9
421
 13158600
 45
1.1
441
        0
  0
POINT
  5
7C0
330
63E
100
AcDbEntity
  8
Defpoints
 62
     0
440
 16777216
100
AcDbPoint
 10
22153.75927134688
 20
4364.611859399135
 30
0.0
  0
POINT
  5
7C1
330
63E
100
AcDbEntity
  8
Defpoints
 62
     0
440
 16777216
100
AcDbPoint
 10
22153.75927134688
 20
5564.611859399136
 30
0.0
  0
POINT
  5
7C2
330
63E
100
AcDbEntity
  8
Defpoints
 62
     0
440
 16777216
100
AcDbPoint
 10
22848.27768864523
 20
5564.611859399136
 30
0.0
  0
ENDBLK
  5
640
330
63E
100
AcDbEntity
  8
0
100
AcDbBlockEnd
  0
BLOCK
  5
64B
330
64A
100
AcDbEntity
  8
0
100
AcDbBlockBegin
  2
*D62
 70
     1
 10
0.0
 20
0.0
 30
0.0
  3
*D62
  1

  0
LINE
  5
7C3
330
64A
100
AcDbEntity
  8
$Размеры
  6
Continuous
 62
     5
440
 16777216
370
    13
100
AcDbLine
 10
22253.75927134689
 20
5564.611859399136
 30
0.0
 11
22948.27768864523
 21
5564.611859399136
 31
0.0
  0
LINE
  5
7C4
330
64A
100
AcDbEntity
  8
$Размеры
  6
Continuous
 62
     5
440
 16777216
370
    13
100
AcDbLine
 10
21753.75927134688
 20
5614.611859399136
 30
0.0
 11
22948.27768864523
 21
5614.611859399136
 31
0.0
  0
LINE
  5
7C5
330
64A
100
AcDbEntity
  8
$Размеры
  6
Continuous
 62
     5
440
 16777216
370
    13
100
AcDbLine
 10
22848.27768864523
 20
5564.611859399136
 30
0.0
 11
22848.27768864523
 21
5414.611859399137
 31
0.0
  0
LINE
  5
7C6
330
64A
100
AcDbEntity
  8
$Размеры
  6
Continuous
 62
     5
440
 16777216
370
    13
100
AcDbLine
 10
22848.27768864523
 20
5614.611859399136
 30
0.0
 11
22848.27768864523
 21
5764.611859399137
 31
0.0
  0
LINE
  5
7C7
330
64A
100
AcDbEntity
  8
$Размеры
  6
Continuous
 62
     5
440
 16777216
370
    13
100
AcDbLine
 10
22848.27768864523
 20
5589.611859399137
 30
0.0
 11
23372.4911854136
 21
5587.285322018682
 31
0.0
  0
LINE
  5
7C8
330
64A
100
AcDbEntity
  8
$Размеры
  6
Continuous
 62
     5
440
 16777216
370
    13
100
AcDbLine
 10
23372.4911854136
 20
5587.285322018682
 30
0.0
 11
23372.4911854136
 21
5070.298023910901
 31
0.0
  0
MTEXT
  5
7C9
330
64A
100
AcDbEntity
  8
$Размеры
 62
     5
440
 16777216
100
AcDbMText
 10
23172.49118541359
 20
5328.791672964783
 30
0.0
 40
250.0
 41
0.0
 46
0.0
 71
     5
 72
     1
  1
\A1;50
  7
@ТРАНСПРОЕКТ
 11
0.0000000000000001
 21
1.0
 31
0.0
 73
     1
 44
1.0
 90
        3
 63
     9
421
 13158600
 45
1.1
441
        0
  0
LINE
  5
7CA
330
64A
100
AcDbEntity
  8
$Размеры
  6
Continuous
 62
     5
440
 16777216
370
    13
100
AcDbLine
 10
22848.27768864523
 20
5564.611859399136
 30
0.0
 11
22848.27768864523
 21
5614.611859399136
 31
0.0
  0
INSERT
  5
7CB
330
64A
100
AcDbEntity
  8
$Размеры
 62
     5
440
 16777216
370
    13
100
AcDbBlockReference
  2
_Oblique
 10
22848.27768864523
 20
5564.611859399136
 30
0.0
 41
150.0
 42
150.0
 43
150.0
 50
90.0
  0
INSERT
  5
7CC
330
64A
100
AcDbEntity
  8
$Размеры
 62
     5
440
 16777216
370
    13
100
AcDbBlockReference
  2
_Oblique
 10
22848.27768864523
 20
5614.611859399136
 30
0.0
 41
150.0
 42
150.0
 43
150.0
 50
270.0
  0
POINT
  5
7CD
330
64A
100
AcDbEntity
  8
Defpoints
 62
     0
440
 16777216
100
AcDbPoint
 10
22153.75927134688
 20
5564.611859399136
 30
0.0
  0
POINT
  5
7CE
330
64A
100
AcDbEntity
  8
Defpoints
 62
     0
440
 16777216
100
AcDbPoint
 10
21653.75927134689
 20
5614.611859399136
 30
0.0
  0
POINT
  5
7CF
330
64A
100
AcDbEntity
  8
Defpoints
 62
     0
440
 16777216
100
AcDbPoint
 10
22848.27768864523
 20
5614.611859399136
 30
0.0
  0
ENDBLK
  5
64C
330
64A
100
AcDbEntity
  8
0
100
AcDbBlockEnd
  0
BLOCK
  5
65B
330
65A
100
AcDbEntity
  8
0
100
AcDbBlockBegin
  2
*D63
 70
     1
 10
0.0
 20
0.0
 30
0.0
  3
*D63
  1

  0
LINE
  5
7D0
330
65A
100
AcDbEntity
  8
$Размеры
  6
Continuous
 62
     5
440
 16777216
370
    13
100
AcDbLine
 10
21753.75927134688
 20
5614.611859399136
 30
0.0
 11
22948.27768864523
 21
5614.611859399136
 31
0.0
  0
LINE
  5
7D1
330
65A
100
AcDbEntity
  8
$Размеры
  6
Continuous
 62
     5
440
 16777216
370
    13
100
AcDbLine
 10
21453.75927134689
 20
5914.611859399136
 30
0.0
 11
22948.27768864523
 21
5914.611859399137
 31
0.0
  0
LINE
  5
7D2
330
65A
100
AcDbEntity
  8
$Размеры
  6
Continuous
 62
     5
440
 16777216
370
    13
100
AcDbLine
 10
22848.27768864523
 20
5614.611859399136
 30
0.0
 11
22848.27768864523
 21
5914.611859399137
 31
0.0
  0
LINE
  5
7D3
330
65A
100
AcDbEntity
  8
$Размеры
  6
Continuous
 62
     5
440
 16777216
370
    13
100
AcDbLine
 10
22848.27768864523
 20
5764.611859399137
 30
0.0
 11
23372.4911854136
 21
5765.617393159563
 31
0.0
  0
LINE
  5
7D4
330
65A
100
AcDbEntity
  8
$Размеры
  6
Continuous
 62
     5
440
 16777216
370
    13
100
AcDbLine
 10
23372.4911854136
 20
5765.617393159563
 30
0.0
 11
23372.4911854136
 21
6457.604691267345
 31
0.0
  0
MTEXT
  5
7D5
330
65A
100
AcDbEntity
  8
$Размеры
 62
     5
440
 16777216
100
AcDbMText
 10
23172.49118541359
 20
6111.611042213445
 30
0.0
 40
250.0
 41
0.0
 46
0.0
 71
     5
 72
     1
  1
\A1;300
  7
@ТРАНСПРОЕКТ
 11
0.0000000000000001
 21
1.0
 31
0.0
 73
     1
 44
1.0
 90
        3
 63
     9
421
 13158600
 45
1.1
441
        0
  0
INSERT
  5
7D6
330
65A
100
AcDbEntity
  8
$Размеры
 62
     5
440
 16777216
370
    13
100
AcDbBlockReference
  2
_Oblique
 10
22848.27768864523
 20
5614.611859399136
 30
0.0
 41
150.0
 42
150.0
 43
150.0
 50
270.0
  0
INSERT
  5
7D7
330
65A
100
AcDbEntity
  8
$Размеры
 62
     5
440
 16777216
370
    13
100
AcDbBlockReference
  2
_Oblique
 10
22848.27768864523
 20
5914.611859399137
 30
0.0
 41
150.0
 42
150.0
 43
150.0
 50
90.0
  0
POINT
  5
7D8
330
65A
100
AcDbEntity
  8
Defpoints
 62
     0
440
 16777216
100
AcDbPoint
 10
21653.75927134689
 20
5614.611859399136
 30
0.0
  0
POINT
  5
7D9
330
65A
100
AcDbEntity
  8
Defpoints
 62
     0
440
 16777216
100
AcDbPoint
 10
21353.75927134688
 20
5914.611859399136
 30
0.0
  0
POINT
  5
7DA
330
65A
100
AcDbEntity
  8
Defpoints
 62
     0
440
 16777216
100
AcDbPoint
 10
22848.27768864523
 20
5914.611859399137
 30
0.0
  0
ENDBLK
  5
65C
330
65A
100
AcDbEntity
  8
0
100
AcDbBlockEnd
  0
BLOCK
  5
669
330
668
100
AcDbEntity
  8
0
100
AcDbBlockBegin
  2
*D64
 70
     1
 10
0.0
 20
0.0
 30
0.0
  3
*D64
  1

  0
LINE
  5
7DB
330
668
100
AcDbEntity
  8
$Размеры
  6
Continuous
 62
     5
440
 16777216
370
    13
100
AcDbLine
 10
21453.75927134689
 20
5914.611859399136
 30
0.0
 11
22948.27768864524
 21
5914.611859399137
 31
0.0
  0
LINE
  5
7DC
330
668
100
AcDbEntity
  8
$Размеры
  6
Continuous
 62
     5
440
 16777216
370
    13
100
AcDbLine
 10
21453.75927134689
 20
11564.61185939913
 30
0.0
 11
22948.27768864523
 21
11564.61185939913
 31
0.0
  0
LINE
  5
7DD
330
668
100
AcDbEntity
  8
$Размеры
  6
Continuous
 62
     5
440
 16777216
370
    13
100
AcDbLine
 10
22848.27768864524
 20
5914.611859399137
 30
0.0
 11
22848.27768864523
 21
11564.61185939913
 31
0.0
  0
INSERT
  5
7DE
330
668
100
AcDbEntity
  8
$Размеры
 62
     5
440
 16777216
370
    13
100
AcDbBlockReference
  2
_Oblique
 10
22848.27768864524
 20
5914.611859399137
 30
0.0
 41
150.0
 42
150.0
 43
150.0
 50
270.0
  0
INSERT
  5
7DF
330
668
100
AcDbEntity
  8
$Размеры
 62
     5
440
 16777216
370
    13
100
AcDbBlockReference
  2
_Oblique
 10
22848.27768864523
 20
11564.61185939913
 30
0.0
 41
150.0
 42
150.0
 43
150.0
 50
90.0
  0
MTEXT
  5
7E0
330
668
100
AcDbEntity
  8
$Размеры
 62
     5
440
 16777216
100
AcDbMText
 10
22648.27768864523
 20
8739.611859399127
 30
0.0
 40
250.0
 41
0.0
 46
0.0
 71
     5
 72
     1
  1
\A1;5650
  7
@ТРАНСПРОЕКТ
 11
0.0000000000000001
 21
1.0
 31
0.0
 73
     1
 44
1.0
 90
        3
 63
     9
421
 13158600
 45
1.1
441
        0
  0
POINT
  5
7E1
330
668
100
AcDbEntity
  8
Defpoints
 62
     0
440
 16777216
100
AcDbPoint
 10
21353.75927134688
 20
5914.611859399136
 30
0.0
  0
POINT
  5
7E2
330
668
100
AcDbEntity
  8
Defpoints
 62
     0
440
 16777216
100
AcDbPoint
 10
21353.75927134688
 20
11564.61185939913
 30
0.0
  0
POINT
  5
7E3
330
668
100
AcDbEntity
  8
Defpoints
 62
     0
440
 16777216
100
AcDbPoint
 10
22848.27768864523
 20
11564.61185939913
 30
0.0
  0
ENDBLK
  5
66A
330
668
100
AcDbEntity
  8
0
100
AcDbBlockEnd
  0
BLOCK
  5
675
330
674
100
AcDbEntity
  8
0
100
AcDbBlockBegin
  2
*D65
 70
     1
 10
0.0
 20
0.0
 30
0.0
  3
*D65
  1

  0
LINE
  5
7E4
330
674
100
AcDbEntity
  8
$Размеры
  6
Continuous
 62
     5
440
 16777216
370
    13
100
AcDbLine
 10
22253.75927134689
 20
4364.611859399135
 30
0.0
 11
23769.39053721345
 21
4364.611859399136
 31
0.0
  0
LINE
  5
7E5
330
674
100
AcDbEntity
  8
$Размеры
  6
Continuous
 62
     5
440
 16777216
370
    13
100
AcDbLine
 10
21453.75927134689
 20
11564.61185939913
 30
0.0
 11
23769.39053721345
 21
11564.61185939913
 31
0.0
  0
LINE
  5
7E6
330
674
100
AcDbEntity
  8
$Размеры
  6
Continuous
 62
     5
440
 16777216
370
    13
100
AcDbLine
 10
23669.39053721345
 20
4364.611859399136
 30
0.0
 11
23669.39053721345
 21
11564.61185939913
 31
0.0
  0
INSERT
  5
7E7
330
674
100
AcDbEntity
  8
$Размеры
 62
     5
440
 16777216
370
    13
100
AcDbBlockReference
  2
_Oblique
 10
23669.39053721345
 20
4364.611859399136
 30
0.0
 41
150.0
 42
150.0
 43
150.0
 50
270.0
  0
INSERT
  5
7E8
330
674
100
AcDbEntity
  8
$Размеры
 62
     5
440
 16777216
370
    13
100
AcDbBlockReference
  2
_Oblique
 10
23669.39053721345
 20
11564.61185939913
 30
0.0
 41
150.0
 42
150.0
 43
150.0
 50
90.0
  0
MTEXT
  5
7E9
330
674
100
AcDbEntity
  8
$Размеры
 62
     5
440
 16777216
100
AcDbMText
 10
23469.39053721345
 20
8725.522712182264
 30
0.0
 40
250.0
 41
0.0
 46
0.0
 71
     5
 72
     1
  1
\A1;7200
  7
@ТРАНСПРОЕКТ
 11
0.0000000000000001
 21
1.0
 31
0.0
 73
     1
 44
1.0
 90
        3
 63
     9
421
 13158600
 45
1.1
441
        0
  0
POINT
  5
7EA
330
674
100
AcDbEntity
  8
Defpoints
 62
     0
440
 16777216
100
AcDbPoint
 10
22153.75927134688
 20
4364.611859399135
 30
0.0
  0
POINT
  5
7EB
330
674
100
AcDbEntity
  8
Defpoints
 62
     0
440
 16777216
100
AcDbPoint
 10
21353.75927134688
 20
11564.61185939913
 30
0.0
  0
POINT
  5
7EC
330
674
100
AcDbEntity
  8
Defpoints
 62
     0
440
 16777216
100
AcDbPoint
 10
23669.39053721345
 20
11564.61185939913
 30
0.0
  0
ENDBLK
  5
676
330
674
100
AcDbEntity
  8
0
100
AcDbBlockEnd
  0
BLOCK
  5
681
330
680
100
AcDbEntity
  8
0
100
AcDbBlockBegin
  2
*D66
 70
     1
 10
0.0
 20
0.0
 30
0.0
  3
*D66
  1

  0
LINE
  5
7ED
330
680
100
AcDbEntity
  8
$Размеры
  6
Continuous
 62
     5
440
 16777216
370
    13
100
AcDbLine
 10
13253.75927134688
 20
4364.611859399135
 30
0.0
 11
14418.86998431425
 21
4364.611859399136
 31
0.0
  0
LINE
  5
7EE
330
680
100
AcDbEntity
  8
$Размеры
  6
Continuous
 62
     5
440
 16777216
370
    13
100
AcDbLine
 10
13726.96498866976
 20
5564.611859399136
 30
0.0
 11
14418.86998431425
 21
5564.611859399136
 31
0.0
  0
LINE
  5
7EF
330
680
100
AcDbEntity
  8
$Размеры
  6
Continuous
 62
     5
440
 16777216
370
    13
100
AcDbLine
 10
14318.86998431425
 20
4364.611859399135
 30
0.0
 11
14318.86998431425
 21
5564.611859399136
 31
0.0
  0
INSERT
  5
7F0
330
680
100
AcDbEntity
  8
$Размеры
 62
     5
440
 16777216
370
    13
100
AcDbBlockReference
  2
_Oblique
 10
14318.86998431425
 20
4364.611859399135
 30
0.0
 41
150.0
 42
150.0
 43
150.0
 50
270.0
  0
INSERT
  5
7F1
330
680
100
AcDbEntity
  8
$Размеры
 62
     5
440
 16777216
370
    13
100
AcDbBlockReference
  2
_Oblique
 10
14318.86998431425
 20
5564.611859399136
 30
0.0
 41
150.0
 42
150.0
 43
150.0
 50
90.0
  0
MTEXT
  5
7F2
330
680
100
AcDbEntity
  8
$Размеры
 62
     5
440
 16777216
100
AcDbMText
 10
14118.86998431425
 20
4964.611859399131
 30
0.0
 40
250.0
 41
0.0
 46
0.0
 71
     5
 72
     1
  1
\A1;1200
  7
@ТРАНСПРОЕКТ
 11
0.0000000000000001
 21
1.0
 31
0.0
 73
     1
 44
1.0
 90
        3
 63
     9
421
 13158600
 45
1.1
441
        0
  0
POINT
  5
7F3
330
680
100
AcDbEntity
  8
Defpoints
 62
     0
440
 16777216
100
AcDbPoint
 10
13153.75927134688
 20
4364.611859399135
 30
0.0
  0
POINT
  5
7F4
330
680
100
AcDbEntity
  8
Defpoints
 62
     0
440
 16777216
100
AcDbPoint
 10
13626.96498866977
 20
5564.611859399136
 30
0.0
  0
POINT
  5
7F5
330
680
100
AcDbEntity
  8
Defpoints
 62
     0
440
 16777216
100
AcDbPoint
 10
14318.86998431425
 20
5564.611859399136
 30
0.0
  0
ENDBLK
  5
682
330
680
100
AcDbEntity
  8
0
100
AcDbBlockEnd
  0
BLOCK
  5
68D
330
68C
100
AcDbEntity
  8
0
100
AcDbBlockBegin
  2
*D67
 70
     1
 10
0.0
 20
0.0
 30
0.0
  3
*D67
  1

  0
LINE
  5
7F6
330
68C
100
AcDbEntity
  8
$Размеры
  6
Continuous
 62
     5
440
 16777216
370
    13
100
AcDbLine
 10
13726.96498866976
 20
5564.611859399136
 30
0.0
 11
14418.86998431425
 21
5564.611859399136
 31
0.0
  0
LINE
  5
7F7
330
68C
100
AcDbEntity
  8
$Размеры
  6
Continuous
 62
     5
440
 16777216
370
    13
100
AcDbLine
 10
13600.16943286165
 20
5614.611859399136
 30
0.0
 11
14418.86998431425
 21
5614.611859399136
 31
0.0
  0
LINE
  5
7F8
330
68C
100
AcDbEntity
  8
$Размеры
  6
Continuous
 62
     5
440
 16777216
370
    13
100
AcDbLine
 10
14318.86998431425
 20
5564.611859399136
 30
0.0
 11
14318.86998431425
 21
5414.611859399136
 31
0.0
  0
LINE
  5
7F9
330
68C
100
AcDbEntity
  8
$Размеры
  6
Continuous
 62
     5
440
 16777216
370
    13
100
AcDbLine
 10
14318.86998431425
 20
5614.611859399136
 30
0.0
 11
14318.86998431425
 21
5764.611859399136
 31
0.0
  0
LINE
  5
7FA
330
68C
100
AcDbEntity
  8
$Размеры
  6
Continuous
 62
     5
440
 16777216
370
    13
100
AcDbLine
 10
14318.86998431425
 20
5589.611859399136
 30
0.0
 11
14825.54264777424
 21
5587.52938882775
 31
0.0
  0
LINE
  5
7FB
330
68C
100
AcDbEntity
  8
$Размеры
  6
Continuous
 62
     5
440
 16777216
370
    13
100
AcDbLine
 10
14825.54264777424
 20
5587.52938882775
 30
0.0
 11
14825.54264777424
 21
5070.542090719969
 31
0.0
  0
MTEXT
  5
7FC
330
68C
100
AcDbEntity
  8
$Размеры
 62
     5
440
 16777216
100
AcDbMText
 10
14625.54264777424
 20
5329.035739773854
 30
0.0
 40
250.0
 41
0.0
 46
0.0
 71
     5
 72
     1
  1
\A1;50
  7
@ТРАНСПРОЕКТ
 11
0.0000000000000001
 21
1.0
 31
0.0
 73
     1
 44
1.0
 90
        3
 63
     9
421
 13158600
 45
1.1
441
        0
  0
LINE
  5
7FD
330
68C
100
AcDbEntity
  8
$Размеры
  6
Continuous
 62
     5
440
 16777216
370
    13
100
AcDbLine
 10
14318.86998431425
 20
5564.611859399136
 30
0.0
 11
14318.86998431425
 21
5614.611859399136
 31
0.0
  0
INSERT
  5
7FE
330
68C
100
AcDbEntity
  8
$Размеры
 62
     5
440
 16777216
370
    13
100
AcDbBlockReference
  2
_Oblique
 10
14318.86998431425
 20
5564.611859399136
 30
0.0
 41
150.0
 42
150.0
 43
150.0
 50
90.0
  0
INSERT
  5
7FF
330
68C
100
AcDbEntity
  8
$Размеры
 62
     5
440
 16777216
370
    13
100
AcDbBlockReference
  2
_Oblique
 10
14318.86998431425
 20
5614.611859399136
 30
0.0
 41
150.0
 42
150.0
 43
150.0
 50
270.0
  0
POINT
  5
800
330
68C
100
AcDbEntity
  8
Defpoints
 62
     0
440
 16777216
100
AcDbPoint
 10
13626.96498866977
 20
5564.611859399136
 30
0.0
  0
POINT
  5
801
330
68C
100
AcDbEntity
  8
Defpoints
 62
     0
440
 16777216
100
AcDbPoint
 10
13500.16943286165
 20
5614.611859399136
 30
0.0
  0
POINT
  5
802
330
68C
100
AcDbEntity
  8
Defpoints
 62
     0
440
 16777216
100
AcDbPoint
 10
14318.86998431425
 20
5614.611859399136
 30
0.0
  0
ENDBLK
  5
68E
330
68C
100
AcDbEntity
  8
0
100
AcDbBlockEnd
  0
BLOCK
  5
69D
330
69C
100
AcDbEntity
  8
0
100
AcDbBlockBegin
  2
*D68
 70
     1
 10
0.0
 20
0.0
 30
0.0
  3
*D68
  1

  0
LINE
  5
803
330
69C
100
AcDbEntity
  8
$Размеры
  6
Continuous
 62
     5
440
 16777216
370
    13
100
AcDbLine
 10
13600.16943286165
 20
5614.611859399136
 30
0.0
 11
14418.86998431422
 21
5614.611859399136
 31
0.0
  0
LINE
  5
804
330
69C
100
AcDbEntity
  8
$Размеры
  6
Continuous
 62
     5
440
 16777216
370
    13
100
AcDbLine
 10
13426.9643521024
 20
5914.611859399136
 30
0.0
 11
14418.86998431422
 21
5914.611859399137
 31
0.0
  0
LINE
  5
805
330
69C
100
AcDbEntity
  8
$Размеры
  6
Continuous
 62
     5
440
 16777216
370
    13
100
AcDbLine
 10
14318.86998431422
 20
5614.611859399136
 30
0.0
 11
14318.86998431422
 21
5914.611859399136
 31
0.0
  0
LINE
  5
806
330
69C
100
AcDbEntity
  8
$Размеры
  6
Continuous
 62
     5
440
 16777216
370
    13
100
AcDbLine
 10
14318.86998431422
 20
5914.611859399136
 30
0.0
 11
14318.86998431422
 21
6756.599157507352
 31
0.0
  0
INSERT
  5
807
330
69C
100
AcDbEntity
  8
$Размеры
 62
     5
440
 16777216
370
    13
100
AcDbBlockReference
  2
_Oblique
 10
14318.86998431422
 20
5614.611859399136
 30
0.0
 41
150.0
 42
150.0
 43
150.0
 50
270.0
  0
INSERT
  5
808
330
69C
100
AcDbEntity
  8
$Размеры
 62
     5
440
 16777216
370
    13
100
AcDbBlockReference
  2
_Oblique
 10
14318.86998431422
 20
5914.611859399136
 30
0.0
 41
150.0
 42
150.0
 43
150.0
 50
90.0
  0
MTEXT
  5
809
330
69C
100
AcDbEntity
  8
$Размеры
 62
     5
440
 16777216
100
AcDbMText
 10
14118.86998431422
 20
6410.605508453456
 30
0.0
 40
250.0
 41
0.0
 46
0.0
 71
     5
 72
     1
  1
\A1;300
  7
@ТРАНСПРОЕКТ
 11
0.0000000000000001
 21
1.0
 31
0.0
 73
     1
 44
1.0
 90
        3
 63
     9
421
 13158600
 45
1.1
441
        0
  0
POINT
  5
80A
330
69C
100
AcDbEntity
  8
Defpoints
 62
     0
440
 16777216
100
AcDbPoint
 10
13500.16943286165
 20
5614.611859399136
 30
0.0
  0
POINT
  5
80B
330
69C
100
AcDbEntity
  8
Defpoints
 62
     0
440
 16777216
100
AcDbPoint
 10
13326.9643521024
 20
5914.611859399136
 30
0.0
  0
POINT
  5
80C
330
69C
100
AcDbEntity
  8
Defpoints
 62
     0
440
 16777216
100
AcDbPoint
 10
14318.86998431422
 20
5914.611859399136
 30
0.0
  0
ENDBLK
  5
69E
330
69C
100
AcDbEntity
  8
0
100
AcDbBlockEnd
  0
BLOCK
  5
6AA
330
6A9
100
AcDbEntity
  8
0
100
AcDbBlockBegin
  2
*D69
 70
     1
 10
0.0
 20
0.0
 30
0.0
  3
*D69
  1

  0
LINE
  5
80D
330
6A9
100
AcDbEntity
  8
$Размеры
  6
Continuous
 62
     5
440
 16777216
370
    13
100
AcDbLine
 10
13426.9643521024
 20
5914.611859399136
 30
0.0
 11
14418.86998431425
 21
5914.611859399137
 31
0.0
  0
LINE
  5
80E
330
6A9
100
AcDbEntity
  8
$Размеры
  6
Continuous
 62
     5
440
 16777216
370
    13
100
AcDbLine
 10
13253.75927134688
 20
11564.61185939913
 30
0.0
 11
14418.86998431425
 21
11564.61185939913
 31
0.0
  0
LINE
  5
80F
330
6A9
100
AcDbEntity
  8
$Размеры
  6
Continuous
 62
     5
440
 16777216
370
    13
100
AcDbLine
 10
14318.86998431425
 20
5914.611859399136
 30
0.0
 11
14318.86998431425
 21
11564.61185939913
 31
0.0
  0
INSERT
  5
810
330
6A9
100
AcDbEntity
  8
$Размеры
 62
     5
440
 16777216
370
    13
100
AcDbBlockReference
  2
_Oblique
 10
14318.86998431425
 20
5914.611859399136
 30
0.0
 41
150.0
 42
150.0
 43
150.0
 50
270.0
  0
INSERT
  5
811
330
6A9
100
AcDbEntity
  8
$Размеры
 62
     5
440
 16777216
370
    13
100
AcDbBlockReference
  2
_Oblique
 10
14318.86998431425
 20
11564.61185939913
 30
0.0
 41
150.0
 42
150.0
 43
150.0
 50
90.0
  0
MTEXT
  5
812
330
6A9
100
AcDbEntity
  8
$Размеры
 62
     5
440
 16777216
100
AcDbMText
 10
14118.86998431425
 20
8739.611859399131
 30
0.0
 40
250.0
 41
0.0
 46
0.0
 71
     5
 72
     1
  1
\A1;5650
  7
@ТРАНСПРОЕКТ
 11
0.0000000000000001
 21
1.0
 31
0.0
 73
     1
 44
1.0
 90
        3
 63
     9
421
 13158600
 45
1.1
441
        0
  0
POINT
  5
813
330
6A9
100
AcDbEntity
  8
Defpoints
 62
     0
440
 16777216
100
AcDbPoint
 10
13326.9643521024
 20
5914.611859399136
 30
0.0
  0
POINT
  5
814
330
6A9
100
AcDbEntity
  8
Defpoints
 62
     0
440
 16777216
100
AcDbPoint
 10
13153.75927134688
 20
11564.61185939913
 30
0.0
  0
POINT
  5
815
330
6A9
100
AcDbEntity
  8
Defpoints
 62
     0
440
 16777216
100
AcDbPoint
 10
14318.86998431425
 20
11564.61185939913
 30
0.0
  0
ENDBLK
  5
6AB
330
6A9
100
AcDbEntity
  8
0
100
AcDbBlockEnd
  0
BLOCK
  5
6B6
330
6B5
100
AcDbEntity
  8
0
100
AcDbBlockBegin
  2
*D70
 70
     1
 10
0.0
 20
0.0
 30
0.0
  3
*D70
  1

  0
LINE
  5
816
330
6B5
100
AcDbEntity
  8
∅16
  6
Continuous
 62
     5
440
 16777216
370
    13
100
AcDbLine
 10
22153.75927134688
 20
5664.611859399133
 30
0.0
 11
22153.75927134688
 21
6462.605562799854
 31
0.0
  0
LINE
  5
817
330
6B5
100
AcDbEntity
  8
∅16
  6
Continuous
 62
     5
440
 16777216
370
    13
100
AcDbLine
 10
21653.75927134688
 20
5714.611859399134
 30
0.0
 11
21653.75927134688
 21
6462.605562799854
 31
0.0
  0
LINE
  5
818
330
6B5
100
AcDbEntity
  8
∅16
  6
Continuous
 62
     5
440
 16777216
370
    13
100
AcDbLine
 10
22153.75927134688
 20
6362.605562799854
 30
0.0
 11
21653.75927134688
 21
6362.605562799854
 31
0.0
  0
INSERT
  5
819
330
6B5
100
AcDbEntity
  8
∅16
 62
     5
440
 16777216
370
    13
100
AcDbBlockReference
  2
_Oblique
 10
22153.75927134688
 20
6362.605562799854
 30
0.0
 41
150.0
 42
150.0
 43
150.0
  0
INSERT
  5
81A
330
6B5
100
AcDbEntity
  8
∅16
 62
     5
440
 16777216
370
    13
100
AcDbBlockReference
  2
_Oblique
 10
21653.75927134688
 20
6362.605562799854
 30
0.0
 41
150.0
 42
150.0
 43
150.0
 50
180.0
  0
MTEXT
  5
81B
330
6B5
100
AcDbEntity
  8
∅16
 62
     5
440
 16777216
100
AcDbMText
 10
21903.75927134688
 20
6562.605562799854
 30
0.0
 40
250.0
 41
0.0
 46
0.0
 71
     5
 72
     1
  1
\A1;500
  7
@ТРАНСПРОЕКТ
 73
     1
 44
1.0
 90
        3
 63
     9
421
 13158600
 45
1.1
441
        0
  0
POINT
  5
81C
330
6B5
100
AcDbEntity
  8
Defpoints
 62
     0
440
 16777216
100
AcDbPoint
 10
22153.75927134688
 20
5564.611859399134
 30
0.0
  0
POINT
  5
81D
330
6B5
100
AcDbEntity
  8
Defpoints
 62
     0
440
 16777216
100
AcDbPoint
 10
21653.75927134688
 20
5614.611859399134
 30
0.0
  0
POINT
  5
81E
330
6B5
100
AcDbEntity
  8
Defpoints
 62
     0
440
 16777216
100
AcDbPoint
 10
21653.75927134688
 20
6362.605562799854
 30
0.0
  0
ENDBLK
  5
6B7
330
6B5
100
AcDbEntity
  8
0
100
AcDbBlockEnd
  0
BLOCK
  5
6C2
330
6C1
100
AcDbEntity
  8
0
100
AcDbBlockBegin
  2
*D71
 70
     1
 10
0.0
 20
0.0
 30
0.0
  3
*D71
  1

  0
LINE
  5
81F
330
6C1
100
AcDbEntity
  8
∅16
  6
Continuous
 62
     5
440
 16777216
370
    13
100
AcDbLine
 10
21653.75927134688
 20
5714.611859399134
 30
0.0
 11
21653.75927134688
 21
6462.605562799854
 31
0.0
  0
LINE
  5
820
330
6C1
100
AcDbEntity
  8
∅16
  6
Continuous
 62
     5
440
 16777216
370
    13
100
AcDbLine
 10
21353.75927134688
 20
6014.611859399134
 30
0.0
 11
21353.75927134688
 21
6462.605562799854
 31
0.0
  0
LINE
  5
821
330
6C1
100
AcDbEntity
  8
∅16
  6
Continuous
 62
     5
440
 16777216
370
    13
100
AcDbLine
 10
21653.75927134688
 20
6362.605562799854
 30
0.0
 11
21353.75927134688
 21
6362.605562799854
 31
0.0
  0
LINE
  5
822
330
6C1
100
AcDbEntity
  8
∅16
  6
Continuous
 62
     5
440
 16777216
370
    13
100
AcDbLine
 10
21503.75927134688
 20
6362.605562799854
 30
0.0
 11
21661.59376578444
 21
6834.781600154016
 31
0.0
  0
LINE
  5
823
330
6C1
100
AcDbEntity
  8
∅16
  6
Continuous
 62
     5
440
 16777216
370
    13
100
AcDbLine
 10
21661.59376578444
 20
6834.781600154016
 30
0.0
 11
22353.58106389222
 21
6834.781600154016
 31
0.0
  0
MTEXT
  5
824
330
6C1
100
AcDbEntity
  8
∅16
 62
     5
440
 16777216
100
AcDbMText
 10
22007.58741483833
 20
7034.781600154016
 30
0.0
 40
250.0
 41
0.0
 46
0.0
 71
     5
 72
     1
  1
\A1;300
  7
@ТРАНСПРОЕКТ
 73
     1
 44
1.0
 90
        3
 63
     9
421
 13158600
 45
1.1
441
        0
  0
INSERT
  5
825
330
6C1
100
AcDbEntity
  8
∅16
 62
     5
440
 16777216
370
    13
100
AcDbBlockReference
  2
_Oblique
 10
21653.75927134688
 20
6362.605562799854
 30
0.0
 41
150.0
 42
150.0
 43
150.0
  0
INSERT
  5
826
330
6C1
100
AcDbEntity
  8
∅16
 62
     5
440
 16777216
370
    13
100
AcDbBlockReference
  2
_Oblique
 10
21353.75927134688
 20
6362.605562799854
 30
0.0
 41
150.0
 42
150.0
 43
150.0
 50
180.0
  0
POINT
  5
827
330
6C1
100
AcDbEntity
  8
Defpoints
 62
     0
440
 16777216
100
AcDbPoint
 10
21653.75927134688
 20
5614.611859399134
 30
0.0
  0
POINT
  5
828
330
6C1
100
AcDbEntity
  8
Defpoints
 62
     0
440
 16777216
100
AcDbPoint
 10
21353.75927134688
 20
5914.611859399133
 30
0.0
  0
POINT
  5
829
330
6C1
100
AcDbEntity
  8
Defpoints
 62
     0
440
 16777216
100
AcDbPoint
 10
21353.75927134688
 20
6362.605562799854
 30
0.0
  0
ENDBLK
  5
6C3
330
6C1
100
AcDbEntity
  8
0
100
AcDbBlockEnd
  0
BLOCK
  5
6D0
330
6CF
100
AcDbEntity
  8
0
100
AcDbBlockBegin
  2
*D72
 70
     1
 10
0.0
 20
0.0
 30
0.0
  3
*D72
  1

  0
LINE
  5
82A
330
6CF
100
AcDbEntity
  8
∅16
  6
Continuous
 62
     5
440
 16777216
370
    13
100
AcDbLine
 10
21353.75927134688
 20
6014.611859399134
 30
0.0
 11
21353.75927134688
 21
6462.605562799854
 31
0.0
  0
LINE
  5
82B
330
6CF
100
AcDbEntity
  8
∅16
  6
Continuous
 62
     5
440
 16777216
370
    13
100
AcDbLine
 10
20753.75927134688
 20
6094.611859399134
 30
0.0
 11
20753.75927134688
 21
6462.605562799854
 31
0.0
  0
LINE
  5
82C
330
6CF
100
AcDbEntity
  8
∅16
  6
Continuous
 62
     5
440
 16777216
370
    13
100
AcDbLine
 10
21353.75927134688
 20
6362.605562799854
 30
0.0
 11
20753.75927134688
 21
6362.605562799854
 31
0.0
  0
LINE
  5
82D
330
6CF
100
AcDbEntity
  8
∅16
  6
Continuous
 62
     5
440
 16777216
370
    13
100
AcDbLine
 10
21053.75927134688
 20
6362.605562799854
 30
0.0
 11
21586.0917739886
 21
7292.649763323145
 31
0.0
  0
LINE
  5
82E
330
6CF
100
AcDbEntity
  8
∅16
  6
Continuous
 62
     5
440
 16777216
370
    13
100
AcDbLine
 10
21586.0917739886
 20
7292.649763323145
 30
0.0
 11
22278.07907209638
 21
7292.649763323145
 31
0.0
  0
MTEXT
  5
82F
330
6CF
100
AcDbEntity
  8
∅16
 62
     5
440
 16777216
100
AcDbMText
 10
21932.08542304249
 20
7492.649763323145
 30
0.0
 40
250.0
 41
0.0
 46
0.0
 71
     5
 72
     1
  1
\A1;600
  7
@ТРАНСПРОЕКТ
 73
     1
 44
1.0
 90
        3
 63
     9
421
 13158600
 45
1.1
441
        0
  0
INSERT
  5
830
330
6CF
100
AcDbEntity
  8
∅16
 62
     5
440
 16777216
370
    13
100
AcDbBlockReference
  2
_Oblique
 10
21353.75927134688
 20
6362.605562799854
 30
0.0
 41
150.0
 42
150.0
 43
150.0
  0
INSERT
  5
831
330
6CF
100
AcDbEntity
  8
∅16
 62
     5
440
 16777216
370
    13
100
AcDbBlockReference
  2
_Oblique
 10
20753.75927134688
 20
6362.605562799854
 30
0.0
 41
150.0
 42
150.0
 43
150.0
 50
180.0
  0
POINT
  5
832
330
6CF
100
AcDbEntity
  8
Defpoints
 62
     0
440
 16777216
100
AcDbPoint
 10
21353.75927134688
 20
5914.611859399133
 30
0.0
  0
POINT
  5
833
330
6CF
100
AcDbEntity
  8
Defpoints
 62
     0
440
 16777216
100
AcDbPoint
 10
20753.75927134688
 20
5994.611859399134
 30
0.0
  0
POINT
  5
834
330
6CF
100
AcDbEntity
  8
Defpoints
 62
     0
440
 16777216
100
AcDbPoint
 10
20753.75927134688
 20
6362.605562799854
 30
0.0
  0
ENDBLK
  5
6D1
330
6CF
100
AcDbEntity
  8
0
100
AcDbBlockEnd
  0
BLOCK
  5
6DE
330
6DD
100
AcDbEntity
  8
0
100
AcDbBlockBegin
  2
*D73
 70
     1
 10
0.0
 20
0.0
 30
0.0
  3
*D73
  1

  0
LINE
  5
835
330
6DD
100
AcDbEntity
  8
∅16
  6
Continuous
 62
     5
440
 16777216
370
    13
100
AcDbLine
 10
20753.75927134688
 20
6094.611859399134
 30
0.0
 11
20753.75927134688
 21
6462.605562799854
 31
0.0
  0
LINE
  5
836
330
6DD
100
AcDbEntity
  8
∅16
  6
Continuous
 62
     5
440
 16777216
370
    13
100
AcDbLine
 10
20453.75927134688
 20
5794.611859399134
 30
0.0
 11
20453.75927134688
 21
6462.605562799854
 31
0.0
  0
LINE
  5
837
330
6DD
100
AcDbEntity
  8
∅16
  6
Continuous
 62
     5
440
 16777216
370
    13
100
AcDbLine
 10
20753.75927134688
 20
6362.605562799854
 30
0.0
 11
20453.75927134688
 21
6362.605562799854
 31
0.0
  0
LINE
  5
838
330
6DD
100
AcDbEntity
  8
∅16
  6
Continuous
 62
     5
440
 16777216
370
    13
100
AcDbLine
 10
20603.75927134688
 20
6362.605562799854
 30
0.0
 11
20603.32921842803
 21
6834.781600154016
 31
0.0
  0
LINE
  5
839
330
6DD
100
AcDbEntity
  8
∅16
  6
Continuous
 62
     5
440
 16777216
370
    13
100
AcDbLine
 10
20603.32921842803
 20
6834.781600154016
 30
0.0
 11
19911.34192032024
 21
6834.781600154016
 31
0.0
  0
MTEXT
  5
83A
330
6DD
100
AcDbEntity
  8
∅16
 62
     5
440
 16777216
100
AcDbMText
 10
20257.33556937414
 20
7034.781600154016
 30
0.0
 40
250.0
 41
0.0
 46
0.0
 71
     5
 72
     1
  1
\A1;300
  7
@ТРАНСПРОЕКТ
 73
     1
 44
1.0
 90
        3
 63
     9
421
 13158600
 45
1.1
441
        0
  0
INSERT
  5
83B
330
6DD
100
AcDbEntity
  8
∅16
 62
     5
440
 16777216
370
    13
100
AcDbBlockReference
  2
_Oblique
 10
20753.75927134688
 20
6362.605562799854
 30
0.0
 41
150.0
 42
150.0
 43
150.0
  0
INSERT
  5
83C
330
6DD
100
AcDbEntity
  8
∅16
 62
     5
440
 16777216
370
    13
100
AcDbBlockReference
  2
_Oblique
 10
20453.75927134688
 20
6362.605562799854
 30
0.0
 41
150.0
 42
150.0
 43
150.0
 50
180.0
  0
POINT
  5
83D
330
6DD
100
AcDbEntity
  8
Defpoints
 62
     0
440
 16777216
100
AcDbPoint
 10
20753.75927134688
 20
5994.611859399134
 30
0.0
  0
POINT
  5
83E
330
6DD
100
AcDbEntity
  8
Defpoints
 62
     0
440
 16777216
100
AcDbPoint
 10
20453.75927134688
 20
5694.611859399135
 30
0.0
  0
POINT
  5
83F
330
6DD
100
AcDbEntity
  8
Defpoints
 62
     0
440
 16777216
100
AcDbPoint
 10
20453.75927134688
 20
6362.605562799854
 30
0.0
  0
ENDBLK
  5
6DF
330
6DD
100
AcDbEntity
  8
0
100
AcDbBlockEnd
  0
BLOCK
  5
841
330
840
100
AcDbEntity
  8
0
 62
     5
100
AcDbBlockBegin
  2
_None
 70
     0
 10
0.0
 20
0.0
 30
0.0
  3
_None
  1

  0
ENDBLK
  5
842
330
840
100
AcDbEntity
  8
0
 62
     5
100
AcDbBlockEnd
  0
BLOCK
  5
845
330
843
100
AcDbEntity
  8
0
 62
     4
100
AcDbBlockBegin
  2
A$C11282C60
 70
     0
 10
0.0
 20
0.0
 30
0.0
  3
A$C11282C60
  1

  0
LWPOLYLINE
  5
846
330
843
100
AcDbEntity
  8
$Пунктир
 48
0.5
100
AcDbPolyline
 90
        4
 70
     1
 43
0.0
 10
0.0
 20
0.0
 10
0.3500000000931323
 20
0.0
 10
0.3500000000931323
 20
0.3499999999767169
 10
0.0
 20
0.3499999999767169
  0
LWPOLYLINE
  5
847
330
843
100
AcDbEntity
  8
$Оси
 48
0.5
100
AcDbPolyline
 90
        2
 70
     0
 43
0.0
 10
0.1750000000465661
 20
0.3499999999767169
 10
0.1750000000465661
 20
0.0
  0
LWPOLYLINE
  5
848
330
843
100
AcDbEntity
  8
$Оси
 48
0.5
100
AcDbPolyline
 90
        2
 70
     0
 43
0.0
 10
0.0
 20
0.1749999999883585
 10
0.3500000000931323
 20
0.1749999999883585
  0
ENDBLK
  5
849
330
843
100
AcDbEntity
  8
0
 62
     4
100
AcDbBlockEnd
  0
BLOCK
  5
84D
330
84A
100
AcDbEntity
  8
0
100
AcDbBlockBegin
  2
A$C0AF07C0A
 70
     0
 10
0.0
 20
0.0
 30
0.0
  3
A$C0AF07C0A
  1

  0
LWPOLYLINE
  5
84E
330
84A
100
AcDbEntity
  8
$Слои конструкции
100
AcDbPolyline
 90
        2
 70
     0
 43
0.0
 10
0.0005456618964672
 20
253.5901665019337
 10
9243.267285400536
 20
5590.192706880976
  0
LWPOLYLINE
  5
84F
330
84A
100
AcDbEntity
  8
$Слои конструкции
100
AcDbPolyline
 90
        6
 70
     0
 43
0.0
 10
9493.267285401932
 20
5157.180004986818
 10
7993.267285401002
 20
7755.25621634198
 10
0.0005456553772092
 20
3140.341512446408
 10
0.0005456479266286
 20
0.0003278980730101
 10
560.7700609145686
 20
0.0003278966760263
 10
9493.267285400536
 20
5157.180004988797
  0
LWPOLYLINE
  5
850
330
84A
100
AcDbEntity
  8
$Слои конструкции
100
AcDbPolyline
 90
        5
 70
     0
 43
0.0
 10
8793.267285400537
 20
6369.61557028722
 10
9093.267285400536
 20
5850.000328016351
 10
0.0005456642247736
 20
600.0003280167003
 10
0.0005456618964672
 20
1292.82065104309
 10
8793.267285400537
 20
6369.615570287105
  0
LWPOLYLINE
  5
851
330
84A
100
AcDbEntity
  8
$Слои конструкции
100
AcDbPolyline
 90
        2
 70
     0
 43
0.0
 10
0.0005456609651446
 20
1639.23081255611
 10
8643.267285400536
 20
6629.423191422481
  0
INSERT
  5
852
330
84A
100
AcDbEntity
  8
0
 62
     4
100
AcDbBlockReference
  2
A$C11282C60
 10
562.2600719970651
 20
376.1382611702428
 30
0.0
 41
999.9999999999996
 42
999.9999999999996
 43
999.9999999999996
 50
29.99999999983618
  0
INSERT
  5
853
330
84A
100
AcDbEntity
  8
0
 62
     4
100
AcDbBlockReference
  2
A$C11282C60
 10
1471.586745972745
 20
901.1382611674488
 30
0.0
 41
999.9999999999996
 42
999.9999999999996
 43
999.9999999999996
 50
29.99999999983618
  0
INSERT
  5
854
330
84A
100
AcDbEntity
  8
0
 62
     4
100
AcDbBlockReference
  2
A$C11282C60
 10
471.5867459755391
 20
2633.189068738256
 30
0.0
 41
999.9999999999996
 42
999.9999999999996
 43
999.9999999999996
 50
29.99999999983618
  0
INSERT
  5
855
330
84A
100
AcDbEntity
  8
0
 62
     4
100
AcDbBlockReference
  2
A$C11282C60
 10
2290.240093926899
 20
3683.189068732667
 30
0.0
 41
999.9999999999996
 42
999.9999999999996
 43
999.9999999999996
 50
29.99999999983618
  0
INSERT
  5
856
330
84A
100
AcDbEntity
  8
0
 62
     4
100
AcDbBlockReference
  2
A$C11282C60
 10
3290.240093923174
 20
1951.138261161861
 30
0.0
 41
999.9999999999996
 42
999.9999999999996
 43
999.9999999999996
 50
29.99999999983618
  0
INSERT
  5
857
330
84A
100
AcDbEntity
  8
0
 62
     4
100
AcDbBlockReference
  2
A$C11282C60
 10
4108.893441877326
 20
4733.189068727079
 30
0.0
 41
999.9999999999996
 42
999.9999999999996
 43
999.9999999999996
 50
29.99999999983618
  0
INSERT
  5
858
330
84A
100
AcDbEntity
  8
0
 62
     4
100
AcDbBlockReference
  2
A$C11282C60
 10
5108.893441874534
 20
3001.138261156273
 30
0.0
 41
999.9999999999996
 42
999.9999999999996
 43
999.9999999999996
 50
29.99999999983618
  0
INSERT
  5
859
330
84A
100
AcDbEntity
  8
0
 62
     4
100
AcDbBlockReference
  2
A$C11282C60
 10
5927.546789828688
 20
5783.189068721489
 30
0.0
 41
999.9999999999996
 42
999.9999999999996
 43
999.9999999999996
 50
29.99999999983618
  0
INSERT
  5
85A
330
84A
100
AcDbEntity
  8
0
 62
     4
100
AcDbBlockReference
  2
A$C11282C60
 10
6927.546789824963
 20
4051.138261150684
 30
0.0
 41
999.9999999999996
 42
999.9999999999996
 43
999.9999999999996
 50
29.99999999983618
  0
INSERT
  5
85B
330
84A
100
AcDbEntity
  8
0
 62
     4
100
AcDbBlockReference
  2
A$C11282C60
 10
7746.200137779116
 20
6833.189068715903
 30
0.0
 41
999.9999999999996
 42
999.9999999999996
 43
999.9999999999996
 50
29.99999999983618
  0
INSERT
  5
85C
330
84A
100
AcDbEntity
  8
0
 62
     4
100
AcDbBlockReference
  2
A$C11282C60
 10
8746.200137776323
 20
5101.138261145099
 30
0.0
 41
999.9999999999996
 42
999.9999999999996
 43
999.9999999999996
 50
29.99999999983618
  0
LWPOLYLINE
  5
85D
330
84A
100
AcDbEntity
  8
$Слои конструкции
100
AcDbPolyline
 90
        2
 70
     0
 43
0.0
 10
866.0259494339115
 20
1100.000328008202
 10
566.0259494339116
 20
1619.615570278955
  0
LWPOLYLINE
  5
85E
330
84A
100
AcDbEntity
  8
$Оси
 48
2.0
100
AcDbPolyline
 90
        2
 70
     0
 43
0.0
 10
8943.267285400741
 20
6109.807949151846
 10
0.0005456630590288
 20
946.4104895298945
  0
ENDBLK
  5
85F
330
84A
100
AcDbEntity
  8
0
100
AcDbBlockEnd
  0
BLOCK
  5
861
330
860
100
AcDbEntity
  8
0
100
AcDbBlockBegin
  2
*D77
 70
     1
 10
0.0
 20
0.0
 30
0.0
  3
*D77
  1

  0
ARC
  5
862
330
860
100
AcDbEntity
  8
$Размеры
  6
Continuous
 62
     5
440
 16777216
370
    13
100
AcDbCircle
 10
13738.61647980653
 20
10406.16796631911
 30
0.0
 40
4527.394525497157
100
AcDbArc
 50
180.0
 51
209.9999999999991
  0
INSERT
  5
863
330
860
100
AcDbEntity
  8
$Размеры
 62
     5
440
 16777216
370
    13
100
AcDbBlockReference
  2
_Oblique
 10
9211.221954309372
 20
10406.16796631911
 30
0.0
 41
150.0
 42
150.0
 43
150.0
 50
90.0
  0
INSERT
  5
864
330
860
100
AcDbEntity
  8
$Размеры
 62
     5
440
 16777216
370
    13
100
AcDbBlockReference
  2
_Oblique
 10
9817.777807771363
 20
8142.470703570589
 30
0.0
 41
150.0
 42
150.0
 43
150.0
 50
299.9999999999992
  0
MTEXT
  5
865
330
860
100
AcDbEntity
  8
$Размеры
 62
     5
440
 16777216
100
AcDbMText
 10
9476.964800754364
 20
9654.723792920549
 30
0.0
 40
250.0
 41
0.0
 46
0.0
 71
     5
 72
     1
  1
\A1;30°
  7
@ТРАНСПРОЕКТ
 11
0.1736481776669599
 21
-0.9848077530122028
 31
0.0
 73
     1
 44
1.0
 90
        3
 63
     9
421
 13158600
 45
1.1
441
        0
  0
POINT
  5
866
330
860
100
AcDbEntity
  8
Defpoints
 62
     0
440
 16777216
100
AcDbPoint
 10
9484.257252810316
 20
8857.707841816766
 30
0.0
  0
POINT
  5
867
330
860
100
AcDbEntity
  8
Defpoints
 62
     0
440
 16777216
100
AcDbPoint
 10
4645.349739965569
 20
5156.167966259039
 30
0.0
  0
POINT
  5
868
330
860
100
AcDbEntity
  8
Defpoints
 62
     0
440
 16777216
100
AcDbPoint
 10
13758.616479707
 20
10406.16796631911
 30
0.0
  0
POINT
  5
869
330
860
100
AcDbEntity
  8
Defpoints
 62
     0
440
 16777216
100
AcDbPoint
 10
8969.202960548512
 20
10406.16796631911
 30
0.0
  0
POINT
  5
86A
330
860
100
AcDbEntity
  8
Defpoints
 62
     0
440
 16777216
100
AcDbPoint
 10
13738.61647970188
 20
10406.16796625869
 30
0.0
  0
ENDBLK
  5
86B
330
860
100
AcDbEntity
  8
0
100
AcDbBlockEnd
  0
BLOCK
  5
86D
330
86C
100
AcDbEntity
  8
0
100
AcDbBlockBegin
  2
*D78
 70
     1
 10
0.0
 20
0.0
 30
0.0
  3
*D78
  1

  0
LINE
  5
86E
330
86C
100
AcDbEntity
  8
$Слои конструкции
  6
Continuous
 62
     5
440
 16777216
370
    13
100
AcDbLine
 10
4841.759355854228
 20
5615.975259557021
 30
0.0
 11
3801.965741025764
 21
5015.650136136462
 31
0.0
  0
LINE
  5
86F
330
86C
100
AcDbEntity
  8
$Слои конструкции
  6
Continuous
 62
     5
440
 16777216
370
    13
100
AcDbLine
 10
5841.759355851435
 20
3883.924451986334
 30
0.0
 11
4801.965741022971
 21
3283.599328565773
 31
0.0
  0
LINE
  5
870
330
86C
100
AcDbEntity
  8
$Слои конструкции
  6
Continuous
 62
     5
440
 16777216
370
    13
100
AcDbLine
 10
3888.568281404294
 20
5065.650136136319
 30
0.0
 11
4888.568281401497
 21
3333.599328565629
 31
0.0
  0
INSERT
  5
871
330
86C
100
AcDbEntity
  8
$Слои конструкции
 62
     5
440
 16777216
370
    13
100
AcDbBlockReference
  2
_Oblique
 10
3888.568281404294
 20
5065.650136136319
 30
0.0
 41
150.0
 42
150.0
 43
150.0
 50
119.9999999999047
  0
INSERT
  5
872
330
86C
100
AcDbEntity
  8
$Слои конструкции
 62
     5
440
 16777216
370
    13
100
AcDbBlockReference
  2
_Oblique
 10
4888.568281401497
 20
3333.599328565629
 30
0.0
 41
150.0
 42
150.0
 43
150.0
 50
299.9999999999047
  0
MTEXT
  5
873
330
86C
100
AcDbEntity
  8
$Слои конструкции
 62
     5
440
 16777216
100
AcDbMText
 10
4561.773362159918
 20
4299.624732350737
 30
0.0
 40
250.0
 41
0.0
 46
0.0
 71
     5
 72
     1
  1
\A1;2000
  7
@ТРАНСПРОЕКТ
 11
0.4999999999985598
 21
-0.8660254037852704
 31
0.0
 73
     1
 44
1.0
 90
        3
 63
     9
421
 13158600
 45
1.1
441
        0
  0
POINT
  5
874
330
86C
100
AcDbEntity
  8
Defpoints
 62
     0
440
 16777216
100
AcDbPoint
 10
4928.361896232754
 20
5665.975259556879
 30
0.0
  0
POINT
  5
875
330
86C
100
AcDbEntity
  8
Defpoints
 62
     0
440
 16777216
100
AcDbPoint
 10
5928.361896229961
 20
3933.92445198619
 30
0.0
  0
POINT
  5
876
330
86C
100
AcDbEntity
  8
Defpoints
 62
     0
440
 16777216
100
AcDbPoint
 10
4888.568281401497
 20
3333.599328565629
 30
0.0
  0
ENDBLK
  5
877
330
86C
100
AcDbEntity
  8
0
100
AcDbBlockEnd
  0
BLOCK
  5
879
330
878
100
AcDbEntity
  8
0
100
AcDbBlockBegin
  2
*D79
 70
     1
 10
0.0
 20
0.0
 30
0.0
  3
*D79
  1

  0
LINE
  5
87A
330
878
100
AcDbEntity
  8
$Слои конструкции
  6
Continuous
 62
     5
440
 16777216
370
    13
100
AcDbLine
 10
4408.746653939208
 20
5365.97525949633
 30
0.0
 11
3801.965189827638
 21
5015.649817852112
 31
0.0
  0
LINE
  5
87B
330
878
100
AcDbEntity
  8
$Слои конструкции
  6
Continuous
 62
     5
440
 16777216
370
    13
100
AcDbLine
 10
4158.746653939207
 20
5798.987961388391
 30
0.0
 11
3551.965189827637
 21
5448.662519744175
 31
0.0
  0
LINE
  5
87C
330
878
100
AcDbEntity
  8
$Слои конструкции
  6
Continuous
 62
     5
440
 16777216
370
    13
100
AcDbLine
 10
3888.567730206074
 20
5065.649817852126
 30
0.0
 11
3638.567730206073
 21
5498.662519744185
 31
0.0
  0
LINE
  5
87D
330
878
100
AcDbEntity
  8
$Слои конструкции
  6
Continuous
 62
     5
440
 16777216
370
    13
100
AcDbLine
 10
3638.567730206073
 20
5498.662519744185
 30
0.0
 11
3217.574081152068
 21
6227.84490956928
 31
0.0
  0
INSERT
  5
87E
330
878
100
AcDbEntity
  8
$Слои конструкции
 62
     5
440
 16777216
370
    13
100
AcDbBlockReference
  2
_Oblique
 10
3888.567730206074
 20
5065.649817852126
 30
0.0
 41
150.0
 42
150.0
 43
150.0
 50
300.0000000000091
  0
INSERT
  5
87F
330
878
100
AcDbEntity
  8
$Слои конструкции
 62
     5
440
 16777216
370
    13
100
AcDbBlockReference
  2
_Oblique
 10
3638.567730206073
 20
5498.662519744185
 30
0.0
 41
150.0
 42
150.0
 43
150.0
 50
120.000000000009
  0
MTEXT
  5
880
330
878
100
AcDbEntity
  8
$Слои конструкции
 62
     5
440
 16777216
100
AcDbMText
 10
3563.775986435933
 20
6028.205619940589
 30
0.0
 40
250.0
 41
0.0
 46
0.0
 71
     5
 72
     1
  1
\A1;500
  7
@ТРАНСПРОЕКТ
 11
0.5000000000001373
 21
-0.8660254037843593
 31
0.0
 73
     1
 44
1.0
 90
        3
 63
     9
421
 13158600
 45
1.1
441
        0
  0
POINT
  5
881
330
878
100
AcDbEntity
  8
Defpoints
 62
     0
440
 16777216
100
AcDbPoint
 10
4495.349194317642
 20
5415.975259496343
 30
0.0
  0
POINT
  5
882
330
878
100
AcDbEntity
  8
Defpoints
 62
     0
440
 16777216
100
AcDbPoint
 10
4245.349194317642
 20
5848.987961388406
 30
0.0
  0
POINT
  5
883
330
878
100
AcDbEntity
  8
Defpoints
 62
     0
440
 16777216
100
AcDbPoint
 10
3638.567730206073
 20
5498.662519744185
 30
0.0
  0
ENDBLK
  5
884
330
878
100
AcDbEntity
  8
0
100
AcDbBlockEnd
  0
BLOCK
  5
886
330
885
100
AcDbEntity
  8
0
100
AcDbBlockBegin
  2
*D80
 70
     1
 10
0.0
 20
0.0
 30
0.0
  3
*D80
  1

  0
LINE
  5
887
330
885
100
AcDbEntity
  8
$Слои конструкции
  6
Continuous
 62
     5
440
 16777216
370
    13
100
AcDbLine
 10
5841.7593558515
 20
3883.924451986101
 30
0.0
 11
4801.965741023864
 21
3283.599328564152
 31
0.0
  0
LINE
  5
888
330
885
100
AcDbEntity
  8
$Слои конструкции
  6
Continuous
 62
     5
440
 16777216
370
    13
100
AcDbLine
 10
6091.759355871523
 20
3450.911750058884
 30
0.0
 11
5051.965741043886
 21
2850.586626636935
 31
0.0
  0
LINE
  5
889
330
885
100
AcDbEntity
  8
$Слои конструкции
  6
Continuous
 62
     5
440
 16777216
370
    13
100
AcDbLine
 10
4888.568281402324
 20
3333.599328564125
 30
0.0
 11
5138.568281422347
 21
2900.586626636906
 31
0.0
  0
LINE
  5
88A
330
885
100
AcDbEntity
  8
$Слои конструкции
  6
Continuous
 62
     5
440
 16777216
370
    13
100
AcDbLine
 10
5138.568281422347
 20
2900.586626636906
 30
0.0
 11
5559.561930476005
 21
2171.404236811612
 31
0.0
  0
INSERT
  5
88B
330
885
100
AcDbEntity
  8
$Слои конструкции
 62
     5
440
 16777216
370
    13
100
AcDbBlockReference
  2
_Oblique
 10
4888.568281402324
 20
3333.599328564125
 30
0.0
 41
150.0
 42
150.0
 43
150.0
 50
119.9999999999818
  0
INSERT
  5
88C
330
885
100
AcDbEntity
  8
$Слои конструкции
 62
     5
440
 16777216
370
    13
100
AcDbBlockReference
  2
_Oblique
 10
5138.568281422347
 20
2900.586626636906
 30
0.0
 41
150.0
 42
150.0
 43
150.0
 50
299.9999999999818
  0
MTEXT
  5
88D
330
885
100
AcDbEntity
  8
$Слои конструкции
 62
     5
440
 16777216
100
AcDbMText
 10
5559.770186706074
 20
2571.04352644036
 30
0.0
 40
250.0
 41
0.0
 46
0.0
 71
     5
 72
     1
  1
\A1;500
  7
@ТРАНСПРОЕКТ
 11
0.4999999999997251
 21
-0.8660254037845975
 31
0.0
 73
     1
 44
1.0
 90
        3
 63
     9
421
 13158600
 45
1.1
441
        0
  0
POINT
  5
88E
330
885
100
AcDbEntity
  8
Defpoints
 62
     0
440
 16777216
100
AcDbPoint
 10
5928.36189622996
 20
3933.924451986074
 30
0.0
  0
POINT
  5
88F
330
885
100
AcDbEntity
  8
Defpoints
 62
     0
440
 16777216
100
AcDbPoint
 10
6178.361896249983
 20
3500.911750058855
 30
0.0
  0
POINT
  5
890
330
885
100
AcDbEntity
  8
Defpoints
 62
     0
440
 16777216
100
AcDbPoint
 10
5138.568281422347
 20
2900.586626636906
 30
0.0
  0
ENDBLK
  5
891
330
885
100
AcDbEntity
  8
0
100
AcDbBlockEnd
  0
BLOCK
  5
893
330
892
100
AcDbEntity
  8
0
100
AcDbBlockBegin
  2
*D81
 70
     1
 10
0.0
 20
0.0
 30
0.0
  3
*D81
  1

  0
LINE
  5
894
330
892
100
AcDbEntity
  8
$Слои конструкции
  6
Continuous
 62
     5
440
 16777216
370
    13
100
AcDbLine
 10
4595.349194317645
 20
5242.770178739412
 30
0.0
 11
2766.382276780115
 21
8410.633805277161
 31
0.0
  0
LINE
  5
895
330
892
100
AcDbEntity
  8
$Слои конструкции
  6
Continuous
 62
     5
440
 16777216
370
    13
100
AcDbLine
 10
13688.61593405396
 20
10492.77017873906
 30
0.0
 11
11859.64901651643
 21
13660.63380527681
 31
0.0
  0
LINE
  5
896
330
892
100
AcDbEntity
  8
$Слои конструкции
  6
Continuous
 62
     5
440
 16777216
370
    13
100
AcDbLine
 10
2816.382276780114
 20
8324.031264898714
 30
0.0
 11
11909.64901651643
 21
13574.03126489836
 31
0.0
  0
INSERT
  5
897
330
892
100
AcDbEntity
  8
$Слои конструкции
 62
     5
440
 16777216
370
    13
100
AcDbBlockReference
  2
_Oblique
 10
2816.382276780114
 20
8324.031264898714
 30
0.0
 41
150.0
 42
150.0
 43
150.0
 50
209.9999999999991
  0
INSERT
  5
898
330
892
100
AcDbEntity
  8
$Слои конструкции
 62
     5
440
 16777216
370
    13
100
AcDbBlockReference
  2
_Oblique
 10
11909.64901651643
 20
13574.03126489836
 30
0.0
 41
150.0
 42
150.0
 43
150.0
 50
29.99999999999915
  0
MTEXT
  5
899
330
892
100
AcDbEntity
  8
$Слои конструкции
 62
     5
440
 16777216
100
AcDbMText
 10
7263.015646648273
 20
11122.23634565543
 30
0.0
 40
250.0
 41
0.0
 46
0.0
 71
     5
 72
     1
  1
\A1;10500
  7
@ТРАНСПРОЕКТ
 11
0.8660254037844461
 21
0.4999999999999873
 31
0.0
 73
     1
 44
1.0
 90
        3
 63
     9
421
 13158600
 45
1.1
441
        0
  0
POINT
  5
89A
330
892
100
AcDbEntity
  8
Defpoints
 62
     0
440
 16777216
100
AcDbPoint
 10
4645.349194317643
 20
5156.167638360969
 30
0.0
  0
POINT
  5
89B
330
892
100
AcDbEntity
  8
Defpoints
 62
     0
440
 16777216
100
AcDbPoint
 10
13738.61593405396
 20
10406.16763836062
 30
0.0
  0
POINT
  5
89C
330
892
100
AcDbEntity
  8
Defpoints
 62
     0
440
 16777216
100
AcDbPoint
 10
11909.64901651643
 20
13574.03126489836
 30
0.0
  0
ENDBLK
  5
89D
330
892
100
AcDbEntity
  8
0
100
AcDbBlockEnd
  0
BLOCK
  5
89F
330
89E
100
AcDbEntity
  8
0
100
AcDbBlockBegin
  2
*D82
 70
     1
 10
0.0
 20
0.0
 30
0.0
  3
*D82
  1

  0
LINE
  5
8A0
330
89E
100
AcDbEntity
  8
$Слои конструкции
  6
Continuous
 62
     5
440
 16777216
370
    13
100
AcDbLine
 10
12152.97583649231
 20
9952.577801523966
 30
0.0
 11
10835.07917770439
 21
12235.24194488247
 31
0.0
  0
LINE
  5
8A1
330
89E
100
AcDbEntity
  8
$Слои конструкции
  6
Continuous
 62
     5
440
 16777216
370
    13
100
AcDbLine
 10
4878.361899065954
 20
5752.577801523735
 30
0.0
 11
3560.465240278033
 21
8035.241944882237
 31
0.0
  0
LINE
  5
8A2
330
89E
100
AcDbEntity
  8
$Слои конструкции
  6
Continuous
 62
     5
440
 16777216
370
    13
100
AcDbLine
 10
10885.07917489168
 20
12148.6394028801
 30
0.0
 11
3610.465237465324
 21
7948.639402879876
 31
0.0
  0
INSERT
  5
8A3
330
89E
100
AcDbEntity
  8
$Слои конструкции
 62
     5
440
 16777216
370
    13
100
AcDbBlockReference
  2
_Oblique
 10
10885.07917489168
 20
12148.6394028801
 30
0.0
 41
150.0
 42
150.0
 43
150.0
 50
29.99999813912636
  0
INSERT
  5
8A4
330
89E
100
AcDbEntity
  8
$Слои конструкции
 62
     5
440
 16777216
370
    13
100
AcDbBlockReference
  2
_Oblique
 10
3610.465237465324
 20
7948.639402879876
 30
0.0
 41
150.0
 42
150.0
 43
150.0
 50
209.9999981391263
  0
MTEXT
  5
8A5
330
89E
100
AcDbEntity
  8
$Слои конструкции
 62
     5
440
 16777216
100
AcDbMText
 10
7147.772211803922
 20
10221.84448688471
 30
0.0
 40
250.0
 41
0.0
 46
0.0
 71
     5
 72
     1
  1
\A1;8*2100=8400
  7
@ТРАНСПРОЕКТ
 11
0.866025420023624
 21
0.4999999718729048
 31
0.0
 73
     1
 44
1.0
 90
        3
 63
     9
421
 13158600
 45
1.1
441
        0
  0
POINT
  5
8A6
330
89E
100
AcDbEntity
  8
Defpoints
 62
     0
440
 16777216
100
AcDbPoint
 10
12202.9758336796
 20
9865.975259521604
 30
0.0
  0
POINT
  5
8A7
330
89E
100
AcDbEntity
  8
Defpoints
 62
     0
440
 16777216
100
AcDbPoint
 10
4928.361896253242
 20
5665.975259521373
 30
0.0
  0
POINT
  5
8A8
330
89E
100
AcDbEntity
  8
Defpoints
 62
     0
440
 16777216
100
AcDbPoint
 10
3610.465237465324
 20
7948.639402879876
 30
0.0
  0
ENDBLK
  5
8A9
330
89E
100
AcDbEntity
  8
0
100
AcDbBlockEnd
  0
BLOCK
  5
8AB
330
8AA
100
AcDbEntity
  8
0
100
AcDbBlockBegin
  2
*D83
 70
     1
 10
0.0
 20
0.0
 30
0.0
  3
*D83
  1

  0
LINE
  5
8AC
330
8AA
100
AcDbEntity
  8
$Слои конструкции
  6
Continuous
 62
     5
440
 16777216
370
    13
100
AcDbLine
 10
4628.361896253663
 20
6185.590501792238
 30
0.0
 11
3560.465163336338
 21
8035.241900462592
 31
0.0
  0
LINE
  5
8AD
330
8AA
100
AcDbEntity
  8
$Слои конструкции
  6
Continuous
 62
     5
440
 16777216
370
    13
100
AcDbLine
 10
4195.349194316666
 20
5935.590501769186
 30
0.0
 11
3127.452461399339
 21
7785.24190043954
 31
0.0
  0
LINE
  5
8AE
330
8AA
100
AcDbEntity
  8
$Слои конструкции
  6
Continuous
 62
     5
440
 16777216
370
    13
100
AcDbLine
 10
3610.465163335916
 20
7948.639360083905
 30
0.0
 11
3177.452461398918
 21
7698.639360060855
 31
0.0
  0
LINE
  5
8AF
330
8AA
100
AcDbEntity
  8
$Слои конструкции
  6
Continuous
 62
     5
440
 16777216
370
    13
100
AcDbLine
 10
3177.452461398918
 20
7698.639360060855
 30
0.0
 11
2448.270071571716
 21
7277.645711010503
 31
0.0
  0
INSERT
  5
8B0
330
8AA
100
AcDbEntity
  8
$Слои конструкции
 62
     5
440
 16777216
370
    13
100
AcDbBlockReference
  2
_Oblique
 10
3610.465163335916
 20
7948.639360083905
 30
0.0
 41
150.0
 42
150.0
 43
150.0
 50
29.99999999972187
  0
INSERT
  5
8B1
330
8AA
100
AcDbEntity
  8
$Слои конструкции
 62
     5
440
 16777216
370
    13
100
AcDbBlockReference
  2
_Oblique
 10
3177.452461398918
 20
7698.639360060855
 30
0.0
 41
150.0
 42
150.0
 43
150.0
 50
209.9999999997219
  0
MTEXT
  5
8B2
330
8AA
100
AcDbEntity
  8
$Слои конструкции
 62
     5
440
 16777216
100
AcDbMText
 10
2647.909361202144
 20
7623.847616293367
 30
0.0
 40
250.0
 41
0.0
 46
0.0
 71
     5
 72
     1
  1
\A1;500
  7
@ТРАНСПРОЕКТ
 11
0.8660254037868655
 21
0.4999999999957967
 31
0.0
 73
     1
 44
1.0
 90
        3
 63
     9
421
 13158600
 45
1.1
441
        0
  0
POINT
  5
8B3
330
8AA
100
AcDbEntity
  8
Defpoints
 62
     0
440
 16777216
100
AcDbPoint
 10
4678.361896253242
 20
6098.987961413551
 30
0.0
  0
POINT
  5
8B4
330
8AA
100
AcDbEntity
  8
Defpoints
 62
     0
440
 16777216
100
AcDbPoint
 10
4245.349194316245
 20
5848.987961390499
 30
0.0
  0
POINT
  5
8B5
330
8AA
100
AcDbEntity
  8
Defpoints
 62
     0
440
 16777216
100
AcDbPoint
 10
3177.452461398918
 20
7698.639360060855
 30
0.0
  0
ENDBLK
  5
8B6
330
8AA
100
AcDbEntity
  8
0
100
AcDbBlockEnd
  0
BLOCK
  5
8B8
330
8B7
100
AcDbEntity
  8
0
100
AcDbBlockBegin
  2
*D84
 70
     1
 10
0.0
 20
0.0
 30
0.0
  3
*D84
  1

  0
LINE
  5
8B9
330
8B7
100
AcDbEntity
  8
$Слои конструкции
  6
Continuous
 62
     5
440
 16777216
370
    13
100
AcDbLine
 10
5658.746653938731
 20
3200.911750035344
 30
0.0
 11
4516.100689857366
 21
2541.204795084587
 31
0.0
  0
LINE
  5
8BA
330
8B7
100
AcDbEntity
  8
$Слои конструкции
  6
Continuous
 62
     5
440
 16777216
370
    13
100
AcDbLine
 10
4158.746653937801
 20
5798.987961390505
 30
0.0
 11
3016.100689856436
 21
5139.281006439746
 31
0.0
  0
LINE
  5
8BB
330
8B7
100
AcDbEntity
  8
$Слои конструкции
  6
Continuous
 62
     5
440
 16777216
370
    13
100
AcDbLine
 10
4602.703230235811
 20
2591.204795084583
 30
0.0
 11
3102.703230234881
 21
5189.281006439744
 31
0.0
  0
INSERT
  5
8BC
330
8B7
100
AcDbEntity
  8
$Слои конструкции
 62
     5
440
 16777216
370
    13
100
AcDbBlockReference
  2
_Oblique
 10
4602.703230235811
 20
2591.204795084583
 30
0.0
 41
150.0
 42
150.0
 43
150.0
 50
299.9999999999979
  0
INSERT
  5
8BD
330
8B7
100
AcDbEntity
  8
$Слои конструкции
 62
     5
440
 16777216
370
    13
100
AcDbBlockReference
  2
_Oblique
 10
3102.703230234881
 20
5189.281006439744
 30
0.0
 41
150.0
 42
150.0
 43
150.0
 50
119.9999999999977
  0
MTEXT
  5
8BE
330
8B7
100
AcDbEntity
  8
$Слои конструкции
 62
     5
440
 16777216
100
AcDbMText
 10
4025.908310992238
 20
3990.242900762157
 30
0.0
 40
250.0
 41
0.0
 46
0.0
 71
     5
 72
     1
  1
\A1;3000
  7
@ТРАНСПРОЕКТ
 11
0.4999999999999666
 21
-0.866025403784458
 31
0.0
 73
     1
 44
1.0
 90
        3
 63
     9
421
 13158600
 45
1.1
441
        0
  0
POINT
  5
8BF
330
8B7
100
AcDbEntity
  8
Defpoints
 62
     0
440
 16777216
100
AcDbPoint
 10
5745.349194317178
 20
3250.91175003534
 30
0.0
  0
POINT
  5
8C0
330
8B7
100
AcDbEntity
  8
Defpoints
 62
     0
440
 16777216
100
AcDbPoint
 10
4245.349194316245
 20
5848.987961390502
 30
0.0
  0
POINT
  5
8C1
330
8B7
100
AcDbEntity
  8
Defpoints
 62
     0
440
 16777216
100
AcDbPoint
 10
3102.703230234881
 20
5189.281006439744
 30
0.0
  0
ENDBLK
  5
8C2
330
8B7
100
AcDbEntity
  8
0
100
AcDbBlockEnd
  0
BLOCK
  5
8C4
330
8C3
100
AcDbEntity
  8
0
100
AcDbBlockBegin
  2
*D85
 70
     1
 10
0.0
 20
0.0
 30
0.0
  3
*D85
  1

  0
LINE
  5
8C5
330
8C3
100
AcDbEntity
  8
$Слои конструкции
  6
Continuous
 62
     5
440
 16777216
370
    13
100
AcDbLine
 10
4841.759355854225
 20
22696.3606732004
 30
0.0
 11
3801.965741025865
 21
23296.68579662091
 31
0.0
  0
LINE
  5
8C6
330
8C3
100
AcDbEntity
  8
$Слои конструкции
  6
Continuous
 62
     5
440
 16777216
370
    13
100
AcDbLine
 10
5841.759355851433
 20
24428.41148077109
 30
0.0
 11
4801.965741023071
 21
25028.73660419159
 31
0.0
  0
LINE
  5
8C7
330
8C3
100
AcDbEntity
  8
$Слои конструкции
  6
Continuous
 62
     5
440
 16777216
370
    13
100
AcDbLine
 10
3888.568281404392
 20
23246.68579662105
 30
0.0
 11
4888.568281401598
 21
24978.73660419174
 31
0.0
  0
INSERT
  5
8C8
330
8C3
100
AcDbEntity
  8
$Слои конструкции
 62
     5
440
 16777216
370
    13
100
AcDbBlockReference
  2
_Oblique
 10
3888.568281404392
 20
23246.68579662105
 30
0.0
 41
150.0
 42
150.0
 43
150.0
 50
240.0000000000954
  0
INSERT
  5
8C9
330
8C3
100
AcDbEntity
  8
$Слои конструкции
 62
     5
440
 16777216
370
    13
100
AcDbBlockReference
  2
_Oblique
 10
4888.568281401598
 20
24978.73660419174
 30
0.0
 41
150.0
 42
150.0
 43
150.0
 50
60.00000000009527
  0
MTEXT
  5
8CA
330
8C3
100
AcDbEntity
  8
$Слои конструкции
 62
     5
440
 16777216
100
AcDbMText
 10
4215.36320064581
 20
24212.71120040588
 30
0.0
 40
250.0
 41
0.0
 46
0.0
 71
     5
 72
     1
  1
\A1;2000
  7
@ТРАНСПРОЕКТ
 11
0.4999999999985601
 21
0.86602540378527
 31
0.0
 73
     1
 44
1.0
 90
        3
 63
     9
421
 13158600
 45
1.1
441
        0
  0
POINT
  5
8CB
330
8C3
100
AcDbEntity
  8
Defpoints
 62
     0
440
 16777216
100
AcDbPoint
 10
4928.361896232754
 20
22646.36067320055
 30
0.0
  0
POINT
  5
8CC
330
8C3
100
AcDbEntity
  8
Defpoints
 62
     0
440
 16777216
100
AcDbPoint
 10
5928.36189622996
 20
24378.41148077124
 30
0.0
  0
POINT
  5
8CD
330
8C3
100
AcDbEntity
  8
Defpoints
 62
     0
440
 16777216
100
AcDbPoint
 10
4888.568281401598
 20
24978.73660419174
 30
0.0
  0
ENDBLK
  5
8CE
330
8C3
100
AcDbEntity
  8
0
100
AcDbBlockEnd
  0
BLOCK
  5
8D0
330
8CF
100
AcDbEntity
  8
0
100
AcDbBlockBegin
  2
*D86
 70
     1
 10
0.0
 20
0.0
 30
0.0
  3
*D86
  1

  0
LINE
  5
8D1
330
8CF
100
AcDbEntity
  8
$Слои конструкции
  6
Continuous
 62
     5
440
 16777216
370
    13
100
AcDbLine
 10
4408.746653939207
 20
22946.3606732611
 30
0.0
 11
3801.965189827736
 21
23296.68611490526
 31
0.0
  0
LINE
  5
8D2
330
8CF
100
AcDbEntity
  8
$Слои конструкции
  6
Continuous
 62
     5
440
 16777216
370
    13
100
AcDbLine
 10
4158.746653939204
 20
22513.34797136904
 30
0.0
 11
3551.965189827736
 21
22863.6734130132
 31
0.0
  0
LINE
  5
8D3
330
8CF
100
AcDbEntity
  8
$Слои конструкции
  6
Continuous
 62
     5
440
 16777216
370
    13
100
AcDbLine
 10
3888.567730206172
 20
23246.68611490525
 30
0.0
 11
3638.567730206172
 21
22813.67341301319
 31
0.0
  0
LINE
  5
8D4
330
8CF
100
AcDbEntity
  8
$Слои конструкции
  6
Continuous
 62
     5
440
 16777216
370
    13
100
AcDbLine
 10
3638.567730206172
 20
22813.67341301319
 30
0.0
 11
3217.574081152165
 21
22084.49102318809
 31
0.0
  0
INSERT
  5
8D5
330
8CF
100
AcDbEntity
  8
$Слои конструкции
 62
     5
440
 16777216
370
    13
100
AcDbBlockReference
  2
_Oblique
 10
3888.567730206172
 20
23246.68611490525
 30
0.0
 41
150.0
 42
150.0
 43
150.0
 50
59.9999999999909
  0
INSERT
  5
8D6
330
8CF
100
AcDbEntity
  8
$Слои конструкции
 62
     5
440
 16777216
370
    13
100
AcDbBlockReference
  2
_Oblique
 10
3638.567730206172
 20
22813.67341301319
 30
0.0
 41
150.0
 42
150.0
 43
150.0
 50
239.9999999999909
  0
MTEXT
  5
8D7
330
8CF
100
AcDbEntity
  8
$Слои конструкции
 62
     5
440
 16777216
100
AcDbMText
 10
3217.365824922286
 20
22484.13031281684
 30
0.0
 40
250.0
 41
0.0
 46
0.0
 71
     5
 72
     1
  1
\A1;500
  7
@ТРАНСПРОЕКТ
 11
0.5000000000001373
 21
0.8660254037843593
 31
0.0
 73
     1
 44
1.0
 90
        3
 63
     9
421
 13158600
 45
1.1
441
        0
  0
POINT
  5
8D8
330
8CF
100
AcDbEntity
  8
Defpoints
 62
     0
440
 16777216
100
AcDbPoint
 10
4495.349194317642
 20
22896.36067326109
 30
0.0
  0
POINT
  5
8D9
330
8CF
100
AcDbEntity
  8
Defpoints
 62
     0
440
 16777216
100
AcDbPoint
 10
4245.349194317642
 20
22463.34797136903
 30
0.0
  0
POINT
  5
8DA
330
8CF
100
AcDbEntity
  8
Defpoints
 62
     0
440
 16777216
100
AcDbPoint
 10
3638.567730206172
 20
22813.67341301319
 30
0.0
  0
ENDBLK
  5
8DB
330
8CF
100
AcDbEntity
  8
0
100
AcDbBlockEnd
  0
BLOCK
  5
8DD
330
8DC
100
AcDbEntity
  8
0
100
AcDbBlockBegin
  2
*D87
 70
     1
 10
0.0
 20
0.0
 30
0.0
  3
*D87
  1

  0
LINE
  5
8DE
330
8DC
100
AcDbEntity
  8
$Слои конструкции
  6
Continuous
 62
     5
440
 16777216
370
    13
100
AcDbLine
 10
5841.759355851502
 20
24428.41148077134
 30
0.0
 11
4801.965741023566
 21
25028.73660419345
 31
0.0
  0
LINE
  5
8DF
330
8DC
100
AcDbEntity
  8
$Слои конструкции
  6
Continuous
 62
     5
440
 16777216
370
    13
100
AcDbLine
 10
6091.759355871523
 20
24861.42418269855
 30
0.0
 11
5051.965741043588
 21
25461.74930612067
 31
0.0
  0
LINE
  5
8E0
330
8DC
100
AcDbEntity
  8
$Слои конструкции
  6
Continuous
 62
     5
440
 16777216
370
    13
100
AcDbLine
 10
4888.568281402026
 20
24978.73660419348
 30
0.0
 11
5138.568281422048
 21
25411.74930612069
 31
0.0
  0
LINE
  5
8E1
330
8DC
100
AcDbEntity
  8
$Слои конструкции
  6
Continuous
 62
     5
440
 16777216
370
    13
100
AcDbLine
 10
5138.568281422048
 20
25411.74930612069
 30
0.0
 11
5559.561930475709
 21
26140.93169594599
 31
0.0
  0
INSERT
  5
8E2
330
8DC
100
AcDbEntity
  8
$Слои конструкции
 62
     5
440
 16777216
370
    13
100
AcDbBlockReference
  2
_Oblique
 10
4888.568281402026
 20
24978.73660419348
 30
0.0
 41
150.0
 42
150.0
 43
150.0
 50
240.0000000000182
  0
INSERT
  5
8E3
330
8DC
100
AcDbEntity
  8
$Слои конструкции
 62
     5
440
 16777216
370
    13
100
AcDbBlockReference
  2
_Oblique
 10
5138.568281422048
 20
25411.74930612069
 30
0.0
 41
150.0
 42
150.0
 43
150.0
 50
60.0000000000182
  0
MTEXT
  5
8E4
330
8DC
100
AcDbEntity
  8
$Слои конструкции
 62
     5
440
 16777216
100
AcDbMText
 10
5213.360025191938
 20
25941.29240631713
 30
0.0
 40
250.0
 41
0.0
 46
0.0
 71
     5
 72
     1
  1
\A1;500
  7
@ТРАНСПРОЕКТ
 11
0.4999999999997251
 21
0.8660254037845975
 31
0.0
 73
     1
 44
1.0
 90
        3
 63
     9
421
 13158600
 45
1.1
441
        0
  0
POINT
  5
8E5
330
8DC
100
AcDbEntity
  8
Defpoints
 62
     0
440
 16777216
100
AcDbPoint
 10
5928.361896229962
 20
24378.41148077136
 30
0.0
  0
POINT
  5
8E6
330
8DC
100
AcDbEntity
  8
Defpoints
 62
     0
440
 16777216
100
AcDbPoint
 10
6178.361896249985
 20
24811.42418269857
 30
0.0
  0
POINT
  5
8E7
330
8DC
100
AcDbEntity
  8
Defpoints
 62
     0
440
 16777216
100
AcDbPoint
 10
5138.568281422048
 20
25411.74930612069
 30
0.0
  0
ENDBLK
  5
8E8
330
8DC
100
AcDbEntity
  8
0
100
AcDbBlockEnd
  0
BLOCK
  5
8EA
330
8E9
100
AcDbEntity
  8
0
100
AcDbBlockBegin
  2
*D88
 70
     1
 10
0.0
 20
0.0
 30
0.0
  3
*D88
  1

  0
LINE
  5
8EB
330
8E9
100
AcDbEntity
  8
$Слои конструкции
  6
Continuous
 62
     5
440
 16777216
370
    13
100
AcDbLine
 10
5658.746653938731
 20
25111.42418272209
 30
0.0
 11
4516.100689856865
 21
25771.13113767313
 31
0.0
  0
LINE
  5
8EC
330
8E9
100
AcDbEntity
  8
$Слои конструкции
  6
Continuous
 62
     5
440
 16777216
370
    13
100
AcDbLine
 10
4158.746653937797
 20
22513.34797136693
 30
0.0
 11
3016.100689855934
 21
23173.05492631797
 31
0.0
  0
LINE
  5
8ED
330
8E9
100
AcDbEntity
  8
$Слои конструкции
  6
Continuous
 62
     5
440
 16777216
370
    13
100
AcDbLine
 10
4602.703230235309
 20
25721.13113767314
 30
0.0
 11
3102.703230234379
 21
23123.05492631797
 31
0.0
  0
INSERT
  5
8EE
330
8E9
100
AcDbEntity
  8
$Слои конструкции
 62
     5
440
 16777216
370
    13
100
AcDbBlockReference
  2
_Oblique
 10
4602.703230235309
 20
25721.13113767314
 30
0.0
 41
150.0
 42
150.0
 43
150.0
 50
60.00000000000218
  0
INSERT
  5
8EF
330
8E9
100
AcDbEntity
  8
$Слои конструкции
 62
     5
440
 16777216
370
    13
100
AcDbBlockReference
  2
_Oblique
 10
3102.703230234379
 20
23123.05492631797
 30
0.0
 41
150.0
 42
150.0
 43
150.0
 50
240.0000000000022
  0
MTEXT
  5
8F0
330
8E9
100
AcDbEntity
  8
$Слои конструкции
 62
     5
440
 16777216
100
AcDbMText
 10
3679.498149477955
 20
24522.09303199555
 30
0.0
 40
250.0
 41
0.0
 46
0.0
 71
     5
 72
     1
  1
\A1;3000
  7
@ТРАНСПРОЕКТ
 11
0.4999999999999666
 21
0.866025403784458
 31
0.0
 73
     1
 44
1.0
 90
        3
 63
     9
421
 13158600
 45
1.1
441
        0
  0
POINT
  5
8F1
330
8E9
100
AcDbEntity
  8
Defpoints
 62
     0
440
 16777216
100
AcDbPoint
 10
5745.349194317177
 20
25061.42418272209
 30
0.0
  0
POINT
  5
8F2
330
8E9
100
AcDbEntity
  8
Defpoints
 62
     0
440
 16777216
100
AcDbPoint
 10
4245.349194316243
 20
22463.34797136694
 30
0.0
  0
POINT
  5
8F3
330
8E9
100
AcDbEntity
  8
Defpoints
 62
     0
440
 16777216
100
AcDbPoint
 10
3102.703230234379
 20
23123.05492631797
 30
0.0
  0
ENDBLK
  5
8F4
330
8E9
100
AcDbEntity
  8
0
100
AcDbBlockEnd
  0
BLOCK
  5
8F6
330
8F5
100
AcDbEntity
  8
0
100
AcDbBlockBegin
  2
*D89
 70
     1
 10
0.0
 20
0.0
 30
0.0
  3
*D89
  1

  0
LINE
  5
8F7
330
8F5
100
AcDbEntity
  8
$Слои конструкции
  6
Continuous
 62
     5
440
 16777216
370
    13
100
AcDbLine
 10
13758.61647970514
 20
8906.1679661999
 30
0.0
 11
13758.61647970514
 21
4154.592288360677
 31
0.0
  0
LINE
  5
8F8
330
8F5
100
AcDbEntity
  8
$Слои конструкции
  6
Continuous
 62
     5
440
 16777216
370
    13
100
AcDbLine
 10
13738.6159340628
 20
7765.82645393091
 30
0.0
 11
13738.6159340628
 21
4154.592288360677
 31
0.0
  0
LINE
  5
8F9
330
8F5
100
AcDbEntity
  8
$Слои конструкции
  6
Continuous
 62
     5
440
 16777216
370
    13
100
AcDbLine
 10
13758.61647970514
 20
4254.592288360677
 30
0.0
 11
13908.61647970514
 21
4254.592288360677
 31
0.0
  0
LINE
  5
8FA
330
8F5
100
AcDbEntity
  8
$Слои конструкции
  6
Continuous
 62
     5
440
 16777216
370
    13
100
AcDbLine
 10
13738.6159340628
 20
4254.592288360677
 30
0.0
 11
13588.6159340628
 21
4254.592288360677
 31
0.0
  0
LINE
  5
8FB
330
8F5
100
AcDbEntity
  8
$Слои конструкции
  6
Continuous
 62
     5
440
 16777216
370
    13
100
AcDbLine
 10
13748.61620688397
 20
4254.592288360677
 30
0.0
 11
14134.65007878752
 21
3550.769894813632
 31
0.0
  0
LINE
  5
8FC
330
8F5
100
AcDbEntity
  8
$Слои конструкции
  6
Continuous
 62
     5
440
 16777216
370
    13
100
AcDbLine
 10
14134.65007878752
 20
3550.769894813632
 30
0.0
 11
14651.6373768953
 21
3550.769894813632
 31
0.0
  0
MTEXT
  5
8FD
330
8F5
100
AcDbEntity
  8
$Слои конструкции
 62
     5
440
 16777216
100
AcDbMText
 10
14393.14372784141
 20
3750.769894813632
 30
0.0
 40
250.0
 41
0.0
 46
0.0
 71
     5
 72
     1
  1
\A1;20
  7
@ТРАНСПРОЕКТ
 73
     1
 44
1.0
 90
        3
 63
     9
421
 13158600
 45
1.1
441
        0
  0
LINE
  5
8FE
330
8F5
100
AcDbEntity
  8
$Слои конструкции
  6
Continuous
 62
     5
440
 16777216
370
    13
100
AcDbLine
 10
13758.61647970514
 20
4254.592288360677
 30
0.0
 11
13738.6159340628
 21
4254.592288360677
 31
0.0
  0
INSERT
  5
8FF
330
8F5
100
AcDbEntity
  8
$Слои конструкции
 62
     5
440
 16777216
370
    13
100
AcDbBlockReference
  2
_Oblique
 10
13758.61647970514
 20
4254.592288360677
 30
0.0
 41
150.0
 42
150.0
 43
150.0
 50
180.0
  0
INSERT
  5
900
330
8F5
100
AcDbEntity
  8
$Слои конструкции
 62
     5
440
 16777216
370
    13
100
AcDbBlockReference
  2
_Oblique
 10
13738.6159340628
 20
4254.592288360677
 30
0.0
 41
150.0
 42
150.0
 43
150.0
  0
POINT
  5
901
330
8F5
100
AcDbEntity
  8
Defpoints
 62
     0
440
 16777216
100
AcDbPoint
 10
13758.61647970514
 20
9006.167966199901
 30
0.0
  0
POINT
  5
902
330
8F5
100
AcDbEntity
  8
Defpoints
 62
     0
440
 16777216
100
AcDbPoint
 10
13738.6159340628
 20
7865.82645393091
 30
0.0
  0
POINT
  5
903
330
8F5
100
AcDbEntity
  8
Defpoints
 62
     0
440
 16777216
100
AcDbPoint
 10
13738.6159340628
 20
4254.592288360677
 30
0.0
  0
ENDBLK
  5
904
330
8F5
100
AcDbEntity
  8
0
100
AcDbBlockEnd
  0
BLOCK
  5
906
330
905
100
AcDbEntity
  8
0
100
AcDbBlockBegin
  2
*D90
 70
     1
 10
0.0
 20
0.0
 30
0.0
  3
*D90
  1

  0
LINE
  5
907
330
905
100
AcDbEntity
  8
$Слои конструкции
  6
Continuous
 62
     5
440
 16777216
370
    13
100
AcDbLine
 10
39688.61647970514
 20
8906.1679661999
 30
0.0
 11
39688.61647970514
 21
4154.592288360677
 31
0.0
  0
LINE
  5
908
330
905
100
AcDbEntity
  8
$Слои конструкции
  6
Continuous
 62
     5
440
 16777216
370
    13
100
AcDbLine
 10
39708.61702534748
 20
7765.82645393091
 30
0.0
 11
39708.61702534748
 21
4154.592288360677
 31
0.0
  0
LINE
  5
909
330
905
100
AcDbEntity
  8
$Слои конструкции
  6
Continuous
 62
     5
440
 16777216
370
    13
100
AcDbLine
 10
39688.61647970514
 20
4254.592288360677
 30
0.0
 11
39538.61647970514
 21
4254.592288360677
 31
0.0
  0
LINE
  5
90A
330
905
100
AcDbEntity
  8
$Слои конструкции
  6
Continuous
 62
     5
440
 16777216
370
    13
100
AcDbLine
 10
39708.61702534748
 20
4254.592288360677
 30
0.0
 11
39858.61702534748
 21
4254.592288360677
 31
0.0
  0
LINE
  5
90B
330
905
100
AcDbEntity
  8
$Слои конструкции
  6
Continuous
 62
     5
440
 16777216
370
    13
100
AcDbLine
 10
39698.61675252632
 20
4254.592288360677
 30
0.0
 11
39012.58288062276
 21
3550.769894813632
 31
0.0
  0
LINE
  5
90C
330
905
100
AcDbEntity
  8
$Слои конструкции
  6
Continuous
 62
     5
440
 16777216
370
    13
100
AcDbLine
 10
39012.58288062276
 20
3550.769894813632
 30
0.0
 11
38495.59558251498
 21
3550.769894813632
 31
0.0
  0
MTEXT
  5
90D
330
905
100
AcDbEntity
  8
$Слои конструкции
 62
     5
440
 16777216
100
AcDbMText
 10
38754.08923156887
 20
3750.769894813632
 30
0.0
 40
250.0
 41
0.0
 46
0.0
 71
     5
 72
     1
  1
\A1;20
  7
@ТРАНСПРОЕКТ
 73
     1
 44
1.0
 90
        3
 63
     9
421
 13158600
 45
1.1
441
        0
  0
LINE
  5
90E
330
905
100
AcDbEntity
  8
$Слои конструкции
  6
Continuous
 62
     5
440
 16777216
370
    13
100
AcDbLine
 10
39688.61647970514
 20
4254.592288360677
 30
0.0
 11
39708.61702534748
 21
4254.592288360677
 31
0.0
  0
INSERT
  5
90F
330
905
100
AcDbEntity
  8
$Слои конструкции
 62
     5
440
 16777216
370
    13
100
AcDbBlockReference
  2
_Oblique
 10
39688.61647970514
 20
4254.592288360677
 30
0.0
 41
150.0
 42
150.0
 43
150.0
  0
INSERT
  5
910
330
905
100
AcDbEntity
  8
$Слои конструкции
 62
     5
440
 16777216
370
    13
100
AcDbBlockReference
  2
_Oblique
 10
39708.61702534748
 20
4254.592288360677
 30
0.0
 41
150.0
 42
150.0
 43
150.0
 50
180.0
  0
POINT
  5
911
330
905
100
AcDbEntity
  8
Defpoints
 62
     0
440
 16777216
100
AcDbPoint
 10
39688.61647970514
 20
9006.167966199901
 30
0.0
  0
POINT
  5
912
330
905
100
AcDbEntity
  8
Defpoints
 62
     0
440
 16777216
100
AcDbPoint
 10
39708.61702534748
 20
7865.82645393091
 30
0.0
  0
POINT
  5
913
330
905
100
AcDbEntity
  8
Defpoints
 62
     0
440
 16777216
100
AcDbPoint
 10
39708.61702534748
 20
4254.592288360677
 30
0.0
  0
ENDBLK
  5
914
330
905
100
AcDbEntity
  8
0
100
AcDbBlockEnd
  0
BLOCK
  5
916
330
915
100
AcDbEntity
  8
0
100
AcDbBlockBegin
  2
*D91
 70
     1
 10
0.0
 20
0.0
 30
0.0
  3
*D91
  1

  0
LINE
  5
917
330
915
100
AcDbEntity
  8
$Слои конструкции
  6
Continuous
 62
     5
440
 16777216
370
    13
100
AcDbLine
 10
13758.61647970514
 20
19406.16796643832
 30
0.0
 11
13758.61647970514
 21
22478.58572473992
 31
0.0
  0
LINE
  5
918
330
915
100
AcDbEntity
  8
$Слои конструкции
  6
Continuous
 62
     5
440
 16777216
370
    13
100
AcDbLine
 10
39688.61647970514
 20
19406.16796637871
 30
0.0
 11
39688.61647970514
 21
22478.58572473992
 31
0.0
  0
LINE
  5
919
330
915
100
AcDbEntity
  8
$Слои конструкции
  6
Continuous
 62
     5
440
 16777216
370
    13
100
AcDbLine
 10
13758.61647970514
 20
22378.58572473992
 30
0.0
 11
39688.61647970514
 21
22378.58572473992
 31
0.0
  0
INSERT
  5
91A
330
915
100
AcDbEntity
  8
$Слои конструкции
 62
     5
440
 16777216
370
    13
100
AcDbBlockReference
  2
_Oblique
 10
13758.61647970514
 20
22378.58572473992
 30
0.0
 41
150.0
 42
150.0
 43
150.0
 50
180.0
  0
INSERT
  5
91B
330
915
100
AcDbEntity
  8
$Слои конструкции
 62
     5
440
 16777216
370
    13
100
AcDbBlockReference
  2
_Oblique
 10
39688.61647970514
 20
22378.58572473992
 30
0.0
 41
150.0
 42
150.0
 43
150.0
  0
MTEXT
  5
91C
330
915
100
AcDbEntity
  8
$Слои конструкции
 62
     5
440
 16777216
100
AcDbMText
 10
26723.61647970515
 20
22578.58572473992
 30
0.0
 40
250.0
 41
0.0
 46
0.0
 71
     5
 72
     1
  1
\A1;25930
  7
@ТРАНСПРОЕКТ
 73
     1
 44
1.0
 90
        3
 63
     9
421
 13158600
 45
1.1
441
        0
  0
POINT
  5
91D
330
915
100
AcDbEntity
  8
Defpoints
 62
     0
440
 16777216
100
AcDbPoint
 10
13758.61647970514
 20
19306.16796643832
 30
0.0
  0
POINT
  5
91E
330
915
100
AcDbEntity
  8
Defpoints
 62
     0
440
 16777216
100
AcDbPoint
 10
39688.61647970514
 20
19306.16796637871
 30
0.0
  0
POINT
  5
91F
330
915
100
AcDbEntity
  8
Defpoints
 62
     0
440
 16777216
100
AcDbPoint
 10
39688.61647970514
 20
22378.58572473992
 30
0.0
  0
ENDBLK
  5
920
330
915
100
AcDbEntity
  8
0
100
AcDbBlockEnd
  0
BLOCK
  5
922
330
921
100
AcDbEntity
  8
0
100
AcDbBlockBegin
  2
*D92
 70
     1
 10
0.0
 20
0.0
 30
0.0
  3
*D92
  1

  0
LINE
  5
923
330
921
100
AcDbEntity
  8
$Размеры
  6
Continuous
 62
     5
440
 16777216
370
    13
100
AcDbLine
 10
12152.97528804404
 20
18359.75813273801
 30
0.0
 11
10835.07855512561
 21
16077.09403217858
 31
0.0
  0
LINE
  5
924
330
921
100
AcDbEntity
  8
$Размеры
  6
Continuous
 62
     5
440
 16777216
370
    13
100
AcDbLine
 10
13062.30196201972
 20
17834.75813274046
 30
0.0
 11
11744.40522910129
 21
15552.09403218102
 31
0.0
  0
LINE
  5
925
330
921
100
AcDbEntity
  8
$Размеры
  6
Continuous
 62
     5
440
 16777216
370
    13
100
AcDbLine
 10
10885.07855512535
 20
16163.69657255717
 30
0.0
 11
11794.40522910103
 21
15638.69657255962
 31
0.0
  0
INSERT
  5
926
330
921
100
AcDbEntity
  8
$Размеры
 62
     5
440
 16777216
370
    13
100
AcDbBlockReference
  2
_Oblique
 10
10885.07855512535
 20
16163.69657255717
 30
0.0
 41
150.0
 42
150.0
 43
150.0
 50
150.0000000001706
  0
INSERT
  5
927
330
921
100
AcDbEntity
  8
$Размеры
 62
     5
440
 16777216
370
    13
100
AcDbBlockReference
  2
_Oblique
 10
11794.40522910103
 20
15638.69657255962
 30
0.0
 41
150.0
 42
150.0
 43
150.0
 50
330.0000000001706
  0
MTEXT
  5
928
330
921
100
AcDbEntity
  8
$Размеры
 62
     5
440
 16777216
100
AcDbMText
 10
11439.74189211268
 20
16074.40165331557
 30
0.0
 40
250.0
 41
0.0
 46
0.0
 71
     5
 72
     1
  1
\A1;1050
  7
@ТРАНСПРОЕКТ
 11
0.8660254037859276
 21
-0.4999999999974213
 31
0.0
 73
     1
 44
1.0
 90
        3
 63
     9
421
 13158600
 45
1.1
441
        0
  0
POINT
  5
929
330
921
100
AcDbEntity
  8
Defpoints
 62
     0
440
 16777216
100
AcDbPoint
 10
12202.97528804378
 20
18446.36067311661
 30
0.0
  0
POINT
  5
92A
330
921
100
AcDbEntity
  8
Defpoints
 62
     0
440
 16777216
100
AcDbPoint
 10
13112.30196201946
 20
17921.36067311906
 30
0.0
  0
POINT
  5
92B
330
921
100
AcDbEntity
  8
Defpoints
 62
     0
440
 16777216
100
AcDbPoint
 10
11794.40522910103
 20
15638.69657255962
 30
0.0
  0
ENDBLK
  5
92C
330
921
100
AcDbEntity
  8
0
100
AcDbBlockEnd
  0
BLOCK
  5
92E
330
92D
100
AcDbEntity
  8
0
100
AcDbBlockBegin
  2
*D93
 70
     1
 10
0.0
 20
0.0
 30
0.0
  3
*D93
  1

  0
LINE
  5
92F
330
92D
100
AcDbEntity
  8
$Размеры
  6
Continuous
 62
     5
440
 16777216
370
    13
100
AcDbLine
 10
12152.97571977113
 20
9952.578049161298
 30
0.0
 11
10835.07971635957
 21
12235.2422558748
 31
0.0
  0
LINE
  5
930
330
92D
100
AcDbEntity
  8
$Размеры
  6
Continuous
 62
     5
440
 16777216
370
    13
100
AcDbLine
 10
13062.3025301553
 20
10477.57781289163
 30
0.0
 11
11744.40652674374
 21
12760.24201960514
 31
0.0
  0
LINE
  5
931
330
92D
100
AcDbEntity
  8
$Размеры
  6
Continuous
 62
     5
440
 16777216
370
    13
100
AcDbLine
 10
10885.07969385769
 20
12148.63970250489
 30
0.0
 11
11794.40650424186
 21
12673.63946623523
 31
0.0
  0
INSERT
  5
932
330
92D
100
AcDbEntity
  8
$Размеры
 62
     5
440
 16777216
370
    13
100
AcDbBlockReference
  2
_Oblique
 10
10885.07969385769
 20
12148.63970250489
 30
0.0
 41
150.0
 42
150.0
 43
150.0
 50
209.9999851128764
  0
INSERT
  5
933
330
92D
100
AcDbEntity
  8
$Размеры
 62
     5
440
 16777216
370
    13
100
AcDbBlockReference
  2
_Oblique
 10
11794.40650424186
 20
12673.63946623523
 30
0.0
 41
150.0
 42
150.0
 43
150.0
 50
29.99998511287638
  0
MTEXT
  5
934
330
92D
100
AcDbEntity
  8
$Размеры
 62
     5
440
 16777216
100
AcDbMText
 10
11239.74314405354
 20
12584.34469110988
 30
0.0
 40
250.0
 41
0.0
 46
0.0
 71
     5
 72
     1
  1
\A1;1050
  7
@ТРАНСПРОЕКТ
 11
0.8660255336990712
 21
0.4999997749811886
 31
0.0
 73
     1
 44
1.0
 90
        3
 63
     9
421
 13158600
 45
1.1
441
        0
  0
POINT
  5
935
330
92D
100
AcDbEntity
  8
Defpoints
 62
     0
440
 16777216
100
AcDbPoint
 10
12202.97569726925
 20
9865.97549579139
 30
0.0
  0
POINT
  5
936
330
92D
100
AcDbEntity
  8
Defpoints
 62
     0
440
 16777216
100
AcDbPoint
 10
13112.30250765342
 20
10390.97525952172
 30
0.0
  0
POINT
  5
937
330
92D
100
AcDbEntity
  8
Defpoints
 62
     0
440
 16777216
100
AcDbPoint
 10
11794.40650424186
 20
12673.63946623523
 30
0.0
  0
ENDBLK
  5
938
330
92D
100
AcDbEntity
  8
0
100
AcDbBlockEnd
  0
BLOCK
  5
93A
330
939
100
AcDbEntity
  8
0
100
AcDbBlockBegin
  2
*D94
 70
     1
 10
0.0
 20
0.0
 30
0.0
  3
*D94
  1

  0
LINE
  5
93B
330
939
100
AcDbEntity
  8
$Размеры
  6
Continuous
 62
     5
440
 16777216
370
    13
100
AcDbLine
 10
40384.93099739267
 20
10477.57779990016
 30
0.0
 11
41702.82773032528
 21
12760.24190046834
 31
0.0
  0
LINE
  5
93C
330
939
100
AcDbEntity
  8
$Размеры
  6
Continuous
 62
     5
440
 16777216
370
    13
100
AcDbLine
 10
41294.25767136648
 20
9952.577799900046
 30
0.0
 11
42612.15440429908
 21
12235.24190046822
 31
0.0
  0
LINE
  5
93D
330
939
100
AcDbEntity
  8
$Размеры
  6
Continuous
 62
     5
440
 16777216
370
    13
100
AcDbLine
 10
41652.82773032527
 20
12673.6393600899
 30
0.0
 11
42562.15440429908
 21
12148.63936008978
 31
0.0
  0
INSERT
  5
93E
330
939
100
AcDbEntity
  8
$Размеры
 62
     5
440
 16777216
370
    13
100
AcDbBlockReference
  2
_Oblique
 10
41652.82773032527
 20
12673.6393600899
 30
0.0
 41
150.0
 42
150.0
 43
150.0
 50
149.9999999999987
  0
INSERT
  5
93F
330
939
100
AcDbEntity
  8
$Размеры
 62
     5
440
 16777216
370
    13
100
AcDbBlockReference
  2
_Oblique
 10
42562.15440429908
 20
12148.63936008978
 30
0.0
 41
150.0
 42
150.0
 43
150.0
 50
329.9999999999987
  0
MTEXT
  5
940
330
939
100
AcDbEntity
  8
$Размеры
 62
     5
440
 16777216
100
AcDbMText
 10
42207.49106731219
 20
12584.34444084673
 30
0.0
 40
250.0
 41
0.0
 46
0.0
 71
     5
 72
     1
  1
\A1;1050
  7
@ТРАНСПРОЕКТ
 11
0.8660254037844278
 21
-0.5000000000000188
 31
0.0
 73
     1
 44
1.0
 90
        3
 63
     9
421
 13158600
 45
1.1
441
        0
  0
POINT
  5
941
330
939
100
AcDbEntity
  8
Defpoints
 62
     0
440
 16777216
100
AcDbPoint
 10
40334.93099739267
 20
10390.97525952172
 30
0.0
  0
POINT
  5
942
330
939
100
AcDbEntity
  8
Defpoints
 62
     0
440
 16777216
100
AcDbPoint
 10
41244.25767136648
 20
9865.975259521604
 30
0.0
  0
POINT
  5
943
330
939
100
AcDbEntity
  8
Defpoints
 62
     0
440
 16777216
100
AcDbPoint
 10
42562.15440429908
 20
12148.63936008978
 30
0.0
  0
ENDBLK
  5
944
330
939
100
AcDbEntity
  8
0
100
AcDbBlockEnd
  0
BLOCK
  5
946
330
945
100
AcDbEntity
  8
0
100
AcDbBlockBegin
  2
*D95
 70
     1
 10
0.0
 20
0.0
 30
0.0
  3
*D95
  1

  0
LINE
  5
947
330
945
100
AcDbEntity
  8
$Размеры
  6
Continuous
 62
     5
440
 16777216
370
    13
100
AcDbLine
 10
41294.25767136623
 20
18359.75813273801
 30
0.0
 11
42612.15440429207
 21
16077.09403216575
 31
0.0
  0
LINE
  5
948
330
945
100
AcDbEntity
  8
$Размеры
  6
Continuous
 62
     5
440
 16777216
370
    13
100
AcDbLine
 10
40384.93099739056
 20
17834.75813274046
 30
0.0
 11
41702.82773031638
 21
15552.09403216819
 31
0.0
  0
LINE
  5
949
330
945
100
AcDbEntity
  8
$Размеры
  6
Continuous
 62
     5
440
 16777216
370
    13
100
AcDbLine
 10
42562.15440429232
 20
16163.69657254434
 30
0.0
 11
41652.82773031663
 21
15638.69657254678
 31
0.0
  0
INSERT
  5
94A
330
945
100
AcDbEntity
  8
$Размеры
 62
     5
440
 16777216
370
    13
100
AcDbBlockReference
  2
_Oblique
 10
42562.15440429232
 20
16163.69657254434
 30
0.0
 41
150.0
 42
150.0
 43
150.0
 50
29.99999999982939
  0
INSERT
  5
94B
330
945
100
AcDbEntity
  8
$Размеры
 62
     5
440
 16777216
370
    13
100
AcDbBlockReference
  2
_Oblique
 10
41652.82773031663
 20
15638.69657254678
 30
0.0
 41
150.0
 42
150.0
 43
150.0
 50
209.9999999998294
  0
MTEXT
  5
94C
330
945
100
AcDbEntity
  8
$Размеры
 62
     5
440
 16777216
100
AcDbMText
 10
42007.491067305
 20
16074.40165330275
 30
0.0
 40
250.0
 41
0.0
 46
0.0
 71
     5
 72
     1
  1
\A1;1050
  7
@ТРАНСПРОЕКТ
 11
0.8660254037859276
 21
0.4999999999974213
 31
0.0
 73
     1
 44
1.0
 90
        3
 63
     9
421
 13158600
 45
1.1
441
        0
  0
POINT
  5
94D
330
945
100
AcDbEntity
  8
Defpoints
 62
     0
440
 16777216
100
AcDbPoint
 10
41244.25767136649
 20
18446.36067311661
 30
0.0
  0
POINT
  5
94E
330
945
100
AcDbEntity
  8
Defpoints
 62
     0
440
 16777216
100
AcDbPoint
 10
40334.9309973908
 20
17921.36067311905
 30
0.0
  0
POINT
  5
94F
330
945
100
AcDbEntity
  8
Defpoints
 62
     0
440
 16777216
100
AcDbPoint
 10
41652.82773031663
 20
15638.69657254678
 30
0.0
  0
ENDBLK
  5
950
330
945
100
AcDbEntity
  8
0
100
AcDbBlockEnd
  0
BLOCK
  5
952
330
951
100
AcDbEntity
  8
0
100
AcDbBlockBegin
  2
*D96
 70
     1
 10
0.0
 20
0.0
 30
0.0
  3
*D96
  1

  0
LINE
  5
953
330
951
100
AcDbEntity
  8
$Размеры
  6
Continuous
 62
     5
440
 16777216
370
    13
100
AcDbLine
 10
7782.309837976524
 20
22211.08015644582
 30
0.0
 11
9213.187710978413
 21
24689.43333191117
 31
0.0
  0
LINE
  5
954
330
951
100
AcDbEntity
  8
$Размеры
  6
Continuous
 62
     5
440
 16777216
370
    13
100
AcDbLine
 10
5020.354187143555
 20
23805.69599494404
 30
0.0
 11
6451.232060145443
 21
26284.0491704094
 31
0.0
  0
LINE
  5
955
330
951
100
AcDbEntity
  8
$Размеры
  6
Continuous
 62
     5
440
 16777216
370
    13
100
AcDbLine
 10
9163.187710978412
 20
24602.83079153272
 30
0.0
 11
6401.232060145443
 21
26197.44663003095
 31
0.0
  0
INSERT
  5
956
330
951
100
AcDbEntity
  8
$Размеры
 62
     5
440
 16777216
370
    13
100
AcDbBlockReference
  2
_Oblique
 10
9163.187710978412
 20
24602.83079153272
 30
0.0
 41
150.0
 42
150.0
 43
150.0
 50
329.9999999999999
  0
INSERT
  5
957
330
951
100
AcDbEntity
  8
$Размеры
 62
     5
440
 16777216
370
    13
100
AcDbBlockReference
  2
_Oblique
 10
6401.232060145443
 20
26197.44663003095
 30
0.0
 41
150.0
 42
150.0
 43
150.0
 50
149.9999999999999
  0
MTEXT
  5
958
330
951
100
AcDbEntity
  8
$Размеры
 62
     5
440
 16777216
100
AcDbMText
 10
7882.209885561927
 20
25573.34379153873
 30
0.0
 40
250.0
 41
0.0
 46
0.0
 71
     5
 72
     1
  1
\A1;3189
  7
@ТРАНСПРОЕКТ
 11
0.8660254037844381
 21
-0.5000000000000011
 31
0.0
 73
     1
 44
1.0
 90
        3
 63
     9
421
 13158600
 45
1.1
441
        0
  0
POINT
  5
959
330
951
100
AcDbEntity
  8
Defpoints
 62
     0
440
 16777216
100
AcDbPoint
 10
7732.309837976524
 20
22124.47761606737
 30
0.0
  0
POINT
  5
95A
330
951
100
AcDbEntity
  8
Defpoints
 62
     0
440
 16777216
100
AcDbPoint
 10
4970.354187143556
 20
23719.0934545656
 30
0.0
  0
POINT
  5
95B
330
951
100
AcDbEntity
  8
Defpoints
 62
     0
440
 16777216
100
AcDbPoint
 10
6401.232060145443
 20
26197.44663003095
 30
0.0
  0
ENDBLK
  5
95C
330
951
100
AcDbEntity
  8
0
100
AcDbBlockEnd
  0
BLOCK
  5
95E
330
95D
100
AcDbEntity
  8
0
100
AcDbBlockBegin
  2
*D97
 70
     1
 10
0.0
 20
0.0
 30
0.0
  3
*D97
  1

  0
LINE
  5
95F
330
95D
100
AcDbEntity
  8
$Размеры
  6
Continuous
 62
     5
440
 16777216
370
    13
100
AcDbLine
 10
7782.310013984441
 20
22211.08005482736
 30
0.0
 11
9213.192923900241
 21
24689.43032221567
 31
0.0
  0
LINE
  5
960
330
95D
100
AcDbEntity
  8
$Размеры
  6
Continuous
 62
     5
440
 16777216
370
    13
100
AcDbLine
 10
12978.4562657132
 20
19211.0695370014
 30
0.0
 11
14409.339175629
 21
21689.41980438972
 31
0.0
  0
LINE
  5
961
330
95D
100
AcDbEntity
  8
$Размеры
  6
Continuous
 62
     5
440
 16777216
370
    13
100
AcDbLine
 10
9163.19274789232
 20
24602.82788345569
 30
0.0
 11
14359.33899962108
 21
21602.81736562974
 31
0.0
  0
INSERT
  5
962
330
95D
100
AcDbEntity
  8
$Размеры
 62
     5
440
 16777216
370
    13
100
AcDbBlockReference
  2
_Oblique
 10
9163.19274789232
 20
24602.82788345569
 30
0.0
 41
150.0
 42
150.0
 43
150.0
 50
149.9998835540289
  0
INSERT
  5
963
330
95D
100
AcDbEntity
  8
$Размеры
 62
     5
440
 16777216
370
    13
100
AcDbBlockReference
  2
_Oblique
 10
14359.33899962108
 20
21602.81736562974
 30
0.0
 41
150.0
 42
150.0
 43
150.0
 50
329.9998835540289
  0
MTEXT
  5
964
330
95D
100
AcDbEntity
  8
$Размеры
 62
     5
440
 16777216
100
AcDbMText
 10
11873.76626977452
 20
23297.67811175268
 30
0.0
 40
250.0
 41
0.0
 46
0.0
 71
     5
 72
     1
  1
\A1;2х3000 (поз.8)
  7
@ТРАНСПРОЕКТ
 11
0.8660243875998519
 21
-0.5000017600792034
 31
0.0
 73
     1
 44
1.0
 90
        3
 63
     9
421
 13158600
 45
1.1
441
        0
  0
POINT
  5
965
330
95D
100
AcDbEntity
  8
Defpoints
 62
     0
440
 16777216
100
AcDbPoint
 10
7732.309837976524
 20
22124.47761606738
 30
0.0
  0
POINT
  5
966
330
95D
100
AcDbEntity
  8
Defpoints
 62
     0
440
 16777216
100
AcDbPoint
 10
12928.45608970528
 20
19124.46709824141
 30
0.0
  0
POINT
  5
967
330
95D
100
AcDbEntity
  8
Defpoints
 62
     0
440
 16777216
100
AcDbPoint
 10
14359.33899962108
 20
21602.81736562974
 30
0.0
  0
ENDBLK
  5
968
330
95D
100
AcDbEntity
  8
0
100
AcDbBlockEnd
  0
BLOCK
  5
96A
330
969
100
AcDbEntity
  8
0
100
AcDbBlockBegin
  2
*D98
 70
     1
 10
0.0
 20
0.0
 30
0.0
  3
*D98
  1

  0
LINE
  5
96B
330
969
100
AcDbEntity
  8
$Слои конструкции
  6
Continuous
 62
     5
440
 16777216
370
    13
100
AcDbLine
 10
47651.88376509311
 20
25148.02672298134
 30
0.0
 11
46566.40988410218
 21
27028.12263514701
 31
0.0
  0
LINE
  5
96C
330
969
100
AcDbEntity
  8
$Слои конструкции
  6
Continuous
 62
     5
440
 16777216
370
    13
100
AcDbLine
 10
39658.61702534748
 20
20533.11201908576
 30
0.0
 11
38573.14314435656
 21
22413.20793125144
 31
0.0
  0
LINE
  5
96D
330
969
100
AcDbEntity
  8
$Слои конструкции
  6
Continuous
 62
     5
440
 16777216
370
    13
100
AcDbLine
 10
46616.40988410217
 20
26941.52009476856
 30
0.0
 11
38623.14314435655
 21
22326.60539087299
 31
0.0
  0
INSERT
  5
96E
330
969
100
AcDbEntity
  8
$Слои конструкции
 62
     5
440
 16777216
370
    13
100
AcDbBlockReference
  2
_Oblique
 10
46616.40988410217
 20
26941.52009476856
 30
0.0
 41
150.0
 42
150.0
 43
150.0
 50
29.99999999999438
  0
INSERT
  5
96F
330
969
100
AcDbEntity
  8
$Слои конструкции
 62
     5
440
 16777216
370
    13
100
AcDbBlockReference
  2
_Oblique
 10
38623.14314435655
 20
22326.60539087299
 30
0.0
 41
150.0
 42
150.0
 43
150.0
 50
209.9999999999944
  0
MTEXT
  5
970
330
969
100
AcDbEntity
  8
$Слои конструкции
 62
     5
440
 16777216
100
AcDbMText
 10
42519.77651422937
 20
24807.26782357767
 30
0.0
 40
250.0
 41
0.0
 46
0.0
 71
     5
 72
     1
  1
\A1;9230
  7
@ТРАНСПРОЕКТ
 11
0.8660254037844879
 21
0.499999999999915
 31
0.0
 73
     1
 44
1.0
 90
        3
 63
     9
421
 13158600
 45
1.1
441
        0
  0
POINT
  5
971
330
969
100
AcDbEntity
  8
Defpoints
 62
     0
440
 16777216
100
AcDbPoint
 10
47701.8837650931
 20
25061.42418260288
 30
0.0
  0
POINT
  5
972
330
969
100
AcDbEntity
  8
Defpoints
 62
     0
440
 16777216
100
AcDbPoint
 10
39708.61702534748
 20
20446.50947870731
 30
0.0
  0
POINT
  5
973
330
969
100
AcDbEntity
  8
Defpoints
 62
     0
440
 16777216
100
AcDbPoint
 10
38623.14314435655
 20
22326.60539087299
 30
0.0
  0
ENDBLK
  5
974
330
969
100
AcDbEntity
  8
0
100
AcDbBlockEnd
  0
BLOCK
  5
976
330
975
100
AcDbEntity
  8
0
100
AcDbBlockBegin
  2
*D99
 70
     1
 10
0.0
 20
0.0
 30
0.0
  3
*D99
  1

  0
LINE
  5
977
330
975
100
AcDbEntity
  8
$Размеры
  6
Continuous
 62
     5
440
 16777216
370
    13
100
AcDbLine
 10
45664.92294542585
 20
22211.08005482736
 30
0.0
 11
44234.04003551031
 21
24689.43032221521
 31
0.0
  0
LINE
  5
978
330
975
100
AcDbEntity
  8
$Размеры
  6
Continuous
 62
     5
440
 16777216
370
    13
100
AcDbLine
 10
40468.77669369708
 20
19211.0695370014
 30
0.0
 11
39037.89378378155
 21
21689.41980438926
 31
0.0
  0
LINE
  5
979
330
975
100
AcDbEntity
  8
$Размеры
  6
Continuous
 62
     5
440
 16777216
370
    13
100
AcDbLine
 10
44284.04021151822
 20
24602.82788345523
 30
0.0
 11
39087.89395978947
 21
21602.81736562927
 31
0.0
  0
INSERT
  5
97A
330
975
100
AcDbEntity
  8
$Размеры
 62
     5
440
 16777216
370
    13
100
AcDbBlockReference
  2
_Oblique
 10
44284.04021151822
 20
24602.82788345523
 30
0.0
 41
150.0
 42
150.0
 43
150.0
 50
30.00011644597108
  0
INSERT
  5
97B
330
975
100
AcDbEntity
  8
$Размеры
 62
     5
440
 16777216
370
    13
100
AcDbBlockReference
  2
_Oblique
 10
39087.89395978947
 20
21602.81736562927
 30
0.0
 41
150.0
 42
150.0
 43
150.0
 50
210.0001164459711
  0
MTEXT
  5
97C
330
975
100
AcDbEntity
  8
$Размеры
 62
     5
440
 16777216
100
AcDbMText
 10
41573.46668963603
 20
23297.67811175223
 30
0.0
 40
250.0
 41
0.0
 46
0.0
 71
     5
 72
     1
  1
\A1;2х3000 (поз.8)
  7
@ТРАНСПРОЕКТ
 11
0.8660243875998519
 21
0.5000017600792034
 31
0.0
 73
     1
 44
1.0
 90
        3
 63
     9
421
 13158600
 45
1.1
441
        0
  0
POINT
  5
97D
330
975
100
AcDbEntity
  8
Defpoints
 62
     0
440
 16777216
100
AcDbPoint
 10
45714.92312143376
 20
22124.47761606738
 30
0.0
  0
POINT
  5
97E
330
975
100
AcDbEntity
  8
Defpoints
 62
     0
440
 16777216
100
AcDbPoint
 10
40518.776869705
 20
19124.46709824141
 30
0.0
  0
POINT
  5
97F
330
975
100
AcDbEntity
  8
Defpoints
 62
     0
440
 16777216
100
AcDbPoint
 10
39087.89395978947
 20
21602.81736562927
 30
0.0
  0
ENDBLK
  5
980
330
975
100
AcDbEntity
  8
0
100
AcDbBlockEnd
  0
BLOCK
  5
982
330
981
100
AcDbEntity
  8
0
100
AcDbBlockBegin
  2
*D100
 70
     1
 10
0.0
 20
0.0
 30
0.0
  3
*D100
  1

  0
LINE
  5
983
330
981
100
AcDbEntity
  8
$Размеры
  6
Continuous
 62
     5
440
 16777216
370
    13
100
AcDbLine
 10
45664.92312143376
 20
22211.08015644582
 30
0.0
 11
44234.04524843807
 21
24689.43333190044
 31
0.0
  0
LINE
  5
984
330
981
100
AcDbEntity
  8
$Размеры
  6
Continuous
 62
     5
440
 16777216
370
    13
100
AcDbLine
 10
48426.87877226672
 20
23805.69599494404
 30
0.0
 11
46996.00089927104
 21
26284.04917039867
 31
0.0
  0
LINE
  5
985
330
981
100
AcDbEntity
  8
$Размеры
  6
Continuous
 62
     5
440
 16777216
370
    13
100
AcDbLine
 10
44284.04524843807
 20
24602.830791522
 30
0.0
 11
47046.00089927104
 21
26197.44663002022
 31
0.0
  0
INSERT
  5
986
330
981
100
AcDbEntity
  8
$Размеры
 62
     5
440
 16777216
370
    13
100
AcDbBlockReference
  2
_Oblique
 10
44284.04524843807
 20
24602.830791522
 30
0.0
 41
150.0
 42
150.0
 43
150.0
 50
210.0
  0
INSERT
  5
987
330
981
100
AcDbEntity
  8
$Размеры
 62
     5
440
 16777216
370
    13
100
AcDbBlockReference
  2
_Oblique
 10
47046.00089927104
 20
26197.44663002022
 30
0.0
 41
150.0
 42
150.0
 43
150.0
 50
30.00000000000005
  0
MTEXT
  5
988
330
981
100
AcDbEntity
  8
$Размеры
 62
     5
440
 16777216
100
AcDbMText
 10
45565.02307385454
 20
25573.34379152799
 30
0.0
 40
250.0
 41
0.0
 46
0.0
 71
     5
 72
     1
  1
\A1;3189
  7
@ТРАНСПРОЕКТ
 11
0.8660254037844381
 21
0.5000000000000009
 31
0.0
 73
     1
 44
1.0
 90
        3
 63
     9
421
 13158600
 45
1.1
441
        0
  0
POINT
  5
989
330
981
100
AcDbEntity
  8
Defpoints
 62
     0
440
 16777216
100
AcDbPoint
 10
45714.92312143376
 20
22124.47761606737
 30
0.0
  0
POINT
  5
98A
330
981
100
AcDbEntity
  8
Defpoints
 62
     0
440
 16777216
100
AcDbPoint
 10
48476.87877226673
 20
23719.0934545656
 30
0.0
  0
POINT
  5
98B
330
981
100
AcDbEntity
  8
Defpoints
 62
     0
440
 16777216
100
AcDbPoint
 10
47046.00089927104
 20
26197.44663002022
 30
0.0
  0
ENDBLK
  5
98C
330
981
100
AcDbEntity
  8
0
100
AcDbBlockEnd
  0
BLOCK
  5
98E
330
98D
100
AcDbEntity
  8
0
100
AcDbBlockBegin
  2
*D101
 70
     1
 10
0.0
 20
0.0
 30
0.0
  3
*D101
  1

  0
LINE
  5
98F
330
98D
100
AcDbEntity
  8
$Слои конструкции
  6
Continuous
 62
     5
440
 16777216
370
    13
100
AcDbLine
 10
5795.349194317169
 20
3164.309209656891
 30
0.0
 11
6880.823075308192
 21
1284.213297491038
 31
0.0
  0
LINE
  5
990
330
98D
100
AcDbEntity
  8
$Слои конструкции
  6
Continuous
 62
     5
440
 16777216
370
    13
100
AcDbLine
 10
13788.61593406279
 20
7779.223913552461
 30
0.0
 11
14874.08981505381
 21
5899.128001386608
 31
0.0
  0
LINE
  5
991
330
98D
100
AcDbEntity
  8
$Слои конструкции
  6
Continuous
 62
     5
440
 16777216
370
    13
100
AcDbLine
 10
6830.823075308201
 20
1370.815837869487
 30
0.0
 11
14824.08981505382
 21
5985.730541765057
 31
0.0
  0
INSERT
  5
992
330
98D
100
AcDbEntity
  8
$Слои конструкции
 62
     5
440
 16777216
370
    13
100
AcDbBlockReference
  2
_Oblique
 10
6830.823075308201
 20
1370.815837869487
 30
0.0
 41
150.0
 42
150.0
 43
150.0
 50
209.9999999999944
  0
INSERT
  5
993
330
98D
100
AcDbEntity
  8
$Слои конструкции
 62
     5
440
 16777216
370
    13
100
AcDbBlockReference
  2
_Oblique
 10
14824.08981505382
 20
5985.730541765057
 30
0.0
 41
150.0
 42
150.0
 43
150.0
 50
29.99999999999438
  0
MTEXT
  5
994
330
98D
100
AcDbEntity
  8
$Слои конструкции
 62
     5
440
 16777216
100
AcDbMText
 10
10727.45644518103
 20
3851.478270574169
 30
0.0
 40
250.0
 41
0.0
 46
0.0
 71
     5
 72
     1
  1
\A1;9230
  7
@ТРАНСПРОЕКТ
 11
0.8660254037844879
 21
0.499999999999915
 31
0.0
 73
     1
 44
1.0
 90
        3
 63
     9
421
 13158600
 45
1.1
441
        0
  0
POINT
  5
995
330
98D
100
AcDbEntity
  8
Defpoints
 62
     0
440
 16777216
100
AcDbPoint
 10
5745.349194317178
 20
3250.91175003534
 30
0.0
  0
POINT
  5
996
330
98D
100
AcDbEntity
  8
Defpoints
 62
     0
440
 16777216
100
AcDbPoint
 10
13738.6159340628
 20
7865.82645393091
 30
0.0
  0
POINT
  5
997
330
98D
100
AcDbEntity
  8
Defpoints
 62
     0
440
 16777216
100
AcDbPoint
 10
14824.08981505382
 20
5985.730541765057
 30
0.0
  0
ENDBLK
  5
998
330
98D
100
AcDbEntity
  8
0
100
AcDbBlockEnd
  0
BLOCK
  5
99A
330
999
100
AcDbEntity
  8
0
100
AcDbBlockBegin
  2
*D102
 70
     1
 10
0.0
 20
0.0
 30
0.0
  3
*D102
  1

  0
LINE
  5
99B
330
999
100
AcDbEntity
  8
$Размеры
  6
Continuous
 62
     5
440
 16777216
370
    13
100
AcDbLine
 10
7782.309837976524
 20
6101.255776192406
 30
0.0
 11
9213.187710978401
 21
3622.902600727073
 31
0.0
  0
LINE
  5
99C
330
999
100
AcDbEntity
  8
$Размеры
  6
Continuous
 62
     5
440
 16777216
370
    13
100
AcDbLine
 10
5020.354187143554
 20
4506.639937694179
 30
0.0
 11
6451.232060145432
 21
2028.286762228844
 31
0.0
  0
LINE
  5
99D
330
999
100
AcDbEntity
  8
$Размеры
  6
Continuous
 62
     5
440
 16777216
370
    13
100
AcDbLine
 10
9163.187710978402
 20
3709.505141105516
 30
0.0
 11
6401.232060145432
 21
2114.889302607288
 31
0.0
  0
INSERT
  5
99E
330
999
100
AcDbEntity
  8
$Размеры
 62
     5
440
 16777216
370
    13
100
AcDbBlockReference
  2
_Oblique
 10
9163.187710978402
 20
3709.505141105516
 30
0.0
 41
150.0
 42
150.0
 43
150.0
 50
30.00000000000005
  0
INSERT
  5
99F
330
999
100
AcDbEntity
  8
$Размеры
 62
     5
440
 16777216
370
    13
100
AcDbBlockReference
  2
_Oblique
 10
6401.232060145432
 20
2114.889302607288
 30
0.0
 41
150.0
 42
150.0
 43
150.0
 50
210.0
  0
MTEXT
  5
9A0
330
999
100
AcDbEntity
  8
$Размеры
 62
     5
440
 16777216
100
AcDbMText
 10
7682.209885561916
 20
3085.40230261329
 30
0.0
 40
250.0
 41
0.0
 46
0.0
 71
     5
 72
     1
  1
\A1;3189
  7
@ТРАНСПРОЕКТ
 11
0.8660254037844381
 21
0.5000000000000011
 31
0.0
 73
     1
 44
1.0
 90
        3
 63
     9
421
 13158600
 45
1.1
441
        0
  0
POINT
  5
9A1
330
999
100
AcDbEntity
  8
Defpoints
 62
     0
440
 16777216
100
AcDbPoint
 10
7732.309837976524
 20
6187.858316570849
 30
0.0
  0
POINT
  5
9A2
330
999
100
AcDbEntity
  8
Defpoints
 62
     0
440
 16777216
100
AcDbPoint
 10
4970.354187143552
 20
4593.242478072622
 30
0.0
  0
POINT
  5
9A3
330
999
100
AcDbEntity
  8
Defpoints
 62
     0
440
 16777216
100
AcDbPoint
 10
6401.232060145432
 20
2114.889302607288
 30
0.0
  0
ENDBLK
  5
9A4
330
999
100
AcDbEntity
  8
0
100
AcDbBlockEnd
  0
BLOCK
  5
9A6
330
9A5
100
AcDbEntity
  8
0
100
AcDbBlockBegin
  2
*D103
 70
     1
 10
0.0
 20
0.0
 30
0.0
  3
*D103
  1

  0
LINE
  5
9A7
330
9A5
100
AcDbEntity
  8
$Размеры
  6
Continuous
 62
     5
440
 16777216
370
    13
100
AcDbLine
 10
7782.310013984444
 20
6101.255877810864
 30
0.0
 11
9213.192923899875
 21
3622.905610423183
 31
0.0
  0
LINE
  5
9A8
330
9A5
100
AcDbEntity
  8
$Размеры
  6
Continuous
 62
     5
440
 16777216
370
    13
100
AcDbLine
 10
12978.4562657132
 20
9101.266395636818
 30
0.0
 11
14409.33917562863
 21
6622.916128249137
 31
0.0
  0
LINE
  5
9A9
330
9A5
100
AcDbEntity
  8
$Размеры
  6
Continuous
 62
     5
440
 16777216
370
    13
100
AcDbLine
 10
9163.192747891955
 20
3709.508049183168
 30
0.0
 11
14359.33899962071
 21
6709.518567009121
 31
0.0
  0
INSERT
  5
9AA
330
9A5
100
AcDbEntity
  8
$Размеры
 62
     5
440
 16777216
370
    13
100
AcDbBlockReference
  2
_Oblique
 10
9163.192747891955
 20
3709.508049183168
 30
0.0
 41
150.0
 42
150.0
 43
150.0
 50
210.0001164459711
  0
INSERT
  5
9AB
330
9A5
100
AcDbEntity
  8
$Размеры
 62
     5
440
 16777216
370
    13
100
AcDbBlockReference
  2
_Oblique
 10
14359.33899962071
 20
6709.518567009121
 30
0.0
 41
150.0
 42
150.0
 43
150.0
 50
30.00011644597111
  0
MTEXT
  5
9AC
330
9A5
100
AcDbEntity
  8
$Размеры
 62
     5
440
 16777216
100
AcDbMText
 10
11648.76547773851
 20
5404.368795306112
 30
0.0
 40
250.0
 41
0.0
 46
0.0
 71
     5
 72
     1
  1
\A1;2х3000 (поз.8)
  7
@ТРАНСПРОЕКТ
 11
0.8660243875998519
 21
0.5000017600792038
 31
0.0
 73
     1
 44
1.0
 90
        3
 63
     9
421
 13158600
 45
1.1
441
        0
  0
POINT
  5
9AD
330
9A5
100
AcDbEntity
  8
Defpoints
 62
     0
440
 16777216
100
AcDbPoint
 10
7732.309837976524
 20
6187.858316570849
 30
0.0
  0
POINT
  5
9AE
330
9A5
100
AcDbEntity
  8
Defpoints
 62
     0
440
 16777216
100
AcDbPoint
 10
12928.45608970528
 20
9187.868834396802
 30
0.0
  0
POINT
  5
9AF
330
9A5
100
AcDbEntity
  8
Defpoints
 62
     0
440
 16777216
100
AcDbPoint
 10
14359.33899962071
 20
6709.518567009121
 30
0.0
  0
ENDBLK
  5
9B0
330
9A5
100
AcDbEntity
  8
0
100
AcDbBlockEnd
  0
BLOCK
  5
9B2
330
9B1
100
AcDbEntity
  8
0
100
AcDbBlockBegin
  2
*D104
 70
     1
 10
0.0
 20
0.0
 30
0.0
  3
*D104
  1

  0
LINE
  5
9B3
330
9B1
100
AcDbEntity
  8
$Слои конструкции
  6
Continuous
 62
     5
440
 16777216
370
    13
100
AcDbLine
 10
47651.88376509311
 20
3164.309209656891
 30
0.0
 11
46566.40988410191
 21
1284.213297490754
 31
0.0
  0
LINE
  5
9B4
330
9B1
100
AcDbEntity
  8
$Слои конструкции
  6
Continuous
 62
     5
440
 16777216
370
    13
100
AcDbLine
 10
39658.61702534748
 20
7779.223913552463
 30
0.0
 11
38573.1431443563
 21
5899.128001386323
 31
0.0
  0
LINE
  5
9B5
330
9B1
100
AcDbEntity
  8
$Слои конструкции
  6
Continuous
 62
     5
440
 16777216
370
    13
100
AcDbLine
 10
46616.40988410192
 20
1370.815837869202
 30
0.0
 11
38623.14314435629
 21
5985.73054176477
 31
0.0
  0
INSERT
  5
9B6
330
9B1
100
AcDbEntity
  8
$Слои конструкции
 62
     5
440
 16777216
370
    13
100
AcDbBlockReference
  2
_Oblique
 10
46616.40988410192
 20
1370.815837869202
 30
0.0
 41
150.0
 42
150.0
 43
150.0
 50
330.0000000000056
  0
INSERT
  5
9B7
330
9B1
100
AcDbEntity
  8
$Слои конструкции
 62
     5
440
 16777216
370
    13
100
AcDbBlockReference
  2
_Oblique
 10
38623.14314435629
 20
5985.73054176477
 30
0.0
 41
150.0
 42
150.0
 43
150.0
 50
150.0000000000056
  0
MTEXT
  5
9B8
330
9B1
100
AcDbEntity
  8
$Слои конструкции
 62
     5
440
 16777216
100
AcDbMText
 10
42719.77651422908
 20
3851.478270573887
 30
0.0
 40
250.0
 41
0.0
 46
0.0
 71
     5
 72
     1
  1
\A1;9230
  7
@ТРАНСПРОЕКТ
 11
0.8660254037844879
 21
-0.499999999999915
 31
0.0
 73
     1
 44
1.0
 90
        3
 63
     9
421
 13158600
 45
1.1
441
        0
  0
POINT
  5
9B9
330
9B1
100
AcDbEntity
  8
Defpoints
 62
     0
440
 16777216
100
AcDbPoint
 10
47701.8837650931
 20
3250.911750035339
 30
0.0
  0
POINT
  5
9BA
330
9B1
100
AcDbEntity
  8
Defpoints
 62
     0
440
 16777216
100
AcDbPoint
 10
39708.61702534748
 20
7865.82645393091
 30
0.0
  0
POINT
  5
9BB
330
9B1
100
AcDbEntity
  8
Defpoints
 62
     0
440
 16777216
100
AcDbPoint
 10
38623.14314435629
 20
5985.73054176477
 30
0.0
  0
ENDBLK
  5
9BC
330
9B1
100
AcDbEntity
  8
0
100
AcDbBlockEnd
  0
BLOCK
  5
9BE
330
9BD
100
AcDbEntity
  8
0
100
AcDbBlockBegin
  2
*D105
 70
     1
 10
0.0
 20
0.0
 30
0.0
  3
*D105
  1

  0
LINE
  5
9BF
330
9BD
100
AcDbEntity
  8
$Размеры
  6
Continuous
 62
     5
440
 16777216
370
    13
100
AcDbLine
 10
45664.92294542583
 20
6101.25587781086
 30
0.0
 11
44234.0400355104
 21
3622.905610423186
 31
0.0
  0
LINE
  5
9C0
330
9BD
100
AcDbEntity
  8
$Размеры
  6
Continuous
 62
     5
440
 16777216
370
    13
100
AcDbLine
 10
40468.77669369707
 20
9101.26639563682
 30
0.0
 11
39037.89378378165
 21
6622.916128249137
 31
0.0
  0
LINE
  5
9C1
330
9BD
100
AcDbEntity
  8
$Размеры
  6
Continuous
 62
     5
440
 16777216
370
    13
100
AcDbLine
 10
44284.04021151833
 20
3709.508049183173
 30
0.0
 11
39087.89395978958
 21
6709.518567009124
 31
0.0
  0
INSERT
  5
9C2
330
9BD
100
AcDbEntity
  8
$Размеры
 62
     5
440
 16777216
370
    13
100
AcDbBlockReference
  2
_Oblique
 10
44284.04021151833
 20
3709.508049183173
 30
0.0
 41
150.0
 42
150.0
 43
150.0
 50
329.9998835540289
  0
INSERT
  5
9C3
330
9BD
100
AcDbEntity
  8
$Размеры
 62
     5
440
 16777216
370
    13
100
AcDbBlockReference
  2
_Oblique
 10
39087.89395978958
 20
6709.518567009124
 30
0.0
 41
150.0
 42
150.0
 43
150.0
 50
149.9998835540289
  0
MTEXT
  5
9C4
330
9BD
100
AcDbEntity
  8
$Размеры
 62
     5
440
 16777216
100
AcDbMText
 10
41798.46748167176
 20
5404.368795306105
 30
0.0
 40
250.0
 41
0.0
 46
0.0
 71
     5
 72
     1
  1
\A1;2х3000 (поз.8)
  7
@ТРАНСПРОЕКТ
 11
0.8660243875998519
 21
-0.5000017600792034
 31
0.0
 73
     1
 44
1.0
 90
        3
 63
     9
421
 13158600
 45
1.1
441
        0
  0
POINT
  5
9C5
330
9BD
100
AcDbEntity
  8
Defpoints
 62
     0
440
 16777216
100
AcDbPoint
 10
45714.92312143376
 20
6187.858316570849
 30
0.0
  0
POINT
  5
9C6
330
9BD
100
AcDbEntity
  8
Defpoints
 62
     0
440
 16777216
100
AcDbPoint
 10
40518.776869705
 20
9187.868834396807
 30
0.0
  0
POINT
  5
9C7
330
9BD
100
AcDbEntity
  8
Defpoints
 62
     0
440
 16777216
100
AcDbPoint
 10
39087.89395978958
 20
6709.518567009124
 30
0.0
  0
ENDBLK
  5
9C8
330
9BD
100
AcDbEntity
  8
0
100
AcDbBlockEnd
  0
BLOCK
  5
9CA
330
9C9
100
AcDbEntity
  8
0
100
AcDbBlockBegin
  2
*D106
 70
     1
 10
0.0
 20
0.0
 30
0.0
  3
*D106
  1

  0
LINE
  5
9CB
330
9C9
100
AcDbEntity
  8
$Размеры
  6
Continuous
 62
     5
440
 16777216
370
    13
100
AcDbLine
 10
45664.92312143376
 20
6101.255776192407
 30
0.0
 11
44234.04524843801
 21
3622.902600737725
 31
0.0
  0
LINE
  5
9CC
330
9C9
100
AcDbEntity
  8
$Размеры
  6
Continuous
 62
     5
440
 16777216
370
    13
100
AcDbLine
 10
48426.87877226672
 20
4506.639937694177
 30
0.0
 11
46996.00089927098
 21
2028.286762239499
 31
0.0
  0
LINE
  5
9CD
330
9C9
100
AcDbEntity
  8
$Размеры
  6
Continuous
 62
     5
440
 16777216
370
    13
100
AcDbLine
 10
44284.04524843803
 20
3709.50514111617
 30
0.0
 11
47046.000899271
 21
2114.889302617943
 31
0.0
  0
INSERT
  5
9CE
330
9C9
100
AcDbEntity
  8
$Размеры
 62
     5
440
 16777216
370
    13
100
AcDbBlockReference
  2
_Oblique
 10
44284.04524843803
 20
3709.50514111617
 30
0.0
 41
150.0
 42
150.0
 43
150.0
 50
149.9999999999999
  0
INSERT
  5
9CF
330
9C9
100
AcDbEntity
  8
$Размеры
 62
     5
440
 16777216
370
    13
100
AcDbBlockReference
  2
_Oblique
 10
47046.000899271
 20
2114.889302617943
 30
0.0
 41
150.0
 42
150.0
 43
150.0
 50
329.9999999999999
  0
MTEXT
  5
9D0
330
9C9
100
AcDbEntity
  8
$Размеры
 62
     5
440
 16777216
100
AcDbMText
 10
45765.02307385451
 20
3085.402302623941
 30
0.0
 40
250.0
 41
0.0
 46
0.0
 71
     5
 72
     1
  1
\A1;3189
  7
@ТРАНСПРОЕКТ
 11
0.8660254037844381
 21
-0.5000000000000011
 31
0.0
 73
     1
 44
1.0
 90
        3
 63
     9
421
 13158600
 45
1.1
441
        0
  0
POINT
  5
9D1
330
9C9
100
AcDbEntity
  8
Defpoints
 62
     0
440
 16777216
100
AcDbPoint
 10
45714.92312143376
 20
6187.858316570849
 30
0.0
  0
POINT
  5
9D2
330
9C9
100
AcDbEntity
  8
Defpoints
 62
     0
440
 16777216
100
AcDbPoint
 10
48476.87877226673
 20
4593.24247807262
 30
0.0
  0
POINT
  5
9D3
330
9C9
100
AcDbEntity
  8
Defpoints
 62
     0
440
 16777216
100
AcDbPoint
 10
47046.000899271
 20
2114.889302617943
 30
0.0
  0
ENDBLK
  5
9D4
330
9C9
100
AcDbEntity
  8
0
100
AcDbBlockEnd
  0
BLOCK
  5
9D6
330
9D5
100
AcDbEntity
  8
0
100
AcDbBlockBegin
  2
*D107
 70
     1
 10
0.0
 20
0.0
 30
0.0
  3
*D107
  1

  0
LINE
  5
9D7
330
9D5
100
AcDbEntity
  8
$Размеры
  6
Continuous
 62
     5
440
 16777216
370
    13
100
AcDbLine
 10
14648.61647903645
 20
9206.167966378714
 30
0.0
 11
14648.61647903645
 21
4154.592288360677
 31
0.0
  0
LINE
  5
9D8
330
9D5
100
AcDbEntity
  8
$Размеры
  6
Continuous
 62
     5
440
 16777216
370
    13
100
AcDbLine
 10
38798.61647999013
 20
9206.167966319108
 30
0.0
 11
38798.61647999013
 21
4154.592288360677
 31
0.0
  0
LINE
  5
9D9
330
9D5
100
AcDbEntity
  8
$Размеры
  6
Continuous
 62
     5
440
 16777216
370
    13
100
AcDbLine
 10
14648.61647903645
 20
4254.592288360677
 30
0.0
 11
38798.61647999013
 21
4254.592288360677
 31
0.0
  0
INSERT
  5
9DA
330
9D5
100
AcDbEntity
  8
$Размеры
 62
     5
440
 16777216
370
    13
100
AcDbBlockReference
  2
_Oblique
 10
14648.61647903645
 20
4254.592288360677
 30
0.0
 41
150.0
 42
150.0
 43
150.0
 50
180.0
  0
INSERT
  5
9DB
330
9D5
100
AcDbEntity
  8
$Размеры
 62
     5
440
 16777216
370
    13
100
AcDbBlockReference
  2
_Oblique
 10
38798.61647999013
 20
4254.592288360677
 30
0.0
 41
150.0
 42
150.0
 43
150.0
  0
MTEXT
  5
9DC
330
9D5
100
AcDbEntity
  8
$Размеры
 62
     5
440
 16777216
100
AcDbMText
 10
26723.61647951329
 20
4454.592288360677
 30
0.0
 40
250.0
 41
0.0
 46
0.0
 71
     5
 72
     1
  1
\A1;23х1050=24150
  7
@ТРАНСПРОЕКТ
 73
     1
 44
1.0
 90
        3
 63
     9
421
 13158600
 45
1.1
441
        0
  0
POINT
  5
9DD
330
9D5
100
AcDbEntity
  8
Defpoints
 62
     0
440
 16777216
100
AcDbPoint
 10
14648.61647903645
 20
9306.167966378714
 30
0.0
  0
POINT
  5
9DE
330
9D5
100
AcDbEntity
  8
Defpoints
 62
     0
440
 16777216
100
AcDbPoint
 10
38798.61647999013
 20
9306.167966319108
 30
0.0
  0
POINT
  5
9DF
330
9D5
100
AcDbEntity
  8
Defpoints
 62
     0
440
 16777216
100
AcDbPoint
 10
38798.61647999013
 20
4254.592288360677
 30
0.0
  0
ENDBLK
  5
9E0
330
9D5
100
AcDbEntity
  8
0
100
AcDbBlockEnd
  0
BLOCK
  5
9E2
330
9E1
100
AcDbEntity
  8
0
100
AcDbBlockBegin
  2
*D108
 70
     1
 10
0.0
 20
0.0
 30
0.0
  3
*D108
  1

  0
LINE
  5
9E3
330
9E1
100
AcDbEntity
  8
$Размеры
  6
Continuous
 62
     5
440
 16777216
370
    13
100
AcDbLine
 10
14648.61647903645
 20
9206.167966378714
 30
0.0
 11
14648.61647903645
 21
4154.592288360677
 31
0.0
  0
LINE
  5
9E4
330
9E1
100
AcDbEntity
  8
$Размеры
  6
Continuous
 62
     5
440
 16777216
370
    13
100
AcDbLine
 10
13758.61647970514
 20
8906.167966438319
 30
0.0
 11
13758.61647970514
 21
4154.592288360677
 31
0.0
  0
LINE
  5
9E5
330
9E1
100
AcDbEntity
  8
$Размеры
  6
Continuous
 62
     5
440
 16777216
370
    13
100
AcDbLine
 10
14648.61647903645
 20
4254.592288360677
 30
0.0
 11
13758.61647970514
 21
4254.592288360677
 31
0.0
  0
INSERT
  5
9E6
330
9E1
100
AcDbEntity
  8
$Размеры
 62
     5
440
 16777216
370
    13
100
AcDbBlockReference
  2
_Oblique
 10
14648.61647903645
 20
4254.592288360677
 30
0.0
 41
150.0
 42
150.0
 43
150.0
  0
INSERT
  5
9E7
330
9E1
100
AcDbEntity
  8
$Размеры
 62
     5
440
 16777216
370
    13
100
AcDbBlockReference
  2
_Oblique
 10
13758.61647970514
 20
4254.592288360677
 30
0.0
 41
150.0
 42
150.0
 43
150.0
 50
180.0
  0
MTEXT
  5
9E8
330
9E1
100
AcDbEntity
  8
$Размеры
 62
     5
440
 16777216
100
AcDbMText
 10
14203.61647937079
 20
4454.592288360677
 30
0.0
 40
250.0
 41
0.0
 46
0.0
 71
     5
 72
     1
  1
\A1;890
  7
@ТРАНСПРОЕКТ
 73
     1
 44
1.0
 90
        3
 63
     9
421
 13158600
 45
1.1
441
        0
  0
POINT
  5
9E9
330
9E1
100
AcDbEntity
  8
Defpoints
 62
     0
440
 16777216
100
AcDbPoint
 10
14648.61647903645
 20
9306.167966378714
 30
0.0
  0
POINT
  5
9EA
330
9E1
100
AcDbEntity
  8
Defpoints
 62
     0
440
 16777216
100
AcDbPoint
 10
13758.61647970514
 20
9006.167966438319
 30
0.0
  0
POINT
  5
9EB
330
9E1
100
AcDbEntity
  8
Defpoints
 62
     0
440
 16777216
100
AcDbPoint
 10
13758.61647970514
 20
4254.592288360677
 30
0.0
  0
ENDBLK
  5
9EC
330
9E1
100
AcDbEntity
  8
0
100
AcDbBlockEnd
  0
BLOCK
  5
9EE
330
9ED
100
AcDbEntity
  8
0
100
AcDbBlockBegin
  2
*D109
 70
     1
 10
0.0
 20
0.0
 30
0.0
  3
*D109
  1

  0
LINE
  5
9EF
330
9ED
100
AcDbEntity
  8
$Размеры
  6
Continuous
 62
     5
440
 16777216
370
    13
100
AcDbLine
 10
38798.61647999013
 20
9206.167966319108
 30
0.0
 11
38798.61647999013
 21
4154.592288360677
 31
0.0
  0
LINE
  5
9F0
330
9ED
100
AcDbEntity
  8
$Размеры
  6
Continuous
 62
     5
440
 16777216
370
    13
100
AcDbLine
 10
39688.61647970514
 20
8906.167966378715
 30
0.0
 11
39688.61647970514
 21
4154.592288360677
 31
0.0
  0
LINE
  5
9F1
330
9ED
100
AcDbEntity
  8
$Размеры
  6
Continuous
 62
     5
440
 16777216
370
    13
100
AcDbLine
 10
38798.61647999013
 20
4254.592288360677
 30
0.0
 11
39688.61647970514
 21
4254.592288360677
 31
0.0
  0
INSERT
  5
9F2
330
9ED
100
AcDbEntity
  8
$Размеры
 62
     5
440
 16777216
370
    13
100
AcDbBlockReference
  2
_Oblique
 10
38798.61647999013
 20
4254.592288360677
 30
0.0
 41
150.0
 42
150.0
 43
150.0
 50
180.0
  0
INSERT
  5
9F3
330
9ED
100
AcDbEntity
  8
$Размеры
 62
     5
440
 16777216
370
    13
100
AcDbBlockReference
  2
_Oblique
 10
39688.61647970514
 20
4254.592288360677
 30
0.0
 41
150.0
 42
150.0
 43
150.0
  0
MTEXT
  5
9F4
330
9ED
100
AcDbEntity
  8
$Размеры
 62
     5
440
 16777216
100
AcDbMText
 10
39243.61647984763
 20
4454.592288360677
 30
0.0
 40
250.0
 41
0.0
 46
0.0
 71
     5
 72
     1
  1
\A1;890
  7
@ТРАНСПРОЕКТ
 73
     1
 44
1.0
 90
        3
 63
     9
421
 13158600
 45
1.1
441
        0
  0
POINT
  5
9F5
330
9ED
100
AcDbEntity
  8
Defpoints
 62
     0
440
 16777216
100
AcDbPoint
 10
38798.61647999013
 20
9306.167966319108
 30
0.0
  0
POINT
  5
9F6
330
9ED
100
AcDbEntity
  8
Defpoints
 62
     0
440
 16777216
100
AcDbPoint
 10
39688.61647970514
 20
9006.167966378715
 30
0.0
  0
POINT
  5
9F7
330
9ED
100
AcDbEntity
  8
Defpoints
 62
     0
440
 16777216
100
AcDbPoint
 10
39688.61647970514
 20
4254.592288360677
 30
0.0
  0
ENDBLK
  5
9F8
330
9ED
100
AcDbEntity
  8
0
100
AcDbBlockEnd
  0
BLOCK
  5
9FA
330
9F9
100
AcDbEntity
  8
0
100
AcDbBlockBegin
  2
*D110
 70
     1
 10
0.0
 20
0.0
 30
0.0
  3
*D110
  1

  0
LINE
  5
9FB
330
9F9
100
AcDbEntity
  8
$Размеры
  6
Continuous
 62
     5
440
 16777216
370
    13
100
AcDbLine
 10
16223.61647902574
 20
12970.17557974227
 30
0.0
 11
16223.61647902574
 21
13265.54247337927
 31
0.0
  0
LINE
  5
9FC
330
9F9
100
AcDbEntity
  8
$Размеры
  6
Continuous
 62
     5
440
 16777216
370
    13
100
AcDbLine
 10
37223.61648021737
 20
12831.46107732875
 30
0.0
 11
37223.61648021737
 21
13265.54247337927
 31
0.0
  0
LINE
  5
9FD
330
9F9
100
AcDbEntity
  8
$Размеры
  6
Continuous
 62
     5
440
 16777216
370
    13
100
AcDbLine
 10
16223.61647902574
 20
13165.54247337927
 30
0.0
 11
37223.61648021737
 21
13165.54247337927
 31
0.0
  0
INSERT
  5
9FE
330
9F9
100
AcDbEntity
  8
$Размеры
 62
     5
440
 16777216
370
    13
100
AcDbBlockReference
  2
_Oblique
 10
16223.61647902574
 20
13165.54247337927
 30
0.0
 41
150.0
 42
150.0
 43
150.0
 50
180.0
  0
INSERT
  5
9FF
330
9F9
100
AcDbEntity
  8
$Размеры
 62
     5
440
 16777216
370
    13
100
AcDbBlockReference
  2
_Oblique
 10
37223.61648021737
 20
13165.54247337927
 30
0.0
 41
150.0
 42
150.0
 43
150.0
  0
MTEXT
  5
A00
330
9F9
100
AcDbEntity
  8
$Размеры
 62
     5
440
 16777216
100
AcDbMText
 10
26723.61647962155
 20
13365.54247337927
 30
0.0
 40
250.0
 41
0.0
 46
0.0
 71
     5
 72
     1
  1
\A1;5х4200=21000
  7
@ТРАНСПРОЕКТ
 73
     1
 44
1.0
 90
        3
 63
     9
421
 13158600
 45
1.1
441
        0
  0
POINT
  5
A01
330
9F9
100
AcDbEntity
  8
Defpoints
 62
     0
440
 16777216
100
AcDbPoint
 10
16223.61647902574
 20
12870.17557974227
 30
0.0
  0
POINT
  5
A02
330
9F9
100
AcDbEntity
  8
Defpoints
 62
     0
440
 16777216
100
AcDbPoint
 10
37223.61648021737
 20
12731.46107732875
 30
0.0
  0
POINT
  5
A03
330
9F9
100
AcDbEntity
  8
Defpoints
 62
     0
440
 16777216
100
AcDbPoint
 10
37223.61648021737
 20
13165.54247337927
 30
0.0
  0
ENDBLK
  5
A04
330
9F9
100
AcDbEntity
  8
0
100
AcDbBlockEnd
  0
BLOCK
  5
A06
330
A05
100
AcDbEntity
  8
0
100
AcDbBlockBegin
  2
*D111
 70
     1
 10
0.0
 20
0.0
 30
0.0
  3
*D111
  1

  0
LINE
  5
A07
330
A05
100
AcDbEntity
  8
$Размеры
  6
Continuous
 62
     5
440
 16777216
370
    13
100
AcDbLine
 10
39688.61647970514
 20
11106.16796643832
 30
0.0
 11
39688.61647970514
 21
13265.54247337927
 31
0.0
  0
LINE
  5
A08
330
A05
100
AcDbEntity
  8
$Размеры
  6
Continuous
 62
     5
440
 16777216
370
    13
100
AcDbLine
 10
37223.61648021737
 20
12831.46107732875
 30
0.0
 11
37223.61648021737
 21
13265.54247337927
 31
0.0
  0
LINE
  5
A09
330
A05
100
AcDbEntity
  8
$Размеры
  6
Continuous
 62
     5
440
 16777216
370
    13
100
AcDbLine
 10
39688.61647970514
 20
13165.54247337927
 30
0.0
 11
37223.61648021737
 21
13165.54247337927
 31
0.0
  0
INSERT
  5
A0A
330
A05
100
AcDbEntity
  8
$Размеры
 62
     5
440
 16777216
370
    13
100
AcDbBlockReference
  2
_Oblique
 10
39688.61647970514
 20
13165.54247337927
 30
0.0
 41
150.0
 42
150.0
 43
150.0
  0
INSERT
  5
A0B
330
A05
100
AcDbEntity
  8
$Размеры
 62
     5
440
 16777216
370
    13
100
AcDbBlockReference
  2
_Oblique
 10
37223.61648021737
 20
13165.54247337927
 30
0.0
 41
150.0
 42
150.0
 43
150.0
 50
180.0
  0
MTEXT
  5
A0C
330
A05
100
AcDbEntity
  8
$Размеры
 62
     5
440
 16777216
100
AcDbMText
 10
38456.11647996125
 20
13365.54247337927
 30
0.0
 40
250.0
 41
0.0
 46
0.0
 71
     5
 72
     1
  1
\A1;2465
  7
@ТРАНСПРОЕКТ
 73
     1
 44
1.0
 90
        3
 63
     9
421
 13158600
 45
1.1
441
        0
  0
POINT
  5
A0D
330
A05
100
AcDbEntity
  8
Defpoints
 62
     0
440
 16777216
100
AcDbPoint
 10
39688.61647970514
 20
11006.16796643832
 30
0.0
  0
POINT
  5
A0E
330
A05
100
AcDbEntity
  8
Defpoints
 62
     0
440
 16777216
100
AcDbPoint
 10
37223.61648021737
 20
12731.46107732875
 30
0.0
  0
POINT
  5
A0F
330
A05
100
AcDbEntity
  8
Defpoints
 62
     0
440
 16777216
100
AcDbPoint
 10
37223.61648021737
 20
13165.54247337927
 30
0.0
  0
ENDBLK
  5
A10
330
A05
100
AcDbEntity
  8
0
100
AcDbBlockEnd
  0
BLOCK
  5
A12
330
A11
100
AcDbEntity
  8
0
100
AcDbBlockBegin
  2
*D112
 70
     1
 10
0.0
 20
0.0
 30
0.0
  3
*D112
  1

  0
LINE
  5
A13
330
A11
100
AcDbEntity
  8
$Размеры
  6
Continuous
 62
     5
440
 16777216
370
    13
100
AcDbLine
 10
16223.61647902993
 20
12970.17557974192
 30
0.0
 11
16223.61647902993
 21
13265.54247337927
 31
0.0
  0
LINE
  5
A14
330
A11
100
AcDbEntity
  8
$Размеры
  6
Continuous
 62
     5
440
 16777216
370
    13
100
AcDbLine
 10
13758.61647970514
 20
11106.16796649606
 30
0.0
 11
13758.61647970514
 21
13265.54247337927
 31
0.0
  0
LINE
  5
A15
330
A11
100
AcDbEntity
  8
$Размеры
  6
Continuous
 62
     5
440
 16777216
370
    13
100
AcDbLine
 10
16223.61647902993
 20
13165.54247337927
 30
0.0
 11
13758.61647970514
 21
13165.54247337927
 31
0.0
  0
INSERT
  5
A16
330
A11
100
AcDbEntity
  8
$Размеры
 62
     5
440
 16777216
370
    13
100
AcDbBlockReference
  2
_Oblique
 10
16223.61647902993
 20
13165.54247337927
 30
0.0
 41
150.0
 42
150.0
 43
150.0
  0
INSERT
  5
A17
330
A11
100
AcDbEntity
  8
$Размеры
 62
     5
440
 16777216
370
    13
100
AcDbBlockReference
  2
_Oblique
 10
13758.61647970514
 20
13165.54247337927
 30
0.0
 41
150.0
 42
150.0
 43
150.0
 50
180.0
  0
MTEXT
  5
A18
330
A11
100
AcDbEntity
  8
$Размеры
 62
     5
440
 16777216
100
AcDbMText
 10
14991.11647936753
 20
13365.54247337927
 30
0.0
 40
250.0
 41
0.0
 46
0.0
 71
     5
 72
     1
  1
\A1;2465
  7
@ТРАНСПРОЕКТ
 73
     1
 44
1.0
 90
        3
 63
     9
421
 13158600
 45
1.1
441
        0
  0
POINT
  5
A19
330
A11
100
AcDbEntity
  8
Defpoints
 62
     0
440
 16777216
100
AcDbPoint
 10
16223.61647902993
 20
12870.17557974192
 30
0.0
  0
POINT
  5
A1A
330
A11
100
AcDbEntity
  8
Defpoints
 62
     0
440
 16777216
100
AcDbPoint
 10
13758.61647970514
 20
11006.16796649606
 30
0.0
  0
POINT
  5
A1B
330
A11
100
AcDbEntity
  8
Defpoints
 62
     0
440
 16777216
100
AcDbPoint
 10
13758.61647970514
 20
13165.54247337927
 30
0.0
  0
ENDBLK
  5
A1C
330
A11
100
AcDbEntity
  8
0
100
AcDbBlockEnd
  0
BLOCK
  5
A1E
330
A1D
100
AcDbEntity
  8
0
100
AcDbBlockBegin
  2
*D113
 70
     1
 10
0.0
 20
0.0
 30
0.0
  3
*D113
  1

  0
LINE
  5
A1F
330
A1D
100
AcDbEntity
  8
$Размеры
  6
Continuous
 62
     5
440
 16777216
370
    13
100
AcDbLine
 10
26573.61647970514
 20
20006.16796637872
 30
0.0
 11
26573.61647970514
 21
20974.23215441532
 31
0.0
  0
LINE
  5
A20
330
A1D
100
AcDbEntity
  8
$Размеры
  6
Continuous
 62
     5
440
 16777216
370
    13
100
AcDbLine
 10
13758.61647970514
 20
19406.16796643832
 30
0.0
 11
13758.61647970514
 21
20974.23215441532
 31
0.0
  0
LINE
  5
A21
330
A1D
100
AcDbEntity
  8
$Размеры
  6
Continuous
 62
     5
440
 16777216
370
    13
100
AcDbLine
 10
26573.61647970514
 20
20874.23215441531
 30
0.0
 11
13758.61647970514
 21
20874.23215441531
 31
0.0
  0
INSERT
  5
A22
330
A1D
100
AcDbEntity
  8
$Размеры
 62
     5
440
 16777216
370
    13
100
AcDbBlockReference
  2
_Oblique
 10
26573.61647970514
 20
20874.23215441531
 30
0.0
 41
150.0
 42
150.0
 43
150.0
  0
INSERT
  5
A23
330
A1D
100
AcDbEntity
  8
$Размеры
 62
     5
440
 16777216
370
    13
100
AcDbBlockReference
  2
_Oblique
 10
13758.61647970514
 20
20874.23215441531
 30
0.0
 41
150.0
 42
150.0
 43
150.0
 50
180.0
  0
MTEXT
  5
A24
330
A1D
100
AcDbEntity
  8
$Размеры
 62
     5
440
 16777216
100
AcDbMText
 10
20166.11647970514
 20
21074.23215441531
 30
0.0
 40
250.0
 41
0.0
 46
0.0
 71
     5
 72
     1
  1
\A1;12815
  7
@ТРАНСПРОЕКТ
 73
     1
 44
1.0
 90
        3
 63
     9
421
 13158600
 45
1.1
441
        0
  0
POINT
  5
A25
330
A1D
100
AcDbEntity
  8
Defpoints
 62
     0
440
 16777216
100
AcDbPoint
 10
26573.61647970514
 20
19906.16796637871
 30
0.0
  0
POINT
  5
A26
330
A1D
100
AcDbEntity
  8
Defpoints
 62
     0
440
 16777216
100
AcDbPoint
 10
13758.61647970514
 20
19306.16796643832
 30
0.0
  0
POINT
  5
A27
330
A1D
100
AcDbEntity
  8
Defpoints
 62
     0
440
 16777216
100
AcDbPoint
 10
13758.61647970514
 20
20874.23215441531
 30
0.0
  0
ENDBLK
  5
A28
330
A1D
100
AcDbEntity
  8
0
100
AcDbBlockEnd
  0
BLOCK
  5
A2A
330
A29
100
AcDbEntity
  8
0
100
AcDbBlockBegin
  2
*D114
 70
     1
 10
0.0
 20
0.0
 30
0.0
  3
*D114
  1

  0
LINE
  5
A2B
330
A29
100
AcDbEntity
  8
$Размеры
  6
Continuous
 62
     5
440
 16777216
370
    13
100
AcDbLine
 10
26573.61647970514
 20
20006.16796637872
 30
0.0
 11
26573.61647970514
 21
20974.23215441532
 31
0.0
  0
LINE
  5
A2C
330
A29
100
AcDbEntity
  8
$Размеры
  6
Continuous
 62
     5
440
 16777216
370
    13
100
AcDbLine
 10
39688.61647970514
 20
19406.16796637871
 30
0.0
 11
39688.61647970514
 21
20974.23215441532
 31
0.0
  0
LINE
  5
A2D
330
A29
100
AcDbEntity
  8
$Размеры
  6
Continuous
 62
     5
440
 16777216
370
    13
100
AcDbLine
 10
26573.61647970514
 20
20874.23215441531
 30
0.0
 11
39688.61647970514
 21
20874.23215441531
 31
0.0
  0
INSERT
  5
A2E
330
A29
100
AcDbEntity
  8
$Размеры
 62
     5
440
 16777216
370
    13
100
AcDbBlockReference
  2
_Oblique
 10
26573.61647970514
 20
20874.23215441531
 30
0.0
 41
150.0
 42
150.0
 43
150.0
 50
180.0
  0
INSERT
  5
A2F
330
A29
100
AcDbEntity
  8
$Размеры
 62
     5
440
 16777216
370
    13
100
AcDbBlockReference
  2
_Oblique
 10
39688.61647970514
 20
20874.23215441531
 30
0.0
 41
150.0
 42
150.0
 43
150.0
  0
MTEXT
  5
A30
330
A29
100
AcDbEntity
  8
$Размеры
 62
     5
440
 16777216
100
AcDbMText
 10
33131.11647970514
 20
21074.23215441531
 30
0.0
 40
250.0
 41
0.0
 46
0.0
 71
     5
 72
     1
  1
\A1;13115
  7
@ТРАНСПРОЕКТ
 73
     1
 44
1.0
 90
        3
 63
     9
421
 13158600
 45
1.1
441
        0
  0
POINT
  5
A31
330
A29
100
AcDbEntity
  8
Defpoints
 62
     0
440
 16777216
100
AcDbPoint
 10
26573.61647970514
 20
19906.16796637871
 30
0.0
  0
POINT
  5
A32
330
A29
100
AcDbEntity
  8
Defpoints
 62
     0
440
 16777216
100
AcDbPoint
 10
39688.61647970514
 20
19306.16796637871
 30
0.0
  0
POINT
  5
A33
330
A29
100
AcDbEntity
  8
Defpoints
 62
     0
440
 16777216
100
AcDbPoint
 10
39688.61647970514
 20
20874.23215441531
 30
0.0
  0
ENDBLK
  5
A34
330
A29
100
AcDbEntity
  8
0
100
AcDbBlockEnd
  0
BLOCK
  5
A36
330
A35
100
AcDbEntity
  8
0
100
AcDbBlockBegin
  2
*D115
 70
     1
 10
0.0
 20
0.0
 30
0.0
  3
*D115
  1

  0
LINE
  5
A37
330
A35
100
AcDbEntity
  8
$Размеры
  6
Continuous
 62
     5
440
 16777216
370
    13
100
AcDbLine
 10
23823.61647946674
 20
10531.16796630747
 30
0.0
 11
23380.17997733976
 21
10531.16796630747
 31
0.0
  0
LINE
  5
A38
330
A35
100
AcDbEntity
  8
$Размеры
  6
Continuous
 62
     5
440
 16777216
370
    13
100
AcDbLine
 10
23823.61647946674
 20
9481.167966330641
 30
0.0
 11
23380.17997733976
 21
9481.167966330641
 31
0.0
  0
LINE
  5
A39
330
A35
100
AcDbEntity
  8
$Размеры
  6
Continuous
 62
     5
440
 16777216
370
    13
100
AcDbLine
 10
23480.17997733976
 20
10531.16796630747
 30
0.0
 11
23480.17997733976
 21
9481.167966330641
 31
0.0
  0
LINE
  5
A3A
330
A35
100
AcDbEntity
  8
$Размеры
  6
Continuous
 62
     5
440
 16777216
370
    13
100
AcDbLine
 10
23480.17997733976
 20
10006.16796631905
 30
0.0
 11
22625.47399235335
 21
8723.000594586936
 31
0.0
  0
LINE
  5
A3B
330
A35
100
AcDbEntity
  8
$Размеры
  6
Continuous
 62
     5
440
 16777216
370
    13
100
AcDbLine
 10
22625.47399235335
 20
8723.000594586936
 30
0.0
 11
22625.47399235336
 21
7906.013296479156
 31
0.0
  0
MTEXT
  5
A3C
330
A35
100
AcDbEntity
  8
$Размеры
 62
     5
440
 16777216
100
AcDbMText
 10
22425.47399235335
 20
8314.506945533036
 30
0.0
 40
250.0
 41
0.0
 46
0.0
 71
     5
 72
     1
  1
\A1;1050
  7
@ТРАНСПРОЕКТ
 11
0.0000000000000001
 21
1.0
 31
0.0
 73
     1
 44
1.0
 90
        3
 63
     9
421
 13158600
 45
1.1
441
        0
  0
INSERT
  5
A3D
330
A35
100
AcDbEntity
  8
$Размеры
 62
     5
440
 16777216
370
    13
100
AcDbBlockReference
  2
_Oblique
 10
23480.17997733976
 20
10531.16796630747
 30
0.0
 41
150.0
 42
150.0
 43
150.0
 50
90.0
  0
INSERT
  5
A3E
330
A35
100
AcDbEntity
  8
$Размеры
 62
     5
440
 16777216
370
    13
100
AcDbBlockReference
  2
_Oblique
 10
23480.17997733976
 20
9481.167966330641
 30
0.0
 41
150.0
 42
150.0
 43
150.0
 50
270.0
  0
POINT
  5
A3F
330
A35
100
AcDbEntity
  8
Defpoints
 62
     0
440
 16777216
100
AcDbPoint
 10
23923.61647946673
 20
10531.16796630747
 30
0.0
  0
POINT
  5
A40
330
A35
100
AcDbEntity
  8
Defpoints
 62
     0
440
 16777216
100
AcDbPoint
 10
23923.61647946673
 20
9481.167966330641
 30
0.0
  0
POINT
  5
A41
330
A35
100
AcDbEntity
  8
Defpoints
 62
     0
440
 16777216
100
AcDbPoint
 10
23480.17997733976
 20
9481.167966330641
 30
0.0
  0
ENDBLK
  5
A42
330
A35
100
AcDbEntity
  8
0
100
AcDbBlockEnd
  0
BLOCK
  5
A44
330
A43
100
AcDbEntity
  8
0
100
AcDbBlockBegin
  2
*D116
 70
     1
 10
0.0
 20
0.0
 30
0.0
  3
*D116
  1

  0
LINE
  5
A45
330
A43
100
AcDbEntity
  8
$Размеры
  6
Continuous
 62
     5
440
 16777216
370
    13
100
AcDbLine
 10
23823.61647946674
 20
9481.167966330641
 30
0.0
 11
23380.17997733976
 21
9481.167966330641
 31
0.0
  0
LINE
  5
A46
330
A43
100
AcDbEntity
  8
$Размеры
  6
Continuous
 62
     5
440
 16777216
370
    13
100
AcDbLine
 10
23848.61647951237
 20
9006.16796641213
 30
0.0
 11
23380.17997733976
 21
9006.16796641213
 31
0.0
  0
LINE
  5
A47
330
A43
100
AcDbEntity
  8
$Размеры
  6
Continuous
 62
     5
440
 16777216
370
    13
100
AcDbLine
 10
23480.17997733976
 20
9481.167966330641
 30
0.0
 11
23480.17997733976
 21
9006.16796641213
 31
0.0
  0
LINE
  5
A48
330
A43
100
AcDbEntity
  8
$Размеры
  6
Continuous
 62
     5
440
 16777216
370
    13
100
AcDbLine
 10
23480.17997733976
 20
9006.16796641213
 30
0.0
 11
23480.17997733976
 21
8139.180668304348
 31
0.0
  0
INSERT
  5
A49
330
A43
100
AcDbEntity
  8
$Размеры
 62
     5
440
 16777216
370
    13
100
AcDbBlockReference
  2
_Oblique
 10
23480.17997733976
 20
9481.167966330641
 30
0.0
 41
150.0
 42
150.0
 43
150.0
 50
90.0
  0
INSERT
  5
A4A
330
A43
100
AcDbEntity
  8
$Размеры
 62
     5
440
 16777216
370
    13
100
AcDbBlockReference
  2
_Oblique
 10
23480.17997733976
 20
9006.16796641213
 30
0.0
 41
150.0
 42
150.0
 43
150.0
 50
270.0
  0
MTEXT
  5
A4B
330
A43
100
AcDbEntity
  8
$Размеры
 62
     5
440
 16777216
100
AcDbMText
 10
23280.17997733976
 20
8497.67431735823
 30
0.0
 40
250.0
 41
0.0
 46
0.0
 71
     5
 72
     1
  1
\A1;475
  7
@ТРАНСПРОЕКТ
 11
0.0000000000000001
 21
1.0
 31
0.0
 73
     1
 44
1.0
 90
        3
 63
     9
421
 13158600
 45
1.1
441
        0
  0
POINT
  5
A4C
330
A43
100
AcDbEntity
  8
Defpoints
 62
     0
440
 16777216
100
AcDbPoint
 10
23923.61647946673
 20
9481.167966330641
 30
0.0
  0
POINT
  5
A4D
330
A43
100
AcDbEntity
  8
Defpoints
 62
     0
440
 16777216
100
AcDbPoint
 10
23948.61647951236
 20
9006.16796641213
 30
0.0
  0
POINT
  5
A4E
330
A43
100
AcDbEntity
  8
Defpoints
 62
     0
440
 16777216
100
AcDbPoint
 10
23480.17997733976
 20
9006.16796641213
 30
0.0
  0
ENDBLK
  5
A4F
330
A43
100
AcDbEntity
  8
0
100
AcDbBlockEnd
  0
BLOCK
  5
A51
330
A50
100
AcDbEntity
  8
0
100
AcDbBlockBegin
  2
*D117
 70
     1
 10
0.0
 20
0.0
 30
0.0
  3
*D117
  1

  0
LINE
  5
A52
330
A50
100
AcDbEntity
  8
$Размеры
  6
Continuous
 62
     5
440
 16777216
370
    13
100
AcDbLine
 10
23823.61647946674
 20
10531.16796628419
 30
0.0
 11
23380.17997733976
 21
10531.16796628419
 31
0.0
  0
LINE
  5
A53
330
A50
100
AcDbEntity
  8
$Размеры
  6
Continuous
 62
     5
440
 16777216
370
    13
100
AcDbLine
 10
23848.61647951423
 20
11006.16796647173
 30
0.0
 11
23380.17997733976
 21
11006.16796647173
 31
0.0
  0
LINE
  5
A54
330
A50
100
AcDbEntity
  8
$Размеры
  6
Continuous
 62
     5
440
 16777216
370
    13
100
AcDbLine
 10
23480.17997733976
 20
10531.16796628419
 30
0.0
 11
23480.17997733976
 21
11006.16796647173
 31
0.0
  0
LINE
  5
A55
330
A50
100
AcDbEntity
  8
$Размеры
  6
Continuous
 62
     5
440
 16777216
370
    13
100
AcDbLine
 10
23480.17997733976
 20
11006.16796647173
 30
0.0
 11
23480.17997733976
 21
11873.15526457951
 31
0.0
  0
INSERT
  5
A56
330
A50
100
AcDbEntity
  8
$Размеры
 62
     5
440
 16777216
370
    13
100
AcDbBlockReference
  2
_Oblique
 10
23480.17997733976
 20
10531.16796628419
 30
0.0
 41
150.0
 42
150.0
 43
150.0
 50
270.0
  0
INSERT
  5
A57
330
A50
100
AcDbEntity
  8
$Размеры
 62
     5
440
 16777216
370
    13
100
AcDbBlockReference
  2
_Oblique
 10
23480.17997733976
 20
11006.16796647173
 30
0.0
 41
150.0
 42
150.0
 43
150.0
 50
90.0
  0
MTEXT
  5
A58
330
A50
100
AcDbEntity
  8
$Размеры
 62
     5
440
 16777216
100
AcDbMText
 10
23280.17997733976
 20
11514.66161552561
 30
0.0
 40
250.0
 41
0.0
 46
0.0
 71
     5
 72
     1
  1
\A1;475
  7
@ТРАНСПРОЕКТ
 11
0.0000000000000001
 21
1.0
 31
0.0
 73
     1
 44
1.0
 90
        3
 63
     9
421
 13158600
 45
1.1
441
        0
  0
POINT
  5
A59
330
A50
100
AcDbEntity
  8
Defpoints
 62
     0
440
 16777216
100
AcDbPoint
 10
23923.61647946673
 20
10531.16796628419
 30
0.0
  0
POINT
  5
A5A
330
A50
100
AcDbEntity
  8
Defpoints
 62
     0
440
 16777216
100
AcDbPoint
 10
23948.61647951422
 20
11006.16796647173
 30
0.0
  0
POINT
  5
A5B
330
A50
100
AcDbEntity
  8
Defpoints
 62
     0
440
 16777216
100
AcDbPoint
 10
23480.17997733976
 20
11006.16796647173
 30
0.0
  0
ENDBLK
  5
A5C
330
A50
100
AcDbEntity
  8
0
100
AcDbBlockEnd
  0
BLOCK
  5
A5E
330
A5D
100
AcDbEntity
  8
0
100
AcDbBlockBegin
  2
*D118
 70
     1
 10
0.0
 20
0.0
 30
0.0
  3
*D118
  1

  0
LINE
  5
A5F
330
A5D
100
AcDbEntity
  8
$Размеры
  6
Continuous
 62
     5
440
 16777216
370
    13
100
AcDbLine
 10
23823.61647946674
 20
17781.16796630747
 30
0.0
 11
23380.17997735932
 21
17781.16796630747
 31
0.0
  0
LINE
  5
A60
330
A5D
100
AcDbEntity
  8
$Размеры
  6
Continuous
 62
     5
440
 16777216
370
    13
100
AcDbLine
 10
23823.61647946674
 20
18831.16796636743
 30
0.0
 11
23380.17997735932
 21
18831.16796636743
 31
0.0
  0
LINE
  5
A61
330
A5D
100
AcDbEntity
  8
$Размеры
  6
Continuous
 62
     5
440
 16777216
370
    13
100
AcDbLine
 10
23480.17997735932
 20
17781.16796630747
 30
0.0
 11
23480.17997735932
 21
18831.16796636743
 31
0.0
  0
LINE
  5
A62
330
A5D
100
AcDbEntity
  8
$Размеры
  6
Continuous
 62
     5
440
 16777216
370
    13
100
AcDbLine
 10
23480.17997735932
 20
18306.16796633745
 30
0.0
 11
22625.47399237617
 21
19589.33533811661
 31
0.0
  0
LINE
  5
A63
330
A5D
100
AcDbEntity
  8
$Размеры
  6
Continuous
 62
     5
440
 16777216
370
    13
100
AcDbLine
 10
22625.47399237617
 20
19589.33533811661
 30
0.0
 11
22625.47399237617
 21
20406.32263622439
 31
0.0
  0
MTEXT
  5
A64
330
A5D
100
AcDbEntity
  8
$Размеры
 62
     5
440
 16777216
100
AcDbMText
 10
22425.47399237617
 20
19997.82898717049
 30
0.0
 40
250.0
 41
0.0
 46
0.0
 71
     5
 72
     1
  1
\A1;1050
  7
@ТРАНСПРОЕКТ
 11
0.0000000000000001
 21
1.0
 31
0.0
 73
     1
 44
1.0
 90
        3
 63
     9
421
 13158600
 45
1.1
441
        0
  0
INSERT
  5
A65
330
A5D
100
AcDbEntity
  8
$Размеры
 62
     5
440
 16777216
370
    13
100
AcDbBlockReference
  2
_Oblique
 10
23480.17997735932
 20
17781.16796630747
 30
0.0
 41
150.0
 42
150.0
 43
150.0
 50
270.0
  0
INSERT
  5
A66
330
A5D
100
AcDbEntity
  8
$Размеры
 62
     5
440
 16777216
370
    13
100
AcDbBlockReference
  2
_Oblique
 10
23480.17997735932
 20
18831.16796636743
 30
0.0
 41
150.0
 42
150.0
 43
150.0
 50
90.0
  0
POINT
  5
A67
330
A5D
100
AcDbEntity
  8
Defpoints
 62
     0
440
 16777216
100
AcDbPoint
 10
23923.61647946673
 20
17781.16796630747
 30
0.0
  0
POINT
  5
A68
330
A5D
100
AcDbEntity
  8
Defpoints
 62
     0
440
 16777216
100
AcDbPoint
 10
23923.61647946673
 20
18831.16796636743
 30
0.0
  0
POINT
  5
A69
330
A5D
100
AcDbEntity
  8
Defpoints
 62
     0
440
 16777216
100
AcDbPoint
 10
23480.17997735932
 20
18831.16796636743
 30
0.0
  0
ENDBLK
  5
A6A
330
A5D
100
AcDbEntity
  8
0
100
AcDbBlockEnd
  0
BLOCK
  5
A6C
330
A6B
100
AcDbEntity
  8
0
100
AcDbBlockBegin
  2
*D119
 70
     1
 10
0.0
 20
0.0
 30
0.0
  3
*D119
  1

  0
LINE
  5
A6D
330
A6B
100
AcDbEntity
  8
$Размеры
  6
Continuous
 62
     5
440
 16777216
370
    13
100
AcDbLine
 10
23823.61647946674
 20
18831.16796636743
 30
0.0
 11
23380.17997736118
 21
18831.16796636743
 31
0.0
  0
LINE
  5
A6E
330
A6B
100
AcDbEntity
  8
$Размеры
  6
Continuous
 62
     5
440
 16777216
370
    13
100
AcDbLine
 10
23848.61647953378
 20
19306.16796628594
 30
0.0
 11
23380.17997736118
 21
19306.16796628594
 31
0.0
  0
LINE
  5
A6F
330
A6B
100
AcDbEntity
  8
$Размеры
  6
Continuous
 62
     5
440
 16777216
370
    13
100
AcDbLine
 10
23480.17997736118
 20
18831.16796636743
 30
0.0
 11
23480.17997736118
 21
19306.16796628594
 31
0.0
  0
LINE
  5
A70
330
A6B
100
AcDbEntity
  8
$Размеры
  6
Continuous
 62
     5
440
 16777216
370
    13
100
AcDbLine
 10
23480.17997736118
 20
19306.16796628594
 30
0.0
 11
23480.17997736118
 21
20173.15526439372
 31
0.0
  0
INSERT
  5
A71
330
A6B
100
AcDbEntity
  8
$Размеры
 62
     5
440
 16777216
370
    13
100
AcDbBlockReference
  2
_Oblique
 10
23480.17997736118
 20
18831.16796636743
 30
0.0
 41
150.0
 42
150.0
 43
150.0
 50
270.0
  0
INSERT
  5
A72
330
A6B
100
AcDbEntity
  8
$Размеры
 62
     5
440
 16777216
370
    13
100
AcDbBlockReference
  2
_Oblique
 10
23480.17997736118
 20
19306.16796628594
 30
0.0
 41
150.0
 42
150.0
 43
150.0
 50
90.0
  0
MTEXT
  5
A73
330
A6B
100
AcDbEntity
  8
$Размеры
 62
     5
440
 16777216
100
AcDbMText
 10
23280.17997736118
 20
19814.66161533982
 30
0.0
 40
250.0
 41
0.0
 46
0.0
 71
     5
 72
     1
  1
\A1;475
  7
@ТРАНСПРОЕКТ
 11
0.0000000000000001
 21
1.0
 31
0.0
 73
     1
 44
1.0
 90
        3
 63
     9
421
 13158600
 45
1.1
441
        0
  0
POINT
  5
A74
330
A6B
100
AcDbEntity
  8
Defpoints
 62
     0
440
 16777216
100
AcDbPoint
 10
23923.61647946673
 20
18831.16796636743
 30
0.0
  0
POINT
  5
A75
330
A6B
100
AcDbEntity
  8
Defpoints
 62
     0
440
 16777216
100
AcDbPoint
 10
23948.61647953378
 20
19306.16796628594
 30
0.0
  0
POINT
  5
A76
330
A6B
100
AcDbEntity
  8
Defpoints
 62
     0
440
 16777216
100
AcDbPoint
 10
23480.17997736118
 20
19306.16796628594
 30
0.0
  0
ENDBLK
  5
A77
330
A6B
100
AcDbEntity
  8
0
100
AcDbBlockEnd
  0
BLOCK
  5
A79
330
A78
100
AcDbEntity
  8
0
100
AcDbBlockBegin
  2
*D120
 70
     1
 10
0.0
 20
0.0
 30
0.0
  3
*D120
  1

  0
LINE
  5
A7A
330
A78
100
AcDbEntity
  8
$Размеры
  6
Continuous
 62
     5
440
 16777216
370
    13
100
AcDbLine
 10
23823.61647946674
 20
17781.16796633076
 30
0.0
 11
23380.17997735745
 21
17781.16796633076
 31
0.0
  0
LINE
  5
A7B
330
A78
100
AcDbEntity
  8
$Размеры
  6
Continuous
 62
     5
440
 16777216
370
    13
100
AcDbLine
 10
23848.61647952726
 20
17306.16796622633
 30
0.0
 11
23380.17997735745
 21
17306.16796622633
 31
0.0
  0
LINE
  5
A7C
330
A78
100
AcDbEntity
  8
$Размеры
  6
Continuous
 62
     5
440
 16777216
370
    13
100
AcDbLine
 10
23480.17997735746
 20
17781.16796633076
 30
0.0
 11
23480.17997735746
 21
17306.16796622633
 31
0.0
  0
LINE
  5
A7D
330
A78
100
AcDbEntity
  8
$Размеры
  6
Continuous
 62
     5
440
 16777216
370
    13
100
AcDbLine
 10
23480.17997735746
 20
17306.16796622633
 30
0.0
 11
23480.17997735746
 21
16439.18066811855
 31
0.0
  0
INSERT
  5
A7E
330
A78
100
AcDbEntity
  8
$Размеры
 62
     5
440
 16777216
370
    13
100
AcDbBlockReference
  2
_Oblique
 10
23480.17997735746
 20
17781.16796633076
 30
0.0
 41
150.0
 42
150.0
 43
150.0
 50
90.0
  0
INSERT
  5
A7F
330
A78
100
AcDbEntity
  8
$Размеры
 62
     5
440
 16777216
370
    13
100
AcDbBlockReference
  2
_Oblique
 10
23480.17997735746
 20
17306.16796622633
 30
0.0
 41
150.0
 42
150.0
 43
150.0
 50
270.0
  0
MTEXT
  5
A80
330
A78
100
AcDbEntity
  8
$Размеры
 62
     5
440
 16777216
100
AcDbMText
 10
23280.17997735746
 20
16797.67431717244
 30
0.0
 40
250.0
 41
0.0
 46
0.0
 71
     5
 72
     1
  1
\A1;475
  7
@ТРАНСПРОЕКТ
 11
0.0000000000000001
 21
1.0
 31
0.0
 73
     1
 44
1.0
 90
        3
 63
     9
421
 13158600
 45
1.1
441
        0
  0
POINT
  5
A81
330
A78
100
AcDbEntity
  8
Defpoints
 62
     0
440
 16777216
100
AcDbPoint
 10
23923.61647946673
 20
17781.16796633076
 30
0.0
  0
POINT
  5
A82
330
A78
100
AcDbEntity
  8
Defpoints
 62
     0
440
 16777216
100
AcDbPoint
 10
23948.61647952726
 20
17306.16796622633
 30
0.0
  0
POINT
  5
A83
330
A78
100
AcDbEntity
  8
Defpoints
 62
     0
440
 16777216
100
AcDbPoint
 10
23480.17997735746
 20
17306.16796622633
 30
0.0
  0
ENDBLK
  5
A84
330
A78
100
AcDbEntity
  8
0
100
AcDbBlockEnd
  0
BLOCK
  5
A86
330
A85
100
AcDbEntity
  8
0
100
AcDbBlockBegin
  2
*D121
 70
     1
 10
0.0
 20
0.0
 30
0.0
  3
*D121
  1

  0
LINE
  5
A87
330
A85
100
AcDbEntity
  8
$Размеры
  6
Continuous
 62
     5
440
 16777216
370
    13
100
AcDbLine
 10
22205.88936060207
 20
19306.16796641842
 30
0.0
 11
21300.53344397254
 21
19306.16796641842
 31
0.0
  0
LINE
  5
A88
330
A85
100
AcDbEntity
  8
$Размеры
  6
Continuous
 62
     5
440
 16777216
370
    13
100
AcDbLine
 10
22205.88936060207
 20
9006.167966418415
 30
0.0
 11
21300.53344397254
 21
9006.167966418415
 31
0.0
  0
LINE
  5
A89
330
A85
100
AcDbEntity
  8
$Размеры
  6
Continuous
 62
     5
440
 16777216
370
    13
100
AcDbLine
 10
21400.53344397253
 20
19306.16796641842
 30
0.0
 11
21400.53344397253
 21
9006.167966418415
 31
0.0
  0
INSERT
  5
A8A
330
A85
100
AcDbEntity
  8
$Размеры
 62
     5
440
 16777216
370
    13
100
AcDbBlockReference
  2
_Oblique
 10
21400.53344397253
 20
19306.16796641842
 30
0.0
 41
150.0
 42
150.0
 43
150.0
 50
90.0
  0
INSERT
  5
A8B
330
A85
100
AcDbEntity
  8
$Размеры
 62
     5
440
 16777216
370
    13
100
AcDbBlockReference
  2
_Oblique
 10
21400.53344397253
 20
9006.167966418415
 30
0.0
 41
150.0
 42
150.0
 43
150.0
 50
270.0
  0
MTEXT
  5
A8C
330
A85
100
AcDbEntity
  8
$Размеры
 62
     5
440
 16777216
100
AcDbMText
 10
21200.53344397253
 20
14156.16796641841
 30
0.0
 40
250.0
 41
0.0
 46
0.0
 71
     5
 72
     1
  1
\A1;10300
  7
@ТРАНСПРОЕКТ
 11
0.0000000000000001
 21
1.0
 31
0.0
 73
     1
 44
1.0
 90
        3
 63
     9
421
 13158600
 45
1.1
441
        0
  0
POINT
  5
A8D
330
A85
100
AcDbEntity
  8
Defpoints
 62
     0
440
 16777216
100
AcDbPoint
 10
22305.88936060207
 20
19306.16796641842
 30
0.0
  0
POINT
  5
A8E
330
A85
100
AcDbEntity
  8
Defpoints
 62
     0
440
 16777216
100
AcDbPoint
 10
22305.88936060207
 20
9006.167966418415
 30
0.0
  0
POINT
  5
A8F
330
A85
100
AcDbEntity
  8
Defpoints
 62
     0
440
 16777216
100
AcDbPoint
 10
21400.53344397253
 20
9006.167966418415
 30
0.0
  0
ENDBLK
  5
A90
330
A85
100
AcDbEntity
  8
0
100
AcDbBlockEnd
  0
BLOCK
  5
A92
330
A91
100
AcDbEntity
  8
0
100
AcDbBlockBegin
  2
*D122
 70
     1
 10
0.0
 20
0.0
 30
0.0
  3
*D122
  1

  0
LINE
  5
A93
330
A91
100
AcDbEntity
  8
$Размеры
  6
Continuous
 62
     5
440
 16777216
370
    13
100
AcDbLine
 10
39788.61647970516
 20
18706.16796631912
 30
0.0
 11
42864.17506873988
 21
18706.16796631912
 31
0.0
  0
LINE
  5
A94
330
A91
100
AcDbEntity
  8
$Размеры
  6
Continuous
 62
     5
440
 16777216
370
    13
100
AcDbLine
 10
39788.61647970329
 20
17906.16796631911
 30
0.0
 11
42864.17506873988
 21
17906.16796631911
 31
0.0
  0
LINE
  5
A95
330
A91
100
AcDbEntity
  8
$Размеры
  6
Continuous
 62
     5
440
 16777216
370
    13
100
AcDbLine
 10
42764.17506873988
 20
18706.16796631912
 30
0.0
 11
42764.17506873988
 21
17906.16796631911
 31
0.0
  0
INSERT
  5
A96
330
A91
100
AcDbEntity
  8
$Размеры
 62
     5
440
 16777216
370
    13
100
AcDbBlockReference
  2
_Oblique
 10
42764.17506873988
 20
18706.16796631912
 30
0.0
 41
150.0
 42
150.0
 43
150.0
 50
90.0
  0
INSERT
  5
A97
330
A91
100
AcDbEntity
  8
$Размеры
 62
     5
440
 16777216
370
    13
100
AcDbBlockReference
  2
_Oblique
 10
42764.17506873988
 20
17906.16796631911
 30
0.0
 41
150.0
 42
150.0
 43
150.0
 50
270.0
  0
MTEXT
  5
A98
330
A91
100
AcDbEntity
  8
$Размеры
 62
     5
440
 16777216
100
AcDbMText
 10
42564.17506873988
 20
18306.1679663191
 30
0.0
 40
250.0
 41
0.0
 46
0.0
 71
     5
 72
     1
  1
\A1;800
  7
@ТРАНСПРОЕКТ
 11
0.0000000000000001
 21
1.0
 31
0.0
 73
     1
 44
1.0
 90
        3
 63
     9
421
 13158600
 45
1.1
441
        0
  0
POINT
  5
A99
330
A91
100
AcDbEntity
  8
Defpoints
 62
     0
440
 16777216
100
AcDbPoint
 10
39688.61647970515
 20
18706.16796631912
 30
0.0
  0
POINT
  5
A9A
330
A91
100
AcDbEntity
  8
Defpoints
 62
     0
440
 16777216
100
AcDbPoint
 10
39688.61647970328
 20
17906.16796631911
 30
0.0
  0
POINT
  5
A9B
330
A91
100
AcDbEntity
  8
Defpoints
 62
     0
440
 16777216
100
AcDbPoint
 10
42764.17506873988
 20
17906.16796631911
 30
0.0
  0
ENDBLK
  5
A9C
330
A91
100
AcDbEntity
  8
0
100
AcDbBlockEnd
  0
BLOCK
  5
A9E
330
A9D
100
AcDbEntity
  8
0
100
AcDbBlockBegin
  2
*D123
 70
     1
 10
0.0
 20
0.0
 30
0.0
  3
*D123
  1

  0
LINE
  5
A9F
330
A9D
100
AcDbEntity
  8
$Размеры
  6
Continuous
 62
     5
440
 16777216
370
    13
100
AcDbLine
 10
28573.61647975264
 20
12056.01517134856
 30
0.0
 11
28573.61647975264
 21
11652.82670871026
 31
0.0
  0
LINE
  5
AA0
330
A9D
100
AcDbEntity
  8
$Размеры
  6
Continuous
 62
     5
440
 16777216
370
    13
100
AcDbLine
 10
29073.61647975264
 20
12056.01517134856
 30
0.0
 11
29073.61647975264
 21
11652.82670871026
 31
0.0
  0
LINE
  5
AA1
330
A9D
100
AcDbEntity
  8
$Размеры
  6
Continuous
 62
     5
440
 16777216
370
    13
100
AcDbLine
 10
28573.61647975264
 20
11752.82670871026
 30
0.0
 11
29073.61647975264
 21
11752.82670871026
 31
0.0
  0
LINE
  5
AA2
330
A9D
100
AcDbEntity
  8
$Размеры
  6
Continuous
 62
     5
440
 16777216
370
    13
100
AcDbLine
 10
29073.61647975264
 20
11752.82670871026
 30
0.0
 11
29915.60377786042
 21
11752.82670871026
 31
0.0
  0
INSERT
  5
AA3
330
A9D
100
AcDbEntity
  8
$Размеры
 62
     5
440
 16777216
370
    13
100
AcDbBlockReference
  2
_Oblique
 10
28573.61647975264
 20
11752.82670871026
 30
0.0
 41
150.0
 42
150.0
 43
150.0
 50
180.0
  0
INSERT
  5
AA4
330
A9D
100
AcDbEntity
  8
$Размеры
 62
     5
440
 16777216
370
    13
100
AcDbBlockReference
  2
_Oblique
 10
29073.61647975264
 20
11752.82670871026
 30
0.0
 41
150.0
 42
150.0
 43
150.0
  0
MTEXT
  5
AA5
330
A9D
100
AcDbEntity
  8
$Размеры
 62
     5
440
 16777216
100
AcDbMText
 10
29569.61012880654
 20
11952.82670871026
 30
0.0
 40
250.0
 41
0.0
 46
0.0
 71
     5
 72
     1
  1
\A1;500
  7
@ТРАНСПРОЕКТ
 73
     1
 44
1.0
 90
        3
 63
     9
421
 13158600
 45
1.1
441
        0
  0
POINT
  5
AA6
330
A9D
100
AcDbEntity
  8
Defpoints
 62
     0
440
 16777216
100
AcDbPoint
 10
28573.61647975264
 20
12156.01517134856
 30
0.0
  0
POINT
  5
AA7
330
A9D
100
AcDbEntity
  8
Defpoints
 62
     0
440
 16777216
100
AcDbPoint
 10
29073.61647975264
 20
12156.01517134856
 30
0.0
  0
POINT
  5
AA8
330
A9D
100
AcDbEntity
  8
Defpoints
 62
     0
440
 16777216
100
AcDbPoint
 10
29073.61647975264
 20
11752.82670871026
 30
0.0
  0
ENDBLK
  5
AA9
330
A9D
100
AcDbEntity
  8
0
100
AcDbBlockEnd
  0
BLOCK
  5
AAB
330
AAA
100
AcDbEntity
  8
0
100
AcDbBlockBegin
  2
*D124
 70
     1
 10
0.0
 20
0.0
 30
0.0
  3
*D124
  1

  0
LINE
  5
AAC
330
AAA
100
AcDbEntity
  8
$Размеры
  6
Continuous
 62
     5
440
 16777216
370
    13
100
AcDbLine
 10
40369.38654060667
 20
17306.16829415758
 30
0.0
 11
42864.17506873986
 21
17306.16829415759
 31
0.0
  0
LINE
  5
AAD
330
AAA
100
AcDbEntity
  8
$Размеры
  6
Continuous
 62
     5
440
 16777216
370
    13
100
AcDbLine
 10
40069.38654060667
 20
11006.16763848064
 30
0.0
 11
42864.17506873988
 21
11006.16763848064
 31
0.0
  0
LINE
  5
AAE
330
AAA
100
AcDbEntity
  8
$Размеры
  6
Continuous
 62
     5
440
 16777216
370
    13
100
AcDbLine
 10
42764.17506873986
 20
17306.16829415759
 30
0.0
 11
42764.17506873988
 21
11006.16763848064
 31
0.0
  0
INSERT
  5
AAF
330
AAA
100
AcDbEntity
  8
$Размеры
 62
     5
440
 16777216
370
    13
100
AcDbBlockReference
  2
_Oblique
 10
42764.17506873986
 20
17306.16829415759
 30
0.0
 41
150.0
 42
150.0
 43
150.0
 50
90.0
  0
INSERT
  5
AB0
330
AAA
100
AcDbEntity
  8
$Размеры
 62
     5
440
 16777216
370
    13
100
AcDbBlockReference
  2
_Oblique
 10
42764.17506873988
 20
11006.16763848064
 30
0.0
 41
150.0
 42
150.0
 43
150.0
 50
270.0
  0
MTEXT
  5
AB1
330
AAA
100
AcDbEntity
  8
$Размеры
 62
     5
440
 16777216
100
AcDbMText
 10
42564.17506873988
 20
14156.1679663191
 30
0.0
 40
250.0
 41
0.0
 46
0.0
 71
     5
 72
     1
  1
\A1;6300
  7
@ТРАНСПРОЕКТ
 11
0.0000000000000001
 21
1.0
 31
0.0
 73
     1
 44
1.0
 90
        3
 63
     9
421
 13158600
 45
1.1
441
        0
  0
POINT
  5
AB2
330
AAA
100
AcDbEntity
  8
Defpoints
 62
     0
440
 16777216
100
AcDbPoint
 10
40269.38654060668
 20
17306.16829415758
 30
0.0
  0
POINT
  5
AB3
330
AAA
100
AcDbEntity
  8
Defpoints
 62
     0
440
 16777216
100
AcDbPoint
 10
39969.38654060668
 20
11006.16763848064
 30
0.0
  0
POINT
  5
AB4
330
AAA
100
AcDbEntity
  8
Defpoints
 62
     0
440
 16777216
100
AcDbPoint
 10
42764.17506873988
 20
11006.16763848064
 30
0.0
  0
ENDBLK
  5
AB5
330
AAA
100
AcDbEntity
  8
0
100
AcDbBlockEnd
  0
BLOCK
  5
AB7
330
AB6
100
AcDbEntity
  8
0
100
AcDbBlockBegin
  2
*D125
 70
     1
 10
0.0
 20
0.0
 30
0.0
  3
*D125
  1

  0
LINE
  5
AB8
330
AB6
100
AcDbEntity
  8
$Размеры
  6
Continuous
 62
     5
440
 16777216
370
    13
100
AcDbLine
 10
39788.61647970516
 20
17906.16796626405
 30
0.0
 11
43164.17506873988
 21
17906.16796626405
 31
0.0
  0
LINE
  5
AB9
330
AB6
100
AcDbEntity
  8
$Размеры
  6
Continuous
 62
     5
440
 16777216
370
    13
100
AcDbLine
 10
40369.38654060667
 20
17306.16829415758
 30
0.0
 11
43164.17506873988
 21
17306.16829415759
 31
0.0
  0
LINE
  5
ABA
330
AB6
100
AcDbEntity
  8
$Размеры
  6
Continuous
 62
     5
440
 16777216
370
    13
100
AcDbLine
 10
43064.17506873988
 20
17906.16796626405
 30
0.0
 11
43064.17506873988
 21
17306.16829415759
 31
0.0
  0
LINE
  5
ABB
330
AB6
100
AcDbEntity
  8
$Размеры
  6
Continuous
 62
     5
440
 16777216
370
    13
100
AcDbLine
 10
43064.17506873988
 20
17306.16829415759
 30
0.0
 11
43064.17506873988
 21
16464.1809960498
 31
0.0
  0
INSERT
  5
ABC
330
AB6
100
AcDbEntity
  8
$Размеры
 62
     5
440
 16777216
370
    13
100
AcDbBlockReference
  2
_Oblique
 10
43064.17506873988
 20
17906.16796626405
 30
0.0
 41
150.0
 42
150.0
 43
150.0
 50
90.0
  0
INSERT
  5
ABD
330
AB6
100
AcDbEntity
  8
$Размеры
 62
     5
440
 16777216
370
    13
100
AcDbBlockReference
  2
_Oblique
 10
43064.17506873988
 20
17306.16829415759
 30
0.0
 41
150.0
 42
150.0
 43
150.0
 50
270.0
  0
MTEXT
  5
ABE
330
AB6
100
AcDbEntity
  8
$Размеры
 62
     5
440
 16777216
100
AcDbMText
 10
42864.17506873988
 20
16810.17464510368
 30
0.0
 40
250.0
 41
0.0
 46
0.0
 71
     5
 72
     1
  1
\A1;600
  7
@ТРАНСПРОЕКТ
 11
0.0000000000000001
 21
1.0
 31
0.0
 73
     1
 44
1.0
 90
        3
 63
     9
421
 13158600
 45
1.1
441
        0
  0
POINT
  5
ABF
330
AB6
100
AcDbEntity
  8
Defpoints
 62
     0
440
 16777216
100
AcDbPoint
 10
39688.61647970515
 20
17906.16796626405
 30
0.0
  0
POINT
  5
AC0
330
AB6
100
AcDbEntity
  8
Defpoints
 62
     0
440
 16777216
100
AcDbPoint
 10
40269.38654060668
 20
17306.16829415758
 30
0.0
  0
POINT
  5
AC1
330
AB6
100
AcDbEntity
  8
Defpoints
 62
     0
440
 16777216
100
AcDbPoint
 10
43064.17506873988
 20
17306.16829415759
 30
0.0
  0
ENDBLK
  5
AC2
330
AB6
100
AcDbEntity
  8
0
100
AcDbBlockEnd
  0
BLOCK
  5
AC4
330
AC3
100
AcDbEntity
  8
0
100
AcDbBlockBegin
  2
*D126
 70
     1
 10
0.0
 20
0.0
 30
0.0
  3
*D126
  1

  0
LINE
  5
AC5
330
AC3
100
AcDbEntity
  8
$Размеры
  6
Continuous
 62
     5
440
 16777216
370
    13
100
AcDbLine
 10
39788.61647970516
 20
18706.16796631912
 30
0.0
 11
42864.17506873988
 21
18706.16796631912
 31
0.0
  0
LINE
  5
AC6
330
AC3
100
AcDbEntity
  8
$Размеры
  6
Continuous
 62
     5
440
 16777216
370
    13
100
AcDbLine
 10
39788.61647970516
 20
19306.16796637872
 30
0.0
 11
42864.17506873988
 21
19306.16796637872
 31
0.0
  0
LINE
  5
AC7
330
AC3
100
AcDbEntity
  8
$Размеры
  6
Continuous
 62
     5
440
 16777216
370
    13
100
AcDbLine
 10
42764.17506873988
 20
18706.16796631912
 30
0.0
 11
42764.17506873988
 21
19306.16796637872
 31
0.0
  0
LINE
  5
AC8
330
AC3
100
AcDbEntity
  8
$Размеры
  6
Continuous
 62
     5
440
 16777216
370
    13
100
AcDbLine
 10
42764.17506873988
 20
19006.16796634892
 30
0.0
 11
43362.9075370599
 21
18730.69797214388
 31
0.0
  0
LINE
  5
AC9
330
AC3
100
AcDbEntity
  8
$Размеры
  6
Continuous
 62
     5
440
 16777216
370
    13
100
AcDbLine
 10
43362.9075370599
 20
18730.69797214388
 30
0.0
 11
43362.9075370599
 21
18038.71067403609
 31
0.0
  0
MTEXT
  5
ACA
330
AC3
100
AcDbEntity
  8
$Размеры
 62
     5
440
 16777216
100
AcDbMText
 10
43162.90753705991
 20
18384.70432308997
 30
0.0
 40
250.0
 41
0.0
 46
0.0
 71
     5
 72
     1
  1
\A1;600
  7
@ТРАНСПРОЕКТ
 11
0.0000000000000001
 21
1.0
 31
0.0
 73
     1
 44
1.0
 90
        3
 63
     9
421
 13158600
 45
1.1
441
        0
  0
INSERT
  5
ACB
330
AC3
100
AcDbEntity
  8
$Размеры
 62
     5
440
 16777216
370
    13
100
AcDbBlockReference
  2
_Oblique
 10
42764.17506873988
 20
18706.16796631912
 30
0.0
 41
150.0
 42
150.0
 43
150.0
 50
270.0
  0
INSERT
  5
ACC
330
AC3
100
AcDbEntity
  8
$Размеры
 62
     5
440
 16777216
370
    13
100
AcDbBlockReference
  2
_Oblique
 10
42764.17506873988
 20
19306.16796637872
 30
0.0
 41
150.0
 42
150.0
 43
150.0
 50
90.0
  0
POINT
  5
ACD
330
AC3
100
AcDbEntity
  8
Defpoints
 62
     0
440
 16777216
100
AcDbPoint
 10
39688.61647970515
 20
18706.16796631912
 30
0.0
  0
POINT
  5
ACE
330
AC3
100
AcDbEntity
  8
Defpoints
 62
     0
440
 16777216
100
AcDbPoint
 10
39688.61647970515
 20
19306.16796637872
 30
0.0
  0
POINT
  5
ACF
330
AC3
100
AcDbEntity
  8
Defpoints
 62
     0
440
 16777216
100
AcDbPoint
 10
42764.17506873988
 20
19306.16796637872
 30
0.0
  0
ENDBLK
  5
AD0
330
AC3
100
AcDbEntity
  8
0
100
AcDbBlockEnd
  0
BLOCK
  5
AD2
330
AD1
100
AcDbEntity
  8
0
100
AcDbBlockBegin
  2
*D127
 70
     1
 10
0.0
 20
0.0
 30
0.0
  3
*D127
  1

  0
ARC
  5
AD3
330
AD1
100
AcDbEntity
  8
$Размеры
  6
Continuous
 62
     5
440
 16777216
370
    13
100
AcDbCircle
 10
39708.61647960375
 20
17906.16796631911
 30
0.0
 40
4527.394525495171
100
AcDbArc
 50
0.0000000000000382
 51
29.99999999999913
  0
INSERT
  5
AD4
330
AD1
100
AcDbEntity
  8
$Размеры
 62
     5
440
 16777216
370
    13
100
AcDbBlockReference
  2
_Oblique
 10
44236.01100509891
 20
17906.16796631911
 30
0.0
 41
150.0
 42
150.0
 43
150.0
 50
270.0000000000001
  0
INSERT
  5
AD5
330
AD1
100
AcDbEntity
  8
$Размеры
 62
     5
440
 16777216
370
    13
100
AcDbBlockReference
  2
_Oblique
 10
43629.4551516372
 20
20169.86522906663
 30
0.0
 41
150.0
 42
150.0
 43
150.0
 50
119.9999999999991
  0
MTEXT
  5
AD6
330
AD1
100
AcDbEntity
  8
$Размеры
 62
     5
440
 16777216
100
AcDbMText
 10
44365.60820971894
 20
18718.99453165785
 30
0.0
 40
250.0
 41
0.0
 46
0.0
 71
     5
 72
     1
  1
\A1;30°
  7
@ТРАНСПРОЕКТ
 11
0.1719396511027613
 21
-0.9851074846830984
 31
0.0
 73
     1
 44
1.0
 90
        3
 63
     9
421
 13158600
 45
1.1
441
        0
  0
POINT
  5
AD7
330
AD1
100
AcDbEntity
  8
Defpoints
 62
     0
440
 16777216
100
AcDbPoint
 10
43962.97570659808
 20
19454.62809082077
 30
0.0
  0
POINT
  5
AD8
330
AD1
100
AcDbEntity
  8
Defpoints
 62
     0
440
 16777216
100
AcDbPoint
 10
48801.88321944469
 20
23156.16796637918
 30
0.0
  0
POINT
  5
AD9
330
AD1
100
AcDbEntity
  8
Defpoints
 62
     0
440
 16777216
100
AcDbPoint
 10
39688.61647970328
 20
17906.16796631911
 30
0.0
  0
POINT
  5
ADA
330
AD1
100
AcDbEntity
  8
Defpoints
 62
     0
440
 16777216
100
AcDbPoint
 10
48031.61964023583
 20
17906.16796631911
 30
0.0
  0
POINT
  5
ADB
330
AD1
100
AcDbEntity
  8
Defpoints
 62
     0
440
 16777216
100
AcDbPoint
 10
39708.61647970842
 20
17906.16796637953
 30
0.0
  0
ENDBLK
  5
ADC
330
AD1
100
AcDbEntity
  8
0
100
AcDbBlockEnd
  0
BLOCK
  5
ADE
330
ADD
100
AcDbEntity
  8
0
100
AcDbBlockBegin
  2
*D128
 70
     1
 10
0.0
 20
0.0
 30
0.0
  3
*D128
  1

  0
LINE
  5
ADF
330
ADD
100
AcDbEntity
  8
$Слои конструкции
  6
Continuous
 62
     5
440
 16777216
370
    13
100
AcDbLine
 10
48888.48630547108
 20
23206.16829427724
 30
0.0
 11
49495.26721836587
 21
23556.49341767603
 31
0.0
  0
LINE
  5
AE0
330
ADD
100
AcDbEntity
  8
$Слои конструкции
  6
Continuous
 62
     5
440
 16777216
370
    13
100
AcDbLine
 10
48588.48630547107
 20
23725.78353654811
 30
0.0
 11
49195.26721836587
 21
24076.1086599469
 31
0.0
  0
LINE
  5
AE1
330
ADD
100
AcDbEntity
  8
$Слои конструкции
  6
Continuous
 62
     5
440
 16777216
370
    13
100
AcDbLine
 10
49408.66467798742
 20
23506.49341767605
 30
0.0
 11
49108.66467798742
 21
24026.10865994692
 31
0.0
  0
INSERT
  5
AE2
330
ADD
100
AcDbEntity
  8
$Слои конструкции
 62
     5
440
 16777216
370
    13
100
AcDbBlockReference
  2
_Oblique
 10
49408.66467798742
 20
23506.49341767605
 30
0.0
 41
150.0
 42
150.0
 43
150.0
 50
299.9999999999902
  0
INSERT
  5
AE3
330
ADD
100
AcDbEntity
  8
$Слои конструкции
 62
     5
440
 16777216
370
    13
100
AcDbBlockReference
  2
_Oblique
 10
49108.66467798742
 20
24026.10865994692
 30
0.0
 41
150.0
 42
150.0
 43
150.0
 50
119.9999999999902
  0
MTEXT
  5
AE4
330
ADD
100
AcDbEntity
  8
$Слои конструкции
 62
     5
440
 16777216
100
AcDbMText
 10
49431.86975874434
 20
23866.30103881145
 30
0.0
 40
250.0
 41
0.0
 46
0.0
 71
     5
 72
     1
  1
\A1;600
  7
@ТРАНСПРОЕКТ
 11
0.4999999999998521
 21
-0.8660254037845243
 31
0.0
 73
     1
 44
1.0
 90
        3
 63
     9
421
 13158600
 45
1.1
441
        0
  0
POINT
  5
AE5
330
ADD
100
AcDbEntity
  8
Defpoints
 62
     0
440
 16777216
100
AcDbPoint
 10
48801.88376509263
 20
23156.16829427725
 30
0.0
  0
POINT
  5
AE6
330
ADD
100
AcDbEntity
  8
Defpoints
 62
     0
440
 16777216
100
AcDbPoint
 10
48501.88376509261
 20
23675.78353654812
 30
0.0
  0
POINT
  5
AE7
330
ADD
100
AcDbEntity
  8
Defpoints
 62
     0
440
 16777216
100
AcDbPoint
 10
49108.66467798742
 20
24026.10865994692
 30
0.0
  0
ENDBLK
  5
AE8
330
ADD
100
AcDbEntity
  8
0
100
AcDbBlockEnd
  0
BLOCK
  5
AEA
330
AE9
100
AcDbEntity
  8
0
100
AcDbBlockBegin
  2
*D129
 70
     1
 10
0.0
 20
0.0
 30
0.0
  3
*D129
  1

  0
LINE
  5
AEB
330
AE9
100
AcDbEntity
  8
$Слои конструкции
  6
Continuous
 62
     5
440
 16777216
370
    13
100
AcDbLine
 10
48888.48565374059
 20
23206.16815011907
 30
0.0
 11
49495.26637458548
 21
23556.49487913927
 31
0.0
  0
LINE
  5
AEC
330
AE9
100
AcDbEntity
  8
$Слои конструкции
  6
Continuous
 62
     5
440
 16777216
370
    13
100
AcDbLine
 10
49038.48619938854
 20
22946.36085688189
 30
0.0
 11
49645.26692023341
 21
23296.68758590208
 31
0.0
  0
LINE
  5
AED
330
AE9
100
AcDbEntity
  8
$Слои конструкции
  6
Continuous
 62
     5
440
 16777216
370
    13
100
AcDbLine
 10
49408.66394028959
 20
23506.49469539938
 30
0.0
 11
49558.6644859375
 21
23246.68740216219
 31
0.0
  0
LINE
  5
AEE
330
AE9
100
AcDbEntity
  8
$Слои конструкции
  6
Continuous
 62
     5
440
 16777216
370
    13
100
AcDbLine
 10
49483.66421311355
 20
23376.59104878078
 30
0.0
 11
50279.53414496375
 21
23420.75009613649
 31
0.0
  0
LINE
  5
AEF
330
AE9
100
AcDbEntity
  8
$Слои конструкции
  6
Continuous
 62
     5
440
 16777216
370
    13
100
AcDbLine
 10
50279.53414496375
 20
23420.75009613649
 30
0.0
 11
50625.52906547439
 21
22821.47225095668
 31
0.0
  0
MTEXT
  5
AF0
330
AE9
100
AcDbEntity
  8
$Слои конструкции
 62
     5
440
 16777216
100
AcDbMText
 10
50625.73647381086
 20
23221.11154102638
 30
0.0
 40
250.0
 41
0.0
 46
0.0
 71
     5
 72
     1
  1
\A1;300
  7
@ТРАНСПРОЕКТ
 11
0.5000018373989651
 21
-0.8660243429590526
 31
0.0
 73
     1
 44
1.0
 90
        3
 63
     9
421
 13158600
 45
1.1
441
        0
  0
INSERT
  5
AF1
330
AE9
100
AcDbEntity
  8
$Слои конструкции
 62
     5
440
 16777216
370
    13
100
AcDbBlockReference
  2
_Oblique
 10
49408.66394028959
 20
23506.49469539938
 30
0.0
 41
150.0
 42
150.0
 43
150.0
 50
120.0001215614115
  0
INSERT
  5
AF2
330
AE9
100
AcDbEntity
  8
$Слои конструкции
 62
     5
440
 16777216
370
    13
100
AcDbBlockReference
  2
_Oblique
 10
49558.6644859375
 20
23246.68740216219
 30
0.0
 41
150.0
 42
150.0
 43
150.0
 50
300.0001215614115
  0
POINT
  5
AF3
330
AE9
100
AcDbEntity
  8
Defpoints
 62
     0
440
 16777216
100
AcDbPoint
 10
48801.88321944471
 20
23156.16796637918
 30
0.0
  0
POINT
  5
AF4
330
AE9
100
AcDbEntity
  8
Defpoints
 62
     0
440
 16777216
100
AcDbPoint
 10
48951.88376509262
 20
22896.36067314199
 30
0.0
  0
POINT
  5
AF5
330
AE9
100
AcDbEntity
  8
Defpoints
 62
     0
440
 16777216
100
AcDbPoint
 10
49558.6644859375
 20
23246.68740216219
 30
0.0
  0
ENDBLK
  5
AF6
330
AE9
100
AcDbEntity
  8
0
100
AcDbBlockEnd
  0
BLOCK
  5
AF8
330
AF7
100
AcDbEntity
  8
0
100
AcDbBlockBegin
  2
*D130
 70
     1
 10
0.0
 20
0.0
 30
0.0
  3
*D130
  1

  0
LINE
  5
AF9
330
AF7
100
AcDbEntity
  8
$Слои конструкции
  6
Continuous
 62
     5
440
 16777216
370
    13
100
AcDbLine
 10
49038.48630547106
 20
22946.36067314189
 30
0.0
 11
49645.26776958308
 21
23296.68611478637
 31
0.0
  0
LINE
  5
AFA
330
AF7
100
AcDbEntity
  8
$Слои конструкции
  6
Continuous
 62
     5
440
 16777216
370
    13
100
AcDbLine
 10
49288.48630547106
 20
22513.34797124983
 30
0.0
 11
49895.26776958308
 21
22863.67341289431
 31
0.0
  0
LINE
  5
AFB
330
AF7
100
AcDbEntity
  8
$Слои конструкции
  6
Continuous
 62
     5
440
 16777216
370
    13
100
AcDbLine
 10
49558.66522920465
 20
23246.68611478635
 30
0.0
 11
49808.66522920464
 21
22813.67341289429
 31
0.0
  0
LINE
  5
AFC
330
AF7
100
AcDbEntity
  8
$Слои конструкции
  6
Continuous
 62
     5
440
 16777216
370
    13
100
AcDbLine
 10
49808.66522920464
 20
22813.67341289429
 30
0.0
 11
50229.65887825866
 21
22084.4910230692
 31
0.0
  0
INSERT
  5
AFD
330
AF7
100
AcDbEntity
  8
$Слои конструкции
 62
     5
440
 16777216
370
    13
100
AcDbBlockReference
  2
_Oblique
 10
49558.66522920465
 20
23246.68611478635
 30
0.0
 41
150.0
 42
150.0
 43
150.0
 50
120.000000000009
  0
INSERT
  5
AFE
330
AF7
100
AcDbEntity
  8
$Слои конструкции
 62
     5
440
 16777216
370
    13
100
AcDbBlockReference
  2
_Oblique
 10
49808.66522920464
 20
22813.67341289429
 30
0.0
 41
150.0
 42
150.0
 43
150.0
 50
300.0000000000091
  0
MTEXT
  5
AFF
330
AF7
100
AcDbEntity
  8
$Слои конструкции
 62
     5
440
 16777216
100
AcDbMText
 10
50229.86713448855
 20
22484.13031269795
 30
0.0
 40
250.0
 41
0.0
 46
0.0
 71
     5
 72
     1
  1
\A1;500
  7
@ТРАНСПРОЕКТ
 11
0.5000000000001373
 21
-0.8660254037843593
 31
0.0
 73
     1
 44
1.0
 90
        3
 63
     9
421
 13158600
 45
1.1
441
        0
  0
POINT
  5
B00
330
AF7
100
AcDbEntity
  8
Defpoints
 62
     0
440
 16777216
100
AcDbPoint
 10
48951.88376509262
 20
22896.36067314188
 30
0.0
  0
POINT
  5
B01
330
AF7
100
AcDbEntity
  8
Defpoints
 62
     0
440
 16777216
100
AcDbPoint
 10
49201.88376509264
 20
22463.34797124982
 30
0.0
  0
POINT
  5
B02
330
AF7
100
AcDbEntity
  8
Defpoints
 62
     0
440
 16777216
100
AcDbPoint
 10
49808.66522920464
 20
22813.67341289429
 30
0.0
  0
ENDBLK
  5
B03
330
AF7
100
AcDbEntity
  8
0
100
AcDbBlockEnd
  0
BLOCK
  5
B05
330
B04
100
AcDbEntity
  8
0
100
AcDbBlockBegin
  2
*D131
 70
     1
 10
0.0
 20
0.0
 30
0.0
  3
*D131
  1

  0
LINE
  5
B06
330
B04
100
AcDbEntity
  8
$Слои конструкции
  6
Continuous
 62
     5
440
 16777216
370
    13
100
AcDbLine
 10
48588.48585476112
 20
23725.78304421213
 30
0.0
 11
49195.2680621416
 21
24076.10719848101
 31
0.0
  0
LINE
  5
B07
330
B04
100
AcDbEntity
  8
$Слои конструкции
  6
Continuous
 62
     5
440
 16777216
370
    13
100
AcDbLine
 10
48438.48641155323
 20
23985.59097394357
 30
0.0
 11
49045.26861893374
 21
24335.91512821244
 31
0.0
  0
LINE
  5
B08
330
B04
100
AcDbEntity
  8
$Слои конструкции
  6
Continuous
 62
     5
440
 16777216
370
    13
100
AcDbLine
 10
49108.66541568099
 20
24026.10738222116
 30
0.0
 11
48958.66597247311
 21
24285.91531195261
 31
0.0
  0
LINE
  5
B09
330
B04
100
AcDbEntity
  8
$Слои конструкции
  6
Continuous
 62
     5
440
 16777216
370
    13
100
AcDbLine
 10
49033.66569407705
 20
24156.01134708689
 30
0.0
 11
49469.84351681724
 21
24823.17540249935
 31
0.0
  0
LINE
  5
B0A
330
B04
100
AcDbEntity
  8
$Слои конструкции
  6
Continuous
 62
     5
440
 16777216
370
    13
100
AcDbLine
 10
49469.84351681724
 20
24823.17540249935
 30
0.0
 11
49123.85113922195
 21
25422.45471583201
 31
0.0
  0
MTEXT
  5
B0B
330
B04
100
AcDbEntity
  8
$Слои конструкции
 62
     5
440
 16777216
100
AcDbMText
 10
49470.05262094083
 20
25222.81469168535
 30
0.0
 40
250.0
 41
0.0
 46
0.0
 71
     5
 72
     1
  1
\A1;300
  7
@ТРАНСПРОЕКТ
 11
0.4999981625983604
 21
-0.8660264646061712
 31
0.0
 73
     1
 44
1.0
 90
        3
 63
     9
421
 13158600
 45
1.1
441
        0
  0
INSERT
  5
B0C
330
B04
100
AcDbEntity
  8
$Слои конструкции
 62
     5
440
 16777216
370
    13
100
AcDbBlockReference
  2
_Oblique
 10
49108.66541568099
 20
24026.10738222116
 30
0.0
 41
150.0
 42
150.0
 43
150.0
 50
299.9998784385605
  0
INSERT
  5
B0D
330
B04
100
AcDbEntity
  8
$Слои конструкции
 62
     5
440
 16777216
370
    13
100
AcDbBlockReference
  2
_Oblique
 10
48958.66597247311
 20
24285.91531195261
 30
0.0
 41
150.0
 42
150.0
 43
150.0
 50
119.9998784385605
  0
POINT
  5
B0E
330
B04
100
AcDbEntity
  8
Defpoints
 62
     0
440
 16777216
100
AcDbPoint
 10
48501.88320830049
 20
23675.78322795229
 30
0.0
  0
POINT
  5
B0F
330
B04
100
AcDbEntity
  8
Defpoints
 62
     0
440
 16777216
100
AcDbPoint
 10
48351.88376509263
 20
23935.59115768373
 30
0.0
  0
POINT
  5
B10
330
B04
100
AcDbEntity
  8
Defpoints
 62
     0
440
 16777216
100
AcDbPoint
 10
48958.66597247311
 20
24285.91531195261
 30
0.0
  0
ENDBLK
  5
B11
330
B04
100
AcDbEntity
  8
0
100
AcDbBlockEnd
  0
BLOCK
  5
B13
330
B12
100
AcDbEntity
  8
0
100
AcDbBlockBegin
  2
*D132
 70
     1
 10
0.0
 20
0.0
 30
0.0
  3
*D132
  1

  0
LINE
  5
B14
330
B12
100
AcDbEntity
  8
$Слои конструкции
  6
Continuous
 62
     5
440
 16777216
370
    13
100
AcDbLine
 10
48438.48630547108
 20
23985.59115768372
 30
0.0
 11
49045.26776958261
 21
24335.91659932774
 31
0.0
  0
LINE
  5
B15
330
B12
100
AcDbEntity
  8
$Слои конструкции
  6
Continuous
 62
     5
440
 16777216
370
    13
100
AcDbLine
 10
47788.48630547153
 20
25111.42418260287
 30
0.0
 11
48395.26776958308
 21
25461.74962424689
 31
0.0
  0
LINE
  5
B16
330
B12
100
AcDbEntity
  8
$Слои конструкции
  6
Continuous
 62
     5
440
 16777216
370
    13
100
AcDbLine
 10
48958.66522920417
 20
24285.91659932774
 30
0.0
 11
48308.66522920462
 21
25411.74962424689
 31
0.0
  0
INSERT
  5
B17
330
B12
100
AcDbEntity
  8
$Слои конструкции
 62
     5
440
 16777216
370
    13
100
AcDbBlockReference
  2
_Oblique
 10
48958.66522920417
 20
24285.91659932774
 30
0.0
 41
150.0
 42
150.0
 43
150.0
 50
299.9999999999959
  0
INSERT
  5
B18
330
B12
100
AcDbEntity
  8
$Слои конструкции
 62
     5
440
 16777216
370
    13
100
AcDbBlockReference
  2
_Oblique
 10
48308.66522920462
 20
25411.74962424689
 30
0.0
 41
150.0
 42
150.0
 43
150.0
 50
119.9999999999959
  0
MTEXT
  5
B19
330
B12
100
AcDbEntity
  8
$Слои конструкции
 62
     5
440
 16777216
100
AcDbMText
 10
48806.8703099613
 20
24948.8331117873
 30
0.0
 40
250.0
 41
0.0
 46
0.0
 71
     5
 72
     1
  1
\A1;1300
  7
@ТРАНСПРОЕКТ
 11
0.4999999999999381
 21
-0.8660254037844746
 31
0.0
 73
     1
 44
1.0
 90
        3
 63
     9
421
 13158600
 45
1.1
441
        0
  0
POINT
  5
B1A
330
B12
100
AcDbEntity
  8
Defpoints
 62
     0
440
 16777216
100
AcDbPoint
 10
48351.88376509263
 20
23935.59115768373
 30
0.0
  0
POINT
  5
B1B
330
B12
100
AcDbEntity
  8
Defpoints
 62
     0
440
 16777216
100
AcDbPoint
 10
47701.8837650931
 20
25061.42418260288
 30
0.0
  0
POINT
  5
B1C
330
B12
100
AcDbEntity
  8
Defpoints
 62
     0
440
 16777216
100
AcDbPoint
 10
48308.66522920462
 20
25411.74962424689
 30
0.0
  0
ENDBLK
  5
B1D
330
B12
100
AcDbEntity
  8
0
100
AcDbBlockEnd
  0
BLOCK
  5
B1F
330
B1E
100
AcDbEntity
  8
0
100
AcDbBlockBegin
  2
*D133
 70
     1
 10
0.0
 20
0.0
 30
0.0
  3
*D133
  1

  0
LINE
  5
B20
330
B1E
100
AcDbEntity
  8
$Слои конструкции
  6
Continuous
 62
     5
440
 16777216
370
    13
100
AcDbLine
 10
48851.88376509264
 20
23069.56575389881
 30
0.0
 11
50680.85068263034
 21
19901.70212736074
 31
0.0
  0
LINE
  5
B21
330
B1E
100
AcDbEntity
  8
$Слои конструкции
  6
Continuous
 62
     5
440
 16777216
370
    13
100
AcDbLine
 10
39758.61702535633
 20
17819.56575389916
 30
0.0
 11
41587.58394289404
 21
14651.7021273611
 31
0.0
  0
LINE
  5
B22
330
B1E
100
AcDbEntity
  8
$Слои конструкции
  6
Continuous
 62
     5
440
 16777216
370
    13
100
AcDbLine
 10
50630.85068263035
 20
19988.30466773919
 30
0.0
 11
41537.58394289403
 21
14738.30466773955
 31
0.0
  0
INSERT
  5
B23
330
B1E
100
AcDbEntity
  8
$Слои конструкции
 62
     5
440
 16777216
370
    13
100
AcDbBlockReference
  2
_Oblique
 10
50630.85068263035
 20
19988.30466773919
 30
0.0
 41
150.0
 42
150.0
 43
150.0
 50
29.99999999999917
  0
INSERT
  5
B24
330
B1E
100
AcDbEntity
  8
$Слои конструкции
 62
     5
440
 16777216
370
    13
100
AcDbBlockReference
  2
_Oblique
 10
41537.58394289403
 20
14738.30466773955
 30
0.0
 41
150.0
 42
150.0
 43
150.0
 50
209.9999999999991
  0
MTEXT
  5
B25
330
B1E
100
AcDbEntity
  8
$Слои конструкции
 62
     5
440
 16777216
100
AcDbMText
 10
45984.21731276219
 20
17536.50974849626
 30
0.0
 40
250.0
 41
0.0
 46
0.0
 71
     5
 72
     1
  1
\A1;10500
  7
@ТРАНСПРОЕКТ
 11
0.8660254037844461
 21
0.4999999999999873
 31
0.0
 73
     1
 44
1.0
 90
        3
 63
     9
421
 13158600
 45
1.1
441
        0
  0
POINT
  5
B26
330
B1E
100
AcDbEntity
  8
Defpoints
 62
     0
440
 16777216
100
AcDbPoint
 10
48801.88376509264
 20
23156.16829427725
 30
0.0
  0
POINT
  5
B27
330
B1E
100
AcDbEntity
  8
Defpoints
 62
     0
440
 16777216
100
AcDbPoint
 10
39708.61702535633
 20
17906.16829427761
 30
0.0
  0
POINT
  5
B28
330
B1E
100
AcDbEntity
  8
Defpoints
 62
     0
440
 16777216
100
AcDbPoint
 10
41537.58394289403
 20
14738.30466773955
 30
0.0
  0
ENDBLK
  5
B29
330
B1E
100
AcDbEntity
  8
0
100
AcDbBlockEnd
  0
BLOCK
  5
B2B
330
B2A
100
AcDbEntity
  8
0
100
AcDbBlockBegin
  2
*D134
 70
     1
 10
0.0
 20
0.0
 30
0.0
  3
*D134
  1

  0
LINE
  5
B2C
330
B2A
100
AcDbEntity
  8
$Размеры
  6
Continuous
 62
     5
440
 16777216
370
    13
100
AcDbLine
 10
39788.61647970516
 20
9606.167966319114
 30
0.0
 11
42864.17506873988
 21
9606.167966319114
 31
0.0
  0
LINE
  5
B2D
330
B2A
100
AcDbEntity
  8
$Размеры
  6
Continuous
 62
     5
440
 16777216
370
    13
100
AcDbLine
 10
39788.61647970329
 20
10406.16796631911
 30
0.0
 11
42864.17506873988
 21
10406.16796631911
 31
0.0
  0
LINE
  5
B2E
330
B2A
100
AcDbEntity
  8
$Размеры
  6
Continuous
 62
     5
440
 16777216
370
    13
100
AcDbLine
 10
42764.17506873988
 20
9606.167966319114
 30
0.0
 11
42764.17506873988
 21
10406.16796631911
 31
0.0
  0
INSERT
  5
B2F
330
B2A
100
AcDbEntity
  8
$Размеры
 62
     5
440
 16777216
370
    13
100
AcDbBlockReference
  2
_Oblique
 10
42764.17506873988
 20
9606.167966319114
 30
0.0
 41
150.0
 42
150.0
 43
150.0
 50
270.0
  0
INSERT
  5
B30
330
B2A
100
AcDbEntity
  8
$Размеры
 62
     5
440
 16777216
370
    13
100
AcDbBlockReference
  2
_Oblique
 10
42764.17506873988
 20
10406.16796631911
 30
0.0
 41
150.0
 42
150.0
 43
150.0
 50
90.0
  0
MTEXT
  5
B31
330
B2A
100
AcDbEntity
  8
$Размеры
 62
     5
440
 16777216
100
AcDbMText
 10
42564.17506873988
 20
10006.1679663191
 30
0.0
 40
250.0
 41
0.0
 46
0.0
 71
     5
 72
     1
  1
\A1;800
  7
@ТРАНСПРОЕКТ
 11
0.0000000000000001
 21
1.0
 31
0.0
 73
     1
 44
1.0
 90
        3
 63
     9
421
 13158600
 45
1.1
441
        0
  0
POINT
  5
B32
330
B2A
100
AcDbEntity
  8
Defpoints
 62
     0
440
 16777216
100
AcDbPoint
 10
39688.61647970515
 20
9606.167966319114
 30
0.0
  0
POINT
  5
B33
330
B2A
100
AcDbEntity
  8
Defpoints
 62
     0
440
 16777216
100
AcDbPoint
 10
39688.61647970328
 20
10406.16796631911
 30
0.0
  0
POINT
  5
B34
330
B2A
100
AcDbEntity
  8
Defpoints
 62
     0
440
 16777216
100
AcDbPoint
 10
42764.17506873988
 20
10406.16796631911
 30
0.0
  0
ENDBLK
  5
B35
330
B2A
100
AcDbEntity
  8
0
100
AcDbBlockEnd
  0
BLOCK
  5
B37
330
B36
100
AcDbEntity
  8
0
100
AcDbBlockBegin
  2
*D135
 70
     1
 10
0.0
 20
0.0
 30
0.0
  3
*D135
  1

  0
LINE
  5
B38
330
B36
100
AcDbEntity
  8
$Размеры
  6
Continuous
 62
     5
440
 16777216
370
    13
100
AcDbLine
 10
39788.61647970516
 20
10406.16796637418
 30
0.0
 11
42864.17506873988
 21
10406.16796637418
 31
0.0
  0
LINE
  5
B39
330
B36
100
AcDbEntity
  8
$Размеры
  6
Continuous
 62
     5
440
 16777216
370
    13
100
AcDbLine
 10
40069.38654060341
 20
11006.16763848064
 30
0.0
 11
42864.17506873988
 21
11006.16763848064
 31
0.0
  0
LINE
  5
B3A
330
B36
100
AcDbEntity
  8
$Размеры
  6
Continuous
 62
     5
440
 16777216
370
    13
100
AcDbLine
 10
42764.17506873988
 20
10406.16796637418
 30
0.0
 11
42764.17506873988
 21
11006.16763848064
 31
0.0
  0
LINE
  5
B3B
330
B36
100
AcDbEntity
  8
$Размеры
  6
Continuous
 62
     5
440
 16777216
370
    13
100
AcDbLine
 10
42764.17506873988
 20
11006.16763848064
 30
0.0
 11
42764.17506873988
 21
11848.15493658842
 31
0.0
  0
INSERT
  5
B3C
330
B36
100
AcDbEntity
  8
$Размеры
 62
     5
440
 16777216
370
    13
100
AcDbBlockReference
  2
_Oblique
 10
42764.17506873988
 20
10406.16796637418
 30
0.0
 41
150.0
 42
150.0
 43
150.0
 50
270.0
  0
INSERT
  5
B3D
330
B36
100
AcDbEntity
  8
$Размеры
 62
     5
440
 16777216
370
    13
100
AcDbBlockReference
  2
_Oblique
 10
42764.17506873988
 20
11006.16763848064
 30
0.0
 41
150.0
 42
150.0
 43
150.0
 50
90.0
  0
MTEXT
  5
B3E
330
B36
100
AcDbEntity
  8
$Размеры
 62
     5
440
 16777216
100
AcDbMText
 10
42564.17506873988
 20
11502.16128753452
 30
0.0
 40
250.0
 41
0.0
 46
0.0
 71
     5
 72
     1
  1
\A1;600
  7
@ТРАНСПРОЕКТ
 11
0.0000000000000001
 21
1.0
 31
0.0
 73
     1
 44
1.0
 90
        3
 63
     9
421
 13158600
 45
1.1
441
        0
  0
POINT
  5
B3F
330
B36
100
AcDbEntity
  8
Defpoints
 62
     0
440
 16777216
100
AcDbPoint
 10
39688.61647970515
 20
10406.16796637418
 30
0.0
  0
POINT
  5
B40
330
B36
100
AcDbEntity
  8
Defpoints
 62
     0
440
 16777216
100
AcDbPoint
 10
39969.38654060342
 20
11006.16763848064
 30
0.0
  0
POINT
  5
B41
330
B36
100
AcDbEntity
  8
Defpoints
 62
     0
440
 16777216
100
AcDbPoint
 10
42764.17506873988
 20
11006.16763848064
 30
0.0
  0
ENDBLK
  5
B42
330
B36
100
AcDbEntity
  8
0
100
AcDbBlockEnd
  0
BLOCK
  5
B44
330
B43
100
AcDbEntity
  8
0
100
AcDbBlockBegin
  2
*D136
 70
     1
 10
0.0
 20
0.0
 30
0.0
  3
*D136
  1

  0
LINE
  5
B45
330
B43
100
AcDbEntity
  8
$Размеры
  6
Continuous
 62
     5
440
 16777216
370
    13
100
AcDbLine
 10
39788.61647970516
 20
9606.167966319114
 30
0.0
 11
42864.17506873988
 21
9606.167966319114
 31
0.0
  0
LINE
  5
B46
330
B43
100
AcDbEntity
  8
$Размеры
  6
Continuous
 62
     5
440
 16777216
370
    13
100
AcDbLine
 10
39788.61647970516
 20
9006.167966259509
 30
0.0
 11
42864.17506873988
 21
9006.167966259509
 31
0.0
  0
LINE
  5
B47
330
B43
100
AcDbEntity
  8
$Размеры
  6
Continuous
 62
     5
440
 16777216
370
    13
100
AcDbLine
 10
42764.17506873988
 20
9606.167966319114
 30
0.0
 11
42764.17506873988
 21
9006.167966259509
 31
0.0
  0
LINE
  5
B48
330
B43
100
AcDbEntity
  8
$Размеры
  6
Continuous
 62
     5
440
 16777216
370
    13
100
AcDbLine
 10
42764.17506873988
 20
9306.167966289311
 30
0.0
 11
43362.9075370599
 21
9581.63796049437
 31
0.0
  0
LINE
  5
B49
330
B43
100
AcDbEntity
  8
$Размеры
  6
Continuous
 62
     5
440
 16777216
370
    13
100
AcDbLine
 10
43362.9075370599
 20
9581.63796049437
 30
0.0
 11
43362.9075370599
 21
10273.62525860215
 31
0.0
  0
MTEXT
  5
B4A
330
B43
100
AcDbEntity
  8
$Размеры
 62
     5
440
 16777216
100
AcDbMText
 10
43162.90753705991
 20
9927.631609548249
 30
0.0
 40
250.0
 41
0.0
 46
0.0
 71
     5
 72
     1
  1
\A1;600
  7
@ТРАНСПРОЕКТ
 11
0.0000000000000001
 21
1.0
 31
0.0
 73
     1
 44
1.0
 90
        3
 63
     9
421
 13158600
 45
1.1
441
        0
  0
INSERT
  5
B4B
330
B43
100
AcDbEntity
  8
$Размеры
 62
     5
440
 16777216
370
    13
100
AcDbBlockReference
  2
_Oblique
 10
42764.17506873988
 20
9606.167966319114
 30
0.0
 41
150.0
 42
150.0
 43
150.0
 50
90.0
  0
INSERT
  5
B4C
330
B43
100
AcDbEntity
  8
$Размеры
 62
     5
440
 16777216
370
    13
100
AcDbBlockReference
  2
_Oblique
 10
42764.17506873988
 20
9006.167966259509
 30
0.0
 41
150.0
 42
150.0
 43
150.0
 50
270.0
  0
POINT
  5
B4D
330
B43
100
AcDbEntity
  8
Defpoints
 62
     0
440
 16777216
100
AcDbPoint
 10
39688.61647970515
 20
9606.167966319114
 30
0.0
  0
POINT
  5
B4E
330
B43
100
AcDbEntity
  8
Defpoints
 62
     0
440
 16777216
100
AcDbPoint
 10
39688.61647970515
 20
9006.167966259509
 30
0.0
  0
POINT
  5
B4F
330
B43
100
AcDbEntity
  8
Defpoints
 62
     0
440
 16777216
100
AcDbPoint
 10
42764.17506873988
 20
9006.167966259509
 30
0.0
  0
ENDBLK
  5
B50
330
B43
100
AcDbEntity
  8
0
100
AcDbBlockEnd
  0
BLOCK
  5
B52
330
B51
100
AcDbEntity
  8
0
100
AcDbBlockBegin
  2
*D137
 70
     1
 10
0.0
 20
0.0
 30
0.0
  3
*D137
  1

  0
LINE
  5
B53
330
B51
100
AcDbEntity
  8
$Слои конструкции
  6
Continuous
 62
     5
440
 16777216
370
    13
100
AcDbLine
 10
39588.61647970516
 20
19306.16796637872
 30
0.0
 11
38676.04610562379
 21
19306.16796637872
 31
0.0
  0
LINE
  5
B54
330
B51
100
AcDbEntity
  8
$Слои конструкции
  6
Continuous
 62
     5
440
 16777216
370
    13
100
AcDbLine
 10
39608.61702534749
 20
20446.50947870662
 30
0.0
 11
38676.04610562379
 21
20446.50947870662
 31
0.0
  0
LINE
  5
B55
330
B51
100
AcDbEntity
  8
$Слои конструкции
  6
Continuous
 62
     5
440
 16777216
370
    13
100
AcDbLine
 10
38776.04610562379
 20
19306.16796637872
 30
0.0
 11
38776.04610562379
 21
20446.50947870662
 31
0.0
  0
INSERT
  5
B56
330
B51
100
AcDbEntity
  8
$Слои конструкции
 62
     5
440
 16777216
370
    13
100
AcDbBlockReference
  2
_Oblique
 10
38776.04610562379
 20
19306.16796637872
 30
0.0
 41
150.0
 42
150.0
 43
150.0
 50
270.0
  0
INSERT
  5
B57
330
B51
100
AcDbEntity
  8
$Слои конструкции
 62
     5
440
 16777216
370
    13
100
AcDbBlockReference
  2
_Oblique
 10
38776.04610562379
 20
20446.50947870662
 30
0.0
 41
150.0
 42
150.0
 43
150.0
 50
90.0
  0
MTEXT
  5
B58
330
B51
100
AcDbEntity
  8
$Слои конструкции
 62
     5
440
 16777216
100
AcDbMText
 10
38576.04610562379
 20
19876.33872254265
 30
0.0
 40
250.0
 41
0.0
 46
0.0
 71
     5
 72
     1
  1
\A1;1140
  7
@ТРАНСПРОЕКТ
 11
0.0000000000000001
 21
1.0
 31
0.0
 73
     1
 44
1.0
 90
        3
 63
     9
421
 13158600
 45
1.1
441
        0
  0
POINT
  5
B59
330
B51
100
AcDbEntity
  8
Defpoints
 62
     0
440
 16777216
100
AcDbPoint
 10
39688.61647970515
 20
19306.16796637872
 30
0.0
  0
POINT
  5
B5A
330
B51
100
AcDbEntity
  8
Defpoints
 62
     0
440
 16777216
100
AcDbPoint
 10
39708.61702534749
 20
20446.50947870662
 30
0.0
  0
POINT
  5
B5B
330
B51
100
AcDbEntity
  8
Defpoints
 62
     0
440
 16777216
100
AcDbPoint
 10
38776.04610562379
 20
20446.50947870662
 30
0.0
  0
ENDBLK
  5
B5C
330
B51
100
AcDbEntity
  8
0
100
AcDbBlockEnd
  0
BLOCK
  5
B5E
330
B5D
100
AcDbEntity
  8
0
100
AcDbBlockBegin
  2
*D138
 70
     1
 10
0.0
 20
0.0
 30
0.0
  3
*D138
  1

  0
LINE
  5
B5F
330
B5D
100
AcDbEntity
  8
$Слои конструкции
  6
Continuous
 62
     5
440
 16777216
370
    13
100
AcDbLine
 10
41294.25767137409
 20
18359.75813272522
 30
0.0
 11
42612.1544043033
 21
16077.09403217195
 31
0.0
  0
LINE
  5
B60
330
B5D
100
AcDbEntity
  8
$Слои конструкции
  6
Continuous
 62
     5
440
 16777216
370
    13
100
AcDbLine
 10
48568.87106315719
 20
22559.75813273849
 30
0.0
 11
49886.76779608638
 21
20277.09403218523
 31
0.0
  0
LINE
  5
B61
330
B5D
100
AcDbEntity
  8
$Слои конструкции
  6
Continuous
 62
     5
440
 16777216
370
    13
100
AcDbLine
 10
42562.15440430314
 20
16163.69657255031
 30
0.0
 11
49836.76779608624
 21
20363.69657256358
 31
0.0
  0
INSERT
  5
B62
330
B5D
100
AcDbEntity
  8
$Слои конструкции
 62
     5
440
 16777216
370
    13
100
AcDbBlockReference
  2
_Oblique
 10
42562.15440430314
 20
16163.69657255031
 30
0.0
 41
150.0
 42
150.0
 43
150.0
 50
210.0000000000995
  0
INSERT
  5
B63
330
B5D
100
AcDbEntity
  8
$Слои конструкции
 62
     5
440
 16777216
370
    13
100
AcDbBlockReference
  2
_Oblique
 10
49836.76779608624
 20
20363.69657256358
 30
0.0
 41
150.0
 42
150.0
 43
150.0
 50
30.00000000009953
  0
MTEXT
  5
B64
330
B5D
100
AcDbEntity
  8
$Слои конструкции
 62
     5
440
 16777216
100
AcDbMText
 10
46099.4611001944
 20
18436.90165331366
 30
0.0
 40
250.0
 41
0.0
 46
0.0
 71
     5
 72
     1
  1
\A1;8*2100=8400
  7
@ТРАНСПРОЕКТ
 11
0.8660254037835702
 21
0.5000000000015045
 31
0.0
 73
     1
 44
1.0
 90
        3
 63
     9
421
 13158600
 45
1.1
441
        0
  0
POINT
  5
B65
330
B5D
100
AcDbEntity
  8
Defpoints
 62
     0
440
 16777216
100
AcDbPoint
 10
41244.25767137393
 20
18446.36067310357
 30
0.0
  0
POINT
  5
B66
330
B5D
100
AcDbEntity
  8
Defpoints
 62
     0
440
 16777216
100
AcDbPoint
 10
48518.87106315703
 20
22646.36067311685
 30
0.0
  0
POINT
  5
B67
330
B5D
100
AcDbEntity
  8
Defpoints
 62
     0
440
 16777216
100
AcDbPoint
 10
49836.76779608624
 20
20363.69657256358
 30
0.0
  0
ENDBLK
  5
B68
330
B5D
100
AcDbEntity
  8
0
100
AcDbBlockEnd
  0
BLOCK
  5
B6A
330
B69
100
AcDbEntity
  8
0
100
AcDbBlockBegin
  2
*D139
 70
     1
 10
0.0
 20
0.0
 30
0.0
  3
*D139
  1

  0
LINE
  5
B6B
330
B69
100
AcDbEntity
  8
$Слои конструкции
  6
Continuous
 62
     5
440
 16777216
370
    13
100
AcDbLine
 10
48818.87106315661
 20
22126.74543084599
 30
0.0
 11
49886.7677960735
 21
20277.09403217642
 31
0.0
  0
LINE
  5
B6C
330
B69
100
AcDbEntity
  8
$Слои конструкции
  6
Continuous
 62
     5
440
 16777216
370
    13
100
AcDbLine
 10
49251.8837650936
 20
22376.74543086904
 30
0.0
 11
50319.78049801049
 21
20527.09403219947
 31
0.0
  0
LINE
  5
B6D
330
B69
100
AcDbEntity
  8
$Слои конструкции
  6
Continuous
 62
     5
440
 16777216
370
    13
100
AcDbLine
 10
49836.76779607391
 20
20363.69657255511
 30
0.0
 11
50269.7804980109
 21
20613.69657257816
 31
0.0
  0
LINE
  5
B6E
330
B69
100
AcDbEntity
  8
$Слои конструкции
  6
Continuous
 62
     5
440
 16777216
370
    13
100
AcDbLine
 10
50269.7804980109
 20
20613.69657257816
 30
0.0
 11
50998.9628878381
 21
21034.6902216285
 31
0.0
  0
INSERT
  5
B6F
330
B69
100
AcDbEntity
  8
$Слои конструкции
 62
     5
440
 16777216
370
    13
100
AcDbBlockReference
  2
_Oblique
 10
49836.76779607391
 20
20363.69657255511
 30
0.0
 41
150.0
 42
150.0
 43
150.0
 50
209.9999999997219
  0
INSERT
  5
B70
330
B69
100
AcDbEntity
  8
$Слои конструкции
 62
     5
440
 16777216
370
    13
100
AcDbBlockReference
  2
_Oblique
 10
50269.7804980109
 20
20613.69657257816
 30
0.0
 41
150.0
 42
150.0
 43
150.0
 50
29.99999999972189
  0
MTEXT
  5
B71
330
B69
100
AcDbEntity
  8
$Слои конструкции
 62
     5
440
 16777216
100
AcDbMText
 10
50599.32359820937
 20
21034.89847786038
 30
0.0
 40
250.0
 41
0.0
 46
0.0
 71
     5
 72
     1
  1
\A1;500
  7
@ТРАНСПРОЕКТ
 11
0.8660254037868657
 21
0.4999999999957965
 31
0.0
 73
     1
 44
1.0
 90
        3
 63
     9
421
 13158600
 45
1.1
441
        0
  0
POINT
  5
B72
330
B69
100
AcDbEntity
  8
Defpoints
 62
     0
440
 16777216
100
AcDbPoint
 10
48768.87106315704
 20
22213.34797122467
 30
0.0
  0
POINT
  5
B73
330
B69
100
AcDbEntity
  8
Defpoints
 62
     0
440
 16777216
100
AcDbPoint
 10
49201.88376509403
 20
22463.34797124772
 30
0.0
  0
POINT
  5
B74
330
B69
100
AcDbEntity
  8
Defpoints
 62
     0
440
 16777216
100
AcDbPoint
 10
50269.7804980109
 20
20613.69657257816
 30
0.0
  0
ENDBLK
  5
B75
330
B69
100
AcDbEntity
  8
0
100
AcDbBlockEnd
  0
BLOCK
  5
B77
330
B76
100
AcDbEntity
  8
0
100
AcDbBlockBegin
  2
*D140
 70
     1
 10
0.0
 20
0.0
 30
0.0
  3
*D140
  1

  0
LINE
  5
B78
330
B76
100
AcDbEntity
  8
$Слои конструкции
  6
Continuous
 62
     5
440
 16777216
370
    13
100
AcDbLine
 10
47788.48630547155
 20
25111.42418260288
 30
0.0
 11
49675.2592114861
 21
26200.75302778998
 31
0.0
  0
LINE
  5
B79
330
B76
100
AcDbEntity
  8
$Слои конструкции
  6
Continuous
 62
     5
440
 16777216
370
    13
100
AcDbLine
 10
49288.48630547247
 20
22513.34797124772
 30
0.0
 11
51175.25921148704
 21
23602.67681643482
 31
0.0
  0
LINE
  5
B7A
330
B76
100
AcDbEntity
  8
$Слои конструкции
  6
Continuous
 62
     5
440
 16777216
370
    13
100
AcDbLine
 10
49588.65667110766
 20
26150.75302778999
 30
0.0
 11
51088.65667110858
 21
23552.67681643482
 31
0.0
  0
INSERT
  5
B7B
330
B76
100
AcDbEntity
  8
$Слои конструкции
 62
     5
440
 16777216
370
    13
100
AcDbBlockReference
  2
_Oblique
 10
49588.65667110766
 20
26150.75302778999
 30
0.0
 41
150.0
 42
150.0
 43
150.0
 50
119.9999999999977
  0
INSERT
  5
B7C
330
B76
100
AcDbEntity
  8
$Слои конструкции
 62
     5
440
 16777216
370
    13
100
AcDbBlockReference
  2
_Oblique
 10
51088.65667110858
 20
23552.67681643482
 30
0.0
 41
150.0
 42
150.0
 43
150.0
 50
299.9999999999979
  0
MTEXT
  5
B7D
330
B76
100
AcDbEntity
  8
$Слои конструкции
 62
     5
440
 16777216
100
AcDbMText
 10
50511.86175186503
 20
24951.7149221124
 30
0.0
 40
250.0
 41
0.0
 46
0.0
 71
     5
 72
     1
  1
\A1;3000
  7
@ТРАНСПРОЕКТ
 11
0.4999999999999666
 21
-0.866025403784458
 31
0.0
 73
     1
 44
1.0
 90
        3
 63
     9
421
 13158600
 45
1.1
441
        0
  0
POINT
  5
B7E
330
B76
100
AcDbEntity
  8
Defpoints
 62
     0
440
 16777216
100
AcDbPoint
 10
47701.8837650931
 20
25061.42418260289
 30
0.0
  0
POINT
  5
B7F
330
B76
100
AcDbEntity
  8
Defpoints
 62
     0
440
 16777216
100
AcDbPoint
 10
49201.88376509403
 20
22463.34797124772
 30
0.0
  0
POINT
  5
B80
330
B76
100
AcDbEntity
  8
Defpoints
 62
     0
440
 16777216
100
AcDbPoint
 10
51088.65667110858
 20
23552.67681643482
 30
0.0
  0
ENDBLK
  5
B81
330
B76
100
AcDbEntity
  8
0
100
AcDbBlockEnd
  0
BLOCK
  5
B83
330
B82
100
AcDbEntity
  8
0
100
AcDbBlockBegin
  2
*D141
 70
     1
 10
0.0
 20
0.0
 30
0.0
  3
*D141
  1

  0
ARC
  5
B84
330
B82
100
AcDbEntity
  8
$Размеры
  6
Continuous
 62
     5
440
 16777216
370
    13
100
AcDbCircle
 10
39708.61647960377
 20
10406.16796631911
 30
0.0
 40
4741.879593962006
100
AcDbArc
 50
330.0000000000009
 51
0.0
  0
INSERT
  5
B85
330
B82
100
AcDbEntity
  8
$Размеры
 62
     5
440
 16777216
370
    13
100
AcDbBlockReference
  2
_Oblique
 10
43815.20466966192
 20
8035.228169338166
 30
0.0
 41
150.0
 42
150.0
 43
150.0
 50
240.0000000000009
  0
INSERT
  5
B86
330
B82
100
AcDbEntity
  8
$Размеры
 62
     5
440
 16777216
370
    13
100
AcDbBlockReference
  2
_Oblique
 10
44450.49607356575
 20
10406.16796631911
 30
0.0
 41
150.0
 42
150.0
 43
150.0
 50
90.0
  0
MTEXT
  5
B87
330
B82
100
AcDbEntity
  8
$Размеры
 62
     5
440
 16777216
100
AcDbMText
 10
44188.87782537328
 20
9660.561823874079
 30
0.0
 40
250.0
 41
0.0
 46
0.0
 71
     5
 72
     1
  1
\A1;30°
  7
@ТРАНСПРОЕКТ
 11
0.1641624633634593
 21
0.9864333153449557
 31
0.0
 73
     1
 44
1.0
 90
        3
 63
     9
421
 13158600
 45
1.1
441
        0
  0
POINT
  5
B88
330
B82
100
AcDbEntity
  8
Defpoints
 62
     0
440
 16777216
100
AcDbPoint
 10
44164.52574270515
 20
8784.349627959203
 30
0.0
  0
POINT
  5
B89
330
B82
100
AcDbEntity
  8
Defpoints
 62
     0
440
 16777216
100
AcDbPoint
 10
48801.88321944471
 20
5156.167966259039
 30
0.0
  0
POINT
  5
B8A
330
B82
100
AcDbEntity
  8
Defpoints
 62
     0
440
 16777216
100
AcDbPoint
 10
39688.61647970328
 20
10406.16796631911
 30
0.0
  0
POINT
  5
B8B
330
B82
100
AcDbEntity
  8
Defpoints
 62
     0
440
 16777216
100
AcDbPoint
 10
48031.61964023583
 20
10406.16796631911
 30
0.0
  0
POINT
  5
B8C
330
B82
100
AcDbEntity
  8
Defpoints
 62
     0
440
 16777216
100
AcDbPoint
 10
39708.61647970842
 20
10406.16796625869
 30
0.0
  0
ENDBLK
  5
B8D
330
B82
100
AcDbEntity
  8
0
100
AcDbBlockEnd
  0
BLOCK
  5
B8F
330
B8E
100
AcDbEntity
  8
0
100
AcDbBlockBegin
  2
*D142
 70
     1
 10
0.0
 20
0.0
 30
0.0
  3
*D142
  1

  0
LINE
  5
B90
330
B8E
100
AcDbEntity
  8
$Слои конструкции
  6
Continuous
 62
     5
440
 16777216
370
    13
100
AcDbLine
 10
48888.48630547108
 20
5106.167638360985
 30
0.0
 11
49495.26721836589
 21
4755.842514962179
 31
0.0
  0
LINE
  5
B91
330
B8E
100
AcDbEntity
  8
$Слои конструкции
  6
Continuous
 62
     5
440
 16777216
370
    13
100
AcDbLine
 10
48588.48630547107
 20
4586.552396090112
 30
0.0
 11
49195.26721836589
 21
4236.227272691307
 31
0.0
  0
LINE
  5
B92
330
B8E
100
AcDbEntity
  8
$Слои конструкции
  6
Continuous
 62
     5
440
 16777216
370
    13
100
AcDbLine
 10
49408.66467798742
 20
4805.842514962165
 30
0.0
 11
49108.66467798743
 21
4286.227272691292
 31
0.0
  0
INSERT
  5
B93
330
B8E
100
AcDbEntity
  8
$Слои конструкции
 62
     5
440
 16777216
370
    13
100
AcDbBlockReference
  2
_Oblique
 10
49408.66467798742
 20
4805.842514962165
 30
0.0
 41
150.0
 42
150.0
 43
150.0
 50
60.00000000000977
  0
INSERT
  5
B94
330
B8E
100
AcDbEntity
  8
$Слои конструкции
 62
     5
440
 16777216
370
    13
100
AcDbBlockReference
  2
_Oblique
 10
49108.66467798743
 20
4286.227272691292
 30
0.0
 41
150.0
 42
150.0
 43
150.0
 50
240.0000000000098
  0
MTEXT
  5
B95
330
B8E
100
AcDbEntity
  8
$Слои конструкции
 62
     5
440
 16777216
100
AcDbMText
 10
49085.45959723053
 20
4646.034893826704
 30
0.0
 40
250.0
 41
0.0
 46
0.0
 71
     5
 72
     1
  1
\A1;600
  7
@ТРАНСПРОЕКТ
 11
0.4999999999998521
 21
0.8660254037845243
 31
0.0
 73
     1
 44
1.0
 90
        3
 63
     9
421
 13158600
 45
1.1
441
        0
  0
POINT
  5
B96
330
B8E
100
AcDbEntity
  8
Defpoints
 62
     0
440
 16777216
100
AcDbPoint
 10
48801.88376509263
 20
5156.16763836097
 30
0.0
  0
POINT
  5
B97
330
B8E
100
AcDbEntity
  8
Defpoints
 62
     0
440
 16777216
100
AcDbPoint
 10
48501.88376509263
 20
4636.552396090097
 30
0.0
  0
POINT
  5
B98
330
B8E
100
AcDbEntity
  8
Defpoints
 62
     0
440
 16777216
100
AcDbPoint
 10
49108.66467798743
 20
4286.227272691292
 30
0.0
  0
ENDBLK
  5
B99
330
B8E
100
AcDbEntity
  8
0
100
AcDbBlockEnd
  0
BLOCK
  5
B9B
330
B9A
100
AcDbEntity
  8
0
100
AcDbBlockBegin
  2
*D143
 70
     1
 10
0.0
 20
0.0
 30
0.0
  3
*D143
  1

  0
LINE
  5
B9C
330
B9A
100
AcDbEntity
  8
$Слои конструкции
  6
Continuous
 62
     5
440
 16777216
370
    13
100
AcDbLine
 10
48888.48565374061
 20
5106.167782519143
 30
0.0
 11
49495.26637458563
 21
4755.841053498857
 31
0.0
  0
LINE
  5
B9D
330
B9A
100
AcDbEntity
  8
$Слои конструкции
  6
Continuous
 62
     5
440
 16777216
370
    13
100
AcDbLine
 10
49038.48619938854
 20
5365.975075756331
 30
0.0
 11
49645.26692023357
 21
5015.648346736045
 31
0.0
  0
LINE
  5
B9E
330
B9A
100
AcDbEntity
  8
$Слои конструкции
  6
Continuous
 62
     5
440
 16777216
370
    13
100
AcDbLine
 10
49408.66394028973
 20
4805.841237238754
 30
0.0
 11
49558.66448593766
 21
5065.648530475939
 31
0.0
  0
LINE
  5
B9F
330
B9A
100
AcDbEntity
  8
$Слои конструкции
  6
Continuous
 62
     5
440
 16777216
370
    13
100
AcDbLine
 10
49483.66421311369
 20
4935.744883857346
 30
0.0
 11
50279.53414496559
 21
4891.585836501953
 31
0.0
  0
LINE
  5
BA0
330
B9A
100
AcDbEntity
  8
$Слои конструкции
  6
Continuous
 62
     5
440
 16777216
370
    13
100
AcDbLine
 10
50279.53414496559
 20
4891.585836501953
 30
0.0
 11
50625.52906547622
 21
5490.863681681756
 31
0.0
  0
MTEXT
  5
BA1
330
B9A
100
AcDbEntity
  8
$Слои конструкции
 62
     5
440
 16777216
100
AcDbMText
 10
50279.32673662911
 20
5291.225126571654
 30
0.0
 40
250.0
 41
0.0
 46
0.0
 71
     5
 72
     1
  1
\A1;300
  7
@ТРАНСПРОЕКТ
 11
0.5000018373989647
 21
0.8660243429590529
 31
0.0
 73
     1
 44
1.0
 90
        3
 63
     9
421
 13158600
 45
1.1
441
        0
  0
INSERT
  5
BA2
330
B9A
100
AcDbEntity
  8
$Слои конструкции
 62
     5
440
 16777216
370
    13
100
AcDbBlockReference
  2
_Oblique
 10
49408.66394028973
 20
4805.841237238754
 30
0.0
 41
150.0
 42
150.0
 43
150.0
 50
239.9998784385885
  0
INSERT
  5
BA3
330
B9A
100
AcDbEntity
  8
$Слои конструкции
 62
     5
440
 16777216
370
    13
100
AcDbBlockReference
  2
_Oblique
 10
49558.66448593766
 20
5065.648530475939
 30
0.0
 41
150.0
 42
150.0
 43
150.0
 50
59.99987843858855
  0
POINT
  5
BA4
330
B9A
100
AcDbEntity
  8
Defpoints
 62
     0
440
 16777216
100
AcDbPoint
 10
48801.88321944471
 20
5156.167966259038
 30
0.0
  0
POINT
  5
BA5
330
B9A
100
AcDbEntity
  8
Defpoints
 62
     0
440
 16777216
100
AcDbPoint
 10
48951.88376509262
 20
5415.975259496226
 30
0.0
  0
POINT
  5
BA6
330
B9A
100
AcDbEntity
  8
Defpoints
 62
     0
440
 16777216
100
AcDbPoint
 10
49558.66448593766
 20
5065.648530475939
 30
0.0
  0
ENDBLK
  5
BA7
330
B9A
100
AcDbEntity
  8
0
100
AcDbBlockEnd
  0
BLOCK
  5
BA9
330
BA8
100
AcDbEntity
  8
0
100
AcDbBlockBegin
  2
*D144
 70
     1
 10
0.0
 20
0.0
 30
0.0
  3
*D144
  1

  0
LINE
  5
BAA
330
BA8
100
AcDbEntity
  8
$Слои конструкции
  6
Continuous
 62
     5
440
 16777216
370
    13
100
AcDbLine
 10
49038.48630547106
 20
5365.975259496332
 30
0.0
 11
49645.26776958304
 21
5015.649817851878
 31
0.0
  0
LINE
  5
BAB
330
BA8
100
AcDbEntity
  8
$Слои конструкции
  6
Continuous
 62
     5
440
 16777216
370
    13
100
AcDbLine
 10
49288.48630547106
 20
5798.987961388394
 30
0.0
 11
49895.26776958303
 21
5448.662519743942
 31
0.0
  0
LINE
  5
BAC
330
BA8
100
AcDbEntity
  8
$Слои конструкции
  6
Continuous
 62
     5
440
 16777216
370
    13
100
AcDbLine
 10
49558.66522920461
 20
5065.649817851892
 30
0.0
 11
49808.6652292046
 21
5498.662519743957
 31
0.0
  0
LINE
  5
BAD
330
BA8
100
AcDbEntity
  8
$Слои конструкции
  6
Continuous
 62
     5
440
 16777216
370
    13
100
AcDbLine
 10
49808.6652292046
 20
5498.662519743957
 30
0.0
 11
50229.6588782586
 21
6227.844909569054
 31
0.0
  0
INSERT
  5
BAE
330
BA8
100
AcDbEntity
  8
$Слои конструкции
 62
     5
440
 16777216
370
    13
100
AcDbBlockReference
  2
_Oblique
 10
49558.66522920461
 20
5065.649817851892
 30
0.0
 41
150.0
 42
150.0
 43
150.0
 50
239.9999999999909
  0
INSERT
  5
BAF
330
BA8
100
AcDbEntity
  8
$Слои конструкции
 62
     5
440
 16777216
370
    13
100
AcDbBlockReference
  2
_Oblique
 10
49808.6652292046
 20
5498.662519743957
 30
0.0
 41
150.0
 42
150.0
 43
150.0
 50
59.99999999999094
  0
MTEXT
  5
BB0
330
BA8
100
AcDbEntity
  8
$Слои конструкции
 62
     5
440
 16777216
100
AcDbMText
 10
49883.45697297473
 20
6028.205619940361
 30
0.0
 40
250.0
 41
0.0
 46
0.0
 71
     5
 72
     1
  1
\A1;500
  7
@ТРАНСПРОЕКТ
 11
0.500000000000137
 21
0.8660254037843595
 31
0.0
 73
     1
 44
1.0
 90
        3
 63
     9
421
 13158600
 45
1.1
441
        0
  0
POINT
  5
BB1
330
BA8
100
AcDbEntity
  8
Defpoints
 62
     0
440
 16777216
100
AcDbPoint
 10
48951.88376509262
 20
5415.975259496343
 30
0.0
  0
POINT
  5
BB2
330
BA8
100
AcDbEntity
  8
Defpoints
 62
     0
440
 16777216
100
AcDbPoint
 10
49201.88376509264
 20
5848.987961388405
 30
0.0
  0
POINT
  5
BB3
330
BA8
100
AcDbEntity
  8
Defpoints
 62
     0
440
 16777216
100
AcDbPoint
 10
49808.6652292046
 20
5498.662519743957
 30
0.0
  0
ENDBLK
  5
BB4
330
BA8
100
AcDbEntity
  8
0
100
AcDbBlockEnd
  0
BLOCK
  5
BB6
330
BB5
100
AcDbEntity
  8
0
100
AcDbBlockBegin
  2
*D145
 70
     1
 10
0.0
 20
0.0
 30
0.0
  3
*D145
  1

  0
LINE
  5
BB7
330
BB5
100
AcDbEntity
  8
$Слои конструкции
  6
Continuous
 62
     5
440
 16777216
370
    13
100
AcDbLine
 10
48588.48585476112
 20
4586.55288842609
 30
0.0
 11
49195.2680621407
 21
4236.228734157732
 31
0.0
  0
LINE
  5
BB8
330
BB5
100
AcDbEntity
  8
$Слои конструкции
  6
Continuous
 62
     5
440
 16777216
370
    13
100
AcDbLine
 10
48438.48641155325
 20
4326.744958694649
 30
0.0
 11
49045.26861893284
 21
3976.420804426292
 31
0.0
  0
LINE
  5
BB9
330
BB5
100
AcDbEntity
  8
$Слои конструкции
  6
Continuous
 62
     5
440
 16777216
370
    13
100
AcDbLine
 10
49108.66541568008
 20
4286.228550417567
 30
0.0
 11
48958.66597247223
 21
4026.420620686127
 31
0.0
  0
LINE
  5
BBA
330
BB5
100
AcDbEntity
  8
$Слои конструкции
  6
Continuous
 62
     5
440
 16777216
370
    13
100
AcDbLine
 10
49033.66569407616
 20
4156.324585551851
 30
0.0
 11
49469.84351681491
 21
3489.160530136651
 31
0.0
  0
LINE
  5
BBB
330
BB5
100
AcDbEntity
  8
$Слои конструкции
  6
Continuous
 62
     5
440
 16777216
370
    13
100
AcDbLine
 10
49469.84351681491
 20
3489.160530136651
 30
0.0
 11
49123.85113921962
 21
2889.881216803992
 31
0.0
  0
MTEXT
  5
BBC
330
BB5
100
AcDbEntity
  8
$Слои конструкции
 62
     5
440
 16777216
100
AcDbMText
 10
49123.64203509603
 20
3289.520505989997
 30
0.0
 40
250.0
 41
0.0
 46
0.0
 71
     5
 72
     1
  1
\A1;300
  7
@ТРАНСПРОЕКТ
 11
0.4999981625983604
 21
0.8660264646061712
 31
0.0
 73
     1
 44
1.0
 90
        3
 63
     9
421
 13158600
 45
1.1
441
        0
  0
INSERT
  5
BBD
330
BB5
100
AcDbEntity
  8
$Слои конструкции
 62
     5
440
 16777216
370
    13
100
AcDbBlockReference
  2
_Oblique
 10
49108.66541568008
 20
4286.228550417567
 30
0.0
 41
150.0
 42
150.0
 43
150.0
 50
60.00012156143951
  0
INSERT
  5
BBE
330
BB5
100
AcDbEntity
  8
$Слои конструкции
 62
     5
440
 16777216
370
    13
100
AcDbBlockReference
  2
_Oblique
 10
48958.66597247223
 20
4026.420620686127
 30
0.0
 41
150.0
 42
150.0
 43
150.0
 50
240.0001215614395
  0
POINT
  5
BBF
330
BB5
100
AcDbEntity
  8
Defpoints
 62
     0
440
 16777216
100
AcDbPoint
 10
48501.88320830048
 20
4636.552704685928
 30
0.0
  0
POINT
  5
BC0
330
BB5
100
AcDbEntity
  8
Defpoints
 62
     0
440
 16777216
100
AcDbPoint
 10
48351.88376509263
 20
4376.744774954487
 30
0.0
  0
POINT
  5
BC1
330
BB5
100
AcDbEntity
  8
Defpoints
 62
     0
440
 16777216
100
AcDbPoint
 10
48958.66597247223
 20
4026.420620686127
 30
0.0
  0
ENDBLK
  5
BC2
330
BB5
100
AcDbEntity
  8
0
100
AcDbBlockEnd
  0
BLOCK
  5
BC4
330
BC3
100
AcDbEntity
  8
0
100
AcDbBlockBegin
  2
*D146
 70
     1
 10
0.0
 20
0.0
 30
0.0
  3
*D146
  1

  0
LINE
  5
BC5
330
BC3
100
AcDbEntity
  8
$Слои конструкции
  6
Continuous
 62
     5
440
 16777216
370
    13
100
AcDbLine
 10
48438.48630547108
 20
4326.744774954495
 30
0.0
 11
49045.26776958282
 21
3976.419333310359
 31
0.0
  0
LINE
  5
BC6
330
BC3
100
AcDbEntity
  8
$Слои конструкции
  6
Continuous
 62
     5
440
 16777216
370
    13
100
AcDbLine
 10
47788.48630547153
 20
3200.911750035346
 30
0.0
 11
48395.26776958329
 21
2850.586308391208
 31
0.0
  0
LINE
  5
BC7
330
BC3
100
AcDbEntity
  8
$Слои конструкции
  6
Continuous
 62
     5
440
 16777216
370
    13
100
AcDbLine
 10
48958.66522920439
 20
4026.419333310354
 30
0.0
 11
48308.66522920485
 21
2900.586308391205
 31
0.0
  0
INSERT
  5
BC8
330
BC3
100
AcDbEntity
  8
$Слои конструкции
 62
     5
440
 16777216
370
    13
100
AcDbBlockReference
  2
_Oblique
 10
48958.66522920439
 20
4026.419333310354
 30
0.0
 41
150.0
 42
150.0
 43
150.0
 50
60.00000000000411
  0
INSERT
  5
BC9
330
BC3
100
AcDbEntity
  8
$Слои конструкции
 62
     5
440
 16777216
370
    13
100
AcDbBlockReference
  2
_Oblique
 10
48308.66522920485
 20
2900.586308391205
 30
0.0
 41
150.0
 42
150.0
 43
150.0
 50
240.0000000000041
  0
MTEXT
  5
BCA
330
BC3
100
AcDbEntity
  8
$Слои конструкции
 62
     5
440
 16777216
100
AcDbMText
 10
48460.46014844771
 20
3563.502820850772
 30
0.0
 40
250.0
 41
0.0
 46
0.0
 71
     5
 72
     1
  1
\A1;1300
  7
@ТРАНСПРОЕКТ
 11
0.4999999999999381
 21
0.8660254037844746
 31
0.0
 73
     1
 44
1.0
 90
        3
 63
     9
421
 13158600
 45
1.1
441
        0
  0
POINT
  5
BCB
330
BC3
100
AcDbEntity
  8
Defpoints
 62
     0
440
 16777216
100
AcDbPoint
 10
48351.88376509264
 20
4376.744774954487
 30
0.0
  0
POINT
  5
BCC
330
BC3
100
AcDbEntity
  8
Defpoints
 62
     0
440
 16777216
100
AcDbPoint
 10
47701.8837650931
 20
3250.911750035339
 30
0.0
  0
POINT
  5
BCD
330
BC3
100
AcDbEntity
  8
Defpoints
 62
     0
440
 16777216
100
AcDbPoint
 10
48308.66522920485
 20
2900.586308391205
 30
0.0
  0
ENDBLK
  5
BCE
330
BC3
100
AcDbEntity
  8
0
100
AcDbBlockEnd
  0
BLOCK
  5
BD0
330
BCF
100
AcDbEntity
  8
0
100
AcDbBlockBegin
  2
*D147
 70
     1
 10
0.0
 20
0.0
 30
0.0
  3
*D147
  1

  0
LINE
  5
BD1
330
BCF
100
AcDbEntity
  8
$Слои конструкции
  6
Continuous
 62
     5
440
 16777216
370
    13
100
AcDbLine
 10
48851.88376509264
 20
5242.770178739407
 30
0.0
 11
50680.85068263072
 21
8410.633805278107
 31
0.0
  0
LINE
  5
BD2
330
BCF
100
AcDbEntity
  8
$Слои конструкции
  6
Continuous
 62
     5
440
 16777216
370
    13
100
AcDbLine
 10
39758.61702535633
 20
10492.77017873906
 30
0.0
 11
41587.58394289439
 21
13660.63380527776
 31
0.0
  0
LINE
  5
BD3
330
BCF
100
AcDbEntity
  8
$Слои конструкции
  6
Continuous
 62
     5
440
 16777216
370
    13
100
AcDbLine
 10
50630.85068263072
 20
8324.031264899666
 30
0.0
 11
41537.58394289441
 21
13574.03126489932
 31
0.0
  0
INSERT
  5
BD4
330
BCF
100
AcDbEntity
  8
$Слои конструкции
 62
     5
440
 16777216
370
    13
100
AcDbBlockReference
  2
_Oblique
 10
50630.85068263072
 20
8324.031264899666
 30
0.0
 41
150.0
 42
150.0
 43
150.0
 50
330.0000000000009
  0
INSERT
  5
BD5
330
BCF
100
AcDbEntity
  8
$Слои конструкции
 62
     5
440
 16777216
370
    13
100
AcDbBlockReference
  2
_Oblique
 10
41537.58394289441
 20
13574.03126489932
 30
0.0
 41
150.0
 42
150.0
 43
150.0
 50
150.0000000000008
  0
MTEXT
  5
BD6
330
BCF
100
AcDbEntity
  8
$Слои конструкции
 62
     5
440
 16777216
100
AcDbMText
 10
46184.21731276256
 20
11122.23634565637
 30
0.0
 40
250.0
 41
0.0
 46
0.0
 71
     5
 72
     1
  1
\A1;10500
  7
@ТРАНСПРОЕКТ
 11
0.8660254037844461
 21
-0.4999999999999873
 31
0.0
 73
     1
 44
1.0
 90
        3
 63
     9
421
 13158600
 45
1.1
441
        0
  0
POINT
  5
BD7
330
BCF
100
AcDbEntity
  8
Defpoints
 62
     0
440
 16777216
100
AcDbPoint
 10
48801.88376509264
 20
5156.167638360963
 30
0.0
  0
POINT
  5
BD8
330
BCF
100
AcDbEntity
  8
Defpoints
 62
     0
440
 16777216
100
AcDbPoint
 10
39708.61702535633
 20
10406.16763836061
 30
0.0
  0
POINT
  5
BD9
330
BCF
100
AcDbEntity
  8
Defpoints
 62
     0
440
 16777216
100
AcDbPoint
 10
41537.58394289441
 20
13574.03126489932
 30
0.0
  0
ENDBLK
  5
BDA
330
BCF
100
AcDbEntity
  8
0
100
AcDbBlockEnd
  0
BLOCK
  5
BDC
330
BDB
100
AcDbEntity
  8
0
100
AcDbBlockBegin
  2
*D148
 70
     1
 10
0.0
 20
0.0
 30
0.0
  3
*D148
  1

  0
LINE
  5
BDD
330
BDB
100
AcDbEntity
  8
$Слои конструкции
  6
Continuous
 62
     5
440
 16777216
370
    13
100
AcDbLine
 10
41294.25767137409
 20
9952.577799913004
 30
0.0
 11
42612.15440430323
 21
12235.24190046615
 31
0.0
  0
LINE
  5
BDE
330
BDB
100
AcDbEntity
  8
$Слои конструкции
  6
Continuous
 62
     5
440
 16777216
370
    13
100
AcDbLine
 10
48568.87106315719
 20
5752.577799899732
 30
0.0
 11
49886.76779608633
 21
8035.241900452886
 31
0.0
  0
LINE
  5
BDF
330
BDB
100
AcDbEntity
  8
$Слои конструкции
  6
Continuous
 62
     5
440
 16777216
370
    13
100
AcDbLine
 10
42562.15440430309
 20
12148.6393600878
 30
0.0
 11
49836.76779608616
 21
7948.639360074529
 31
0.0
  0
INSERT
  5
BE0
330
BDB
100
AcDbEntity
  8
$Слои конструкции
 62
     5
440
 16777216
370
    13
100
AcDbBlockReference
  2
_Oblique
 10
42562.15440430309
 20
12148.6393600878
 30
0.0
 41
150.0
 42
150.0
 43
150.0
 50
149.9999999999005
  0
INSERT
  5
BE1
330
BDB
100
AcDbEntity
  8
$Слои конструкции
 62
     5
440
 16777216
370
    13
100
AcDbBlockReference
  2
_Oblique
 10
49836.76779608616
 20
7948.639360074529
 30
0.0
 41
150.0
 42
150.0
 43
150.0
 50
329.9999999999005
  0
MTEXT
  5
BE2
330
BDB
100
AcDbEntity
  8
$Слои конструкции
 62
     5
440
 16777216
100
AcDbMText
 10
46299.46110019493
 20
10221.84444083788
 30
0.0
 40
250.0
 41
0.0
 46
0.0
 71
     5
 72
     1
  1
\A1;8*2100=8400
  7
@ТРАНСПРОЕКТ
 11
0.8660254037835704
 21
-0.5000000000015043
 31
0.0
 73
     1
 44
1.0
 90
        3
 63
     9
421
 13158600
 45
1.1
441
        0
  0
POINT
  5
BE3
330
BDB
100
AcDbEntity
  8
Defpoints
 62
     0
440
 16777216
100
AcDbPoint
 10
41244.25767137393
 20
9865.975259534646
 30
0.0
  0
POINT
  5
BE4
330
BDB
100
AcDbEntity
  8
Defpoints
 62
     0
440
 16777216
100
AcDbPoint
 10
48518.87106315703
 20
5665.975259521376
 30
0.0
  0
POINT
  5
BE5
330
BDB
100
AcDbEntity
  8
Defpoints
 62
     0
440
 16777216
100
AcDbPoint
 10
49836.76779608616
 20
7948.639360074529
 30
0.0
  0
ENDBLK
  5
BE6
330
BDB
100
AcDbEntity
  8
0
100
AcDbBlockEnd
  0
BLOCK
  5
BE8
330
BE7
100
AcDbEntity
  8
0
100
AcDbBlockBegin
  2
*D149
 70
     1
 10
0.0
 20
0.0
 30
0.0
  3
*D149
  1

  0
LINE
  5
BE9
330
BE7
100
AcDbEntity
  8
$Слои конструкции
  6
Continuous
 62
     5
440
 16777216
370
    13
100
AcDbLine
 10
48818.87106315661
 20
6185.590501792241
 30
0.0
 11
49886.76779607406
 21
8035.241900462796
 31
0.0
  0
LINE
  5
BEA
330
BE7
100
AcDbEntity
  8
$Слои конструкции
  6
Continuous
 62
     5
440
 16777216
370
    13
100
AcDbLine
 10
49251.8837650936
 20
5935.590501769191
 30
0.0
 11
50319.78049801105
 21
7785.241900439749
 31
0.0
  0
LINE
  5
BEB
330
BE7
100
AcDbEntity
  8
$Слои конструкции
  6
Continuous
 62
     5
440
 16777216
370
    13
100
AcDbLine
 10
49836.76779607447
 20
7948.639360084111
 30
0.0
 11
50269.78049801146
 21
7698.639360061064
 31
0.0
  0
LINE
  5
BEC
330
BE7
100
AcDbEntity
  8
$Слои конструкции
  6
Continuous
 62
     5
440
 16777216
370
    13
100
AcDbLine
 10
50269.78049801146
 20
7698.639360061064
 30
0.0
 11
50998.96288783867
 21
7277.645711010712
 31
0.0
  0
INSERT
  5
BED
330
BE7
100
AcDbEntity
  8
$Слои конструкции
 62
     5
440
 16777216
370
    13
100
AcDbBlockReference
  2
_Oblique
 10
49836.76779607447
 20
7948.639360084111
 30
0.0
 41
150.0
 42
150.0
 43
150.0
 50
150.0000000002781
  0
INSERT
  5
BEE
330
BE7
100
AcDbEntity
  8
$Слои конструкции
 62
     5
440
 16777216
370
    13
100
AcDbBlockReference
  2
_Oblique
 10
50269.78049801146
 20
7698.639360061064
 30
0.0
 41
150.0
 42
150.0
 43
150.0
 50
330.0000000002782
  0
MTEXT
  5
BEF
330
BE7
100
AcDbEntity
  8
$Слои конструкции
 62
     5
440
 16777216
100
AcDbMText
 10
50799.32359820825
 20
7623.847616293577
 30
0.0
 40
250.0
 41
0.0
 46
0.0
 71
     5
 72
     1
  1
\A1;500
  7
@ТРАНСПРОЕКТ
 11
0.8660254037868655
 21
-0.4999999999957967
 31
0.0
 73
     1
 44
1.0
 90
        3
 63
     9
421
 13158600
 45
1.1
441
        0
  0
POINT
  5
BF0
330
BE7
100
AcDbEntity
  8
Defpoints
 62
     0
440
 16777216
100
AcDbPoint
 10
48768.87106315702
 20
6098.987961413553
 30
0.0
  0
POINT
  5
BF1
330
BE7
100
AcDbEntity
  8
Defpoints
 62
     0
440
 16777216
100
AcDbPoint
 10
49201.88376509403
 20
5848.987961390503
 30
0.0
  0
POINT
  5
BF2
330
BE7
100
AcDbEntity
  8
Defpoints
 62
     0
440
 16777216
100
AcDbPoint
 10
50269.78049801146
 20
7698.639360061064
 30
0.0
  0
ENDBLK
  5
BF3
330
BE7
100
AcDbEntity
  8
0
100
AcDbBlockEnd
  0
BLOCK
  5
BF5
330
BF4
100
AcDbEntity
  8
0
100
AcDbBlockBegin
  2
*D150
 70
     1
 10
0.0
 20
0.0
 30
0.0
  3
*D150
  1

  0
LINE
  5
BF6
330
BF4
100
AcDbEntity
  8
$Слои конструкции
  6
Continuous
 62
     5
440
 16777216
370
    13
100
AcDbLine
 10
47788.48630547153
 20
3200.911750035344
 30
0.0
 11
49675.2592114857
 21
2111.582904848475
 31
0.0
  0
LINE
  5
BF7
330
BF4
100
AcDbEntity
  8
$Слои конструкции
  6
Continuous
 62
     5
440
 16777216
370
    13
100
AcDbLine
 10
49288.48630547247
 20
5798.987961390507
 30
0.0
 11
51175.25921148662
 21
4709.659116203638
 31
0.0
  0
LINE
  5
BF8
330
BF4
100
AcDbEntity
  8
$Слои конструкции
  6
Continuous
 62
     5
440
 16777216
370
    13
100
AcDbLine
 10
49588.65667110726
 20
2161.58290484847
 30
0.0
 11
51088.65667110818
 21
4759.659116203635
 31
0.0
  0
INSERT
  5
BF9
330
BF4
100
AcDbEntity
  8
$Слои конструкции
 62
     5
440
 16777216
370
    13
100
AcDbBlockReference
  2
_Oblique
 10
49588.65667110726
 20
2161.58290484847
 30
0.0
 41
150.0
 42
150.0
 43
150.0
 50
240.0000000000022
  0
INSERT
  5
BFA
330
BF4
100
AcDbEntity
  8
$Слои конструкции
 62
     5
440
 16777216
370
    13
100
AcDbBlockReference
  2
_Oblique
 10
51088.65667110818
 20
4759.659116203635
 30
0.0
 41
150.0
 42
150.0
 43
150.0
 50
60.00000000000222
  0
MTEXT
  5
BFB
330
BF4
100
AcDbEntity
  8
$Слои конструкции
 62
     5
440
 16777216
100
AcDbMText
 10
50165.45159035083
 20
3560.621010526044
 30
0.0
 40
250.0
 41
0.0
 46
0.0
 71
     5
 72
     1
  1
\A1;3000
  7
@ТРАНСПРОЕКТ
 11
0.4999999999999666
 21
0.866025403784458
 31
0.0
 73
     1
 44
1.0
 90
        3
 63
     9
421
 13158600
 45
1.1
441
        0
  0
POINT
  5
BFC
330
BF4
100
AcDbEntity
  8
Defpoints
 62
     0
440
 16777216
100
AcDbPoint
 10
47701.8837650931
 20
3250.911750035339
 30
0.0
  0
POINT
  5
BFD
330
BF4
100
AcDbEntity
  8
Defpoints
 62
     0
440
 16777216
100
AcDbPoint
 10
49201.88376509403
 20
5848.987961390503
 30
0.0
  0
POINT
  5
BFE
330
BF4
100
AcDbEntity
  8
Defpoints
 62
     0
440
 16777216
100
AcDbPoint
 10
51088.65667110818
 20
4759.659116203635
 30
0.0
  0
ENDBLK
  5
BFF
330
BF4
100
AcDbEntity
  8
0
100
AcDbBlockEnd
  0
BLOCK
  5
C01
330
C00
100
AcDbEntity
  8
0
100
AcDbBlockBegin
  2
*D151
 70
     1
 10
0.0
 20
0.0
 30
0.0
  3
*D151
  1

  0
ARC
  5
C02
330
C00
100
AcDbEntity
  8
$Размеры
  6
Continuous
 62
     5
440
 16777216
370
    13
100
AcDbCircle
 10
13738.61647980652
 20
17906.16796631911
 30
0.0
 40
4451.139034760696
100
AcDbArc
 50
150.0000000000008
 51
180.0
  0
INSERT
  5
C03
330
C00
100
AcDbEntity
  8
$Размеры
 62
     5
440
 16777216
370
    13
100
AcDbBlockReference
  2
_Oblique
 10
9883.816999927184
 20
20131.7374836994
 30
0.0
 41
150.0
 42
150.0
 43
150.0
 50
60.00000000000082
  0
INSERT
  5
C04
330
C00
100
AcDbEntity
  8
$Размеры
 62
     5
440
 16777216
370
    13
100
AcDbBlockReference
  2
_Oblique
 10
9287.477445045828
 20
17906.16796631911
 30
0.0
 41
150.0
 42
150.0
 43
150.0
 50
270.0
  0
MTEXT
  5
C05
330
C00
100
AcDbEntity
  8
$Размеры
 62
     5
440
 16777216
100
AcDbMText
 10
9154.663913406112
 20
18693.86917214891
 30
0.0
 40
250.0
 41
0.0
 46
0.0
 71
     5
 72
     1
  1
\A1;30°
  7
@ТРАНСПРОЕКТ
 11
0.1693566242468445
 21
0.9855548355234798
 31
0.0
 73
     1
 44
1.0
 90
        3
 63
     9
421
 13158600
 45
1.1
441
        0
  0
POINT
  5
C06
330
C00
100
AcDbEntity
  8
Defpoints
 62
     0
440
 16777216
100
AcDbPoint
 10
9555.913974749772
 20
19428.5471769504
 30
0.0
  0
POINT
  5
C07
330
C00
100
AcDbEntity
  8
Defpoints
 62
     0
440
 16777216
100
AcDbPoint
 10
4645.34973996557
 20
23156.16796637918
 30
0.0
  0
POINT
  5
C08
330
C00
100
AcDbEntity
  8
Defpoints
 62
     0
440
 16777216
100
AcDbPoint
 10
13758.616479707
 20
17906.1679663191
 30
0.0
  0
POINT
  5
C09
330
C00
100
AcDbEntity
  8
Defpoints
 62
     0
440
 16777216
100
AcDbPoint
 10
8937.011507721669
 20
17906.16796631911
 30
0.0
  0
POINT
  5
C0A
330
C00
100
AcDbEntity
  8
Defpoints
 62
     0
440
 16777216
100
AcDbPoint
 10
13738.61647970188
 20
17906.16796637952
 30
0.0
  0
ENDBLK
  5
C0B
330
C00
100
AcDbEntity
  8
0
100
AcDbBlockEnd
  0
BLOCK
  5
C0D
330
C0C
100
AcDbEntity
  8
0
100
AcDbBlockBegin
  2
*D152
 70
     1
 10
0.0
 20
0.0
 30
0.0
  3
*D152
  1

  0
LINE
  5
C0E
330
C0C
100
AcDbEntity
  8
$Слои конструкции
  6
Continuous
 62
     5
440
 16777216
370
    13
100
AcDbLine
 10
4595.349194317644
 20
23069.56575389881
 30
0.0
 11
2766.382276780319
 21
19901.70212736141
 31
0.0
  0
LINE
  5
C0F
330
C0C
100
AcDbEntity
  8
$Слои конструкции
  6
Continuous
 62
     5
440
 16777216
370
    13
100
AcDbLine
 10
13688.61593405395
 20
17819.56575389915
 30
0.0
 11
11859.64901651663
 21
14651.70212736176
 31
0.0
  0
LINE
  5
C10
330
C0C
100
AcDbEntity
  8
$Слои конструкции
  6
Continuous
 62
     5
440
 16777216
370
    13
100
AcDbLine
 10
2816.382276780317
 20
19988.30466773986
 30
0.0
 11
11909.64901651663
 21
14738.30466774021
 31
0.0
  0
INSERT
  5
C11
330
C0C
100
AcDbEntity
  8
$Слои конструкции
 62
     5
440
 16777216
370
    13
100
AcDbBlockReference
  2
_Oblique
 10
2816.382276780317
 20
19988.30466773986
 30
0.0
 41
150.0
 42
150.0
 43
150.0
 50
150.0000000000008
  0
INSERT
  5
C12
330
C0C
100
AcDbEntity
  8
$Слои конструкции
 62
     5
440
 16777216
370
    13
100
AcDbBlockReference
  2
_Oblique
 10
11909.64901651663
 20
14738.30466774021
 30
0.0
 41
150.0
 42
150.0
 43
150.0
 50
330.0000000000009
  0
MTEXT
  5
C13
330
C0C
100
AcDbEntity
  8
$Слои конструкции
 62
     5
440
 16777216
100
AcDbMText
 10
7463.015646648475
 20
17536.50974849692
 30
0.0
 40
250.0
 41
0.0
 46
0.0
 71
     5
 72
     1
  1
\A1;10500
  7
@ТРАНСПРОЕКТ
 11
0.8660254037844461
 21
-0.4999999999999873
 31
0.0
 73
     1
 44
1.0
 90
        3
 63
     9
421
 13158600
 45
1.1
441
        0
  0
POINT
  5
C14
330
C0C
100
AcDbEntity
  8
Defpoints
 62
     0
440
 16777216
100
AcDbPoint
 10
4645.349194317645
 20
23156.16829427725
 30
0.0
  0
POINT
  5
C15
330
C0C
100
AcDbEntity
  8
Defpoints
 62
     0
440
 16777216
100
AcDbPoint
 10
13738.61593405395
 20
17906.1682942776
 30
0.0
  0
POINT
  5
C16
330
C0C
100
AcDbEntity
  8
Defpoints
 62
     0
440
 16777216
100
AcDbPoint
 10
11909.64901651663
 20
14738.30466774021
 30
0.0
  0
ENDBLK
  5
C17
330
C0C
100
AcDbEntity
  8
0
100
AcDbBlockEnd
  0
BLOCK
  5
C19
330
C18
100
AcDbEntity
  8
0
100
AcDbBlockBegin
  2
*D153
 70
     1
 10
0.0
 20
0.0
 30
0.0
  3
*D153
  1

  0
LINE
  5
C1A
330
C18
100
AcDbEntity
  8
$Слои конструкции
  6
Continuous
 62
     5
440
 16777216
370
    13
100
AcDbLine
 10
5795.349194317168
 20
25148.02672298134
 30
0.0
 11
6880.82307530814
 21
27028.12263514709
 31
0.0
  0
LINE
  5
C1B
330
C18
100
AcDbEntity
  8
$Слои конструкции
  6
Continuous
 62
     5
440
 16777216
370
    13
100
AcDbLine
 10
13788.61593406279
 20
20533.11201908576
 30
0.0
 11
14874.08981505376
 21
22413.20793125153
 31
0.0
  0
LINE
  5
C1C
330
C18
100
AcDbEntity
  8
$Слои конструкции
  6
Continuous
 62
     5
440
 16777216
370
    13
100
AcDbLine
 10
6830.82307530815
 20
26941.52009476864
 30
0.0
 11
14824.08981505377
 21
22326.60539087306
 31
0.0
  0
INSERT
  5
C1D
330
C18
100
AcDbEntity
  8
$Слои конструкции
 62
     5
440
 16777216
370
    13
100
AcDbBlockReference
  2
_Oblique
 10
6830.82307530815
 20
26941.52009476864
 30
0.0
 41
150.0
 42
150.0
 43
150.0
 50
150.0000000000056
  0
INSERT
  5
C1E
330
C18
100
AcDbEntity
  8
$Слои конструкции
 62
     5
440
 16777216
370
    13
100
AcDbBlockReference
  2
_Oblique
 10
14824.08981505377
 20
22326.60539087306
 30
0.0
 41
150.0
 42
150.0
 43
150.0
 50
330.0000000000056
  0
MTEXT
  5
C1F
330
C18
100
AcDbEntity
  8
$Слои конструкции
 62
     5
440
 16777216
100
AcDbMText
 10
10927.45644518094
 20
24807.26782357776
 30
0.0
 40
250.0
 41
0.0
 46
0.0
 71
     5
 72
     1
  1
\A1;9230
  7
@ТРАНСПРОЕКТ
 11
0.8660254037844879
 21
-0.499999999999915
 31
0.0
 73
     1
 44
1.0
 90
        3
 63
     9
421
 13158600
 45
1.1
441
        0
  0
POINT
  5
C20
330
C18
100
AcDbEntity
  8
Defpoints
 62
     0
440
 16777216
100
AcDbPoint
 10
5745.349194317175
 20
25061.42418260288
 30
0.0
  0
POINT
  5
C21
330
C18
100
AcDbEntity
  8
Defpoints
 62
     0
440
 16777216
100
AcDbPoint
 10
13738.6159340628
 20
20446.50947870731
 30
0.0
  0
POINT
  5
C22
330
C18
100
AcDbEntity
  8
Defpoints
 62
     0
440
 16777216
100
AcDbPoint
 10
14824.08981505377
 20
22326.60539087306
 30
0.0
  0
ENDBLK
  5
C23
330
C18
100
AcDbEntity
  8
0
100
AcDbBlockEnd
  0
BLOCK
  5
C25
330
C24
100
AcDbEntity
  8
0
100
AcDbBlockBegin
  2
*D154
 70
     1
 10
0.0
 20
0.0
 30
0.0
  3
*D154
  1

  0
LINE
  5
C26
330
C24
100
AcDbEntity
  8
$Слои конструкции
  6
Continuous
 62
     5
440
 16777216
370
    13
100
AcDbLine
 10
12152.97528804379
 20
18359.75813273817
 30
0.0
 11
10835.07855511861
 21
16077.09403218247
 31
0.0
  0
LINE
  5
C27
330
C24
100
AcDbEntity
  8
$Слои конструкции
  6
Continuous
 62
     5
440
 16777216
370
    13
100
AcDbLine
 10
4878.361896253249
 20
22559.75813273841
 30
0.0
 11
3560.465163328073
 21
20277.0940321827
 31
0.0
  0
LINE
  5
C28
330
C24
100
AcDbEntity
  8
$Слои конструкции
  6
Continuous
 62
     5
440
 16777216
370
    13
100
AcDbLine
 10
10885.07855511861
 20
16163.69657256091
 30
0.0
 11
3610.465163328069
 21
20363.69657256114
 31
0.0
  0
INSERT
  5
C29
330
C24
100
AcDbEntity
  8
$Слои конструкции
 62
     5
440
 16777216
370
    13
100
AcDbBlockReference
  2
_Oblique
 10
10885.07855511861
 20
16163.69657256091
 30
0.0
 41
150.0
 42
150.0
 43
150.0
 50
330.0000000000029
  0
INSERT
  5
C2A
330
C24
100
AcDbEntity
  8
$Слои конструкции
 62
     5
440
 16777216
370
    13
100
AcDbBlockReference
  2
_Oblique
 10
3610.465163328069
 20
20363.69657256114
 30
0.0
 41
150.0
 42
150.0
 43
150.0
 50
150.0000000000028
  0
MTEXT
  5
C2B
330
C24
100
AcDbEntity
  8
$Слои конструкции
 62
     5
440
 16777216
100
AcDbMText
 10
7347.77185922333
 20
18436.90165331792
 30
0.0
 40
250.0
 41
0.0
 46
0.0
 71
     5
 72
     1
  1
\A1;4*2100=8400
  7
@ТРАНСПРОЕКТ
 11
0.8660254037844639
 21
-0.4999999999999565
 31
0.0
 73
     1
 44
1.0
 90
        3
 63
     9
421
 13158600
 45
1.1
441
        0
  0
POINT
  5
C2C
330
C24
100
AcDbEntity
  8
Defpoints
 62
     0
440
 16777216
100
AcDbPoint
 10
12202.97528804378
 20
18446.36067311661
 30
0.0
  0
POINT
  5
C2D
330
C24
100
AcDbEntity
  8
Defpoints
 62
     0
440
 16777216
100
AcDbPoint
 10
4928.361896253243
 20
22646.36067311685
 30
0.0
  0
POINT
  5
C2E
330
C24
100
AcDbEntity
  8
Defpoints
 62
     0
440
 16777216
100
AcDbPoint
 10
3610.465163328069
 20
20363.69657256114
 30
0.0
  0
ENDBLK
  5
C2F
330
C24
100
AcDbEntity
  8
0
100
AcDbBlockEnd
  0
BLOCK
  5
C31
330
C30
100
AcDbEntity
  8
0
100
AcDbBlockBegin
  2
*D155
 70
     1
 10
0.0
 20
0.0
 30
0.0
  3
*D155
  1

  0
LINE
  5
C32
330
C30
100
AcDbEntity
  8
$Слои конструкции
  6
Continuous
 62
     5
440
 16777216
370
    13
100
AcDbLine
 10
4628.361896253664
 20
22126.74543084599
 30
0.0
 11
3560.465163336488
 21
20277.09403217589
 31
0.0
  0
LINE
  5
C33
330
C30
100
AcDbEntity
  8
$Слои конструкции
  6
Continuous
 62
     5
440
 16777216
370
    13
100
AcDbLine
 10
4195.349194316665
 20
22376.74543086903
 30
0.0
 11
3127.452461399493
 21
20527.09403219894
 31
0.0
  0
LINE
  5
C34
330
C30
100
AcDbEntity
  8
$Слои конструкции
  6
Continuous
 62
     5
440
 16777216
370
    13
100
AcDbLine
 10
3610.465163336068
 20
20363.69657255458
 30
0.0
 11
3177.452461399072
 21
20613.69657257763
 31
0.0
  0
LINE
  5
C35
330
C30
100
AcDbEntity
  8
$Слои конструкции
  6
Continuous
 62
     5
440
 16777216
370
    13
100
AcDbLine
 10
3177.452461399072
 20
20613.69657257763
 30
0.0
 11
2448.270071571869
 21
21034.69022162798
 31
0.0
  0
INSERT
  5
C36
330
C30
100
AcDbEntity
  8
$Слои конструкции
 62
     5
440
 16777216
370
    13
100
AcDbBlockReference
  2
_Oblique
 10
3610.465163336068
 20
20363.69657255458
 30
0.0
 41
150.0
 42
150.0
 43
150.0
 50
330.0000000002782
  0
INSERT
  5
C37
330
C30
100
AcDbEntity
  8
$Слои конструкции
 62
     5
440
 16777216
370
    13
100
AcDbBlockReference
  2
_Oblique
 10
3177.452461399072
 20
20613.69657257763
 30
0.0
 41
150.0
 42
150.0
 43
150.0
 50
150.0000000002781
  0
MTEXT
  5
C38
330
C30
100
AcDbEntity
  8
$Слои конструкции
 62
     5
440
 16777216
100
AcDbMText
 10
2847.909361200613
 20
21034.89847785986
 30
0.0
 40
250.0
 41
0.0
 46
0.0
 71
     5
 72
     1
  1
\A1;500
  7
@ТРАНСПРОЕКТ
 11
0.8660254037868655
 21
-0.4999999999957967
 31
0.0
 73
     1
 44
1.0
 90
        3
 63
     9
421
 13158600
 45
1.1
441
        0
  0
POINT
  5
C39
330
C30
100
AcDbEntity
  8
Defpoints
 62
     0
440
 16777216
100
AcDbPoint
 10
4678.361896253242
 20
22213.34797122467
 30
0.0
  0
POINT
  5
C3A
330
C30
100
AcDbEntity
  8
Defpoints
 62
     0
440
 16777216
100
AcDbPoint
 10
4245.349194316245
 20
22463.34797124772
 30
0.0
  0
POINT
  5
C3B
330
C30
100
AcDbEntity
  8
Defpoints
 62
     0
440
 16777216
100
AcDbPoint
 10
3177.452461399072
 20
20613.69657257763
 30
0.0
  0
ENDBLK
  5
C3C
330
C30
100
AcDbEntity
  8
0
100
AcDbBlockEnd
  0
BLOCK
  5
E60
330
E5F
100
AcDbEntity
  8
0
100
AcDbBlockBegin
  2
*D157
 70
     1
 10
0.0
 20
0.0
 30
0.0
  3
*D157
  1

  0
LINE
  5
123C
330
E5F
100
AcDbEntity
  8
$Размеры
  6
Continuous
 62
     5
440
 16777216
370
    13
100
AcDbLine
 10
26077.02609320487
 20
38868.94773115333
 30
0.0
 11
25633.58959109747
 21
38868.94773115333
 31
0.0
  0
LINE
  5
123D
330
E5F
100
AcDbEntity
  8
$Размеры
  6
Continuous
 62
     5
440
 16777216
370
    13
100
AcDbLine
 10
26077.02609320487
 20
39918.94773121328
 30
0.0
 11
25633.58959109747
 21
39918.94773121328
 31
0.0
  0
LINE
  5
123E
330
E5F
100
AcDbEntity
  8
$Размеры
  6
Continuous
 62
     5
440
 16777216
370
    13
100
AcDbLine
 10
25733.58959109747
 20
38868.94773115333
 30
0.0
 11
25733.58959109747
 21
39918.94773121328
 31
0.0
  0
LINE
  5
123F
330
E5F
100
AcDbEntity
  8
$Размеры
  6
Continuous
 62
     5
440
 16777216
370
    13
100
AcDbLine
 10
25733.58959109747
 20
39393.94773118331
 30
0.0
 11
24878.8836061143
 21
40677.11510296246
 31
0.0
  0
LINE
  5
1240
330
E5F
100
AcDbEntity
  8
$Размеры
  6
Continuous
 62
     5
440
 16777216
370
    13
100
AcDbLine
 10
24878.8836061143
 20
40677.11510296246
 30
0.0
 11
24878.88360611429
 21
41494.10240107023
 31
0.0
  0
MTEXT
  5
1241
330
E5F
100
AcDbEntity
  8
$Размеры
 62
     5
440
 16777216
100
AcDbMText
 10
24678.8836061143
 20
41085.60875201633
 30
0.0
 40
250.0
 41
0.0
 46
0.0
 71
     5
 72
     1
  1
\A1;1050
  7
@ТРАНСПРОЕКТ
 11
0.0000000000000001
 21
1.0
 31
0.0
 73
     1
 44
1.0
 90
        3
 63
     9
421
 13158600
 45
1.1
441
        0
  0
INSERT
  5
1242
330
E5F
100
AcDbEntity
  8
$Размеры
 62
     5
440
 16777216
370
    13
100
AcDbBlockReference
  2
_Oblique
 10
25733.58959109747
 20
38868.94773115333
 30
0.0
 41
150.0
 42
150.0
 43
150.0
 50
270.0
  0
INSERT
  5
1243
330
E5F
100
AcDbEntity
  8
$Размеры
 62
     5
440
 16777216
370
    13
100
AcDbBlockReference
  2
_Oblique
 10
25733.58959109747
 20
39918.94773121328
 30
0.0
 41
150.0
 42
150.0
 43
150.0
 50
90.0
  0
POINT
  5
1244
330
E5F
100
AcDbEntity
  8
Defpoints
 62
     0
440
 16777216
100
AcDbPoint
 10
26177.02609320487
 20
38868.94773115333
 30
0.0
  0
POINT
  5
1245
330
E5F
100
AcDbEntity
  8
Defpoints
 62
     0
440
 16777216
100
AcDbPoint
 10
26177.02609320487
 20
39918.94773121328
 30
0.0
  0
POINT
  5
1246
330
E5F
100
AcDbEntity
  8
Defpoints
 62
     0
440
 16777216
100
AcDbPoint
 10
25733.58959109747
 20
39918.94773121328
 30
0.0
  0
ENDBLK
  5
E61
330
E5F
100
AcDbEntity
  8
0
100
AcDbBlockEnd
  0
BLOCK
  5
E6E
330
E6D
100
AcDbEntity
  8
0
100
AcDbBlockBegin
  2
*D158
 70
     1
 10
0.0
 20
0.0
 30
0.0
  3
*D158
  1

  0
LINE
  5
1247
330
E6D
100
AcDbEntity
  8
$Размеры
  6
Continuous
 62
     5
440
 16777216
370
    13
100
AcDbLine
 10
26077.02609320487
 20
39918.94773121328
 30
0.0
 11
25633.58959109934
 21
39918.94773121328
 31
0.0
  0
LINE
  5
1248
330
E6D
100
AcDbEntity
  8
$Размеры
  6
Continuous
 62
     5
440
 16777216
370
    13
100
AcDbLine
 10
26102.02609327193
 20
40393.94773113179
 30
0.0
 11
25633.58959109934
 21
40393.94773113179
 31
0.0
  0
LINE
  5
1249
330
E6D
100
AcDbEntity
  8
$Размеры
  6
Continuous
 62
     5
440
 16777216
370
    13
100
AcDbLine
 10
25733.58959109934
 20
39918.94773121328
 30
0.0
 11
25733.58959109934
 21
40393.94773113179
 31
0.0
  0
LINE
  5
124A
330
E6D
100
AcDbEntity
  8
$Размеры
  6
Continuous
 62
     5
440
 16777216
370
    13
100
AcDbLine
 10
25733.58959109934
 20
40393.94773113179
 30
0.0
 11
25733.58959109933
 21
41260.93502923956
 31
0.0
  0
INSERT
  5
124B
330
E6D
100
AcDbEntity
  8
$Размеры
 62
     5
440
 16777216
370
    13
100
AcDbBlockReference
  2
_Oblique
 10
25733.58959109934
 20
39918.94773121328
 30
0.0
 41
150.0
 42
150.0
 43
150.0
 50
270.0
  0
INSERT
  5
124C
330
E6D
100
AcDbEntity
  8
$Размеры
 62
     5
440
 16777216
370
    13
100
AcDbBlockReference
  2
_Oblique
 10
25733.58959109934
 20
40393.94773113179
 30
0.0
 41
150.0
 42
150.0
 43
150.0
 50
90.0
  0
MTEXT
  5
124D
330
E6D
100
AcDbEntity
  8
$Размеры
 62
     5
440
 16777216
100
AcDbMText
 10
25533.58959109934
 20
40902.44138018566
 30
0.0
 40
250.0
 41
0.0
 46
0.0
 71
     5
 72
     1
  1
\A1;475
  7
@ТРАНСПРОЕКТ
 11
0.0000000000000001
 21
1.0
 31
0.0
 73
     1
 44
1.0
 90
        3
 63
     9
421
 13158600
 45
1.1
441
        0
  0
POINT
  5
124E
330
E6D
100
AcDbEntity
  8
Defpoints
 62
     0
440
 16777216
100
AcDbPoint
 10
26177.02609320487
 20
39918.94773121328
 30
0.0
  0
POINT
  5
124F
330
E6D
100
AcDbEntity
  8
Defpoints
 62
     0
440
 16777216
100
AcDbPoint
 10
26202.02609327193
 20
40393.94773113179
 30
0.0
  0
POINT
  5
1250
330
E6D
100
AcDbEntity
  8
Defpoints
 62
     0
440
 16777216
100
AcDbPoint
 10
25733.58959109934
 20
40393.94773113179
 30
0.0
  0
ENDBLK
  5
E6F
330
E6D
100
AcDbEntity
  8
0
100
AcDbBlockEnd
  0
BLOCK
  5
E7B
330
E7A
100
AcDbEntity
  8
0
100
AcDbBlockBegin
  2
*D159
 70
     1
 10
0.0
 20
0.0
 30
0.0
  3
*D159
  1

  0
LINE
  5
1251
330
E7A
100
AcDbEntity
  8
$Размеры
  6
Continuous
 62
     5
440
 16777216
370
    13
100
AcDbLine
 10
26077.02609320487
 20
38868.94773117661
 30
0.0
 11
25633.58959109562
 21
38868.94773117661
 31
0.0
  0
LINE
  5
1252
330
E7A
100
AcDbEntity
  8
$Размеры
  6
Continuous
 62
     5
440
 16777216
370
    13
100
AcDbLine
 10
26102.02609326541
 20
38393.94773107218
 30
0.0
 11
25633.58959109562
 21
38393.94773107218
 31
0.0
  0
LINE
  5
1253
330
E7A
100
AcDbEntity
  8
$Размеры
  6
Continuous
 62
     5
440
 16777216
370
    13
100
AcDbLine
 10
25733.58959109562
 20
38868.94773117661
 30
0.0
 11
25733.58959109562
 21
38393.94773107218
 31
0.0
  0
LINE
  5
1254
330
E7A
100
AcDbEntity
  8
$Размеры
  6
Continuous
 62
     5
440
 16777216
370
    13
100
AcDbLine
 10
25733.58959109562
 20
38393.94773107218
 30
0.0
 11
25733.58959109562
 21
37526.9604329644
 31
0.0
  0
INSERT
  5
1255
330
E7A
100
AcDbEntity
  8
$Размеры
 62
     5
440
 16777216
370
    13
100
AcDbBlockReference
  2
_Oblique
 10
25733.58959109562
 20
38868.94773117661
 30
0.0
 41
150.0
 42
150.0
 43
150.0
 50
90.0
  0
INSERT
  5
1256
330
E7A
100
AcDbEntity
  8
$Размеры
 62
     5
440
 16777216
370
    13
100
AcDbBlockReference
  2
_Oblique
 10
25733.58959109562
 20
38393.94773107218
 30
0.0
 41
150.0
 42
150.0
 43
150.0
 50
270.0
  0
MTEXT
  5
1257
330
E7A
100
AcDbEntity
  8
$Размеры
 62
     5
440
 16777216
100
AcDbMText
 10
25533.58959109562
 20
37885.45408201827
 30
0.0
 40
250.0
 41
0.0
 46
0.0
 71
     5
 72
     1
  1
\A1;475
  7
@ТРАНСПРОЕКТ
 11
0.0000000000000001
 21
1.0
 31
0.0
 73
     1
 44
1.0
 90
        3
 63
     9
421
 13158600
 45
1.1
441
        0
  0
POINT
  5
1258
330
E7A
100
AcDbEntity
  8
Defpoints
 62
     0
440
 16777216
100
AcDbPoint
 10
26177.02609320487
 20
38868.94773117661
 30
0.0
  0
POINT
  5
1259
330
E7A
100
AcDbEntity
  8
Defpoints
 62
     0
440
 16777216
100
AcDbPoint
 10
26202.02609326541
 20
38393.94773107218
 30
0.0
  0
POINT
  5
125A
330
E7A
100
AcDbEntity
  8
Defpoints
 62
     0
440
 16777216
100
AcDbPoint
 10
25733.58959109562
 20
38393.94773107218
 30
0.0
  0
ENDBLK
  5
E7C
330
E7A
100
AcDbEntity
  8
0
100
AcDbBlockEnd
  0
BLOCK
  5
E88
330
E87
100
AcDbEntity
  8
0
100
AcDbBlockBegin
  2
*D160
 70
     1
 10
0.0
 20
0.0
 30
0.0
  3
*D160
  1

  0
LINE
  5
125B
330
E87
100
AcDbEntity
  8
$Размеры
  6
Continuous
 62
     5
440
 16777216
370
    13
100
AcDbLine
 10
24459.29897434021
 20
40393.94773126427
 30
0.0
 11
23553.94305771068
 21
40393.94773126427
 31
0.0
  0
LINE
  5
125C
330
E87
100
AcDbEntity
  8
$Размеры
  6
Continuous
 62
     5
440
 16777216
370
    13
100
AcDbLine
 10
24459.29897434021
 20
30093.94773126427
 30
0.0
 11
23553.94305771068
 21
30093.94773126427
 31
0.0
  0
LINE
  5
125D
330
E87
100
AcDbEntity
  8
$Размеры
  6
Continuous
 62
     5
440
 16777216
370
    13
100
AcDbLine
 10
23653.94305771068
 20
40393.94773126427
 30
0.0
 11
23653.94305771068
 21
30093.94773126427
 31
0.0
  0
INSERT
  5
125E
330
E87
100
AcDbEntity
  8
$Размеры
 62
     5
440
 16777216
370
    13
100
AcDbBlockReference
  2
_Oblique
 10
23653.94305771068
 20
40393.94773126427
 30
0.0
 41
150.0
 42
150.0
 43
150.0
 50
90.0
  0
INSERT
  5
125F
330
E87
100
AcDbEntity
  8
$Размеры
 62
     5
440
 16777216
370
    13
100
AcDbBlockReference
  2
_Oblique
 10
23653.94305771068
 20
30093.94773126427
 30
0.0
 41
150.0
 42
150.0
 43
150.0
 50
270.0
  0
MTEXT
  5
1260
330
E87
100
AcDbEntity
  8
$Размеры
 62
     5
440
 16777216
100
AcDbMText
 10
23453.94305771069
 20
35243.94773126426
 30
0.0
 40
250.0
 41
0.0
 46
0.0
 71
     5
 72
     1
  1
\A1;10300
  7
@ТРАНСПРОЕКТ
 11
0.0000000000000001
 21
1.0
 31
0.0
 73
     1
 44
1.0
 90
        3
 63
     9
421
 13158600
 45
1.1
441
        0
  0
POINT
  5
1261
330
E87
100
AcDbEntity
  8
Defpoints
 62
     0
440
 16777216
100
AcDbPoint
 10
24559.29897434022
 20
40393.94773126427
 30
0.0
  0
POINT
  5
1262
330
E87
100
AcDbEntity
  8
Defpoints
 62
     0
440
 16777216
100
AcDbPoint
 10
24559.29897434022
 20
30093.94773126427
 30
0.0
  0
POINT
  5
1263
330
E87
100
AcDbEntity
  8
Defpoints
 62
     0
440
 16777216
100
AcDbPoint
 10
23653.94305771068
 20
30093.94773126427
 30
0.0
  0
ENDBLK
  5
E89
330
E87
100
AcDbEntity
  8
0
100
AcDbBlockEnd
  0
BLOCK
  5
E94
330
E93
100
AcDbEntity
  8
0
100
AcDbBlockBegin
  2
*D161
 70
     1
 10
0.0
 20
0.0
 30
0.0
  3
*D161
  1

  0
LINE
  5
1264
330
E93
100
AcDbEntity
  8
$Размеры
  6
Continuous
 62
     5
440
 16777216
370
    13
100
AcDbLine
 10
42042.02609344329
 20
39793.94773116497
 30
0.0
 11
45117.58468247804
 21
39793.94773116497
 31
0.0
  0
LINE
  5
1265
330
E93
100
AcDbEntity
  8
$Размеры
  6
Continuous
 62
     5
440
 16777216
370
    13
100
AcDbLine
 10
42042.02609344143
 20
38993.94773116497
 30
0.0
 11
45117.58468247804
 21
38993.94773116497
 31
0.0
  0
LINE
  5
1266
330
E93
100
AcDbEntity
  8
$Размеры
  6
Continuous
 62
     5
440
 16777216
370
    13
100
AcDbLine
 10
45017.58468247804
 20
39793.94773116497
 30
0.0
 11
45017.58468247804
 21
38993.94773116497
 31
0.0
  0
INSERT
  5
1267
330
E93
100
AcDbEntity
  8
$Размеры
 62
     5
440
 16777216
370
    13
100
AcDbBlockReference
  2
_Oblique
 10
45017.58468247804
 20
39793.94773116497
 30
0.0
 41
150.0
 42
150.0
 43
150.0
 50
90.0
  0
INSERT
  5
1268
330
E93
100
AcDbEntity
  8
$Размеры
 62
     5
440
 16777216
370
    13
100
AcDbBlockReference
  2
_Oblique
 10
45017.58468247804
 20
38993.94773116497
 30
0.0
 41
150.0
 42
150.0
 43
150.0
 50
270.0
  0
MTEXT
  5
1269
330
E93
100
AcDbEntity
  8
$Размеры
 62
     5
440
 16777216
100
AcDbMText
 10
44817.58468247805
 20
39393.94773116495
 30
0.0
 40
250.0
 41
0.0
 46
0.0
 71
     5
 72
     1
  1
\A1;800
  7
@ТРАНСПРОЕКТ
 11
0.0000000000000001
 21
1.0
 31
0.0
 73
     1
 44
1.0
 90
        3
 63
     9
421
 13158600
 45
1.1
441
        0
  0
POINT
  5
126A
330
E93
100
AcDbEntity
  8
Defpoints
 62
     0
440
 16777216
100
AcDbPoint
 10
41942.02609344329
 20
39793.94773116497
 30
0.0
  0
POINT
  5
126B
330
E93
100
AcDbEntity
  8
Defpoints
 62
     0
440
 16777216
100
AcDbPoint
 10
41942.02609344143
 20
38993.94773116497
 30
0.0
  0
POINT
  5
126C
330
E93
100
AcDbEntity
  8
Defpoints
 62
     0
440
 16777216
100
AcDbPoint
 10
45017.58468247804
 20
38993.94773116497
 30
0.0
  0
ENDBLK
  5
E95
330
E93
100
AcDbEntity
  8
0
100
AcDbBlockEnd
  0
BLOCK
  5
EA0
330
E9F
100
AcDbEntity
  8
0
100
AcDbBlockBegin
  2
*D162
 70
     1
 10
0.0
 20
0.0
 30
0.0
  3
*D162
  1

  0
LINE
  5
126D
330
E9F
100
AcDbEntity
  8
$Размеры
  6
Continuous
 62
     5
440
 16777216
370
    13
100
AcDbLine
 10
30827.02609349077
 20
33143.79493619441
 30
0.0
 11
30827.02609349077
 21
32740.6064735561
 31
0.0
  0
LINE
  5
126E
330
E9F
100
AcDbEntity
  8
$Размеры
  6
Continuous
 62
     5
440
 16777216
370
    13
100
AcDbLine
 10
31327.02609349077
 20
33143.79493619441
 30
0.0
 11
31327.02609349077
 21
32740.6064735561
 31
0.0
  0
LINE
  5
126F
330
E9F
100
AcDbEntity
  8
$Размеры
  6
Continuous
 62
     5
440
 16777216
370
    13
100
AcDbLine
 10
30827.02609349077
 20
32840.6064735561
 30
0.0
 11
31327.02609349077
 21
32840.6064735561
 31
0.0
  0
LINE
  5
1270
330
E9F
100
AcDbEntity
  8
$Размеры
  6
Continuous
 62
     5
440
 16777216
370
    13
100
AcDbLine
 10
31327.02609349077
 20
32840.6064735561
 30
0.0
 11
32169.01339159855
 21
32840.6064735561
 31
0.0
  0
INSERT
  5
1271
330
E9F
100
AcDbEntity
  8
$Размеры
 62
     5
440
 16777216
370
    13
100
AcDbBlockReference
  2
_Oblique
 10
30827.02609349077
 20
32840.6064735561
 30
0.0
 41
150.0
 42
150.0
 43
150.0
 50
180.0
  0
INSERT
  5
1272
330
E9F
100
AcDbEntity
  8
$Размеры
 62
     5
440
 16777216
370
    13
100
AcDbBlockReference
  2
_Oblique
 10
31327.02609349077
 20
32840.6064735561
 30
0.0
 41
150.0
 42
150.0
 43
150.0
  0
MTEXT
  5
1273
330
E9F
100
AcDbEntity
  8
$Размеры
 62
     5
440
 16777216
100
AcDbMText
 10
31823.01974254466
 20
33040.6064735561
 30
0.0
 40
250.0
 41
0.0
 46
0.0
 71
     5
 72
     1
  1
\A1;500
  7
@ТРАНСПРОЕКТ
 73
     1
 44
1.0
 90
        3
 63
     9
421
 13158600
 45
1.1
441
        0
  0
POINT
  5
1274
330
E9F
100
AcDbEntity
  8
Defpoints
 62
     0
440
 16777216
100
AcDbPoint
 10
30827.02609349077
 20
33243.79493619441
 30
0.0
  0
POINT
  5
1275
330
E9F
100
AcDbEntity
  8
Defpoints
 62
     0
440
 16777216
100
AcDbPoint
 10
31327.02609349077
 20
33243.79493619441
 30
0.0
  0
POINT
  5
1276
330
E9F
100
AcDbEntity
  8
Defpoints
 62
     0
440
 16777216
100
AcDbPoint
 10
31327.02609349077
 20
32840.6064735561
 30
0.0
  0
ENDBLK
  5
EA1
330
E9F
100
AcDbEntity
  8
0
100
AcDbBlockEnd
  0
BLOCK
  5
EAD
330
EAC
100
AcDbEntity
  8
0
100
AcDbBlockBegin
  2
*D163
 70
     1
 10
0.0
 20
0.0
 30
0.0
  3
*D163
  1

  0
LINE
  5
1277
330
EAC
100
AcDbEntity
  8
$Размеры
  6
Continuous
 62
     5
440
 16777216
370
    13
100
AcDbLine
 10
42622.79615434482
 20
38393.94805900344
 30
0.0
 11
45117.58468247804
 21
38393.94805900344
 31
0.0
  0
LINE
  5
1278
330
EAC
100
AcDbEntity
  8
$Размеры
  6
Continuous
 62
     5
440
 16777216
370
    13
100
AcDbLine
 10
42322.79615434482
 20
32093.9474033265
 30
0.0
 11
45117.58468247804
 21
32093.9474033265
 31
0.0
  0
LINE
  5
1279
330
EAC
100
AcDbEntity
  8
$Размеры
  6
Continuous
 62
     5
440
 16777216
370
    13
100
AcDbLine
 10
45017.58468247804
 20
38393.94805900344
 30
0.0
 11
45017.58468247804
 21
32093.9474033265
 31
0.0
  0
INSERT
  5
127A
330
EAC
100
AcDbEntity
  8
$Размеры
 62
     5
440
 16777216
370
    13
100
AcDbBlockReference
  2
_Oblique
 10
45017.58468247804
 20
38393.94805900344
 30
0.0
 41
150.0
 42
150.0
 43
150.0
 50
90.0
  0
INSERT
  5
127B
330
EAC
100
AcDbEntity
  8
$Размеры
 62
     5
440
 16777216
370
    13
100
AcDbBlockReference
  2
_Oblique
 10
45017.58468247804
 20
32093.9474033265
 30
0.0
 41
150.0
 42
150.0
 43
150.0
 50
270.0
  0
MTEXT
  5
127C
330
EAC
100
AcDbEntity
  8
$Размеры
 62
     5
440
 16777216
100
AcDbMText
 10
44817.58468247805
 20
35243.94773116495
 30
0.0
 40
250.0
 41
0.0
 46
0.0
 71
     5
 72
     1
  1
\A1;6300
  7
@ТРАНСПРОЕКТ
 11
0.0000000000000001
 21
1.0
 31
0.0
 73
     1
 44
1.0
 90
        3
 63
     9
421
 13158600
 45
1.1
441
        0
  0
POINT
  5
127D
330
EAC
100
AcDbEntity
  8
Defpoints
 62
     0
440
 16777216
100
AcDbPoint
 10
42522.79615434481
 20
38393.94805900344
 30
0.0
  0
POINT
  5
127E
330
EAC
100
AcDbEntity
  8
Defpoints
 62
     0
440
 16777216
100
AcDbPoint
 10
42222.79615434482
 20
32093.9474033265
 30
0.0
  0
POINT
  5
127F
330
EAC
100
AcDbEntity
  8
Defpoints
 62
     0
440
 16777216
100
AcDbPoint
 10
45017.58468247804
 20
32093.9474033265
 30
0.0
  0
ENDBLK
  5
EAE
330
EAC
100
AcDbEntity
  8
0
100
AcDbBlockEnd
  0
BLOCK
  5
EB9
330
EB8
100
AcDbEntity
  8
0
100
AcDbBlockBegin
  2
*D164
 70
     1
 10
0.0
 20
0.0
 30
0.0
  3
*D164
  1

  0
LINE
  5
1280
330
EB8
100
AcDbEntity
  8
$Размеры
  6
Continuous
 62
     5
440
 16777216
370
    13
100
AcDbLine
 10
42042.02609344329
 20
38993.9477311099
 30
0.0
 11
45417.58468247804
 21
38993.9477311099
 31
0.0
  0
LINE
  5
1281
330
EB8
100
AcDbEntity
  8
$Размеры
  6
Continuous
 62
     5
440
 16777216
370
    13
100
AcDbLine
 10
42622.79615434482
 20
38393.94805900344
 30
0.0
 11
45417.58468247804
 21
38393.94805900344
 31
0.0
  0
LINE
  5
1282
330
EB8
100
AcDbEntity
  8
$Размеры
  6
Continuous
 62
     5
440
 16777216
370
    13
100
AcDbLine
 10
45317.58468247804
 20
38993.9477311099
 30
0.0
 11
45317.58468247804
 21
38393.94805900344
 31
0.0
  0
LINE
  5
1283
330
EB8
100
AcDbEntity
  8
$Размеры
  6
Continuous
 62
     5
440
 16777216
370
    13
100
AcDbLine
 10
45317.58468247804
 20
38393.94805900344
 30
0.0
 11
45317.58468247804
 21
37551.96076089566
 31
0.0
  0
INSERT
  5
1284
330
EB8
100
AcDbEntity
  8
$Размеры
 62
     5
440
 16777216
370
    13
100
AcDbBlockReference
  2
_Oblique
 10
45317.58468247804
 20
38993.9477311099
 30
0.0
 41
150.0
 42
150.0
 43
150.0
 50
90.0
  0
INSERT
  5
1285
330
EB8
100
AcDbEntity
  8
$Размеры
 62
     5
440
 16777216
370
    13
100
AcDbBlockReference
  2
_Oblique
 10
45317.58468247804
 20
38393.94805900344
 30
0.0
 41
150.0
 42
150.0
 43
150.0
 50
270.0
  0
MTEXT
  5
1286
330
EB8
100
AcDbEntity
  8
$Размеры
 62
     5
440
 16777216
100
AcDbMText
 10
45117.58468247804
 20
37897.95440994953
 30
0.0
 40
250.0
 41
0.0
 46
0.0
 71
     5
 72
     1
  1
\A1;600
  7
@ТРАНСПРОЕКТ
 11
0.0000000000000001
 21
1.0
 31
0.0
 73
     1
 44
1.0
 90
        3
 63
     9
421
 13158600
 45
1.1
441
        0
  0
POINT
  5
1287
330
EB8
100
AcDbEntity
  8
Defpoints
 62
     0
440
 16777216
100
AcDbPoint
 10
41942.02609344329
 20
38993.9477311099
 30
0.0
  0
POINT
  5
1288
330
EB8
100
AcDbEntity
  8
Defpoints
 62
     0
440
 16777216
100
AcDbPoint
 10
42522.79615434481
 20
38393.94805900344
 30
0.0
  0
POINT
  5
1289
330
EB8
100
AcDbEntity
  8
Defpoints
 62
     0
440
 16777216
100
AcDbPoint
 10
45317.58468247804
 20
38393.94805900344
 30
0.0
  0
ENDBLK
  5
EBA
330
EB8
100
AcDbEntity
  8
0
100
AcDbBlockEnd
  0
BLOCK
  5
EC6
330
EC5
100
AcDbEntity
  8
0
100
AcDbBlockBegin
  2
*D165
 70
     1
 10
0.0
 20
0.0
 30
0.0
  3
*D165
  1

  0
LINE
  5
128A
330
EC5
100
AcDbEntity
  8
$Размеры
  6
Continuous
 62
     5
440
 16777216
370
    13
100
AcDbLine
 10
42042.02609344329
 20
39793.94773116497
 30
0.0
 11
45117.58468247804
 21
39793.94773116497
 31
0.0
  0
LINE
  5
128B
330
EC5
100
AcDbEntity
  8
$Размеры
  6
Continuous
 62
     5
440
 16777216
370
    13
100
AcDbLine
 10
42042.02609344329
 20
40393.94773122456
 30
0.0
 11
45117.58468247804
 21
40393.94773122456
 31
0.0
  0
LINE
  5
128C
330
EC5
100
AcDbEntity
  8
$Размеры
  6
Continuous
 62
     5
440
 16777216
370
    13
100
AcDbLine
 10
45017.58468247804
 20
39793.94773116497
 30
0.0
 11
45017.58468247804
 21
40393.94773122456
 31
0.0
  0
LINE
  5
128D
330
EC5
100
AcDbEntity
  8
$Размеры
  6
Continuous
 62
     5
440
 16777216
370
    13
100
AcDbLine
 10
45017.58468247804
 20
40093.94773119477
 30
0.0
 11
45616.31715079803
 21
39818.47773698972
 31
0.0
  0
LINE
  5
128E
330
EC5
100
AcDbEntity
  8
$Размеры
  6
Continuous
 62
     5
440
 16777216
370
    13
100
AcDbLine
 10
45616.31715079803
 20
39818.47773698972
 30
0.0
 11
45616.31715079803
 21
39126.49043888194
 31
0.0
  0
MTEXT
  5
128F
330
EC5
100
AcDbEntity
  8
$Размеры
 62
     5
440
 16777216
100
AcDbMText
 10
45416.31715079804
 20
39472.48408793582
 30
0.0
 40
250.0
 41
0.0
 46
0.0
 71
     5
 72
     1
  1
\A1;600
  7
@ТРАНСПРОЕКТ
 11
0.0000000000000001
 21
1.0
 31
0.0
 73
     1
 44
1.0
 90
        3
 63
     9
421
 13158600
 45
1.1
441
        0
  0
INSERT
  5
1290
330
EC5
100
AcDbEntity
  8
$Размеры
 62
     5
440
 16777216
370
    13
100
AcDbBlockReference
  2
_Oblique
 10
45017.58468247804
 20
39793.94773116497
 30
0.0
 41
150.0
 42
150.0
 43
150.0
 50
270.0
  0
INSERT
  5
1291
330
EC5
100
AcDbEntity
  8
$Размеры
 62
     5
440
 16777216
370
    13
100
AcDbBlockReference
  2
_Oblique
 10
45017.58468247804
 20
40393.94773122456
 30
0.0
 41
150.0
 42
150.0
 43
150.0
 50
90.0
  0
POINT
  5
1292
330
EC5
100
AcDbEntity
  8
Defpoints
 62
     0
440
 16777216
100
AcDbPoint
 10
41942.02609344329
 20
39793.94773116497
 30
0.0
  0
POINT
  5
1293
330
EC5
100
AcDbEntity
  8
Defpoints
 62
     0
440
 16777216
100
AcDbPoint
 10
41942.02609344329
 20
40393.94773122456
 30
0.0
  0
POINT
  5
1294
330
EC5
100
AcDbEntity
  8
Defpoints
 62
     0
440
 16777216
100
AcDbPoint
 10
45017.58468247804
 20
40393.94773122456
 30
0.0
  0
ENDBLK
  5
EC7
330
EC5
100
AcDbEntity
  8
0
100
AcDbBlockEnd
  0
BLOCK
  5
ED4
330
ED3
100
AcDbEntity
  8
0
100
AcDbBlockBegin
  2
*D166
 70
     1
 10
0.0
 20
0.0
 30
0.0
  3
*D166
  1

  0
ARC
  5
1295
330
ED3
100
AcDbEntity
  8
$Размеры
  6
Continuous
 62
     5
440
 16777216
370
    13
100
AcDbCircle
 10
41962.02609334188
 20
38993.94773116496
 30
0.0
 40
4527.394525495156
100
AcDbArc
 50
360.0
 51
29.99999999999905
  0
INSERT
  5
1296
330
ED3
100
AcDbEntity
  8
$Размеры
 62
     5
440
 16777216
370
    13
100
AcDbBlockReference
  2
_Oblique
 10
46489.42061883705
 20
38993.94773116496
 30
0.0
 41
150.0
 42
150.0
 43
150.0
 50
269.9999999999999
  0
INSERT
  5
1297
330
ED3
100
AcDbEntity
  8
$Размеры
 62
     5
440
 16777216
370
    13
100
AcDbBlockReference
  2
_Oblique
 10
45882.86476537533
 20
41257.64499391247
 30
0.0
 41
150.0
 42
150.0
 43
150.0
 50
119.999999999999
  0
MTEXT
  5
1298
330
ED3
100
AcDbEntity
  8
$Размеры
 62
     5
440
 16777216
100
AcDbMText
 10
46619.01782345707
 20
39806.7742965037
 30
0.0
 40
250.0
 41
0.0
 46
0.0
 71
     5
 72
     1
  1
\A1;30\U+00B0
  7
@ТРАНСПРОЕКТ
 11
0.1719396511027613
 21
-0.9851074846830982
 31
0.0
 73
     1
 44
1.0
 90
        3
 63
     9
421
 13158600
 45
1.1
441
        0
  0
POINT
  5
1299
330
ED3
100
AcDbEntity
  8
Defpoints
 62
     0
440
 16777216
100
AcDbPoint
 10
46216.38532033622
 20
40542.4078556666
 30
0.0
  0
POINT
  5
129A
330
ED3
100
AcDbEntity
  8
Defpoints
 62
     0
440
 16777216
100
AcDbPoint
 10
51055.29283318285
 20
44243.94773122501
 30
0.0
  0
POINT
  5
129B
330
ED3
100
AcDbEntity
  8
Defpoints
 62
     0
440
 16777216
100
AcDbPoint
 10
41942.02609344142
 20
38993.94773116496
 30
0.0
  0
POINT
  5
129C
330
ED3
100
AcDbEntity
  8
Defpoints
 62
     0
440
 16777216
100
AcDbPoint
 10
50285.02925397397
 20
38993.94773116496
 30
0.0
  0
POINT
  5
129D
330
ED3
100
AcDbEntity
  8
Defpoints
 62
     0
440
 16777216
100
AcDbPoint
 10
41962.02609344654
 20
38993.94773122537
 30
0.0
  0
ENDBLK
  5
ED5
330
ED3
100
AcDbEntity
  8
0
100
AcDbBlockEnd
  0
BLOCK
  5
EE0
330
EDF
100
AcDbEntity
  8
0
100
AcDbBlockBegin
  2
*D167
 70
     1
 10
0.0
 20
0.0
 30
0.0
  3
*D167
  1

  0
LINE
  5
129E
330
EDF
100
AcDbEntity
  8
$Слои конструкции
  6
Continuous
 62
     5
440
 16777216
370
    13
100
AcDbLine
 10
51141.89591920923
 20
44293.94805912308
 30
0.0
 11
51748.676832104
 21
44644.27318252187
 31
0.0
  0
LINE
  5
129F
330
EDF
100
AcDbEntity
  8
$Слои конструкции
  6
Continuous
 62
     5
440
 16777216
370
    13
100
AcDbLine
 10
50841.89591920922
 20
44813.56330139395
 30
0.0
 11
51448.67683210399
 21
45163.88842479273
 31
0.0
  0
LINE
  5
12A0
330
EDF
100
AcDbEntity
  8
$Слои конструкции
  6
Continuous
 62
     5
440
 16777216
370
    13
100
AcDbLine
 10
51662.07429172555
 20
44594.27318252188
 30
0.0
 11
51362.07429172554
 21
45113.88842479275
 31
0.0
  0
INSERT
  5
12A1
330
EDF
100
AcDbEntity
  8
$Слои конструкции
 62
     5
440
 16777216
370
    13
100
AcDbBlockReference
  2
_Oblique
 10
51662.07429172555
 20
44594.27318252188
 30
0.0
 41
150.0
 42
150.0
 43
150.0
 50
299.9999999999908
  0
INSERT
  5
12A2
330
EDF
100
AcDbEntity
  8
$Слои конструкции
 62
     5
440
 16777216
370
    13
100
AcDbBlockReference
  2
_Oblique
 10
51362.07429172554
 20
45113.88842479275
 30
0.0
 41
150.0
 42
150.0
 43
150.0
 50
119.9999999999908
  0
MTEXT
  5
12A3
330
EDF
100
AcDbEntity
  8
$Слои конструкции
 62
     5
440
 16777216
100
AcDbMText
 10
51685.27937248244
 20
44954.0808036573
 30
0.0
 40
250.0
 41
0.0
 46
0.0
 71
     5
 72
     1
  1
\A1;600
  7
@ТРАНСПРОЕКТ
 11
0.4999999999998611
 21
-0.8660254037845188
 31
0.0
 73
     1
 44
1.0
 90
        3
 63
     9
421
 13158600
 45
1.1
441
        0
  0
POINT
  5
12A4
330
EDF
100
AcDbEntity
  8
Defpoints
 62
     0
440
 16777216
100
AcDbPoint
 10
51055.29337883077
 20
44243.94805912309
 30
0.0
  0
POINT
  5
12A5
330
EDF
100
AcDbEntity
  8
Defpoints
 62
     0
440
 16777216
100
AcDbPoint
 10
50755.29337883077
 20
44763.56330139396
 30
0.0
  0
POINT
  5
12A6
330
EDF
100
AcDbEntity
  8
Defpoints
 62
     0
440
 16777216
100
AcDbPoint
 10
51362.07429172554
 20
45113.88842479275
 30
0.0
  0
ENDBLK
  5
EE1
330
EDF
100
AcDbEntity
  8
0
100
AcDbBlockEnd
  0
BLOCK
  5
EEC
330
EEB
100
AcDbEntity
  8
0
100
AcDbBlockBegin
  2
*D168
 70
     1
 10
0.0
 20
0.0
 30
0.0
  3
*D168
  1

  0
LINE
  5
12A7
330
EEB
100
AcDbEntity
  8
$Слои конструкции
  6
Continuous
 62
     5
440
 16777216
370
    13
100
AcDbLine
 10
51141.89526747875
 20
44293.94791496491
 30
0.0
 11
51748.67598832363
 21
44644.27464398507
 31
0.0
  0
LINE
  5
12A8
330
EEB
100
AcDbEntity
  8
$Слои конструкции
  6
Continuous
 62
     5
440
 16777216
370
    13
100
AcDbLine
 10
51291.89581312666
 20
44034.14062172772
 30
0.0
 11
51898.67653397154
 21
44384.46735074788
 31
0.0
  0
LINE
  5
12A9
330
EEB
100
AcDbEntity
  8
$Слои конструкции
  6
Continuous
 62
     5
440
 16777216
370
    13
100
AcDbLine
 10
51662.07355402772
 20
44594.27446024517
 30
0.0
 11
51812.07409967563
 21
44334.46716700798
 31
0.0
  0
LINE
  5
12AA
330
EEB
100
AcDbEntity
  8
$Слои конструкции
  6
Continuous
 62
     5
440
 16777216
370
    13
100
AcDbLine
 10
51737.07382685168
 20
44464.37081362658
 30
0.0
 11
52532.94375870186
 21
44508.52986098233
 31
0.0
  0
LINE
  5
12AB
330
EEB
100
AcDbEntity
  8
$Слои конструкции
  6
Continuous
 62
     5
440
 16777216
370
    13
100
AcDbLine
 10
52532.94375870186
 20
44508.52986098233
 30
0.0
 11
52878.93867921248
 21
43909.25201580252
 31
0.0
  0
MTEXT
  5
12AC
330
EEB
100
AcDbEntity
  8
$Слои конструкции
 62
     5
440
 16777216
100
AcDbMText
 10
52879.146087549
 20
44308.89130587221
 30
0.0
 40
250.0
 41
0.0
 46
0.0
 71
     5
 72
     1
  1
\A1;300
  7
@ТРАНСПРОЕКТ
 11
0.5000018373989282
 21
-0.8660243429590741
 31
0.0
 73
     1
 44
1.0
 90
        3
 63
     9
421
 13158600
 45
1.1
441
        0
  0
INSERT
  5
12AD
330
EEB
100
AcDbEntity
  8
$Слои конструкции
 62
     5
440
 16777216
370
    13
100
AcDbBlockReference
  2
_Oblique
 10
51662.07355402772
 20
44594.27446024517
 30
0.0
 41
150.0
 42
150.0
 43
150.0
 50
120.000121561409
  0
INSERT
  5
12AE
330
EEB
100
AcDbEntity
  8
$Слои конструкции
 62
     5
440
 16777216
370
    13
100
AcDbBlockReference
  2
_Oblique
 10
51812.07409967563
 20
44334.46716700798
 30
0.0
 41
150.0
 42
150.0
 43
150.0
 50
300.000121561409
  0
POINT
  5
12AF
330
EEB
100
AcDbEntity
  8
Defpoints
 62
     0
440
 16777216
100
AcDbPoint
 10
51055.29283318285
 20
44243.94773122502
 30
0.0
  0
POINT
  5
12B0
330
EEB
100
AcDbEntity
  8
Defpoints
 62
     0
440
 16777216
100
AcDbPoint
 10
51205.29337883075
 20
43984.14043798783
 30
0.0
  0
POINT
  5
12B1
330
EEB
100
AcDbEntity
  8
Defpoints
 62
     0
440
 16777216
100
AcDbPoint
 10
51812.07409967563
 20
44334.46716700798
 30
0.0
  0
ENDBLK
  5
EED
330
EEB
100
AcDbEntity
  8
0
100
AcDbBlockEnd
  0
BLOCK
  5
EFA
330
EF9
100
AcDbEntity
  8
0
100
AcDbBlockBegin
  2
*D169
 70
     1
 10
0.0
 20
0.0
 30
0.0
  3
*D169
  1

  0
LINE
  5
12B2
330
EF9
100
AcDbEntity
  8
$Слои конструкции
  6
Continuous
 62
     5
440
 16777216
370
    13
100
AcDbLine
 10
51291.8959192092
 20
44034.14043798773
 30
0.0
 11
51898.67738332122
 21
44384.46587963222
 31
0.0
  0
LINE
  5
12B3
330
EF9
100
AcDbEntity
  8
$Слои конструкции
  6
Continuous
 62
     5
440
 16777216
370
    13
100
AcDbLine
 10
51541.8959192092
 20
43601.12773609567
 30
0.0
 11
52148.67738332123
 21
43951.45317774016
 31
0.0
  0
LINE
  5
12B4
330
EF9
100
AcDbEntity
  8
$Слои конструкции
  6
Continuous
 62
     5
440
 16777216
370
    13
100
AcDbLine
 10
51812.07484294279
 20
44334.4658796322
 30
0.0
 11
52062.07484294279
 21
43901.45317774014
 31
0.0
  0
LINE
  5
12B5
330
EF9
100
AcDbEntity
  8
$Слои конструкции
  6
Continuous
 62
     5
440
 16777216
370
    13
100
AcDbLine
 10
52062.07484294279
 20
43901.45317774014
 30
0.0
 11
52483.0684919968
 21
43172.27078791505
 31
0.0
  0
INSERT
  5
12B6
330
EF9
100
AcDbEntity
  8
$Слои конструкции
 62
     5
440
 16777216
370
    13
100
AcDbBlockReference
  2
_Oblique
 10
51812.07484294279
 20
44334.4658796322
 30
0.0
 41
150.0
 42
150.0
 43
150.0
 50
120.0000000000098
  0
INSERT
  5
12B7
330
EF9
100
AcDbEntity
  8
$Слои конструкции
 62
     5
440
 16777216
370
    13
100
AcDbBlockReference
  2
_Oblique
 10
52062.07484294279
 20
43901.45317774014
 30
0.0
 41
150.0
 42
150.0
 43
150.0
 50
300.0000000000099
  0
MTEXT
  5
12B8
330
EF9
100
AcDbEntity
  8
$Слои конструкции
 62
     5
440
 16777216
100
AcDbMText
 10
52483.27674822667
 20
43571.9100775438
 30
0.0
 40
250.0
 41
0.0
 46
0.0
 71
     5
 72
     1
  1
\A1;500
  7
@ТРАНСПРОЕКТ
 11
0.5000000000001484
 21
-0.8660254037843529
 31
0.0
 73
     1
 44
1.0
 90
        3
 63
     9
421
 13158600
 45
1.1
441
        0
  0
POINT
  5
12B9
330
EF9
100
AcDbEntity
  8
Defpoints
 62
     0
440
 16777216
100
AcDbPoint
 10
51205.29337883077
 20
43984.14043798771
 30
0.0
  0
POINT
  5
12BA
330
EF9
100
AcDbEntity
  8
Defpoints
 62
     0
440
 16777216
100
AcDbPoint
 10
51455.29337883077
 20
43551.12773609565
 30
0.0
  0
POINT
  5
12BB
330
EF9
100
AcDbEntity
  8
Defpoints
 62
     0
440
 16777216
100
AcDbPoint
 10
52062.07484294279
 20
43901.45317774014
 30
0.0
  0
ENDBLK
  5
EFB
330
EF9
100
AcDbEntity
  8
0
100
AcDbBlockEnd
  0
BLOCK
  5
F07
330
F06
100
AcDbEntity
  8
0
100
AcDbBlockBegin
  2
*D170
 70
     1
 10
0.0
 20
0.0
 30
0.0
  3
*D170
  1

  0
LINE
  5
12BC
330
F06
100
AcDbEntity
  8
$Слои конструкции
  6
Continuous
 62
     5
440
 16777216
370
    13
100
AcDbLine
 10
50841.89546849925
 20
44813.56280905797
 30
0.0
 11
51448.67767587974
 21
45163.88696332682
 31
0.0
  0
LINE
  5
12BD
330
F06
100
AcDbEntity
  8
$Слои конструкции
  6
Continuous
 62
     5
440
 16777216
370
    13
100
AcDbLine
 10
50691.89602529138
 20
45073.3707387894
 30
0.0
 11
51298.67823267186
 21
45423.69489305826
 31
0.0
  0
LINE
  5
12BE
330
F06
100
AcDbEntity
  8
$Слои конструкции
  6
Continuous
 62
     5
440
 16777216
370
    13
100
AcDbLine
 10
51362.07502941911
 20
45113.88714706698
 30
0.0
 11
51212.07558621125
 21
45373.69507679843
 31
0.0
  0
LINE
  5
12BF
330
F06
100
AcDbEntity
  8
$Слои конструкции
  6
Continuous
 62
     5
440
 16777216
370
    13
100
AcDbLine
 10
51287.07530781518
 20
45243.79111193271
 30
0.0
 11
51723.25313055536
 21
45910.95516734518
 31
0.0
  0
LINE
  5
12C0
330
F06
100
AcDbEntity
  8
$Слои конструкции
  6
Continuous
 62
     5
440
 16777216
370
    13
100
AcDbLine
 10
51723.25313055536
 20
45910.95516734518
 30
0.0
 11
51377.26075296007
 21
46510.23448067785
 31
0.0
  0
MTEXT
  5
12C1
330
F06
100
AcDbEntity
  8
$Слои конструкции
 62
     5
440
 16777216
100
AcDbMText
 10
51723.46223467895
 20
46310.59445653118
 30
0.0
 40
250.0
 41
0.0
 46
0.0
 71
     5
 72
     1
  1
\A1;300
  7
@ТРАНСПРОЕКТ
 11
0.4999981625983418
 21
-0.8660264646061818
 31
0.0
 73
     1
 44
1.0
 90
        3
 63
     9
421
 13158600
 45
1.1
441
        0
  0
INSERT
  5
12C2
330
F06
100
AcDbEntity
  8
$Слои конструкции
 62
     5
440
 16777216
370
    13
100
AcDbBlockReference
  2
_Oblique
 10
51362.07502941911
 20
45113.88714706698
 30
0.0
 41
150.0
 42
150.0
 43
150.0
 50
299.9998784385592
  0
INSERT
  5
12C3
330
F06
100
AcDbEntity
  8
$Слои конструкции
 62
     5
440
 16777216
370
    13
100
AcDbBlockReference
  2
_Oblique
 10
51212.07558621125
 20
45373.69507679843
 30
0.0
 41
150.0
 42
150.0
 43
150.0
 50
119.9998784385592
  0
POINT
  5
12C4
330
F06
100
AcDbEntity
  8
Defpoints
 62
     0
440
 16777216
100
AcDbPoint
 10
50755.29282203863
 20
44763.56299279813
 30
0.0
  0
POINT
  5
12C5
330
F06
100
AcDbEntity
  8
Defpoints
 62
     0
440
 16777216
100
AcDbPoint
 10
50605.29337883076
 20
45023.37092252957
 30
0.0
  0
POINT
  5
12C6
330
F06
100
AcDbEntity
  8
Defpoints
 62
     0
440
 16777216
100
AcDbPoint
 10
51212.07558621125
 20
45373.69507679843
 30
0.0
  0
ENDBLK
  5
F08
330
F06
100
AcDbEntity
  8
0
100
AcDbBlockEnd
  0
BLOCK
  5
F15
330
F14
100
AcDbEntity
  8
0
100
AcDbBlockBegin
  2
*D171
 70
     1
 10
0.0
 20
0.0
 30
0.0
  3
*D171
  1

  0
LINE
  5
12C7
330
F14
100
AcDbEntity
  8
$Слои конструкции
  6
Continuous
 62
     5
440
 16777216
370
    13
100
AcDbLine
 10
50691.89591920921
 20
45073.37092252956
 30
0.0
 11
51298.67738332074
 21
45423.69636417357
 31
0.0
  0
LINE
  5
12C8
330
F14
100
AcDbEntity
  8
$Слои конструкции
  6
Continuous
 62
     5
440
 16777216
370
    13
100
AcDbLine
 10
50041.89591920966
 20
46199.20394744871
 30
0.0
 11
50648.6773833212
 21
46549.52938909272
 31
0.0
  0
LINE
  5
12C9
330
F14
100
AcDbEntity
  8
$Слои конструкции
  6
Continuous
 62
     5
440
 16777216
370
    13
100
AcDbLine
 10
51212.07484294229
 20
45373.69636417357
 30
0.0
 11
50562.07484294275
 21
46499.52938909273
 31
0.0
  0
INSERT
  5
12CA
330
F14
100
AcDbEntity
  8
$Слои конструкции
 62
     5
440
 16777216
370
    13
100
AcDbBlockReference
  2
_Oblique
 10
51212.07484294229
 20
45373.69636417357
 30
0.0
 41
150.0
 42
150.0
 43
150.0
 50
299.9999999999962
  0
INSERT
  5
12CB
330
F14
100
AcDbEntity
  8
$Слои конструкции
 62
     5
440
 16777216
370
    13
100
AcDbBlockReference
  2
_Oblique
 10
50562.07484294275
 20
46499.52938909273
 30
0.0
 41
150.0
 42
150.0
 43
150.0
 50
119.9999999999962
  0
MTEXT
  5
12CC
330
F14
100
AcDbEntity
  8
$Слои конструкции
 62
     5
440
 16777216
100
AcDbMText
 10
51060.27992369942
 20
46036.61287663315
 30
0.0
 40
250.0
 41
0.0
 46
0.0
 71
     5
 72
     1
  1
\A1;1300
  7
@ТРАНСПРОЕКТ
 11
0.4999999999999427
 21
-0.8660254037844717
 31
0.0
 73
     1
 44
1.0
 90
        3
 63
     9
421
 13158600
 45
1.1
441
        0
  0
POINT
  5
12CD
330
F14
100
AcDbEntity
  8
Defpoints
 62
     0
440
 16777216
100
AcDbPoint
 10
50605.29337883076
 20
45023.37092252957
 30
0.0
  0
POINT
  5
12CE
330
F14
100
AcDbEntity
  8
Defpoints
 62
     0
440
 16777216
100
AcDbPoint
 10
49955.29337883122
 20
46149.20394744872
 30
0.0
  0
POINT
  5
12CF
330
F14
100
AcDbEntity
  8
Defpoints
 62
     0
440
 16777216
100
AcDbPoint
 10
50562.07484294275
 20
46499.52938909273
 30
0.0
  0
ENDBLK
  5
F16
330
F14
100
AcDbEntity
  8
0
100
AcDbBlockEnd
  0
BLOCK
  5
F21
330
F20
100
AcDbEntity
  8
0
100
AcDbBlockBegin
  2
*D172
 70
     1
 10
0.0
 20
0.0
 30
0.0
  3
*D172
  1

  0
LINE
  5
12D0
330
F20
100
AcDbEntity
  8
$Слои конструкции
  6
Continuous
 62
     5
440
 16777216
370
    13
100
AcDbLine
 10
51105.29337883077
 20
44157.34551874466
 30
0.0
 11
52934.26029636848
 21
40989.4818922066
 31
0.0
  0
LINE
  5
12D1
330
F20
100
AcDbEntity
  8
$Слои конструкции
  6
Continuous
 62
     5
440
 16777216
370
    13
100
AcDbLine
 10
42012.02663909445
 20
38907.345518745
 30
0.0
 11
43840.99355663217
 21
35739.48189220695
 31
0.0
  0
LINE
  5
12D2
330
F20
100
AcDbEntity
  8
$Слои конструкции
  6
Continuous
 62
     5
440
 16777216
370
    13
100
AcDbLine
 10
52884.26029636848
 20
41076.08443258505
 30
0.0
 11
43790.99355663217
 21
35826.08443258539
 31
0.0
  0
INSERT
  5
12D3
330
F20
100
AcDbEntity
  8
$Слои конструкции
 62
     5
440
 16777216
370
    13
100
AcDbBlockReference
  2
_Oblique
 10
52884.26029636848
 20
41076.08443258505
 30
0.0
 41
150.0
 42
150.0
 43
150.0
 50
29.99999999999917
  0
INSERT
  5
12D4
330
F20
100
AcDbEntity
  8
$Слои конструкции
 62
     5
440
 16777216
370
    13
100
AcDbBlockReference
  2
_Oblique
 10
43790.99355663217
 20
35826.08443258539
 30
0.0
 41
150.0
 42
150.0
 43
150.0
 50
209.9999999999991
  0
MTEXT
  5
12D5
330
F20
100
AcDbEntity
  8
$Слои конструкции
 62
     5
440
 16777216
100
AcDbMText
 10
48237.62692650032
 20
38624.28951334211
 30
0.0
 40
250.0
 41
0.0
 46
0.0
 71
     5
 72
     1
  1
\A1;10500
  7
@ТРАНСПРОЕКТ
 11
0.866025403784446
 21
0.4999999999999872
 31
0.0
 73
     1
 44
1.0
 90
        3
 63
     9
421
 13158600
 45
1.1
441
        0
  0
POINT
  5
12D6
330
F20
100
AcDbEntity
  8
Defpoints
 62
     0
440
 16777216
100
AcDbPoint
 10
51055.29337883077
 20
44243.9480591231
 30
0.0
  0
POINT
  5
12D7
330
F20
100
AcDbEntity
  8
Defpoints
 62
     0
440
 16777216
100
AcDbPoint
 10
41962.02663909445
 20
38993.94805912345
 30
0.0
  0
POINT
  5
12D8
330
F20
100
AcDbEntity
  8
Defpoints
 62
     0
440
 16777216
100
AcDbPoint
 10
43790.99355663217
 20
35826.08443258539
 30
0.0
  0
ENDBLK
  5
F22
330
F20
100
AcDbEntity
  8
0
100
AcDbBlockEnd
  0
BLOCK
  5
F2D
330
F2C
100
AcDbEntity
  8
0
100
AcDbBlockBegin
  2
*D173
 70
     1
 10
0.0
 20
0.0
 30
0.0
  3
*D173
  1

  0
LINE
  5
12D9
330
F2C
100
AcDbEntity
  8
$Размеры
  6
Continuous
 62
     5
440
 16777216
370
    13
100
AcDbLine
 10
42042.02609344329
 20
30693.94773116497
 30
0.0
 11
45117.58468247804
 21
30693.94773116497
 31
0.0
  0
LINE
  5
12DA
330
F2C
100
AcDbEntity
  8
$Размеры
  6
Continuous
 62
     5
440
 16777216
370
    13
100
AcDbLine
 10
42042.02609344143
 20
31493.94773116497
 30
0.0
 11
45117.58468247804
 21
31493.94773116497
 31
0.0
  0
LINE
  5
12DB
330
F2C
100
AcDbEntity
  8
$Размеры
  6
Continuous
 62
     5
440
 16777216
370
    13
100
AcDbLine
 10
45017.58468247804
 20
30693.94773116497
 30
0.0
 11
45017.58468247804
 21
31493.94773116497
 31
0.0
  0
INSERT
  5
12DC
330
F2C
100
AcDbEntity
  8
$Размеры
 62
     5
440
 16777216
370
    13
100
AcDbBlockReference
  2
_Oblique
 10
45017.58468247804
 20
30693.94773116497
 30
0.0
 41
150.0
 42
150.0
 43
150.0
 50
270.0
  0
INSERT
  5
12DD
330
F2C
100
AcDbEntity
  8
$Размеры
 62
     5
440
 16777216
370
    13
100
AcDbBlockReference
  2
_Oblique
 10
45017.58468247804
 20
31493.94773116497
 30
0.0
 41
150.0
 42
150.0
 43
150.0
 50
90.0
  0
MTEXT
  5
12DE
330
F2C
100
AcDbEntity
  8
$Размеры
 62
     5
440
 16777216
100
AcDbMText
 10
44817.58468247805
 20
31093.94773116495
 30
0.0
 40
250.0
 41
0.0
 46
0.0
 71
     5
 72
     1
  1
\A1;800
  7
@ТРАНСПРОЕКТ
 11
0.0000000000000001
 21
1.0
 31
0.0
 73
     1
 44
1.0
 90
        3
 63
     9
421
 13158600
 45
1.1
441
        0
  0
POINT
  5
12DF
330
F2C
100
AcDbEntity
  8
Defpoints
 62
     0
440
 16777216
100
AcDbPoint
 10
41942.02609344329
 20
30693.94773116497
 30
0.0
  0
POINT
  5
12E0
330
F2C
100
AcDbEntity
  8
Defpoints
 62
     0
440
 16777216
100
AcDbPoint
 10
41942.02609344143
 20
31493.94773116497
 30
0.0
  0
POINT
  5
12E1
330
F2C
100
AcDbEntity
  8
Defpoints
 62
     0
440
 16777216
100
AcDbPoint
 10
45017.58468247804
 20
31493.94773116497
 30
0.0
  0
ENDBLK
  5
F2E
330
F2C
100
AcDbEntity
  8
0
100
AcDbBlockEnd
  0
BLOCK
  5
F39
330
F38
100
AcDbEntity
  8
0
100
AcDbBlockBegin
  2
*D174
 70
     1
 10
0.0
 20
0.0
 30
0.0
  3
*D174
  1

  0
LINE
  5
12E2
330
F38
100
AcDbEntity
  8
$Размеры
  6
Continuous
 62
     5
440
 16777216
370
    13
100
AcDbLine
 10
42042.02609344329
 20
31493.94773122003
 30
0.0
 11
45117.58468247804
 21
31493.94773122003
 31
0.0
  0
LINE
  5
12E3
330
F38
100
AcDbEntity
  8
$Размеры
  6
Continuous
 62
     5
440
 16777216
370
    13
100
AcDbLine
 10
42322.79615434157
 20
32093.9474033265
 30
0.0
 11
45117.58468247804
 21
32093.9474033265
 31
0.0
  0
LINE
  5
12E4
330
F38
100
AcDbEntity
  8
$Размеры
  6
Continuous
 62
     5
440
 16777216
370
    13
100
AcDbLine
 10
45017.58468247804
 20
31493.94773122003
 30
0.0
 11
45017.58468247804
 21
32093.9474033265
 31
0.0
  0
LINE
  5
12E5
330
F38
100
AcDbEntity
  8
$Размеры
  6
Continuous
 62
     5
440
 16777216
370
    13
100
AcDbLine
 10
45017.58468247804
 20
32093.9474033265
 30
0.0
 11
45017.58468247804
 21
32935.93470143428
 31
0.0
  0
INSERT
  5
12E6
330
F38
100
AcDbEntity
  8
$Размеры
 62
     5
440
 16777216
370
    13
100
AcDbBlockReference
  2
_Oblique
 10
45017.58468247804
 20
31493.94773122003
 30
0.0
 41
150.0
 42
150.0
 43
150.0
 50
270.0
  0
INSERT
  5
12E7
330
F38
100
AcDbEntity
  8
$Размеры
 62
     5
440
 16777216
370
    13
100
AcDbBlockReference
  2
_Oblique
 10
45017.58468247804
 20
32093.9474033265
 30
0.0
 41
150.0
 42
150.0
 43
150.0
 50
90.0
  0
MTEXT
  5
12E8
330
F38
100
AcDbEntity
  8
$Размеры
 62
     5
440
 16777216
100
AcDbMText
 10
44817.58468247805
 20
32589.94105238037
 30
0.0
 40
250.0
 41
0.0
 46
0.0
 71
     5
 72
     1
  1
\A1;600
  7
@ТРАНСПРОЕКТ
 11
0.0000000000000001
 21
1.0
 31
0.0
 73
     1
 44
1.0
 90
        3
 63
     9
421
 13158600
 45
1.1
441
        0
  0
POINT
  5
12E9
330
F38
100
AcDbEntity
  8
Defpoints
 62
     0
440
 16777216
100
AcDbPoint
 10
41942.02609344329
 20
31493.94773122003
 30
0.0
  0
POINT
  5
12EA
330
F38
100
AcDbEntity
  8
Defpoints
 62
     0
440
 16777216
100
AcDbPoint
 10
42222.79615434156
 20
32093.9474033265
 30
0.0
  0
POINT
  5
12EB
330
F38
100
AcDbEntity
  8
Defpoints
 62
     0
440
 16777216
100
AcDbPoint
 10
45017.58468247804
 20
32093.9474033265
 30
0.0
  0
ENDBLK
  5
F3A
330
F38
100
AcDbEntity
  8
0
100
AcDbBlockEnd
  0
BLOCK
  5
F46
330
F45
100
AcDbEntity
  8
0
100
AcDbBlockBegin
  2
*D175
 70
     1
 10
0.0
 20
0.0
 30
0.0
  3
*D175
  1

  0
LINE
  5
12EC
330
F45
100
AcDbEntity
  8
$Размеры
  6
Continuous
 62
     5
440
 16777216
370
    13
100
AcDbLine
 10
42042.02609344329
 20
30693.94773116497
 30
0.0
 11
45117.58468247804
 21
30693.94773116497
 31
0.0
  0
LINE
  5
12ED
330
F45
100
AcDbEntity
  8
$Размеры
  6
Continuous
 62
     5
440
 16777216
370
    13
100
AcDbLine
 10
42042.02609344329
 20
30093.94773110536
 30
0.0
 11
45117.58468247804
 21
30093.94773110536
 31
0.0
  0
LINE
  5
12EE
330
F45
100
AcDbEntity
  8
$Размеры
  6
Continuous
 62
     5
440
 16777216
370
    13
100
AcDbLine
 10
45017.58468247804
 20
30693.94773116497
 30
0.0
 11
45017.58468247804
 21
30093.94773110536
 31
0.0
  0
LINE
  5
12EF
330
F45
100
AcDbEntity
  8
$Размеры
  6
Continuous
 62
     5
440
 16777216
370
    13
100
AcDbLine
 10
45017.58468247804
 20
30393.94773113517
 30
0.0
 11
45616.31715079803
 21
30669.41772534022
 31
0.0
  0
LINE
  5
12F0
330
F45
100
AcDbEntity
  8
$Размеры
  6
Continuous
 62
     5
440
 16777216
370
    13
100
AcDbLine
 10
45616.31715079803
 20
30669.41772534022
 30
0.0
 11
45616.31715079803
 21
31361.40502344801
 31
0.0
  0
MTEXT
  5
12F1
330
F45
100
AcDbEntity
  8
$Размеры
 62
     5
440
 16777216
100
AcDbMText
 10
45416.31715079804
 20
31015.41137439409
 30
0.0
 40
250.0
 41
0.0
 46
0.0
 71
     5
 72
     1
  1
\A1;600
  7
@ТРАНСПРОЕКТ
 11
0.0000000000000001
 21
1.0
 31
0.0
 73
     1
 44
1.0
 90
        3
 63
     9
421
 13158600
 45
1.1
441
        0
  0
INSERT
  5
12F2
330
F45
100
AcDbEntity
  8
$Размеры
 62
     5
440
 16777216
370
    13
100
AcDbBlockReference
  2
_Oblique
 10
45017.58468247804
 20
30693.94773116497
 30
0.0
 41
150.0
 42
150.0
 43
150.0
 50
90.0
  0
INSERT
  5
12F3
330
F45
100
AcDbEntity
  8
$Размеры
 62
     5
440
 16777216
370
    13
100
AcDbBlockReference
  2
_Oblique
 10
45017.58468247804
 20
30093.94773110536
 30
0.0
 41
150.0
 42
150.0
 43
150.0
 50
270.0
  0
POINT
  5
12F4
330
F45
100
AcDbEntity
  8
Defpoints
 62
     0
440
 16777216
100
AcDbPoint
 10
41942.02609344329
 20
30693.94773116497
 30
0.0
  0
POINT
  5
12F5
330
F45
100
AcDbEntity
  8
Defpoints
 62
     0
440
 16777216
100
AcDbPoint
 10
41942.02609344329
 20
30093.94773110536
 30
0.0
  0
POINT
  5
12F6
330
F45
100
AcDbEntity
  8
Defpoints
 62
     0
440
 16777216
100
AcDbPoint
 10
45017.58468247804
 20
30093.94773110536
 30
0.0
  0
ENDBLK
  5
F47
330
F45
100
AcDbEntity
  8
0
100
AcDbBlockEnd
  0
BLOCK
  5
F54
330
F53
100
AcDbEntity
  8
0
100
AcDbBlockBegin
  2
*D176
 70
     1
 10
0.0
 20
0.0
 30
0.0
  3
*D176
  1

  0
LINE
  5
12F7
330
F53
100
AcDbEntity
  8
$Слои конструкции
  6
Continuous
 62
     5
440
 16777216
370
    13
100
AcDbLine
 10
41842.02609344328
 20
40393.94773122456
 30
0.0
 11
40929.45571936195
 21
40393.94773122456
 31
0.0
  0
LINE
  5
12F8
330
F53
100
AcDbEntity
  8
$Слои конструкции
  6
Continuous
 62
     5
440
 16777216
370
    13
100
AcDbLine
 10
41862.02663908562
 20
41534.28924355247
 30
0.0
 11
40929.45571936195
 21
41534.28924355247
 31
0.0
  0
LINE
  5
12F9
330
F53
100
AcDbEntity
  8
$Слои конструкции
  6
Continuous
 62
     5
440
 16777216
370
    13
100
AcDbLine
 10
41029.45571936195
 20
40393.94773122456
 30
0.0
 11
41029.45571936195
 21
41534.28924355247
 31
0.0
  0
INSERT
  5
12FA
330
F53
100
AcDbEntity
  8
$Слои конструкции
 62
     5
440
 16777216
370
    13
100
AcDbBlockReference
  2
_Oblique
 10
41029.45571936195
 20
40393.94773122456
 30
0.0
 41
150.0
 42
150.0
 43
150.0
 50
270.0
  0
INSERT
  5
12FB
330
F53
100
AcDbEntity
  8
$Слои конструкции
 62
     5
440
 16777216
370
    13
100
AcDbBlockReference
  2
_Oblique
 10
41029.45571936195
 20
41534.28924355247
 30
0.0
 41
150.0
 42
150.0
 43
150.0
 50
90.0
  0
MTEXT
  5
12FC
330
F53
100
AcDbEntity
  8
$Слои конструкции
 62
     5
440
 16777216
100
AcDbMText
 10
40829.45571936195
 20
40964.1184873885
 30
0.0
 40
250.0
 41
0.0
 46
0.0
 71
     5
 72
     1
  1
\A1;1140
  7
@ТРАНСПРОЕКТ
 11
0.0000000000000001
 21
1.0
 31
0.0
 73
     1
 44
1.0
 90
        3
 63
     9
421
 13158600
 45
1.1
441
        0
  0
POINT
  5
12FD
330
F53
100
AcDbEntity
  8
Defpoints
 62
     0
440
 16777216
100
AcDbPoint
 10
41942.02609344329
 20
40393.94773122456
 30
0.0
  0
POINT
  5
12FE
330
F53
100
AcDbEntity
  8
Defpoints
 62
     0
440
 16777216
100
AcDbPoint
 10
41962.02663908563
 20
41534.28924355247
 30
0.0
  0
POINT
  5
12FF
330
F53
100
AcDbEntity
  8
Defpoints
 62
     0
440
 16777216
100
AcDbPoint
 10
41029.45571936195
 20
41534.28924355247
 30
0.0
  0
ENDBLK
  5
F55
330
F53
100
AcDbEntity
  8
0
100
AcDbBlockEnd
  0
BLOCK
  5
F60
330
F5F
100
AcDbEntity
  8
0
100
AcDbBlockBegin
  2
*D177
 70
     1
 10
0.0
 20
0.0
 30
0.0
  3
*D177
  1

  0
LINE
  5
1300
330
F5F
100
AcDbEntity
  8
$Слои конструкции
  6
Continuous
 62
     5
440
 16777216
370
    13
100
AcDbLine
 10
43547.66728511221
 20
39447.53789757106
 30
0.0
 11
44865.56401804143
 21
37164.87379701779
 31
0.0
  0
LINE
  5
1301
330
F5F
100
AcDbEntity
  8
$Слои конструкции
  6
Continuous
 62
     5
440
 16777216
370
    13
100
AcDbLine
 10
50822.28067689531
 20
43647.53789758433
 30
0.0
 11
52140.17740982452
 21
41364.87379703106
 31
0.0
  0
LINE
  5
1302
330
F5F
100
AcDbEntity
  8
$Слои конструкции
  6
Continuous
 62
     5
440
 16777216
370
    13
100
AcDbLine
 10
44815.56401804127
 20
37251.47633739615
 30
0.0
 11
52090.17740982437
 21
41451.47633740942
 31
0.0
  0
INSERT
  5
1303
330
F5F
100
AcDbEntity
  8
$Слои конструкции
 62
     5
440
 16777216
370
    13
100
AcDbBlockReference
  2
_Oblique
 10
44815.56401804127
 20
37251.47633739615
 30
0.0
 41
150.0
 42
150.0
 43
150.0
 50
210.0000000000996
  0
INSERT
  5
1304
330
F5F
100
AcDbEntity
  8
$Слои конструкции
 62
     5
440
 16777216
370
    13
100
AcDbBlockReference
  2
_Oblique
 10
52090.17740982437
 20
41451.47633740942
 30
0.0
 41
150.0
 42
150.0
 43
150.0
 50
30.00000000009956
  0
MTEXT
  5
1305
330
F5F
100
AcDbEntity
  8
$Слои конструкции
 62
     5
440
 16777216
100
AcDbMText
 10
48352.87071393252
 20
39524.6814181595
 30
0.0
 40
250.0
 41
0.0
 46
0.0
 71
     5
 72
     1
  1
\A1;8*2100=8400
  7
@ТРАНСПРОЕКТ
 11
0.8660254037835699
 21
0.5000000000015048
 31
0.0
 73
     1
 44
1.0
 90
        3
 63
     9
421
 13158600
 45
1.1
441
        0
  0
POINT
  5
1306
330
F5F
100
AcDbEntity
  8
Defpoints
 62
     0
440
 16777216
100
AcDbPoint
 10
43497.66728511206
 20
39534.14043794941
 30
0.0
  0
POINT
  5
1307
330
F5F
100
AcDbEntity
  8
Defpoints
 62
     0
440
 16777216
100
AcDbPoint
 10
50772.28067689516
 20
43734.14043796269
 30
0.0
  0
POINT
  5
1308
330
F5F
100
AcDbEntity
  8
Defpoints
 62
     0
440
 16777216
100
AcDbPoint
 10
52090.17740982437
 20
41451.47633740942
 30
0.0
  0
ENDBLK
  5
F61
330
F5F
100
AcDbEntity
  8
0
100
AcDbBlockEnd
  0
BLOCK
  5
F6C
330
F6B
100
AcDbEntity
  8
0
100
AcDbBlockBegin
  2
*D178
 70
     1
 10
0.0
 20
0.0
 30
0.0
  3
*D178
  1

  0
LINE
  5
1309
330
F6B
100
AcDbEntity
  8
$Слои конструкции
  6
Continuous
 62
     5
440
 16777216
370
    13
100
AcDbLine
 10
51072.28067689474
 20
43214.52519569183
 30
0.0
 11
52140.1774098116
 21
41364.87379702225
 31
0.0
  0
LINE
  5
130A
330
F6B
100
AcDbEntity
  8
$Слои конструкции
  6
Continuous
 62
     5
440
 16777216
370
    13
100
AcDbLine
 10
51505.29337883174
 20
43464.52519571487
 30
0.0
 11
52573.1901117486
 21
41614.8737970453
 31
0.0
  0
LINE
  5
130B
330
F6B
100
AcDbEntity
  8
$Слои конструкции
  6
Continuous
 62
     5
440
 16777216
370
    13
100
AcDbLine
 10
52090.17740981202
 20
41451.47633740094
 30
0.0
 11
52523.19011174902
 21
41701.47633742399
 31
0.0
  0
LINE
  5
130C
330
F6B
100
AcDbEntity
  8
$Слои конструкции
  6
Continuous
 62
     5
440
 16777216
370
    13
100
AcDbLine
 10
52523.19011174902
 20
41701.47633742399
 30
0.0
 11
53252.37250157623
 21
42122.46998647433
 31
0.0
  0
INSERT
  5
130D
330
F6B
100
AcDbEntity
  8
$Слои конструкции
 62
     5
440
 16777216
370
    13
100
AcDbBlockReference
  2
_Oblique
 10
52090.17740981202
 20
41451.47633740094
 30
0.0
 41
150.0
 42
150.0
 43
150.0
 50
209.9999999997215
  0
INSERT
  5
130E
330
F6B
100
AcDbEntity
  8
$Слои конструкции
 62
     5
440
 16777216
370
    13
100
AcDbBlockReference
  2
_Oblique
 10
52523.19011174902
 20
41701.47633742399
 30
0.0
 41
150.0
 42
150.0
 43
150.0
 50
29.99999999972148
  0
MTEXT
  5
130F
330
F6B
100
AcDbEntity
  8
$Слои конструкции
 62
     5
440
 16777216
100
AcDbMText
 10
52852.7332119475
 20
42122.67824270622
 30
0.0
 40
250.0
 41
0.0
 46
0.0
 71
     5
 72
     1
  1
\A1;500
  7
@ТРАНСПРОЕКТ
 11
0.8660254037868691
 21
0.4999999999957902
 31
0.0
 73
     1
 44
1.0
 90
        3
 63
     9
421
 13158600
 45
1.1
441
        0
  0
POINT
  5
1310
330
F6B
100
AcDbEntity
  8
Defpoints
 62
     0
440
 16777216
100
AcDbPoint
 10
51022.28067689516
 20
43301.12773607051
 30
0.0
  0
POINT
  5
1311
330
F6B
100
AcDbEntity
  8
Defpoints
 62
     0
440
 16777216
100
AcDbPoint
 10
51455.29337883217
 20
43551.12773609356
 30
0.0
  0
POINT
  5
1312
330
F6B
100
AcDbEntity
  8
Defpoints
 62
     0
440
 16777216
100
AcDbPoint
 10
52523.19011174902
 20
41701.47633742399
 30
0.0
  0
ENDBLK
  5
F6D
330
F6B
100
AcDbEntity
  8
0
100
AcDbBlockEnd
  0
BLOCK
  5
F79
330
F78
100
AcDbEntity
  8
0
100
AcDbBlockBegin
  2
*D179
 70
     1
 10
0.0
 20
0.0
 30
0.0
  3
*D179
  1

  0
LINE
  5
1313
330
F78
100
AcDbEntity
  8
$Слои конструкции
  6
Continuous
 62
     5
440
 16777216
370
    13
100
AcDbLine
 10
50041.89591920966
 20
46199.20394744872
 30
0.0
 11
51928.6688252242
 21
47288.53279263582
 31
0.0
  0
LINE
  5
1314
330
F78
100
AcDbEntity
  8
$Слои конструкции
  6
Continuous
 62
     5
440
 16777216
370
    13
100
AcDbLine
 10
51541.89591921061
 20
43601.12773609356
 30
0.0
 11
53428.66882522515
 21
44690.45658128065
 31
0.0
  0
LINE
  5
1315
330
F78
100
AcDbEntity
  8
$Слои конструкции
  6
Continuous
 62
     5
440
 16777216
370
    13
100
AcDbLine
 10
51842.06628484576
 20
47238.53279263582
 30
0.0
 11
53342.0662848467
 21
44640.45658128065
 31
0.0
  0
INSERT
  5
1316
330
F78
100
AcDbEntity
  8
$Слои конструкции
 62
     5
440
 16777216
370
    13
100
AcDbBlockReference
  2
_Oblique
 10
51842.06628484576
 20
47238.53279263582
 30
0.0
 41
150.0
 42
150.0
 43
150.0
 50
119.9999999999979
  0
INSERT
  5
1317
330
F78
100
AcDbEntity
  8
$Слои конструкции
 62
     5
440
 16777216
370
    13
100
AcDbBlockReference
  2
_Oblique
 10
53342.0662848467
 20
44640.45658128065
 30
0.0
 41
150.0
 42
150.0
 43
150.0
 50
299.999999999998
  0
MTEXT
  5
1318
330
F78
100
AcDbEntity
  8
$Слои конструкции
 62
     5
440
 16777216
100
AcDbMText
 10
52765.27136560313
 20
46039.49468695823
 30
0.0
 40
250.0
 41
0.0
 46
0.0
 71
     5
 72
     1
  1
\A1;3000
  7
@ТРАНСПРОЕКТ
 11
0.4999999999999688
 21
-0.8660254037844566
 31
0.0
 73
     1
 44
1.0
 90
        3
 63
     9
421
 13158600
 45
1.1
441
        0
  0
POINT
  5
1319
330
F78
100
AcDbEntity
  8
Defpoints
 62
     0
440
 16777216
100
AcDbPoint
 10
49955.29337883122
 20
46149.20394744872
 30
0.0
  0
POINT
  5
131A
330
F78
100
AcDbEntity
  8
Defpoints
 62
     0
440
 16777216
100
AcDbPoint
 10
51455.29337883217
 20
43551.12773609356
 30
0.0
  0
POINT
  5
131B
330
F78
100
AcDbEntity
  8
Defpoints
 62
     0
440
 16777216
100
AcDbPoint
 10
53342.0662848467
 20
44640.45658128065
 30
0.0
  0
ENDBLK
  5
F7A
330
F78
100
AcDbEntity
  8
0
100
AcDbBlockEnd
  0
BLOCK
  5
F85
330
F84
100
AcDbEntity
  8
0
100
AcDbBlockBegin
  2
*D180
 70
     1
 10
0.0
 20
0.0
 30
0.0
  3
*D180
  1

  0
ARC
  5
131C
330
F84
100
AcDbEntity
  8
$Размеры
  6
Continuous
 62
     5
440
 16777216
370
    13
100
AcDbCircle
 10
41962.02609334188
 20
31493.94773116495
 30
0.0
 40
4741.879593962006
100
AcDbArc
 50
330.0000000000009
 51
0.0
  0
INSERT
  5
131D
330
F84
100
AcDbEntity
  8
$Размеры
 62
     5
440
 16777216
370
    13
100
AcDbBlockReference
  2
_Oblique
 10
46068.61428340005
 20
29123.00793418401
 30
0.0
 41
150.0
 42
150.0
 43
150.0
 50
240.0000000000009
  0
INSERT
  5
131E
330
F84
100
AcDbEntity
  8
$Размеры
 62
     5
440
 16777216
370
    13
100
AcDbBlockReference
  2
_Oblique
 10
46703.90568730389
 20
31493.94773116495
 30
0.0
 41
150.0
 42
150.0
 43
150.0
 50
90.0
  0
MTEXT
  5
131F
330
F84
100
AcDbEntity
  8
$Размеры
 62
     5
440
 16777216
100
AcDbMText
 10
46442.28743911142
 20
30748.34158871993
 30
0.0
 40
250.0
 41
0.0
 46
0.0
 71
     5
 72
     1
  1
\A1;30\U+00B0
  7
@ТРАНСПРОЕКТ
 11
0.1641624633634593
 21
0.9864333153449559
 31
0.0
 73
     1
 44
1.0
 90
        3
 63
     9
421
 13158600
 45
1.1
441
        0
  0
POINT
  5
1320
330
F84
100
AcDbEntity
  8
Defpoints
 62
     0
440
 16777216
100
AcDbPoint
 10
46417.93535644327
 20
29872.12939280504
 30
0.0
  0
POINT
  5
1321
330
F84
100
AcDbEntity
  8
Defpoints
 62
     0
440
 16777216
100
AcDbPoint
 10
51055.29283318285
 20
26243.94773110488
 30
0.0
  0
POINT
  5
1322
330
F84
100
AcDbEntity
  8
Defpoints
 62
     0
440
 16777216
100
AcDbPoint
 10
41942.02609344142
 20
31493.94773116495
 30
0.0
  0
POINT
  5
1323
330
F84
100
AcDbEntity
  8
Defpoints
 62
     0
440
 16777216
100
AcDbPoint
 10
50285.02925397397
 20
31493.94773116495
 30
0.0
  0
POINT
  5
1324
330
F84
100
AcDbEntity
  8
Defpoints
 62
     0
440
 16777216
100
AcDbPoint
 10
41962.02609344653
 20
31493.94773110453
 30
0.0
  0
ENDBLK
  5
F86
330
F84
100
AcDbEntity
  8
0
100
AcDbBlockEnd
  0
BLOCK
  5
F91
330
F90
100
AcDbEntity
  8
0
100
AcDbBlockBegin
  2
*D181
 70
     1
 10
0.0
 20
0.0
 30
0.0
  3
*D181
  1

  0
LINE
  5
1325
330
F90
100
AcDbEntity
  8
$Слои конструкции
  6
Continuous
 62
     5
440
 16777216
370
    13
100
AcDbLine
 10
51141.89591920921
 20
26193.94740320683
 30
0.0
 11
51748.67683210401
 21
25843.62227980802
 31
0.0
  0
LINE
  5
1326
330
F90
100
AcDbEntity
  8
$Слои конструкции
  6
Continuous
 62
     5
440
 16777216
370
    13
100
AcDbLine
 10
50841.89591920921
 20
25674.33216093596
 30
0.0
 11
51448.67683210399
 21
25324.00703753715
 31
0.0
  0
LINE
  5
1327
330
F90
100
AcDbEntity
  8
$Слои конструкции
  6
Continuous
 62
     5
440
 16777216
370
    13
100
AcDbLine
 10
51662.07429172556
 20
25893.62227980801
 30
0.0
 11
51362.07429172555
 21
25374.00703753714
 31
0.0
  0
INSERT
  5
1328
330
F90
100
AcDbEntity
  8
$Слои конструкции
 62
     5
440
 16777216
370
    13
100
AcDbBlockReference
  2
_Oblique
 10
51662.07429172556
 20
25893.62227980801
 30
0.0
 41
150.0
 42
150.0
 43
150.0
 50
60.00000000000921
  0
INSERT
  5
1329
330
F90
100
AcDbEntity
  8
$Слои конструкции
 62
     5
440
 16777216
370
    13
100
AcDbBlockReference
  2
_Oblique
 10
51362.07429172555
 20
25374.00703753714
 30
0.0
 41
150.0
 42
150.0
 43
150.0
 50
240.0000000000092
  0
MTEXT
  5
132A
330
F90
100
AcDbEntity
  8
$Слои конструкции
 62
     5
440
 16777216
100
AcDbMText
 10
51338.86921096865
 20
25733.81465867254
 30
0.0
 40
250.0
 41
0.0
 46
0.0
 71
     5
 72
     1
  1
\A1;600
  7
@ТРАНСПРОЕКТ
 11
0.4999999999998611
 21
0.8660254037845188
 31
0.0
 73
     1
 44
1.0
 90
        3
 63
     9
421
 13158600
 45
1.1
441
        0
  0
POINT
  5
132B
330
F90
100
AcDbEntity
  8
Defpoints
 62
     0
440
 16777216
100
AcDbPoint
 10
51055.29337883077
 20
26243.94740320681
 30
0.0
  0
POINT
  5
132C
330
F90
100
AcDbEntity
  8
Defpoints
 62
     0
440
 16777216
100
AcDbPoint
 10
50755.29337883076
 20
25724.33216093594
 30
0.0
  0
POINT
  5
132D
330
F90
100
AcDbEntity
  8
Defpoints
 62
     0
440
 16777216
100
AcDbPoint
 10
51362.07429172555
 20
25374.00703753714
 30
0.0
  0
ENDBLK
  5
F92
330
F90
100
AcDbEntity
  8
0
100
AcDbBlockEnd
  0
BLOCK
  5
F9D
330
F9C
100
AcDbEntity
  8
0
100
AcDbBlockBegin
  2
*D182
 70
     1
 10
0.0
 20
0.0
 30
0.0
  3
*D182
  1

  0
LINE
  5
132E
330
F9C
100
AcDbEntity
  8
$Слои конструкции
  6
Continuous
 62
     5
440
 16777216
370
    13
100
AcDbLine
 10
51141.89526747874
 20
26193.94754736498
 30
0.0
 11
51748.6759883238
 21
25843.62081834472
 31
0.0
  0
LINE
  5
132F
330
F9C
100
AcDbEntity
  8
$Слои конструкции
  6
Continuous
 62
     5
440
 16777216
370
    13
100
AcDbLine
 10
51291.89581312665
 20
26453.75484060217
 30
0.0
 11
51898.67653397171
 21
26103.42811158191
 31
0.0
  0
LINE
  5
1330
330
F9C
100
AcDbEntity
  8
$Слои конструкции
  6
Continuous
 62
     5
440
 16777216
370
    13
100
AcDbLine
 10
51662.07355402789
 20
25893.62100208461
 30
0.0
 11
51812.07409967581
 21
26153.4282953218
 31
0.0
  0
LINE
  5
1331
330
F9C
100
AcDbEntity
  8
$Слои конструкции
  6
Continuous
 62
     5
440
 16777216
370
    13
100
AcDbLine
 10
51737.07382685185
 20
26023.52464870321
 30
0.0
 11
52532.94375870372
 21
25979.36560134779
 31
0.0
  0
LINE
  5
1332
330
F9C
100
AcDbEntity
  8
$Слои конструкции
  6
Continuous
 62
     5
440
 16777216
370
    13
100
AcDbLine
 10
52532.94375870372
 20
25979.36560134779
 30
0.0
 11
52878.93867921433
 21
26578.64344652761
 31
0.0
  0
MTEXT
  5
1333
330
F9C
100
AcDbEntity
  8
$Слои конструкции
 62
     5
440
 16777216
100
AcDbMText
 10
52532.73635036721
 20
26379.00489141749
 30
0.0
 40
250.0
 41
0.0
 46
0.0
 71
     5
 72
     1
  1
\A1;300
  7
@ТРАНСПРОЕКТ
 11
0.5000018373989285
 21
0.8660243429590741
 31
0.0
 73
     1
 44
1.0
 90
        3
 63
     9
421
 13158600
 45
1.1
441
        0
  0
INSERT
  5
1334
330
F9C
100
AcDbEntity
  8
$Слои конструкции
 62
     5
440
 16777216
370
    13
100
AcDbBlockReference
  2
_Oblique
 10
51662.07355402789
 20
25893.62100208461
 30
0.0
 41
150.0
 42
150.0
 43
150.0
 50
239.999878438591
  0
INSERT
  5
1335
330
F9C
100
AcDbEntity
  8
$Слои конструкции
 62
     5
440
 16777216
370
    13
100
AcDbBlockReference
  2
_Oblique
 10
51812.07409967581
 20
26153.4282953218
 30
0.0
 41
150.0
 42
150.0
 43
150.0
 50
59.99987843859095
  0
POINT
  5
1336
330
F9C
100
AcDbEntity
  8
Defpoints
 62
     0
440
 16777216
100
AcDbPoint
 10
51055.29283318285
 20
26243.94773110488
 30
0.0
  0
POINT
  5
1337
330
F9C
100
AcDbEntity
  8
Defpoints
 62
     0
440
 16777216
100
AcDbPoint
 10
51205.29337883075
 20
26503.75502434207
 30
0.0
  0
POINT
  5
1338
330
F9C
100
AcDbEntity
  8
Defpoints
 62
     0
440
 16777216
100
AcDbPoint
 10
51812.07409967581
 20
26153.4282953218
 30
0.0
  0
ENDBLK
  5
F9E
330
F9C
100
AcDbEntity
  8
0
100
AcDbBlockEnd
  0
BLOCK
  5
FAB
330
FAA
100
AcDbEntity
  8
0
100
AcDbBlockBegin
  2
*D183
 70
     1
 10
0.0
 20
0.0
 30
0.0
  3
*D183
  1

  0
LINE
  5
1339
330
FAA
100
AcDbEntity
  8
$Слои конструкции
  6
Continuous
 62
     5
440
 16777216
370
    13
100
AcDbLine
 10
51291.8959192092
 20
26453.75502434217
 30
0.0
 11
51898.67738332116
 21
26103.42958269772
 31
0.0
  0
LINE
  5
133A
330
FAA
100
AcDbEntity
  8
$Слои конструкции
  6
Continuous
 62
     5
440
 16777216
370
    13
100
AcDbLine
 10
51541.89591920919
 20
26886.76772623423
 30
0.0
 11
52148.67738332117
 21
26536.44228458978
 31
0.0
  0
LINE
  5
133B
330
FAA
100
AcDbEntity
  8
$Слои конструкции
  6
Continuous
 62
     5
440
 16777216
370
    13
100
AcDbLine
 10
51812.07484294272
 20
26153.42958269773
 30
0.0
 11
52062.07484294273
 21
26586.44228458979
 31
0.0
  0
LINE
  5
133C
330
FAA
100
AcDbEntity
  8
$Слои конструкции
  6
Continuous
 62
     5
440
 16777216
370
    13
100
AcDbLine
 10
52062.07484294273
 20
26586.44228458979
 30
0.0
 11
52483.06849199674
 21
27315.62467441488
 31
0.0
  0
INSERT
  5
133D
330
FAA
100
AcDbEntity
  8
$Слои конструкции
 62
     5
440
 16777216
370
    13
100
AcDbBlockReference
  2
_Oblique
 10
51812.07484294272
 20
26153.42958269773
 30
0.0
 41
150.0
 42
150.0
 43
150.0
 50
239.9999999999902
  0
INSERT
  5
133E
330
FAA
100
AcDbEntity
  8
$Слои конструкции
 62
     5
440
 16777216
370
    13
100
AcDbBlockReference
  2
_Oblique
 10
52062.07484294273
 20
26586.44228458979
 30
0.0
 41
150.0
 42
150.0
 43
150.0
 50
59.99999999999021
  0
MTEXT
  5
133F
330
FAA
100
AcDbEntity
  8
$Слои конструкции
 62
     5
440
 16777216
100
AcDbMText
 10
52136.86658671288
 20
27115.98538478619
 30
0.0
 40
250.0
 41
0.0
 46
0.0
 71
     5
 72
     1
  1
\A1;500
  7
@ТРАНСПРОЕКТ
 11
0.500000000000148
 21
0.8660254037843532
 31
0.0
 73
     1
 44
1.0
 90
        3
 63
     9
421
 13158600
 45
1.1
441
        0
  0
POINT
  5
1340
330
FAA
100
AcDbEntity
  8
Defpoints
 62
     0
440
 16777216
100
AcDbPoint
 10
51205.29337883077
 20
26503.75502434219
 30
0.0
  0
POINT
  5
1341
330
FAA
100
AcDbEntity
  8
Defpoints
 62
     0
440
 16777216
100
AcDbPoint
 10
51455.29337883077
 20
26936.76772623425
 30
0.0
  0
POINT
  5
1342
330
FAA
100
AcDbEntity
  8
Defpoints
 62
     0
440
 16777216
100
AcDbPoint
 10
52062.07484294273
 20
26586.44228458979
 30
0.0
  0
ENDBLK
  5
FAC
330
FAA
100
AcDbEntity
  8
0
100
AcDbBlockEnd
  0
BLOCK
  5
FB8
330
FB7
100
AcDbEntity
  8
0
100
AcDbBlockBegin
  2
*D184
 70
     1
 10
0.0
 20
0.0
 30
0.0
  3
*D184
  1

  0
LINE
  5
1343
330
FB7
100
AcDbEntity
  8
$Слои конструкции
  6
Continuous
 62
     5
440
 16777216
370
    13
100
AcDbLine
 10
50841.89546849924
 20
25674.33265327193
 30
0.0
 11
51448.67767587885
 21
25324.00849900358
 31
0.0
  0
LINE
  5
1344
330
FB7
100
AcDbEntity
  8
$Слои конструкции
  6
Continuous
 62
     5
440
 16777216
370
    13
100
AcDbLine
 10
50691.8960252914
 20
25414.5247235405
 30
0.0
 11
51298.67823267099
 21
25064.20056927215
 31
0.0
  0
LINE
  5
1345
330
FB7
100
AcDbEntity
  8
$Слои конструкции
  6
Continuous
 62
     5
440
 16777216
370
    13
100
AcDbLine
 10
51362.07502941823
 20
25374.00831526342
 30
0.0
 11
51212.07558621037
 21
25114.20038553199
 31
0.0
  0
LINE
  5
1346
330
FB7
100
AcDbEntity
  8
$Слои конструкции
  6
Continuous
 62
     5
440
 16777216
370
    13
100
AcDbLine
 10
51287.0753078143
 20
25244.1043503977
 30
0.0
 11
51723.25313055304
 21
24576.94029498249
 31
0.0
  0
LINE
  5
1347
330
FB7
100
AcDbEntity
  8
$Слои конструкции
  6
Continuous
 62
     5
440
 16777216
370
    13
100
AcDbLine
 10
51723.25313055304
 20
24576.94029498249
 30
0.0
 11
51377.26075295776
 21
23977.66098164983
 31
0.0
  0
MTEXT
  5
1348
330
FB7
100
AcDbEntity
  8
$Слои конструкции
 62
     5
440
 16777216
100
AcDbMText
 10
51377.05164883416
 20
24377.30027083583
 30
0.0
 40
250.0
 41
0.0
 46
0.0
 71
     5
 72
     1
  1
\A1;300
  7
@ТРАНСПРОЕКТ
 11
0.4999981625983418
 21
0.8660264646061818
 31
0.0
 73
     1
 44
1.0
 90
        3
 63
     9
421
 13158600
 45
1.1
441
        0
  0
INSERT
  5
1349
330
FB7
100
AcDbEntity
  8
$Слои конструкции
 62
     5
440
 16777216
370
    13
100
AcDbBlockReference
  2
_Oblique
 10
51362.07502941823
 20
25374.00831526342
 30
0.0
 41
150.0
 42
150.0
 43
150.0
 50
60.00012156144078
  0
INSERT
  5
134A
330
FB7
100
AcDbEntity
  8
$Слои конструкции
 62
     5
440
 16777216
370
    13
100
AcDbBlockReference
  2
_Oblique
 10
51212.07558621037
 20
25114.20038553199
 30
0.0
 41
150.0
 42
150.0
 43
150.0
 50
240.0001215614408
  0
POINT
  5
134B
330
FB7
100
AcDbEntity
  8
Defpoints
 62
     0
440
 16777216
100
AcDbPoint
 10
50755.29282203862
 20
25724.33246953177
 30
0.0
  0
POINT
  5
134C
330
FB7
100
AcDbEntity
  8
Defpoints
 62
     0
440
 16777216
100
AcDbPoint
 10
50605.29337883076
 20
25464.52453980033
 30
0.0
  0
POINT
  5
134D
330
FB7
100
AcDbEntity
  8
Defpoints
 62
     0
440
 16777216
100
AcDbPoint
 10
51212.07558621037
 20
25114.20038553199
 30
0.0
  0
ENDBLK
  5
FB9
330
FB7
100
AcDbEntity
  8
0
100
AcDbBlockEnd
  0
BLOCK
  5
FC6
330
FC5
100
AcDbEntity
  8
0
100
AcDbBlockBegin
  2
*D185
 70
     1
 10
0.0
 20
0.0
 30
0.0
  3
*D185
  1

  0
LINE
  5
134E
330
FC5
100
AcDbEntity
  8
$Слои конструкции
  6
Continuous
 62
     5
440
 16777216
370
    13
100
AcDbLine
 10
50691.89591920921
 20
25414.52453980034
 30
0.0
 11
51298.67738332096
 21
25064.1990981562
 31
0.0
  0
LINE
  5
134F
330
FC5
100
AcDbEntity
  8
$Слои конструкции
  6
Continuous
 62
     5
440
 16777216
370
    13
100
AcDbLine
 10
50041.89591920968
 20
24288.69151488118
 30
0.0
 11
50648.67738332142
 21
23938.36607323704
 31
0.0
  0
LINE
  5
1350
330
FC5
100
AcDbEntity
  8
$Слои конструкции
  6
Continuous
 62
     5
440
 16777216
370
    13
100
AcDbLine
 10
51212.07484294251
 20
25114.19909815619
 30
0.0
 11
50562.07484294297
 21
23988.36607323703
 31
0.0
  0
INSERT
  5
1351
330
FC5
100
AcDbEntity
  8
$Слои конструкции
 62
     5
440
 16777216
370
    13
100
AcDbBlockReference
  2
_Oblique
 10
51212.07484294251
 20
25114.19909815619
 30
0.0
 41
150.0
 42
150.0
 43
150.0
 50
60.00000000000379
  0
INSERT
  5
1352
330
FC5
100
AcDbEntity
  8
$Слои конструкции
 62
     5
440
 16777216
370
    13
100
AcDbBlockReference
  2
_Oblique
 10
50562.07484294297
 20
23988.36607323703
 30
0.0
 41
150.0
 42
150.0
 43
150.0
 50
240.0000000000038
  0
MTEXT
  5
1353
330
FC5
100
AcDbEntity
  8
$Слои конструкции
 62
     5
440
 16777216
100
AcDbMText
 10
50713.86976218584
 20
24651.28258569661
 30
0.0
 40
250.0
 41
0.0
 46
0.0
 71
     5
 72
     1
  1
\A1;1300
  7
@ТРАНСПРОЕКТ
 11
0.4999999999999427
 21
0.8660254037844717
 31
0.0
 73
     1
 44
1.0
 90
        3
 63
     9
421
 13158600
 45
1.1
441
        0
  0
POINT
  5
1354
330
FC5
100
AcDbEntity
  8
Defpoints
 62
     0
440
 16777216
100
AcDbPoint
 10
50605.29337883076
 20
25464.52453980033
 30
0.0
  0
POINT
  5
1355
330
FC5
100
AcDbEntity
  8
Defpoints
 62
     0
440
 16777216
100
AcDbPoint
 10
49955.29337883123
 20
24338.69151488118
 30
0.0
  0
POINT
  5
1356
330
FC5
100
AcDbEntity
  8
Defpoints
 62
     0
440
 16777216
100
AcDbPoint
 10
50562.07484294297
 20
23988.36607323703
 30
0.0
  0
ENDBLK
  5
FC7
330
FC5
100
AcDbEntity
  8
0
100
AcDbBlockEnd
  0
BLOCK
  5
FD2
330
FD1
100
AcDbEntity
  8
0
100
AcDbBlockBegin
  2
*D186
 70
     1
 10
0.0
 20
0.0
 30
0.0
  3
*D186
  1

  0
LINE
  5
1357
330
FD1
100
AcDbEntity
  8
$Слои конструкции
  6
Continuous
 62
     5
440
 16777216
370
    13
100
AcDbLine
 10
51105.29337883077
 20
26330.54994358525
 30
0.0
 11
52934.26029636886
 21
29498.41357012397
 31
0.0
  0
LINE
  5
1358
330
FD1
100
AcDbEntity
  8
$Слои конструкции
  6
Continuous
 62
     5
440
 16777216
370
    13
100
AcDbLine
 10
42012.02663909445
 20
31580.5499435849
 30
0.0
 11
43840.99355663253
 21
34748.41357012361
 31
0.0
  0
LINE
  5
1359
330
FD1
100
AcDbEntity
  8
$Слои конструкции
  6
Continuous
 62
     5
440
 16777216
370
    13
100
AcDbLine
 10
52884.26029636886
 20
29411.81102974552
 30
0.0
 11
43790.99355663253
 21
34661.81102974517
 31
0.0
  0
INSERT
  5
135A
330
FD1
100
AcDbEntity
  8
$Слои конструкции
 62
     5
440
 16777216
370
    13
100
AcDbBlockReference
  2
_Oblique
 10
52884.26029636886
 20
29411.81102974552
 30
0.0
 41
150.0
 42
150.0
 43
150.0
 50
330.0000000000009
  0
INSERT
  5
135B
330
FD1
100
AcDbEntity
  8
$Слои конструкции
 62
     5
440
 16777216
370
    13
100
AcDbBlockReference
  2
_Oblique
 10
43790.99355663253
 20
34661.81102974517
 30
0.0
 41
150.0
 42
150.0
 43
150.0
 50
150.0000000000009
  0
MTEXT
  5
135C
330
FD1
100
AcDbEntity
  8
$Слои конструкции
 62
     5
440
 16777216
100
AcDbMText
 10
48437.62692650068
 20
32210.01611050223
 30
0.0
 40
250.0
 41
0.0
 46
0.0
 71
     5
 72
     1
  1
\A1;10500
  7
@ТРАНСПРОЕКТ
 11
0.8660254037844465
 21
-0.4999999999999864
 31
0.0
 73
     1
 44
1.0
 90
        3
 63
     9
421
 13158600
 45
1.1
441
        0
  0
POINT
  5
135D
330
FD1
100
AcDbEntity
  8
Defpoints
 62
     0
440
 16777216
100
AcDbPoint
 10
51055.29337883077
 20
26243.9474032068
 30
0.0
  0
POINT
  5
135E
330
FD1
100
AcDbEntity
  8
Defpoints
 62
     0
440
 16777216
100
AcDbPoint
 10
41962.02663909444
 20
31493.94740320645
 30
0.0
  0
POINT
  5
135F
330
FD1
100
AcDbEntity
  8
Defpoints
 62
     0
440
 16777216
100
AcDbPoint
 10
43790.99355663253
 20
34661.81102974517
 30
0.0
  0
ENDBLK
  5
FD3
330
FD1
100
AcDbEntity
  8
0
100
AcDbBlockEnd
  0
BLOCK
  5
FDE
330
FDD
100
AcDbEntity
  8
0
100
AcDbBlockBegin
  2
*D187
 70
     1
 10
0.0
 20
0.0
 30
0.0
  3
*D187
  1

  0
LINE
  5
1360
330
FDD
100
AcDbEntity
  8
$Слои конструкции
  6
Continuous
 62
     5
440
 16777216
370
    13
100
AcDbLine
 10
43547.66728511222
 20
31040.35756475885
 30
0.0
 11
44865.56401804135
 21
33323.021665312
 31
0.0
  0
LINE
  5
1361
330
FDD
100
AcDbEntity
  8
$Слои конструкции
  6
Continuous
 62
     5
440
 16777216
370
    13
100
AcDbLine
 10
50822.28067689531
 20
26840.35756474556
 30
0.0
 11
52140.17740982447
 21
29123.02166529872
 31
0.0
  0
LINE
  5
1362
330
FDD
100
AcDbEntity
  8
$Слои конструкции
  6
Continuous
 62
     5
440
 16777216
370
    13
100
AcDbLine
 10
44815.56401804121
 20
33236.41912493365
 30
0.0
 11
52090.17740982431
 21
29036.41912492037
 31
0.0
  0
INSERT
  5
1363
330
FDD
100
AcDbEntity
  8
$Слои конструкции
 62
     5
440
 16777216
370
    13
100
AcDbBlockReference
  2
_Oblique
 10
44815.56401804121
 20
33236.41912493365
 30
0.0
 41
150.0
 42
150.0
 43
150.0
 50
149.9999999999005
  0
INSERT
  5
1364
330
FDD
100
AcDbEntity
  8
$Слои конструкции
 62
     5
440
 16777216
370
    13
100
AcDbBlockReference
  2
_Oblique
 10
52090.17740982431
 20
29036.41912492037
 30
0.0
 41
150.0
 42
150.0
 43
150.0
 50
329.9999999999005
  0
MTEXT
  5
1365
330
FDD
100
AcDbEntity
  8
$Слои конструкции
 62
     5
440
 16777216
100
AcDbMText
 10
48552.87071393306
 20
31309.62420568372
 30
0.0
 40
250.0
 41
0.0
 46
0.0
 71
     5
 72
     1
  1
\A1;8*2100=8400
  7
@ТРАНСПРОЕКТ
 11
0.8660254037835702
 21
-0.5000000000015041
 31
0.0
 73
     1
 44
1.0
 90
        3
 63
     9
421
 13158600
 45
1.1
441
        0
  0
POINT
  5
1366
330
FDD
100
AcDbEntity
  8
Defpoints
 62
     0
440
 16777216
100
AcDbPoint
 10
43497.66728511206
 20
30953.75502438049
 30
0.0
  0
POINT
  5
1367
330
FDD
100
AcDbEntity
  8
Defpoints
 62
     0
440
 16777216
100
AcDbPoint
 10
50772.28067689516
 20
26753.7550243672
 30
0.0
  0
POINT
  5
1368
330
FDD
100
AcDbEntity
  8
Defpoints
 62
     0
440
 16777216
100
AcDbPoint
 10
52090.17740982431
 20
29036.41912492037
 30
0.0
  0
ENDBLK
  5
FDF
330
FDD
100
AcDbEntity
  8
0
100
AcDbBlockEnd
  0
BLOCK
  5
FEA
330
FE9
100
AcDbEntity
  8
0
100
AcDbBlockBegin
  2
*D188
 70
     1
 10
0.0
 20
0.0
 30
0.0
  3
*D188
  1

  0
LINE
  5
1369
330
FE9
100
AcDbEntity
  8
$Слои конструкции
  6
Continuous
 62
     5
440
 16777216
370
    13
100
AcDbLine
 10
51072.28067689475
 20
27273.37026663808
 30
0.0
 11
52140.17740981217
 21
29123.02166530865
 31
0.0
  0
LINE
  5
136A
330
FE9
100
AcDbEntity
  8
$Слои конструкции
  6
Continuous
 62
     5
440
 16777216
370
    13
100
AcDbLine
 10
51505.29337883174
 20
27023.37026661504
 30
0.0
 11
52573.19011174918
 21
28873.0216652856
 31
0.0
  0
LINE
  5
136B
330
FE9
100
AcDbEntity
  8
$Слои конструкции
  6
Continuous
 62
     5
440
 16777216
370
    13
100
AcDbLine
 10
52090.17740981259
 20
29036.41912492996
 30
0.0
 11
52523.1901117496
 21
28786.41912490691
 31
0.0
  0
LINE
  5
136C
330
FE9
100
AcDbEntity
  8
$Слои конструкции
  6
Continuous
 62
     5
440
 16777216
370
    13
100
AcDbLine
 10
52523.1901117496
 20
28786.41912490691
 30
0.0
 11
53252.37250157679
 21
28365.42547585656
 31
0.0
  0
INSERT
  5
136D
330
FE9
100
AcDbEntity
  8
$Слои конструкции
 62
     5
440
 16777216
370
    13
100
AcDbBlockReference
  2
_Oblique
 10
52090.17740981259
 20
29036.41912492996
 30
0.0
 41
150.0
 42
150.0
 43
150.0
 50
150.0000000002785
  0
INSERT
  5
136E
330
FE9
100
AcDbEntity
  8
$Слои конструкции
 62
     5
440
 16777216
370
    13
100
AcDbBlockReference
  2
_Oblique
 10
52523.1901117496
 20
28786.41912490691
 30
0.0
 41
150.0
 42
150.0
 43
150.0
 50
330.0000000002786
  0
MTEXT
  5
136F
330
FE9
100
AcDbEntity
  8
$Слои конструкции
 62
     5
440
 16777216
100
AcDbMText
 10
53052.73321194636
 20
28711.62738113943
 30
0.0
 40
250.0
 41
0.0
 46
0.0
 71
     5
 72
     1
  1
\A1;500
  7
@ТРАНСПРОЕКТ
 11
0.8660254037868696
 21
-0.4999999999957899
 31
0.0
 73
     1
 44
1.0
 90
        3
 63
     9
421
 13158600
 45
1.1
441
        0
  0
POINT
  5
1370
330
FE9
100
AcDbEntity
  8
Defpoints
 62
     0
440
 16777216
100
AcDbPoint
 10
51022.28067689517
 20
27186.76772625939
 30
0.0
  0
POINT
  5
1371
330
FE9
100
AcDbEntity
  8
Defpoints
 62
     0
440
 16777216
100
AcDbPoint
 10
51455.29337883217
 20
26936.76772623634
 30
0.0
  0
POINT
  5
1372
330
FE9
100
AcDbEntity
  8
Defpoints
 62
     0
440
 16777216
100
AcDbPoint
 10
52523.1901117496
 20
28786.41912490691
 30
0.0
  0
ENDBLK
  5
FEB
330
FE9
100
AcDbEntity
  8
0
100
AcDbBlockEnd
  0
BLOCK
  5
FF7
330
FF6
100
AcDbEntity
  8
0
100
AcDbBlockBegin
  2
*D189
 70
     1
 10
0.0
 20
0.0
 30
0.0
  3
*D189
  1

  0
LINE
  5
1373
330
FF6
100
AcDbEntity
  8
$Слои конструкции
  6
Continuous
 62
     5
440
 16777216
370
    13
100
AcDbLine
 10
50041.89591920967
 20
24288.69151488119
 30
0.0
 11
51928.66882522382
 21
23199.36266969432
 31
0.0
  0
LINE
  5
1374
330
FF6
100
AcDbEntity
  8
$Слои конструкции
  6
Continuous
 62
     5
440
 16777216
370
    13
100
AcDbLine
 10
51541.89591921061
 20
26886.76772623635
 30
0.0
 11
53428.66882522475
 21
25797.43888104948
 31
0.0
  0
LINE
  5
1375
330
FF6
100
AcDbEntity
  8
$Слои конструкции
  6
Continuous
 62
     5
440
 16777216
370
    13
100
AcDbLine
 10
51842.06628484537
 20
23249.36266969432
 30
0.0
 11
53342.06628484631
 21
25847.43888104948
 31
0.0
  0
INSERT
  5
1376
330
FF6
100
AcDbEntity
  8
$Слои конструкции
 62
     5
440
 16777216
370
    13
100
AcDbBlockReference
  2
_Oblique
 10
51842.06628484537
 20
23249.36266969432
 30
0.0
 41
150.0
 42
150.0
 43
150.0
 50
240.0000000000021
  0
INSERT
  5
1377
330
FF6
100
AcDbEntity
  8
$Слои конструкции
 62
     5
440
 16777216
370
    13
100
AcDbBlockReference
  2
_Oblique
 10
53342.06628484631
 20
25847.43888104948
 30
0.0
 41
150.0
 42
150.0
 43
150.0
 50
60.00000000000209
  0
MTEXT
  5
1378
330
FF6
100
AcDbEntity
  8
$Слои конструкции
 62
     5
440
 16777216
100
AcDbMText
 10
52418.86120408895
 20
24648.4007753719
 30
0.0
 40
250.0
 41
0.0
 46
0.0
 71
     5
 72
     1
  1
\A1;3000
  7
@ТРАНСПРОЕКТ
 11
0.4999999999999684
 21
0.8660254037844568
 31
0.0
 73
     1
 44
1.0
 90
        3
 63
     9
421
 13158600
 45
1.1
441
        0
  0
POINT
  5
1379
330
FF6
100
AcDbEntity
  8
Defpoints
 62
     0
440
 16777216
100
AcDbPoint
 10
49955.29337883123
 20
24338.69151488118
 30
0.0
  0
POINT
  5
137A
330
FF6
100
AcDbEntity
  8
Defpoints
 62
     0
440
 16777216
100
AcDbPoint
 10
51455.29337883217
 20
26936.76772623634
 30
0.0
  0
POINT
  5
137B
330
FF6
100
AcDbEntity
  8
Defpoints
 62
     0
440
 16777216
100
AcDbPoint
 10
53342.06628484631
 20
25847.43888104948
 30
0.0
  0
ENDBLK
  5
FF8
330
FF6
100
AcDbEntity
  8
0
100
AcDbBlockEnd
  0
BLOCK
  5
1003
330
1002
100
AcDbEntity
  8
0
100
AcDbBlockBegin
  2
*D190
 70
     1
 10
0.0
 20
0.0
 30
0.0
  3
*D190
  1

  0
ARC
  5
137C
330
1002
100
AcDbEntity
  8
$Размеры
  6
Continuous
 62
     5
440
 16777216
370
    13
100
AcDbCircle
 10
15992.02609354466
 20
38993.94773116495
 30
0.0
 40
4451.139034760701
100
AcDbArc
 50
150.0000000000008
 51
180.0000000000001
  0
INSERT
  5
137D
330
1002
100
AcDbEntity
  8
$Размеры
 62
     5
440
 16777216
370
    13
100
AcDbBlockReference
  2
_Oblique
 10
12137.22661366531
 20
41219.51724854524
 30
0.0
 41
150.0
 42
150.0
 43
150.0
 50
60.00000000000082
  0
INSERT
  5
137E
330
1002
100
AcDbEntity
  8
$Размеры
 62
     5
440
 16777216
370
    13
100
AcDbBlockReference
  2
_Oblique
 10
11540.88705878395
 20
38993.94773116496
 30
0.0
 41
150.0
 42
150.0
 43
150.0
 50
270.0000000000001
  0
MTEXT
  5
137F
330
1002
100
AcDbEntity
  8
$Размеры
 62
     5
440
 16777216
100
AcDbMText
 10
11408.07352714424
 20
39781.64893699475
 30
0.0
 40
250.0
 41
0.0
 46
0.0
 71
     5
 72
     1
  1
\A1;30\U+00B0
  7
@ТРАНСПРОЕКТ
 11
0.1693566242468445
 21
0.9855548355234798
 31
0.0
 73
     1
 44
1.0
 90
        3
 63
     9
421
 13158600
 45
1.1
441
        0
  0
POINT
  5
1380
330
1002
100
AcDbEntity
  8
Defpoints
 62
     0
440
 16777216
100
AcDbPoint
 10
11809.3235884879
 20
40516.32694179625
 30
0.0
  0
POINT
  5
1381
330
1002
100
AcDbEntity
  8
Defpoints
 62
     0
440
 16777216
100
AcDbPoint
 10
6898.759353703704
 20
44243.94773122502
 30
0.0
  0
POINT
  5
1382
330
1002
100
AcDbEntity
  8
Defpoints
 62
     0
440
 16777216
100
AcDbPoint
 10
16012.02609344513
 20
38993.94773116496
 30
0.0
  0
POINT
  5
1383
330
1002
100
AcDbEntity
  8
Defpoints
 62
     0
440
 16777216
100
AcDbPoint
 10
11190.4211214598
 20
38993.94773116495
 30
0.0
  0
POINT
  5
1384
330
1002
100
AcDbEntity
  8
Defpoints
 62
     0
440
 16777216
100
AcDbPoint
 10
15992.02609344001
 20
38993.94773122537
 30
0.0
  0
ENDBLK
  5
1004
330
1002
100
AcDbEntity
  8
0
100
AcDbBlockEnd
  0
BLOCK
  5
100F
330
100E
100
AcDbEntity
  8
0
100
AcDbBlockBegin
  2
*D191
 70
     1
 10
0.0
 20
0.0
 30
0.0
  3
*D191
  1

  0
LINE
  5
1385
330
100E
100
AcDbEntity
  8
$Слои конструкции
  6
Continuous
 62
     5
440
 16777216
370
    13
100
AcDbLine
 10
6848.758808055781
 20
44157.34551874466
 30
0.0
 11
5019.791890518451
 21
40989.48189220726
 31
0.0
  0
LINE
  5
1386
330
100E
100
AcDbEntity
  8
$Слои конструкции
  6
Continuous
 62
     5
440
 16777216
370
    13
100
AcDbLine
 10
15942.02554779209
 20
38907.34551874501
 30
0.0
 11
14113.05863025476
 21
35739.48189220761
 31
0.0
  0
LINE
  5
1387
330
100E
100
AcDbEntity
  8
$Слои конструкции
  6
Continuous
 62
     5
440
 16777216
370
    13
100
AcDbLine
 10
5069.791890518451
 20
41076.0844325857
 30
0.0
 11
14163.05863025476
 21
35826.08443258605
 31
0.0
  0
INSERT
  5
1388
330
100E
100
AcDbEntity
  8
$Слои конструкции
 62
     5
440
 16777216
370
    13
100
AcDbBlockReference
  2
_Oblique
 10
5069.791890518451
 20
41076.0844325857
 30
0.0
 41
150.0
 42
150.0
 43
150.0
 50
150.0000000000008
  0
INSERT
  5
1389
330
100E
100
AcDbEntity
  8
$Слои конструкции
 62
     5
440
 16777216
370
    13
100
AcDbBlockReference
  2
_Oblique
 10
14163.05863025476
 20
35826.08443258605
 30
0.0
 41
150.0
 42
150.0
 43
150.0
 50
330.0000000000009
  0
MTEXT
  5
138A
330
100E
100
AcDbEntity
  8
$Слои конструкции
 62
     5
440
 16777216
100
AcDbMText
 10
9716.425260386607
 20
38624.28951334277
 30
0.0
 40
250.0
 41
0.0
 46
0.0
 71
     5
 72
     1
  1
\A1;10500
  7
@ТРАНСПРОЕКТ
 11
0.866025403784446
 21
-0.4999999999999872
 31
0.0
 73
     1
 44
1.0
 90
        3
 63
     9
421
 13158600
 45
1.1
441
        0
  0
POINT
  5
138B
330
100E
100
AcDbEntity
  8
Defpoints
 62
     0
440
 16777216
100
AcDbPoint
 10
6898.758808055778
 20
44243.9480591231
 30
0.0
  0
POINT
  5
138C
330
100E
100
AcDbEntity
  8
Defpoints
 62
     0
440
 16777216
100
AcDbPoint
 10
15992.02554779209
 20
38993.94805912345
 30
0.0
  0
POINT
  5
138D
330
100E
100
AcDbEntity
  8
Defpoints
 62
     0
440
 16777216
100
AcDbPoint
 10
14163.05863025476
 20
35826.08443258605
 30
0.0
  0
ENDBLK
  5
1010
330
100E
100
AcDbEntity
  8
0
100
AcDbBlockEnd
  0
BLOCK
  5
101B
330
101A
100
AcDbEntity
  8
0
100
AcDbBlockBegin
  2
*D192
 70
     1
 10
0.0
 20
0.0
 30
0.0
  3
*D192
  1

  0
LINE
  5
138E
330
101A
100
AcDbEntity
  8
$Слои конструкции
  6
Continuous
 62
     5
440
 16777216
370
    13
100
AcDbLine
 10
8048.758808055303
 20
46235.80648782716
 30
0.0
 11
9134.232689046269
 21
48115.90239999292
 31
0.0
  0
LINE
  5
138F
330
101A
100
AcDbEntity
  8
$Слои конструкции
  6
Continuous
 62
     5
440
 16777216
370
    13
100
AcDbLine
 10
16042.02554780092
 20
41620.89178393159
 30
0.0
 11
17127.49942879189
 21
43500.98769609735
 31
0.0
  0
LINE
  5
1390
330
101A
100
AcDbEntity
  8
$Слои конструкции
  6
Continuous
 62
     5
440
 16777216
370
    13
100
AcDbLine
 10
9084.232689046276
 20
48029.29985961447
 30
0.0
 11
17077.4994287919
 21
43414.38515571891
 31
0.0
  0
INSERT
  5
1391
330
101A
100
AcDbEntity
  8
$Слои конструкции
 62
     5
440
 16777216
370
    13
100
AcDbBlockReference
  2
_Oblique
 10
9084.232689046276
 20
48029.29985961447
 30
0.0
 41
150.0
 42
150.0
 43
150.0
 50
150.0000000000056
  0
INSERT
  5
1392
330
101A
100
AcDbEntity
  8
$Слои конструкции
 62
     5
440
 16777216
370
    13
100
AcDbBlockReference
  2
_Oblique
 10
17077.4994287919
 20
43414.38515571891
 30
0.0
 41
150.0
 42
150.0
 43
150.0
 50
330.0000000000056
  0
MTEXT
  5
1393
330
101A
100
AcDbEntity
  8
$Слои конструкции
 62
     5
440
 16777216
100
AcDbMText
 10
13180.86605891907
 20
45895.04758842358
 30
0.0
 40
250.0
 41
0.0
 46
0.0
 71
     5
 72
     1
  1
\A1;9230
  7
@ТРАНСПРОЕКТ
 11
0.8660254037844877
 21
-0.4999999999999149
 31
0.0
 73
     1
 44
1.0
 90
        3
 63
     9
421
 13158600
 45
1.1
441
        0
  0
POINT
  5
1394
330
101A
100
AcDbEntity
  8
Defpoints
 62
     0
440
 16777216
100
AcDbPoint
 10
7998.758808055311
 20
46149.20394744872
 30
0.0
  0
POINT
  5
1395
330
101A
100
AcDbEntity
  8
Defpoints
 62
     0
440
 16777216
100
AcDbPoint
 10
15992.02554780093
 20
41534.28924355314
 30
0.0
  0
POINT
  5
1396
330
101A
100
AcDbEntity
  8
Defpoints
 62
     0
440
 16777216
100
AcDbPoint
 10
17077.4994287919
 20
43414.38515571891
 30
0.0
  0
ENDBLK
  5
101C
330
101A
100
AcDbEntity
  8
0
100
AcDbBlockEnd
  0
BLOCK
  5
1027
330
1026
100
AcDbEntity
  8
0
100
AcDbBlockBegin
  2
*D193
 70
     1
 10
0.0
 20
0.0
 30
0.0
  3
*D193
  1

  0
LINE
  5
1397
330
1026
100
AcDbEntity
  8
$Слои конструкции
  6
Continuous
 62
     5
440
 16777216
370
    13
100
AcDbLine
 10
14406.38490178192
 20
39447.53789758401
 30
0.0
 11
13088.48816885674
 21
37164.87379702831
 31
0.0
  0
LINE
  5
1398
330
1026
100
AcDbEntity
  8
$Слои конструкции
  6
Continuous
 62
     5
440
 16777216
370
    13
100
AcDbLine
 10
7131.771509991382
 20
43647.53789758425
 30
0.0
 11
5813.874777066207
 21
41364.87379702854
 31
0.0
  0
LINE
  5
1399
330
1026
100
AcDbEntity
  8
$Слои конструкции
  6
Continuous
 62
     5
440
 16777216
370
    13
100
AcDbLine
 10
13138.48816885674
 20
37251.47633740676
 30
0.0
 11
5863.874777066203
 21
41451.47633740698
 31
0.0
  0
INSERT
  5
139A
330
1026
100
AcDbEntity
  8
$Слои конструкции
 62
     5
440
 16777216
370
    13
100
AcDbBlockReference
  2
_Oblique
 10
13138.48816885674
 20
37251.47633740676
 30
0.0
 41
150.0
 42
150.0
 43
150.0
 50
330.0000000000029
  0
INSERT
  5
139B
330
1026
100
AcDbEntity
  8
$Слои конструкции
 62
     5
440
 16777216
370
    13
100
AcDbBlockReference
  2
_Oblique
 10
5863.874777066203
 20
41451.47633740698
 30
0.0
 41
150.0
 42
150.0
 43
150.0
 50
150.0000000000028
  0
MTEXT
  5
139C
330
1026
100
AcDbEntity
  8
$Слои конструкции
 62
     5
440
 16777216
100
AcDbMText
 10
9601.181472961467
 20
39524.68141816376
 30
0.0
 40
250.0
 41
0.0
 46
0.0
 71
     5
 72
     1
  1
\A1;4*2100=8400
  7
@ТРАНСПРОЕКТ
 11
0.8660254037844639
 21
-0.4999999999999565
 31
0.0
 73
     1
 44
1.0
 90
        3
 63
     9
421
 13158600
 45
1.1
441
        0
  0
POINT
  5
139D
330
1026
100
AcDbEntity
  8
Defpoints
 62
     0
440
 16777216
100
AcDbPoint
 10
14456.38490178191
 20
39534.14043796245
 30
0.0
  0
POINT
  5
139E
330
1026
100
AcDbEntity
  8
Defpoints
 62
     0
440
 16777216
100
AcDbPoint
 10
7181.771509991378
 20
43734.14043796269
 30
0.0
  0
POINT
  5
139F
330
1026
100
AcDbEntity
  8
Defpoints
 62
     0
440
 16777216
100
AcDbPoint
 10
5863.874777066203
 20
41451.47633740698
 30
0.0
  0
ENDBLK
  5
1028
330
1026
100
AcDbEntity
  8
0
100
AcDbBlockEnd
  0
BLOCK
  5
1033
330
1032
100
AcDbEntity
  8
0
100
AcDbBlockBegin
  2
*D194
 70
     1
 10
0.0
 20
0.0
 30
0.0
  3
*D194
  1

  0
LINE
  5
13A0
330
1032
100
AcDbEntity
  8
$Слои конструкции
  6
Continuous
 62
     5
440
 16777216
370
    13
100
AcDbLine
 10
6881.771509991797
 20
43214.52519569182
 30
0.0
 11
5813.874777074621
 21
41364.87379702173
 31
0.0
  0
LINE
  5
13A1
330
1032
100
AcDbEntity
  8
$Слои конструкции
  6
Continuous
 62
     5
440
 16777216
370
    13
100
AcDbLine
 10
6448.758808054801
 20
43464.52519571487
 30
0.0
 11
5380.862075137626
 21
41614.87379704478
 31
0.0
  0
LINE
  5
13A2
330
1032
100
AcDbEntity
  8
$Слои конструкции
  6
Continuous
 62
     5
440
 16777216
370
    13
100
AcDbLine
 10
5863.874777074199
 20
41451.47633740042
 30
0.0
 11
5430.862075137204
 21
41701.47633742346
 31
0.0
  0
LINE
  5
13A3
330
1032
100
AcDbEntity
  8
$Слои конструкции
  6
Continuous
 62
     5
440
 16777216
370
    13
100
AcDbLine
 10
5430.862075137204
 20
41701.47633742346
 30
0.0
 11
4701.679685310003
 21
42122.46998647382
 31
0.0
  0
INSERT
  5
13A4
330
1032
100
AcDbEntity
  8
$Слои конструкции
 62
     5
440
 16777216
370
    13
100
AcDbBlockReference
  2
_Oblique
 10
5863.874777074199
 20
41451.47633740042
 30
0.0
 41
150.0
 42
150.0
 43
150.0
 50
330.0000000002781
  0
INSERT
  5
13A5
330
1032
100
AcDbEntity
  8
$Слои конструкции
 62
     5
440
 16777216
370
    13
100
AcDbBlockReference
  2
_Oblique
 10
5430.862075137204
 20
41701.47633742346
 30
0.0
 41
150.0
 42
150.0
 43
150.0
 50
150.0000000002781
  0
MTEXT
  5
13A6
330
1032
100
AcDbEntity
  8
$Слои конструкции
 62
     5
440
 16777216
100
AcDbMText
 10
5101.318974938745
 20
42122.67824270569
 30
0.0
 40
250.0
 41
0.0
 46
0.0
 71
     5
 72
     1
  1
\A1;500
  7
@ТРАНСПРОЕКТ
 11
0.8660254037868654
 21
-0.4999999999957966
 31
0.0
 73
     1
 44
1.0
 90
        3
 63
     9
421
 13158600
 45
1.1
441
        0
  0
POINT
  5
13A7
330
1032
100
AcDbEntity
  8
Defpoints
 62
     0
440
 16777216
100
AcDbPoint
 10
6931.771509991375
 20
43301.12773607051
 30
0.0
  0
POINT
  5
13A8
330
1032
100
AcDbEntity
  8
Defpoints
 62
     0
440
 16777216
100
AcDbPoint
 10
6498.758808054379
 20
43551.12773609356
 30
0.0
  0
POINT
  5
13A9
330
1032
100
AcDbEntity
  8
Defpoints
 62
     0
440
 16777216
100
AcDbPoint
 10
5430.862075137204
 20
41701.47633742346
 30
0.0
  0
ENDBLK
  5
1034
330
1032
100
AcDbEntity
  8
0
100
AcDbBlockEnd
  0
BLOCK
  5
1040
330
103F
100
AcDbEntity
  8
0
100
AcDbBlockBegin
  2
*D195
 70
     1
 10
0.0
 20
0.0
 30
0.0
  3
*D195
  1

  0
ARC
  5
13AA
330
103F
100
AcDbEntity
  8
$Размеры
  6
Continuous
 62
     5
440
 16777216
370
    13
100
AcDbCircle
 10
15992.02609354466
 20
31493.94773116495
 30
0.0
 40
4527.394525497158
100
AcDbArc
 50
180.0
 51
209.9999999999991
  0
INSERT
  5
13AB
330
103F
100
AcDbEntity
  8
$Размеры
 62
     5
440
 16777216
370
    13
100
AcDbBlockReference
  2
_Oblique
 10
11464.6315680475
 20
31493.94773116495
 30
0.0
 41
150.0
 42
150.0
 43
150.0
 50
90.00000000000005
  0
INSERT
  5
13AC
330
103F
100
AcDbEntity
  8
$Размеры
 62
     5
440
 16777216
370
    13
100
AcDbBlockReference
  2
_Oblique
 10
12071.18742150949
 20
29230.25046841643
 30
0.0
 41
150.0
 42
150.0
 43
150.0
 50
299.9999999999992
  0
MTEXT
  5
13AD
330
103F
100
AcDbEntity
  8
$Размеры
 62
     5
440
 16777216
100
AcDbMText
 10
11730.37441449249
 20
30742.50355776639
 30
0.0
 40
250.0
 41
0.0
 46
0.0
 71
     5
 72
     1
  1
\A1;30\U+00B0
  7
@ТРАНСПРОЕКТ
 11
0.1736481776669599
 21
-0.9848077530122028
 31
0.0
 73
     1
 44
1.0
 90
        3
 63
     9
421
 13158600
 45
1.1
441
        0
  0
POINT
  5
13AE
330
103F
100
AcDbEntity
  8
Defpoints
 62
     0
440
 16777216
100
AcDbPoint
 10
11737.66686654844
 20
29945.4876066626
 30
0.0
  0
POINT
  5
13AF
330
103F
100
AcDbEntity
  8
Defpoints
 62
     0
440
 16777216
100
AcDbPoint
 10
6898.759353703701
 20
26243.94773110488
 30
0.0
  0
POINT
  5
13B0
330
103F
100
AcDbEntity
  8
Defpoints
 62
     0
440
 16777216
100
AcDbPoint
 10
16012.02609344513
 20
31493.94773116495
 30
0.0
  0
POINT
  5
13B1
330
103F
100
AcDbEntity
  8
Defpoints
 62
     0
440
 16777216
100
AcDbPoint
 10
11222.61257428664
 20
31493.94773116495
 30
0.0
  0
POINT
  5
13B2
330
103F
100
AcDbEntity
  8
Defpoints
 62
     0
440
 16777216
100
AcDbPoint
 10
15992.02609344001
 20
31493.94773110453
 30
0.0
  0
ENDBLK
  5
1041
330
103F
100
AcDbEntity
  8
0
100
AcDbBlockEnd
  0
BLOCK
  5
104C
330
104B
100
AcDbEntity
  8
0
100
AcDbBlockBegin
  2
*D196
 70
     1
 10
0.0
 20
0.0
 30
0.0
  3
*D196
  1

  0
LINE
  5
13B3
330
104B
100
AcDbEntity
  8
$Слои конструкции
  6
Continuous
 62
     5
440
 16777216
370
    13
100
AcDbLine
 10
7095.168969592363
 20
26703.75502440287
 30
0.0
 11
6055.375354763899
 21
26103.42990098231
 31
0.0
  0
LINE
  5
13B4
330
104B
100
AcDbEntity
  8
$Слои конструкции
  6
Continuous
 62
     5
440
 16777216
370
    13
100
AcDbLine
 10
8095.16896958957
 20
24971.70421683218
 30
0.0
 11
7055.375354761105
 21
24371.37909341162
 31
0.0
  0
LINE
  5
13B5
330
104B
100
AcDbEntity
  8
$Слои конструкции
  6
Continuous
 62
     5
440
 16777216
370
    13
100
AcDbLine
 10
6141.977895142424
 20
26153.42990098216
 30
0.0
 11
7141.977895139631
 21
24421.37909341147
 31
0.0
  0
INSERT
  5
13B6
330
104B
100
AcDbEntity
  8
$Слои конструкции
 62
     5
440
 16777216
370
    13
100
AcDbBlockReference
  2
_Oblique
 10
6141.977895142424
 20
26153.42990098216
 30
0.0
 41
150.0
 42
150.0
 43
150.0
 50
119.9999999999047
  0
INSERT
  5
13B7
330
104B
100
AcDbEntity
  8
$Слои конструкции
 62
     5
440
 16777216
370
    13
100
AcDbBlockReference
  2
_Oblique
 10
7141.977895139631
 20
24421.37909341147
 30
0.0
 41
150.0
 42
150.0
 43
150.0
 50
299.9999999999047
  0
MTEXT
  5
13B8
330
104B
100
AcDbEntity
  8
$Слои конструкции
 62
     5
440
 16777216
100
AcDbMText
 10
6815.182975898051
 20
25387.40449719659
 30
0.0
 40
250.0
 41
0.0
 46
0.0
 71
     5
 72
     1
  1
\A1;2000
  7
@ТРАНСПРОЕКТ
 11
0.4999999999985596
 21
-0.8660254037852702
 31
0.0
 73
     1
 44
1.0
 90
        3
 63
     9
421
 13158600
 45
1.1
441
        0
  0
POINT
  5
13B9
330
104B
100
AcDbEntity
  8
Defpoints
 62
     0
440
 16777216
100
AcDbPoint
 10
7181.771509970892
 20
26753.75502440272
 30
0.0
  0
POINT
  5
13BA
330
104B
100
AcDbEntity
  8
Defpoints
 62
     0
440
 16777216
100
AcDbPoint
 10
8181.771509968097
 20
25021.70421683203
 30
0.0
  0
POINT
  5
13BB
330
104B
100
AcDbEntity
  8
Defpoints
 62
     0
440
 16777216
100
AcDbPoint
 10
7141.977895139631
 20
24421.37909341147
 30
0.0
  0
ENDBLK
  5
104D
330
104B
100
AcDbEntity
  8
0
100
AcDbBlockEnd
  0
BLOCK
  5
1058
330
1057
100
AcDbEntity
  8
0
100
AcDbBlockBegin
  2
*D197
 70
     1
 10
0.0
 20
0.0
 30
0.0
  3
*D197
  1

  0
LINE
  5
13BC
330
1057
100
AcDbEntity
  8
$Слои конструкции
  6
Continuous
 62
     5
440
 16777216
370
    13
100
AcDbLine
 10
6662.156267677341
 20
26453.75502434217
 30
0.0
 11
6055.374803565769
 21
26103.42958269796
 31
0.0
  0
LINE
  5
13BD
330
1057
100
AcDbEntity
  8
$Слои конструкции
  6
Continuous
 62
     5
440
 16777216
370
    13
100
AcDbLine
 10
6412.156267677339
 20
26886.76772623423
 30
0.0
 11
5805.374803565769
 21
26536.44228459002
 31
0.0
  0
LINE
  5
13BE
330
1057
100
AcDbEntity
  8
$Слои конструкции
  6
Continuous
 62
     5
440
 16777216
370
    13
100
AcDbLine
 10
6141.977343944207
 20
26153.42958269797
 30
0.0
 11
5891.977343944205
 21
26586.44228459003
 31
0.0
  0
LINE
  5
13BF
330
1057
100
AcDbEntity
  8
$Слои конструкции
  6
Continuous
 62
     5
440
 16777216
370
    13
100
AcDbLine
 10
5891.977343944205
 20
26586.44228459003
 30
0.0
 11
5470.983694890199
 21
27315.62467441512
 31
0.0
  0
INSERT
  5
13C0
330
1057
100
AcDbEntity
  8
$Слои конструкции
 62
     5
440
 16777216
370
    13
100
AcDbBlockReference
  2
_Oblique
 10
6141.977343944207
 20
26153.42958269797
 30
0.0
 41
150.0
 42
150.0
 43
150.0
 50
300.0000000000091
  0
INSERT
  5
13C1
330
1057
100
AcDbEntity
  8
$Слои конструкции
 62
     5
440
 16777216
370
    13
100
AcDbBlockReference
  2
_Oblique
 10
5891.977343944205
 20
26586.44228459003
 30
0.0
 41
150.0
 42
150.0
 43
150.0
 50
120.000000000009
  0
MTEXT
  5
13C2
330
1057
100
AcDbEntity
  8
$Слои конструкции
 62
     5
440
 16777216
100
AcDbMText
 10
5817.185600174065
 20
27115.98538478643
 30
0.0
 40
250.0
 41
0.0
 46
0.0
 71
     5
 72
     1
  1
\A1;500
  7
@ТРАНСПРОЕКТ
 11
0.5000000000001373
 21
-0.8660254037843595
 31
0.0
 73
     1
 44
1.0
 90
        3
 63
     9
421
 13158600
 45
1.1
441
        0
  0
POINT
  5
13C3
330
1057
100
AcDbEntity
  8
Defpoints
 62
     0
440
 16777216
100
AcDbPoint
 10
6748.758808055779
 20
26503.75502434219
 30
0.0
  0
POINT
  5
13C4
330
1057
100
AcDbEntity
  8
Defpoints
 62
     0
440
 16777216
100
AcDbPoint
 10
6498.758808055775
 20
26936.76772623425
 30
0.0
  0
POINT
  5
13C5
330
1057
100
AcDbEntity
  8
Defpoints
 62
     0
440
 16777216
100
AcDbPoint
 10
5891.977343944205
 20
26586.44228459003
 30
0.0
  0
ENDBLK
  5
1059
330
1057
100
AcDbEntity
  8
0
100
AcDbBlockEnd
  0
BLOCK
  5
1065
330
1064
100
AcDbEntity
  8
0
100
AcDbBlockBegin
  2
*D198
 70
     1
 10
0.0
 20
0.0
 30
0.0
  3
*D198
  1

  0
LINE
  5
13C6
330
1064
100
AcDbEntity
  8
$Слои конструкции
  6
Continuous
 62
     5
440
 16777216
370
    13
100
AcDbLine
 10
8095.168969589634
 20
24971.70421683194
 30
0.0
 11
7055.375354761998
 21
24371.37909340999
 31
0.0
  0
LINE
  5
13C7
330
1064
100
AcDbEntity
  8
$Слои конструкции
  6
Continuous
 62
     5
440
 16777216
370
    13
100
AcDbLine
 10
8345.168969609657
 20
24538.69151490473
 30
0.0
 11
7305.375354782022
 21
23938.36639148277
 31
0.0
  0
LINE
  5
13C8
330
1064
100
AcDbEntity
  8
$Слои конструкции
  6
Continuous
 62
     5
440
 16777216
370
    13
100
AcDbLine
 10
7141.977895140456
 20
24421.37909340996
 30
0.0
 11
7391.977895160481
 21
23988.36639148274
 31
0.0
  0
LINE
  5
13C9
330
1064
100
AcDbEntity
  8
$Слои конструкции
  6
Continuous
 62
     5
440
 16777216
370
    13
100
AcDbLine
 10
7391.977895160481
 20
23988.36639148274
 30
0.0
 11
7812.971544214142
 21
23259.18400165746
 31
0.0
  0
INSERT
  5
13CA
330
1064
100
AcDbEntity
  8
$Слои конструкции
 62
     5
440
 16777216
370
    13
100
AcDbBlockReference
  2
_Oblique
 10
7141.977895140456
 20
24421.37909340996
 30
0.0
 41
150.0
 42
150.0
 43
150.0
 50
119.9999999999819
  0
INSERT
  5
13CB
330
1064
100
AcDbEntity
  8
$Слои конструкции
 62
     5
440
 16777216
370
    13
100
AcDbBlockReference
  2
_Oblique
 10
7391.977895160481
 20
23988.36639148274
 30
0.0
 41
150.0
 42
150.0
 43
150.0
 50
299.9999999999819
  0
MTEXT
  5
13CC
330
1064
100
AcDbEntity
  8
$Слои конструкции
 62
     5
440
 16777216
100
AcDbMText
 10
7813.179800444213
 20
23658.8232912862
 30
0.0
 40
250.0
 41
0.0
 46
0.0
 71
     5
 72
     1
  1
\A1;500
  7
@ТРАНСПРОЕКТ
 11
0.4999999999997273
 21
-0.8660254037845961
 31
0.0
 73
     1
 44
1.0
 90
        3
 63
     9
421
 13158600
 45
1.1
441
        0
  0
POINT
  5
13CD
330
1064
100
AcDbEntity
  8
Defpoints
 62
     0
440
 16777216
100
AcDbPoint
 10
8181.771509968093
 20
25021.70421683191
 30
0.0
  0
POINT
  5
13CE
330
1064
100
AcDbEntity
  8
Defpoints
 62
     0
440
 16777216
100
AcDbPoint
 10
8431.771509988116
 20
24588.6915149047
 30
0.0
  0
POINT
  5
13CF
330
1064
100
AcDbEntity
  8
Defpoints
 62
     0
440
 16777216
100
AcDbPoint
 10
7391.977895160481
 20
23988.36639148274
 30
0.0
  0
ENDBLK
  5
1066
330
1064
100
AcDbEntity
  8
0
100
AcDbBlockEnd
  0
BLOCK
  5
1072
330
1071
100
AcDbEntity
  8
0
100
AcDbBlockBegin
  2
*D199
 70
     1
 10
0.0
 20
0.0
 30
0.0
  3
*D199
  1

  0
LINE
  5
13D0
330
1071
100
AcDbEntity
  8
$Слои конструкции
  6
Continuous
 62
     5
440
 16777216
370
    13
100
AcDbLine
 10
6848.758808055778
 20
26330.54994358526
 30
0.0
 11
5019.791890518249
 21
29498.41357012301
 31
0.0
  0
LINE
  5
13D1
330
1071
100
AcDbEntity
  8
$Слои конструкции
  6
Continuous
 62
     5
440
 16777216
370
    13
100
AcDbLine
 10
15942.02554779208
 20
31580.5499435849
 30
0.0
 11
14113.05863025455
 21
34748.41357012265
 31
0.0
  0
LINE
  5
13D2
330
1071
100
AcDbEntity
  8
$Слои конструкции
  6
Continuous
 62
     5
440
 16777216
370
    13
100
AcDbLine
 10
5069.791890518247
 20
29411.81102974456
 30
0.0
 11
14163.05863025455
 21
34661.81102974421
 31
0.0
  0
INSERT
  5
13D3
330
1071
100
AcDbEntity
  8
$Слои конструкции
 62
     5
440
 16777216
370
    13
100
AcDbBlockReference
  2
_Oblique
 10
5069.791890518247
 20
29411.81102974456
 30
0.0
 41
150.0
 42
150.0
 43
150.0
 50
209.9999999999991
  0
INSERT
  5
13D4
330
1071
100
AcDbEntity
  8
$Слои конструкции
 62
     5
440
 16777216
370
    13
100
AcDbBlockReference
  2
_Oblique
 10
14163.05863025455
 20
34661.81102974421
 30
0.0
 41
150.0
 42
150.0
 43
150.0
 50
29.99999999999913
  0
MTEXT
  5
13D5
330
1071
100
AcDbEntity
  8
$Слои конструкции
 62
     5
440
 16777216
100
AcDbMText
 10
9516.425260386403
 20
32210.01611050127
 30
0.0
 40
250.0
 41
0.0
 46
0.0
 71
     5
 72
     1
  1
\A1;10500
  7
@ТРАНСПРОЕКТ
 11
0.8660254037844461
 21
0.4999999999999868
 31
0.0
 73
     1
 44
1.0
 90
        3
 63
     9
421
 13158600
 45
1.1
441
        0
  0
POINT
  5
13D6
330
1071
100
AcDbEntity
  8
Defpoints
 62
     0
440
 16777216
100
AcDbPoint
 10
6898.758808055776
 20
26243.94740320681
 30
0.0
  0
POINT
  5
13D7
330
1071
100
AcDbEntity
  8
Defpoints
 62
     0
440
 16777216
100
AcDbPoint
 10
15992.02554779208
 20
31493.94740320646
 30
0.0
  0
POINT
  5
13D8
330
1071
100
AcDbEntity
  8
Defpoints
 62
     0
440
 16777216
100
AcDbPoint
 10
14163.05863025455
 20
34661.81102974421
 30
0.0
  0
ENDBLK
  5
1073
330
1071
100
AcDbEntity
  8
0
100
AcDbBlockEnd
  0
BLOCK
  5
107E
330
107D
100
AcDbEntity
  8
0
100
AcDbBlockBegin
  2
*D200
 70
     1
 10
0.0
 20
0.0
 30
0.0
  3
*D200
  1

  0
LINE
  5
13D9
330
107D
100
AcDbEntity
  8
$Слои конструкции
  6
Continuous
 62
     5
440
 16777216
370
    13
100
AcDbLine
 10
14406.38545023044
 20
31040.35756636981
 30
0.0
 11
13088.48879144251
 21
33323.02170972831
 31
0.0
  0
LINE
  5
13DA
330
107D
100
AcDbEntity
  8
$Слои конструкции
  6
Continuous
 62
     5
440
 16777216
370
    13
100
AcDbLine
 10
7131.771512804083
 20
26840.35756636958
 30
0.0
 11
5813.874854016161
 21
29123.02170972808
 31
0.0
  0
LINE
  5
13DB
330
107D
100
AcDbEntity
  8
$Слои конструкции
  6
Continuous
 62
     5
440
 16777216
370
    13
100
AcDbLine
 10
13138.4887886298
 20
33236.41916772595
 30
0.0
 11
5863.874851203452
 21
29036.41916772571
 31
0.0
  0
INSERT
  5
13DC
330
107D
100
AcDbEntity
  8
$Слои конструкции
 62
     5
440
 16777216
370
    13
100
AcDbBlockReference
  2
_Oblique
 10
13138.4887886298
 20
33236.41916772595
 30
0.0
 41
150.0
 42
150.0
 43
150.0
 50
29.99999813912644
  0
INSERT
  5
13DD
330
107D
100
AcDbEntity
  8
$Слои конструкции
 62
     5
440
 16777216
370
    13
100
AcDbBlockReference
  2
_Oblique
 10
5863.874851203452
 20
29036.41916772571
 30
0.0
 41
150.0
 42
150.0
 43
150.0
 50
209.9999981391264
  0
MTEXT
  5
13DE
330
107D
100
AcDbEntity
  8
$Слои конструкции
 62
     5
440
 16777216
100
AcDbMText
 10
9401.18182554205
 20
31309.62425173056
 30
0.0
 40
250.0
 41
0.0
 46
0.0
 71
     5
 72
     1
  1
\A1;8*2100=8400
  7
@ТРАНСПРОЕКТ
 11
0.8660254200236236
 21
0.4999999718729055
 31
0.0
 73
     1
 44
1.0
 90
        3
 63
     9
421
 13158600
 45
1.1
441
        0
  0
POINT
  5
13DF
330
107D
100
AcDbEntity
  8
Defpoints
 62
     0
440
 16777216
100
AcDbPoint
 10
14456.38544741773
 20
30953.75502436744
 30
0.0
  0
POINT
  5
13E0
330
107D
100
AcDbEntity
  8
Defpoints
 62
     0
440
 16777216
100
AcDbPoint
 10
7181.771509991373
 20
26753.75502436722
 30
0.0
  0
POINT
  5
13E1
330
107D
100
AcDbEntity
  8
Defpoints
 62
     0
440
 16777216
100
AcDbPoint
 10
5863.874851203452
 20
29036.41916772571
 30
0.0
  0
ENDBLK
  5
107F
330
107D
100
AcDbEntity
  8
0
100
AcDbBlockEnd
  0
BLOCK
  5
108A
330
1089
100
AcDbEntity
  8
0
100
AcDbBlockBegin
  2
*D201
 70
     1
 10
0.0
 20
0.0
 30
0.0
  3
*D201
  1

  0
LINE
  5
13E2
330
1089
100
AcDbEntity
  8
$Слои конструкции
  6
Continuous
 62
     5
440
 16777216
370
    13
100
AcDbLine
 10
6881.771509991793
 20
27273.37026663808
 30
0.0
 11
5813.874777074467
 21
29123.02166530844
 31
0.0
  0
LINE
  5
13E3
330
1089
100
AcDbEntity
  8
$Слои конструкции
  6
Continuous
 62
     5
440
 16777216
370
    13
100
AcDbLine
 10
6448.758808054799
 20
27023.37026661503
 30
0.0
 11
5380.862075137473
 21
28873.02166528538
 31
0.0
  0
LINE
  5
13E4
330
1089
100
AcDbEntity
  8
$Слои конструкции
  6
Continuous
 62
     5
440
 16777216
370
    13
100
AcDbLine
 10
5863.874777074046
 20
29036.41912492975
 30
0.0
 11
5430.862075137053
 21
28786.4191249067
 31
0.0
  0
LINE
  5
13E5
330
1089
100
AcDbEntity
  8
$Слои конструкции
  6
Continuous
 62
     5
440
 16777216
370
    13
100
AcDbLine
 10
5430.862075137053
 20
28786.4191249067
 30
0.0
 11
4701.679685309847
 21
28365.42547585635
 31
0.0
  0
INSERT
  5
13E6
330
1089
100
AcDbEntity
  8
$Слои конструкции
 62
     5
440
 16777216
370
    13
100
AcDbBlockReference
  2
_Oblique
 10
5863.874777074046
 20
29036.41912492975
 30
0.0
 41
150.0
 42
150.0
 43
150.0
 50
29.99999999972187
  0
INSERT
  5
13E7
330
1089
100
AcDbEntity
  8
$Слои конструкции
 62
     5
440
 16777216
370
    13
100
AcDbBlockReference
  2
_Oblique
 10
5430.862075137053
 20
28786.4191249067
 30
0.0
 41
150.0
 42
150.0
 43
150.0
 50
209.9999999997219
  0
MTEXT
  5
13E8
330
1089
100
AcDbEntity
  8
$Слои конструкции
 62
     5
440
 16777216
100
AcDbMText
 10
4901.318974940277
 20
28711.62738113921
 30
0.0
 40
250.0
 41
0.0
 46
0.0
 71
     5
 72
     1
  1
\A1;500
  7
@ТРАНСПРОЕКТ
 11
0.8660254037868654
 21
0.4999999999957966
 31
0.0
 73
     1
 44
1.0
 90
        3
 63
     9
421
 13158600
 45
1.1
441
        0
  0
POINT
  5
13E9
330
1089
100
AcDbEntity
  8
Defpoints
 62
     0
440
 16777216
100
AcDbPoint
 10
6931.771509991373
 20
27186.76772625939
 30
0.0
  0
POINT
  5
13EA
330
1089
100
AcDbEntity
  8
Defpoints
 62
     0
440
 16777216
100
AcDbPoint
 10
6498.758808054379
 20
26936.76772623634
 30
0.0
  0
POINT
  5
13EB
330
1089
100
AcDbEntity
  8
Defpoints
 62
     0
440
 16777216
100
AcDbPoint
 10
5430.862075137053
 20
28786.4191249067
 30
0.0
  0
ENDBLK
  5
108B
330
1089
100
AcDbEntity
  8
0
100
AcDbBlockEnd
  0
BLOCK
  5
1097
330
1096
100
AcDbEntity
  8
0
100
AcDbBlockBegin
  2
*D202
 70
     1
 10
0.0
 20
0.0
 30
0.0
  3
*D202
  1

  0
LINE
  5
13EC
330
1096
100
AcDbEntity
  8
$Слои конструкции
  6
Continuous
 62
     5
440
 16777216
370
    13
100
AcDbLine
 10
7912.156267676865
 20
24288.69151488119
 30
0.0
 11
6769.510303595501
 21
23628.98455993043
 31
0.0
  0
LINE
  5
13ED
330
1096
100
AcDbEntity
  8
$Слои конструкции
  6
Continuous
 62
     5
440
 16777216
370
    13
100
AcDbLine
 10
6412.156267675934
 20
26886.76772623635
 30
0.0
 11
5269.510303594571
 21
26227.06077128559
 31
0.0
  0
LINE
  5
13EE
330
1096
100
AcDbEntity
  8
$Слои конструкции
  6
Continuous
 62
     5
440
 16777216
370
    13
100
AcDbLine
 10
6856.112843973948
 20
23678.98455993043
 30
0.0
 11
5356.112843973017
 21
26277.06077128559
 31
0.0
  0
INSERT
  5
13EF
330
1096
100
AcDbEntity
  8
$Слои конструкции
 62
     5
440
 16777216
370
    13
100
AcDbBlockReference
  2
_Oblique
 10
6856.112843973948
 20
23678.98455993043
 30
0.0
 41
150.0
 42
150.0
 43
150.0
 50
299.9999999999978
  0
INSERT
  5
13F0
330
1096
100
AcDbEntity
  8
$Слои конструкции
 62
     5
440
 16777216
370
    13
100
AcDbBlockReference
  2
_Oblique
 10
5356.112843973017
 20
26277.06077128559
 30
0.0
 41
150.0
 42
150.0
 43
150.0
 50
119.9999999999977
  0
MTEXT
  5
13F1
330
1096
100
AcDbEntity
  8
$Слои конструкции
 62
     5
440
 16777216
100
AcDbMText
 10
6279.317924730371
 20
25078.022665608
 30
0.0
 40
250.0
 41
0.0
 46
0.0
 71
     5
 72
     1
  1
\A1;3000
  7
@ТРАНСПРОЕКТ
 11
0.4999999999999665
 21
-0.866025403784458
 31
0.0
 73
     1
 44
1.0
 90
        3
 63
     9
421
 13158600
 45
1.1
441
        0
  0
POINT
  5
13F2
330
1096
100
AcDbEntity
  8
Defpoints
 62
     0
440
 16777216
100
AcDbPoint
 10
7998.75880805531
 20
24338.69151488118
 30
0.0
  0
POINT
  5
13F3
330
1096
100
AcDbEntity
  8
Defpoints
 62
     0
440
 16777216
100
AcDbPoint
 10
6498.758808054377
 20
26936.76772623634
 30
0.0
  0
POINT
  5
13F4
330
1096
100
AcDbEntity
  8
Defpoints
 62
     0
440
 16777216
100
AcDbPoint
 10
5356.112843973017
 20
26277.06077128559
 30
0.0
  0
ENDBLK
  5
1098
330
1096
100
AcDbEntity
  8
0
100
AcDbBlockEnd
  0
BLOCK
  5
10A3
330
10A2
100
AcDbEntity
  8
0
100
AcDbBlockBegin
  2
*D203
 70
     1
 10
0.0
 20
0.0
 30
0.0
  3
*D203
  1

  0
LINE
  5
13F5
330
10A2
100
AcDbEntity
  8
$Слои конструкции
  6
Continuous
 62
     5
440
 16777216
370
    13
100
AcDbLine
 10
7095.168969592361
 20
43784.14043804624
 30
0.0
 11
6055.375354764004
 21
44384.46556146674
 31
0.0
  0
LINE
  5
13F6
330
10A2
100
AcDbEntity
  8
$Слои конструкции
  6
Continuous
 62
     5
440
 16777216
370
    13
100
AcDbLine
 10
8095.168969589568
 20
45516.19124561693
 30
0.0
 11
7055.375354761214
 21
46116.51636903743
 31
0.0
  0
LINE
  5
13F7
330
10A2
100
AcDbEntity
  8
$Слои конструкции
  6
Continuous
 62
     5
440
 16777216
370
    13
100
AcDbLine
 10
6141.977895142531
 20
44334.46556146688
 30
0.0
 11
7141.97789513974
 21
46066.51636903757
 31
0.0
  0
INSERT
  5
13F8
330
10A2
100
AcDbEntity
  8
$Слои конструкции
 62
     5
440
 16777216
370
    13
100
AcDbBlockReference
  2
_Oblique
 10
6141.977895142531
 20
44334.46556146688
 30
0.0
 41
150.0
 42
150.0
 43
150.0
 50
240.0000000000953
  0
INSERT
  5
13F9
330
10A2
100
AcDbEntity
  8
$Слои конструкции
 62
     5
440
 16777216
370
    13
100
AcDbBlockReference
  2
_Oblique
 10
7141.97789513974
 20
46066.51636903757
 30
0.0
 41
150.0
 42
150.0
 43
150.0
 50
60.00000000009527
  0
MTEXT
  5
13FA
330
10A2
100
AcDbEntity
  8
$Слои конструкции
 62
     5
440
 16777216
100
AcDbMText
 10
6468.772814383943
 20
45300.49096525171
 30
0.0
 40
250.0
 41
0.0
 46
0.0
 71
     5
 72
     1
  1
\A1;2000
  7
@ТРАНСПРОЕКТ
 11
0.49999999999856
 21
0.86602540378527
 31
0.0
 73
     1
 44
1.0
 90
        3
 63
     9
421
 13158600
 45
1.1
441
        0
  0
POINT
  5
13FB
330
10A2
100
AcDbEntity
  8
Defpoints
 62
     0
440
 16777216
100
AcDbPoint
 10
7181.771509970886
 20
43734.14043804638
 30
0.0
  0
POINT
  5
13FC
330
10A2
100
AcDbEntity
  8
Defpoints
 62
     0
440
 16777216
100
AcDbPoint
 10
8181.771509968095
 20
45466.19124561708
 30
0.0
  0
POINT
  5
13FD
330
10A2
100
AcDbEntity
  8
Defpoints
 62
     0
440
 16777216
100
AcDbPoint
 10
7141.97789513974
 20
46066.51636903757
 30
0.0
  0
ENDBLK
  5
10A4
330
10A2
100
AcDbEntity
  8
0
100
AcDbBlockEnd
  0
BLOCK
  5
10AF
330
10AE
100
AcDbEntity
  8
0
100
AcDbBlockBegin
  2
*D204
 70
     1
 10
0.0
 20
0.0
 30
0.0
  3
*D204
  1

  0
LINE
  5
13FE
330
10AE
100
AcDbEntity
  8
$Слои конструкции
  6
Continuous
 62
     5
440
 16777216
370
    13
100
AcDbLine
 10
6662.156267677341
 20
44034.14043810694
 30
0.0
 11
6055.374803565875
 21
44384.46587975111
 31
0.0
  0
LINE
  5
13FF
330
10AE
100
AcDbEntity
  8
$Слои конструкции
  6
Continuous
 62
     5
440
 16777216
370
    13
100
AcDbLine
 10
6412.156267677338
 20
43601.12773621488
 30
0.0
 11
5805.374803565872
 21
43951.45317785904
 31
0.0
  0
LINE
  5
1400
330
10AE
100
AcDbEntity
  8
$Слои конструкции
  6
Continuous
 62
     5
440
 16777216
370
    13
100
AcDbLine
 10
6141.977343944312
 20
44334.4658797511
 30
0.0
 11
5891.977343944309
 21
43901.45317785903
 31
0.0
  0
LINE
  5
1401
330
10AE
100
AcDbEntity
  8
$Слои конструкции
  6
Continuous
 62
     5
440
 16777216
370
    13
100
AcDbLine
 10
5891.977343944309
 20
43901.45317785903
 30
0.0
 11
5470.9836948903
 21
43172.27078803395
 31
0.0
  0
INSERT
  5
1402
330
10AE
100
AcDbEntity
  8
$Слои конструкции
 62
     5
440
 16777216
370
    13
100
AcDbBlockReference
  2
_Oblique
 10
6141.977343944312
 20
44334.4658797511
 30
0.0
 41
150.0
 42
150.0
 43
150.0
 50
59.99999999999051
  0
INSERT
  5
1403
330
10AE
100
AcDbEntity
  8
$Слои конструкции
 62
     5
440
 16777216
370
    13
100
AcDbBlockReference
  2
_Oblique
 10
5891.977343944309
 20
43901.45317785903
 30
0.0
 41
150.0
 42
150.0
 43
150.0
 50
239.9999999999905
  0
MTEXT
  5
1404
330
10AE
100
AcDbEntity
  8
$Слои конструкции
 62
     5
440
 16777216
100
AcDbMText
 10
5470.775438660419
 20
43571.91007766268
 30
0.0
 40
250.0
 41
0.0
 46
0.0
 71
     5
 72
     1
  1
\A1;500
  7
@ТРАНСПРОЕКТ
 11
0.5000000000001434
 21
0.8660254037843559
 31
0.0
 73
     1
 44
1.0
 90
        3
 63
     9
421
 13158600
 45
1.1
441
        0
  0
POINT
  5
1405
330
10AE
100
AcDbEntity
  8
Defpoints
 62
     0
440
 16777216
100
AcDbPoint
 10
6748.758808055775
 20
43984.14043810693
 30
0.0
  0
POINT
  5
1406
330
10AE
100
AcDbEntity
  8
Defpoints
 62
     0
440
 16777216
100
AcDbPoint
 10
6498.758808055772
 20
43551.12773621487
 30
0.0
  0
POINT
  5
1407
330
10AE
100
AcDbEntity
  8
Defpoints
 62
     0
440
 16777216
100
AcDbPoint
 10
5891.977343944309
 20
43901.45317785903
 30
0.0
  0
ENDBLK
  5
10B0
330
10AE
100
AcDbEntity
  8
0
100
AcDbBlockEnd
  0
BLOCK
  5
10BC
330
10BB
100
AcDbEntity
  8
0
100
AcDbBlockBegin
  2
*D205
 70
     1
 10
0.0
 20
0.0
 30
0.0
  3
*D205
  1

  0
LINE
  5
1408
330
10BB
100
AcDbEntity
  8
$Слои конструкции
  6
Continuous
 62
     5
440
 16777216
370
    13
100
AcDbLine
 10
8095.168969589634
 20
45516.19124561717
 30
0.0
 11
7055.3753547617
 21
46116.5163690393
 31
0.0
  0
LINE
  5
1409
330
10BB
100
AcDbEntity
  8
$Слои конструкции
  6
Continuous
 62
     5
440
 16777216
370
    13
100
AcDbLine
 10
8345.168969609655
 20
45949.20394754439
 30
0.0
 11
7305.37535478172
 21
46549.52907096651
 31
0.0
  0
LINE
  5
140A
330
10BB
100
AcDbEntity
  8
$Слои конструкции
  6
Continuous
 62
     5
440
 16777216
370
    13
100
AcDbLine
 10
7141.977895140161
 20
46066.51636903932
 30
0.0
 11
7391.97789516018
 21
46499.52907096654
 31
0.0
  0
LINE
  5
140B
330
10BB
100
AcDbEntity
  8
$Слои конструкции
  6
Continuous
 62
     5
440
 16777216
370
    13
100
AcDbLine
 10
7391.97789516018
 20
46499.52907096654
 30
0.0
 11
7812.971544213841
 21
47228.71146079183
 31
0.0
  0
INSERT
  5
140C
330
10BB
100
AcDbEntity
  8
$Слои конструкции
 62
     5
440
 16777216
370
    13
100
AcDbBlockReference
  2
_Oblique
 10
7141.977895140161
 20
46066.51636903932
 30
0.0
 41
150.0
 42
150.0
 43
150.0
 50
240.0000000000181
  0
INSERT
  5
140D
330
10BB
100
AcDbEntity
  8
$Слои конструкции
 62
     5
440
 16777216
370
    13
100
AcDbBlockReference
  2
_Oblique
 10
7391.97789516018
 20
46499.52907096654
 30
0.0
 41
150.0
 42
150.0
 43
150.0
 50
60.00000000001802
  0
MTEXT
  5
140E
330
10BB
100
AcDbEntity
  8
$Слои конструкции
 62
     5
440
 16777216
100
AcDbMText
 10
7466.769638930074
 20
47029.07217116297
 30
0.0
 40
250.0
 41
0.0
 46
0.0
 71
     5
 72
     1
  1
\A1;500
  7
@ТРАНСПРОЕКТ
 11
0.4999999999997276
 21
0.8660254037845959
 31
0.0
 73
     1
 44
1.0
 90
        3
 63
     9
421
 13158600
 45
1.1
441
        0
  0
POINT
  5
140F
330
10BB
100
AcDbEntity
  8
Defpoints
 62
     0
440
 16777216
100
AcDbPoint
 10
8181.771509968095
 20
45466.19124561719
 30
0.0
  0
POINT
  5
1410
330
10BB
100
AcDbEntity
  8
Defpoints
 62
     0
440
 16777216
100
AcDbPoint
 10
8431.771509988115
 20
45899.20394754441
 30
0.0
  0
POINT
  5
1411
330
10BB
100
AcDbEntity
  8
Defpoints
 62
     0
440
 16777216
100
AcDbPoint
 10
7391.97789516018
 20
46499.52907096654
 30
0.0
  0
ENDBLK
  5
10BD
330
10BB
100
AcDbEntity
  8
0
100
AcDbBlockEnd
  0
BLOCK
  5
10C9
330
10C8
100
AcDbEntity
  8
0
100
AcDbBlockBegin
  2
*D206
 70
     1
 10
0.0
 20
0.0
 30
0.0
  3
*D206
  1

  0
LINE
  5
1412
330
10C8
100
AcDbEntity
  8
$Слои конструкции
  6
Continuous
 62
     5
440
 16777216
370
    13
100
AcDbLine
 10
7912.156267676863
 20
46199.20394756793
 30
0.0
 11
6769.510303595
 21
46858.91090251898
 31
0.0
  0
LINE
  5
1413
330
10C8
100
AcDbEntity
  8
$Слои конструкции
  6
Continuous
 62
     5
440
 16777216
370
    13
100
AcDbLine
 10
6412.156267675928
 20
43601.12773621277
 30
0.0
 11
5269.510303594064
 21
44260.83469116381
 31
0.0
  0
LINE
  5
1414
330
10C8
100
AcDbEntity
  8
$Слои конструкции
  6
Continuous
 62
     5
440
 16777216
370
    13
100
AcDbLine
 10
6856.112843973446
 20
46808.91090251898
 30
0.0
 11
5356.11284397251
 21
44210.83469116382
 31
0.0
  0
INSERT
  5
1415
330
10C8
100
AcDbEntity
  8
$Слои конструкции
 62
     5
440
 16777216
370
    13
100
AcDbBlockReference
  2
_Oblique
 10
6856.112843973446
 20
46808.91090251898
 30
0.0
 41
150.0
 42
150.0
 43
150.0
 50
60.00000000000218
  0
INSERT
  5
1416
330
10C8
100
AcDbEntity
  8
$Слои конструкции
 62
     5
440
 16777216
370
    13
100
AcDbBlockReference
  2
_Oblique
 10
5356.11284397251
 20
44210.83469116382
 30
0.0
 41
150.0
 42
150.0
 43
150.0
 50
240.0000000000022
  0
MTEXT
  5
1417
330
10C8
100
AcDbEntity
  8
$Слои конструкции
 62
     5
440
 16777216
100
AcDbMText
 10
5932.907763216088
 20
45609.87279684138
 30
0.0
 40
250.0
 41
0.0
 46
0.0
 71
     5
 72
     1
  1
\A1;3000
  7
@ТРАНСПРОЕКТ
 11
0.4999999999999665
 21
0.866025403784458
 31
0.0
 73
     1
 44
1.0
 90
        3
 63
     9
421
 13158600
 45
1.1
441
        0
  0
POINT
  5
1418
330
10C8
100
AcDbEntity
  8
Defpoints
 62
     0
440
 16777216
100
AcDbPoint
 10
7998.75880805531
 20
46149.20394756794
 30
0.0
  0
POINT
  5
1419
330
10C8
100
AcDbEntity
  8
Defpoints
 62
     0
440
 16777216
100
AcDbPoint
 10
6498.758808054375
 20
43551.12773621277
 30
0.0
  0
POINT
  5
141A
330
10C8
100
AcDbEntity
  8
Defpoints
 62
     0
440
 16777216
100
AcDbPoint
 10
5356.11284397251
 20
44210.83469116382
 30
0.0
  0
ENDBLK
  5
10CA
330
10C8
100
AcDbEntity
  8
0
100
AcDbBlockEnd
  0
BLOCK
  5
10D5
330
10D4
100
AcDbEntity
  8
0
100
AcDbBlockBegin
  2
*D207
 70
     1
 10
0.0
 20
0.0
 30
0.0
  3
*D207
  1

  0
LINE
  5
141B
330
10D4
100
AcDbEntity
  8
$Слои конструкции
  6
Continuous
 62
     5
440
 16777216
370
    13
100
AcDbLine
 10
16012.02609344327
 20
29993.94773104575
 30
0.0
 11
16012.02609344327
 21
25242.37205320652
 31
0.0
  0
LINE
  5
141C
330
10D4
100
AcDbEntity
  8
$Слои конструкции
  6
Continuous
 62
     5
440
 16777216
370
    13
100
AcDbLine
 10
15992.02554780093
 20
28853.60621877675
 30
0.0
 11
15992.02554780093
 21
25242.37205320652
 31
0.0
  0
LINE
  5
141D
330
10D4
100
AcDbEntity
  8
$Слои конструкции
  6
Continuous
 62
     5
440
 16777216
370
    13
100
AcDbLine
 10
16012.02609344327
 20
25342.37205320652
 30
0.0
 11
16162.02609344327
 21
25342.37205320652
 31
0.0
  0
LINE
  5
141E
330
10D4
100
AcDbEntity
  8
$Слои конструкции
  6
Continuous
 62
     5
440
 16777216
370
    13
100
AcDbLine
 10
15992.02554780093
 20
25342.37205320652
 30
0.0
 11
15842.02554780093
 21
25342.37205320652
 31
0.0
  0
LINE
  5
141F
330
10D4
100
AcDbEntity
  8
$Слои конструкции
  6
Continuous
 62
     5
440
 16777216
370
    13
100
AcDbLine
 10
16002.0258206221
 20
25342.37205320652
 30
0.0
 11
16388.05969252565
 21
24638.54965965948
 31
0.0
  0
LINE
  5
1420
330
10D4
100
AcDbEntity
  8
$Слои конструкции
  6
Continuous
 62
     5
440
 16777216
370
    13
100
AcDbLine
 10
16388.05969252565
 20
24638.54965965948
 30
0.0
 11
16905.04699063343
 21
24638.54965965948
 31
0.0
  0
MTEXT
  5
1421
330
10D4
100
AcDbEntity
  8
$Слои конструкции
 62
     5
440
 16777216
100
AcDbMText
 10
16646.55334157954
 20
24838.54965965948
 30
0.0
 40
250.0
 41
0.0
 46
0.0
 71
     5
 72
     1
  1
\A1;20
  7
@ТРАНСПРОЕКТ
 73
     1
 44
1.0
 90
        3
 63
     9
421
 13158600
 45
1.1
441
        0
  0
LINE
  5
1422
330
10D4
100
AcDbEntity
  8
$Слои конструкции
  6
Continuous
 62
     5
440
 16777216
370
    13
100
AcDbLine
 10
16012.02609344327
 20
25342.37205320652
 30
0.0
 11
15992.02554780093
 21
25342.37205320652
 31
0.0
  0
INSERT
  5
1423
330
10D4
100
AcDbEntity
  8
$Слои конструкции
 62
     5
440
 16777216
370
    13
100
AcDbBlockReference
  2
_Oblique
 10
16012.02609344327
 20
25342.37205320652
 30
0.0
 41
150.0
 42
150.0
 43
150.0
 50
180.0
  0
INSERT
  5
1424
330
10D4
100
AcDbEntity
  8
$Слои конструкции
 62
     5
440
 16777216
370
    13
100
AcDbBlockReference
  2
_Oblique
 10
15992.02554780093
 20
25342.37205320652
 30
0.0
 41
150.0
 42
150.0
 43
150.0
  0
POINT
  5
1425
330
10D4
100
AcDbEntity
  8
Defpoints
 62
     0
440
 16777216
100
AcDbPoint
 10
16012.02609344327
 20
30093.94773104574
 30
0.0
  0
POINT
  5
1426
330
10D4
100
AcDbEntity
  8
Defpoints
 62
     0
440
 16777216
100
AcDbPoint
 10
15992.02554780093
 20
28953.60621877675
 30
0.0
  0
POINT
  5
1427
330
10D4
100
AcDbEntity
  8
Defpoints
 62
     0
440
 16777216
100
AcDbPoint
 10
15992.02554780093
 20
25342.37205320652
 30
0.0
  0
ENDBLK
  5
10D6
330
10D4
100
AcDbEntity
  8
0
100
AcDbBlockEnd
  0
BLOCK
  5
10E5
330
10E4
100
AcDbEntity
  8
0
100
AcDbBlockBegin
  2
*D208
 70
     1
 10
0.0
 20
0.0
 30
0.0
  3
*D208
  1

  0
LINE
  5
1428
330
10E4
100
AcDbEntity
  8
$Слои конструкции
  6
Continuous
 62
     5
440
 16777216
370
    13
100
AcDbLine
 10
41942.02609344327
 20
29993.94773104575
 30
0.0
 11
41942.02609344327
 21
25242.37205320652
 31
0.0
  0
LINE
  5
1429
330
10E4
100
AcDbEntity
  8
$Слои конструкции
  6
Continuous
 62
     5
440
 16777216
370
    13
100
AcDbLine
 10
41962.02663908561
 20
28853.60621877675
 30
0.0
 11
41962.02663908561
 21
25242.37205320652
 31
0.0
  0
LINE
  5
142A
330
10E4
100
AcDbEntity
  8
$Слои конструкции
  6
Continuous
 62
     5
440
 16777216
370
    13
100
AcDbLine
 10
41942.02609344327
 20
25342.37205320652
 30
0.0
 11
41792.02609344327
 21
25342.37205320652
 31
0.0
  0
LINE
  5
142B
330
10E4
100
AcDbEntity
  8
$Слои конструкции
  6
Continuous
 62
     5
440
 16777216
370
    13
100
AcDbLine
 10
41962.02663908561
 20
25342.37205320652
 30
0.0
 11
42112.02663908561
 21
25342.37205320652
 31
0.0
  0
LINE
  5
142C
330
10E4
100
AcDbEntity
  8
$Слои конструкции
  6
Continuous
 62
     5
440
 16777216
370
    13
100
AcDbLine
 10
41952.02636626444
 20
25342.37205320652
 30
0.0
 11
41265.9924943609
 21
24638.54965965948
 31
0.0
  0
LINE
  5
142D
330
10E4
100
AcDbEntity
  8
$Слои конструкции
  6
Continuous
 62
     5
440
 16777216
370
    13
100
AcDbLine
 10
41265.9924943609
 20
24638.54965965948
 30
0.0
 11
40749.00519625312
 21
24638.54965965948
 31
0.0
  0
MTEXT
  5
142E
330
10E4
100
AcDbEntity
  8
$Слои конструкции
 62
     5
440
 16777216
100
AcDbMText
 10
41007.49884530701
 20
24838.54965965948
 30
0.0
 40
250.0
 41
0.0
 46
0.0
 71
     5
 72
     1
  1
\A1;20
  7
@ТРАНСПРОЕКТ
 73
     1
 44
1.0
 90
        3
 63
     9
421
 13158600
 45
1.1
441
        0
  0
LINE
  5
142F
330
10E4
100
AcDbEntity
  8
$Слои конструкции
  6
Continuous
 62
     5
440
 16777216
370
    13
100
AcDbLine
 10
41942.02609344327
 20
25342.37205320652
 30
0.0
 11
41962.02663908561
 21
25342.37205320652
 31
0.0
  0
INSERT
  5
1430
330
10E4
100
AcDbEntity
  8
$Слои конструкции
 62
     5
440
 16777216
370
    13
100
AcDbBlockReference
  2
_Oblique
 10
41942.02609344327
 20
25342.37205320652
 30
0.0
 41
150.0
 42
150.0
 43
150.0
  0
INSERT
  5
1431
330
10E4
100
AcDbEntity
  8
$Слои конструкции
 62
     5
440
 16777216
370
    13
100
AcDbBlockReference
  2
_Oblique
 10
41962.02663908561
 20
25342.37205320652
 30
0.0
 41
150.0
 42
150.0
 43
150.0
 50
180.0
  0
POINT
  5
1432
330
10E4
100
AcDbEntity
  8
Defpoints
 62
     0
440
 16777216
100
AcDbPoint
 10
41942.02609344327
 20
30093.94773104574
 30
0.0
  0
POINT
  5
1433
330
10E4
100
AcDbEntity
  8
Defpoints
 62
     0
440
 16777216
100
AcDbPoint
 10
41962.02663908561
 20
28953.60621877675
 30
0.0
  0
POINT
  5
1434
330
10E4
100
AcDbEntity
  8
Defpoints
 62
     0
440
 16777216
100
AcDbPoint
 10
41962.02663908561
 20
25342.37205320652
 30
0.0
  0
ENDBLK
  5
10E6
330
10E4
100
AcDbEntity
  8
0
100
AcDbBlockEnd
  0
BLOCK
  5
10F5
330
10F4
100
AcDbEntity
  8
0
100
AcDbBlockBegin
  2
*D209
 70
     1
 10
0.0
 20
0.0
 30
0.0
  3
*D209
  1

  0
LINE
  5
1435
330
10F4
100
AcDbEntity
  8
$Слои конструкции
  6
Continuous
 62
     5
440
 16777216
370
    13
100
AcDbLine
 10
16012.02609344327
 20
40493.94773128416
 30
0.0
 11
16012.02609344327
 21
43566.36548958576
 31
0.0
  0
LINE
  5
1436
330
10F4
100
AcDbEntity
  8
$Слои конструкции
  6
Continuous
 62
     5
440
 16777216
370
    13
100
AcDbLine
 10
41942.02609344327
 20
40493.94773122455
 30
0.0
 11
41942.02609344327
 21
43566.36548958576
 31
0.0
  0
LINE
  5
1437
330
10F4
100
AcDbEntity
  8
$Слои конструкции
  6
Continuous
 62
     5
440
 16777216
370
    13
100
AcDbLine
 10
16012.02609344327
 20
43466.36548958576
 30
0.0
 11
41942.02609344327
 21
43466.36548958576
 31
0.0
  0
INSERT
  5
1438
330
10F4
100
AcDbEntity
  8
$Слои конструкции
 62
     5
440
 16777216
370
    13
100
AcDbBlockReference
  2
_Oblique
 10
16012.02609344327
 20
43466.36548958576
 30
0.0
 41
150.0
 42
150.0
 43
150.0
 50
180.0
  0
INSERT
  5
1439
330
10F4
100
AcDbEntity
  8
$Слои конструкции
 62
     5
440
 16777216
370
    13
100
AcDbBlockReference
  2
_Oblique
 10
41942.02609344327
 20
43466.36548958576
 30
0.0
 41
150.0
 42
150.0
 43
150.0
  0
MTEXT
  5
143A
330
10F4
100
AcDbEntity
  8
$Слои конструкции
 62
     5
440
 16777216
100
AcDbMText
 10
28977.02609344328
 20
43666.36548958576
 30
0.0
 40
250.0
 41
0.0
 46
0.0
 71
     5
 72
     1
  1
\A1;25930
  7
@ТРАНСПРОЕКТ
 73
     1
 44
1.0
 90
        3
 63
     9
421
 13158600
 45
1.1
441
        0
  0
POINT
  5
143B
330
10F4
100
AcDbEntity
  8
Defpoints
 62
     0
440
 16777216
100
AcDbPoint
 10
16012.02609344327
 20
40393.94773128416
 30
0.0
  0
POINT
  5
143C
330
10F4
100
AcDbEntity
  8
Defpoints
 62
     0
440
 16777216
100
AcDbPoint
 10
41942.02609344327
 20
40393.94773122455
 30
0.0
  0
POINT
  5
143D
330
10F4
100
AcDbEntity
  8
Defpoints
 62
     0
440
 16777216
100
AcDbPoint
 10
41942.02609344327
 20
43466.36548958576
 30
0.0
  0
ENDBLK
  5
10F6
330
10F4
100
AcDbEntity
  8
0
100
AcDbBlockEnd
  0
BLOCK
  5
1101
330
1100
100
AcDbEntity
  8
0
100
AcDbBlockBegin
  2
*D210
 70
     1
 10
0.0
 20
0.0
 30
0.0
  3
*D210
  1

  0
LINE
  5
143E
330
1100
100
AcDbEntity
  8
$Размеры
  6
Continuous
 62
     5
440
 16777216
370
    13
100
AcDbLine
 10
14406.38490178217
 20
39447.53789758386
 30
0.0
 11
13088.48816886376
 21
37164.8737970244
 31
0.0
  0
LINE
  5
143F
330
1100
100
AcDbEntity
  8
$Размеры
  6
Continuous
 62
     5
440
 16777216
370
    13
100
AcDbLine
 10
15315.71157575785
 20
38922.53789758632
 30
0.0
 11
13997.81484283944
 21
36639.87379702686
 31
0.0
  0
LINE
  5
1440
330
1100
100
AcDbEntity
  8
$Размеры
  6
Continuous
 62
     5
440
 16777216
370
    13
100
AcDbLine
 10
13138.4881688635
 20
37251.476337403
 30
0.0
 11
14047.81484283918
 21
36726.47633740545
 31
0.0
  0
INSERT
  5
1441
330
1100
100
AcDbEntity
  8
$Размеры
 62
     5
440
 16777216
370
    13
100
AcDbBlockReference
  2
_Oblique
 10
13138.4881688635
 20
37251.476337403
 30
0.0
 41
150.0
 42
150.0
 43
150.0
 50
150.000000000171
  0
INSERT
  5
1442
330
1100
100
AcDbEntity
  8
$Размеры
 62
     5
440
 16777216
370
    13
100
AcDbBlockReference
  2
_Oblique
 10
14047.81484283918
 20
36726.47633740545
 30
0.0
 41
150.0
 42
150.0
 43
150.0
 50
330.000000000171
  0
MTEXT
  5
1443
330
1100
100
AcDbEntity
  8
$Размеры
 62
     5
440
 16777216
100
AcDbMText
 10
13693.15150585082
 20
37162.18141816141
 30
0.0
 40
250.0
 41
0.0
 46
0.0
 71
     5
 72
     1
  1
\A1;1050
  7
@ТРАНСПРОЕКТ
 11
0.866025403785931
 21
-0.4999999999974151
 31
0.0
 73
     1
 44
1.0
 90
        3
 63
     9
421
 13158600
 45
1.1
441
        0
  0
POINT
  5
1444
330
1100
100
AcDbEntity
  8
Defpoints
 62
     0
440
 16777216
100
AcDbPoint
 10
14456.38490178191
 20
39534.14043796245
 30
0.0
  0
POINT
  5
1445
330
1100
100
AcDbEntity
  8
Defpoints
 62
     0
440
 16777216
100
AcDbPoint
 10
15365.71157575759
 20
39009.14043796491
 30
0.0
  0
POINT
  5
1446
330
1100
100
AcDbEntity
  8
Defpoints
 62
     0
440
 16777216
100
AcDbPoint
 10
14047.81484283918
 20
36726.47633740545
 30
0.0
  0
ENDBLK
  5
1102
330
1100
100
AcDbEntity
  8
0
100
AcDbBlockEnd
  0
BLOCK
  5
110D
330
110C
100
AcDbEntity
  8
0
100
AcDbBlockBegin
  2
*D211
 70
     1
 10
0.0
 20
0.0
 30
0.0
  3
*D211
  1

  0
LINE
  5
1447
330
110C
100
AcDbEntity
  8
$Размеры
  6
Continuous
 62
     5
440
 16777216
370
    13
100
AcDbLine
 10
14406.38533350926
 20
31040.35781400714
 30
0.0
 11
13088.48933009771
 21
33323.02202072065
 31
0.0
  0
LINE
  5
1448
330
110C
100
AcDbEntity
  8
$Размеры
  6
Continuous
 62
     5
440
 16777216
370
    13
100
AcDbLine
 10
15315.71214389343
 20
31565.35757773748
 30
0.0
 11
13997.81614048187
 21
33848.02178445098
 31
0.0
  0
LINE
  5
1449
330
110C
100
AcDbEntity
  8
$Размеры
  6
Continuous
 62
     5
440
 16777216
370
    13
100
AcDbLine
 10
13138.48930759582
 20
33236.41946735075
 30
0.0
 11
14047.81611797999
 21
33761.41923108108
 31
0.0
  0
INSERT
  5
144A
330
110C
100
AcDbEntity
  8
$Размеры
 62
     5
440
 16777216
370
    13
100
AcDbBlockReference
  2
_Oblique
 10
13138.48930759582
 20
33236.41946735075
 30
0.0
 41
150.0
 42
150.0
 43
150.0
 50
209.9999851128764
  0
INSERT
  5
144B
330
110C
100
AcDbEntity
  8
$Размеры
 62
     5
440
 16777216
370
    13
100
AcDbBlockReference
  2
_Oblique
 10
14047.81611797999
 20
33761.41923108108
 30
0.0
 41
150.0
 42
150.0
 43
150.0
 50
29.99998511287638
  0
MTEXT
  5
144C
330
110C
100
AcDbEntity
  8
$Размеры
 62
     5
440
 16777216
100
AcDbMText
 10
13493.15275779167
 20
33672.12445595572
 30
0.0
 40
250.0
 41
0.0
 46
0.0
 71
     5
 72
     1
  1
\A1;1050
  7
@ТРАНСПРОЕКТ
 11
0.866025533699071
 21
0.4999997749811885
 31
0.0
 73
     1
 44
1.0
 90
        3
 63
     9
421
 13158600
 45
1.1
441
        0
  0
POINT
  5
144D
330
110C
100
AcDbEntity
  8
Defpoints
 62
     0
440
 16777216
100
AcDbPoint
 10
14456.38531100738
 20
30953.75526063723
 30
0.0
  0
POINT
  5
144E
330
110C
100
AcDbEntity
  8
Defpoints
 62
     0
440
 16777216
100
AcDbPoint
 10
15365.71212139155
 20
31478.75502436757
 30
0.0
  0
POINT
  5
144F
330
110C
100
AcDbEntity
  8
Defpoints
 62
     0
440
 16777216
100
AcDbPoint
 10
14047.81611797999
 20
33761.41923108108
 30
0.0
  0
ENDBLK
  5
110E
330
110C
100
AcDbEntity
  8
0
100
AcDbBlockEnd
  0
BLOCK
  5
1119
330
1118
100
AcDbEntity
  8
0
100
AcDbBlockBegin
  2
*D212
 70
     1
 10
0.0
 20
0.0
 30
0.0
  3
*D212
  1

  0
LINE
  5
1450
330
1118
100
AcDbEntity
  8
$Размеры
  6
Continuous
 62
     5
440
 16777216
370
    13
100
AcDbLine
 10
42638.34061113081
 20
31565.357564746
 30
0.0
 11
43956.23734406342
 21
33848.02166531418
 31
0.0
  0
LINE
  5
1451
330
1118
100
AcDbEntity
  8
$Размеры
  6
Continuous
 62
     5
440
 16777216
370
    13
100
AcDbLine
 10
43547.66728510462
 20
31040.35756474589
 30
0.0
 11
44865.56401803723
 21
33323.02166531407
 31
0.0
  0
LINE
  5
1452
330
1118
100
AcDbEntity
  8
$Размеры
  6
Continuous
 62
     5
440
 16777216
370
    13
100
AcDbLine
 10
43906.23734406342
 20
33761.41912493574
 30
0.0
 11
44815.56401803723
 21
33236.41912493562
 31
0.0
  0
INSERT
  5
1453
330
1118
100
AcDbEntity
  8
$Размеры
 62
     5
440
 16777216
370
    13
100
AcDbBlockReference
  2
_Oblique
 10
43906.23734406342
 20
33761.41912493574
 30
0.0
 41
150.0
 42
150.0
 43
150.0
 50
149.9999999999985
  0
INSERT
  5
1454
330
1118
100
AcDbEntity
  8
$Размеры
 62
     5
440
 16777216
370
    13
100
AcDbBlockReference
  2
_Oblique
 10
44815.56401803723
 20
33236.41912493562
 30
0.0
 41
150.0
 42
150.0
 43
150.0
 50
329.9999999999986
  0
MTEXT
  5
1455
330
1118
100
AcDbEntity
  8
$Размеры
 62
     5
440
 16777216
100
AcDbMText
 10
44460.90068105033
 20
33672.12420569257
 30
0.0
 40
250.0
 41
0.0
 46
0.0
 71
     5
 72
     1
  1
\A1;1050
  7
@ТРАНСПРОЕКТ
 11
0.8660254037844262
 21
-0.5000000000000219
 31
0.0
 73
     1
 44
1.0
 90
        3
 63
     9
421
 13158600
 45
1.1
441
        0
  0
POINT
  5
1456
330
1118
100
AcDbEntity
  8
Defpoints
 62
     0
440
 16777216
100
AcDbPoint
 10
42588.34061113081
 20
31478.75502436756
 30
0.0
  0
POINT
  5
1457
330
1118
100
AcDbEntity
  8
Defpoints
 62
     0
440
 16777216
100
AcDbPoint
 10
43497.66728510461
 20
30953.75502436744
 30
0.0
  0
POINT
  5
1458
330
1118
100
AcDbEntity
  8
Defpoints
 62
     0
440
 16777216
100
AcDbPoint
 10
44815.56401803723
 20
33236.41912493562
 30
0.0
  0
ENDBLK
  5
111A
330
1118
100
AcDbEntity
  8
0
100
AcDbBlockEnd
  0
BLOCK
  5
1125
330
1124
100
AcDbEntity
  8
0
100
AcDbBlockBegin
  2
*D213
 70
     1
 10
0.0
 20
0.0
 30
0.0
  3
*D213
  1

  0
LINE
  5
1459
330
1124
100
AcDbEntity
  8
$Размеры
  6
Continuous
 62
     5
440
 16777216
370
    13
100
AcDbLine
 10
43547.66728510436
 20
39447.53789758386
 30
0.0
 11
44865.56401803017
 21
37164.87379701158
 31
0.0
  0
LINE
  5
145A
330
1124
100
AcDbEntity
  8
$Размеры
  6
Continuous
 62
     5
440
 16777216
370
    13
100
AcDbLine
 10
42638.34061112869
 20
38922.53789758631
 30
0.0
 11
43956.2373440545
 21
36639.87379701404
 31
0.0
  0
LINE
  5
145B
330
1124
100
AcDbEntity
  8
$Размеры
  6
Continuous
 62
     5
440
 16777216
370
    13
100
AcDbLine
 10
44815.56401803043
 20
37251.47633739017
 30
0.0
 11
43906.23734405476
 21
36726.47633739263
 31
0.0
  0
INSERT
  5
145C
330
1124
100
AcDbEntity
  8
$Размеры
 62
     5
440
 16777216
370
    13
100
AcDbBlockReference
  2
_Oblique
 10
44815.56401803043
 20
37251.47633739017
 30
0.0
 41
150.0
 42
150.0
 43
150.0
 50
29.99999999982907
  0
INSERT
  5
145D
330
1124
100
AcDbEntity
  8
$Размеры
 62
     5
440
 16777216
370
    13
100
AcDbBlockReference
  2
_Oblique
 10
43906.23734405476
 20
36726.47633739263
 30
0.0
 41
150.0
 42
150.0
 43
150.0
 50
209.999999999829
  0
MTEXT
  5
145E
330
1124
100
AcDbEntity
  8
$Размеры
 62
     5
440
 16777216
100
AcDbMText
 10
44260.90068104311
 20
37162.18141814858
 30
0.0
 40
250.0
 41
0.0
 46
0.0
 71
     5
 72
     1
  1
\A1;1050
  7
@ТРАНСПРОЕКТ
 11
0.8660254037859306
 21
0.4999999999974158
 31
0.0
 73
     1
 44
1.0
 90
        3
 63
     9
421
 13158600
 45
1.1
441
        0
  0
POINT
  5
145F
330
1124
100
AcDbEntity
  8
Defpoints
 62
     0
440
 16777216
100
AcDbPoint
 10
43497.66728510461
 20
39534.14043796244
 30
0.0
  0
POINT
  5
1460
330
1124
100
AcDbEntity
  8
Defpoints
 62
     0
440
 16777216
100
AcDbPoint
 10
42588.34061112894
 20
39009.14043796491
 30
0.0
  0
POINT
  5
1461
330
1124
100
AcDbEntity
  8
Defpoints
 62
     0
440
 16777216
100
AcDbPoint
 10
43906.23734405476
 20
36726.47633739263
 30
0.0
  0
ENDBLK
  5
1126
330
1124
100
AcDbEntity
  8
0
100
AcDbBlockEnd
  0
BLOCK
  5
1131
330
1130
100
AcDbEntity
  8
0
100
AcDbBlockBegin
  2
*D214
 70
     1
 10
0.0
 20
0.0
 30
0.0
  3
*D214
  1

  0
LINE
  5
1462
330
1130
100
AcDbEntity
  8
$Размеры
  6
Continuous
 62
     5
440
 16777216
370
    13
100
AcDbLine
 10
10035.71945171465
 20
43298.85992129166
 30
0.0
 11
11466.59732471654
 21
45777.21309675701
 31
0.0
  0
LINE
  5
1463
330
1130
100
AcDbEntity
  8
$Размеры
  6
Continuous
 62
     5
440
 16777216
370
    13
100
AcDbLine
 10
7273.76380088169
 20
44893.47575978988
 30
0.0
 11
8704.641673883577
 21
47371.82893525524
 31
0.0
  0
LINE
  5
1464
330
1130
100
AcDbEntity
  8
$Размеры
  6
Continuous
 62
     5
440
 16777216
370
    13
100
AcDbLine
 10
11416.59732471654
 20
45690.61055637856
 30
0.0
 11
8654.641673883576
 21
47285.22639487679
 31
0.0
  0
INSERT
  5
1465
330
1130
100
AcDbEntity
  8
$Размеры
 62
     5
440
 16777216
370
    13
100
AcDbBlockReference
  2
_Oblique
 10
11416.59732471654
 20
45690.61055637856
 30
0.0
 41
150.0
 42
150.0
 43
150.0
 50
329.9999999999999
  0
INSERT
  5
1466
330
1130
100
AcDbEntity
  8
$Размеры
 62
     5
440
 16777216
370
    13
100
AcDbBlockReference
  2
_Oblique
 10
8654.641673883576
 20
47285.22639487679
 30
0.0
 41
150.0
 42
150.0
 43
150.0
 50
149.9999999999999
  0
MTEXT
  5
1467
330
1130
100
AcDbEntity
  8
$Размеры
 62
     5
440
 16777216
100
AcDbMText
 10
10135.61949930006
 20
46661.12355638457
 30
0.0
 40
250.0
 41
0.0
 46
0.0
 71
     5
 72
     1
  1
\A1;3189
  7
@ТРАНСПРОЕКТ
 11
0.866025403784438
 21
-0.500000000000001
 31
0.0
 73
     1
 44
1.0
 90
        3
 63
     9
421
 13158600
 45
1.1
441
        0
  0
POINT
  5
1468
330
1130
100
AcDbEntity
  8
Defpoints
 62
     0
440
 16777216
100
AcDbPoint
 10
9985.719451714656
 20
43212.25738091321
 30
0.0
  0
POINT
  5
1469
330
1130
100
AcDbEntity
  8
Defpoints
 62
     0
440
 16777216
100
AcDbPoint
 10
7223.76380088169
 20
44806.87321941144
 30
0.0
  0
POINT
  5
146A
330
1130
100
AcDbEntity
  8
Defpoints
 62
     0
440
 16777216
100
AcDbPoint
 10
8654.641673883576
 20
47285.22639487679
 30
0.0
  0
ENDBLK
  5
1132
330
1130
100
AcDbEntity
  8
0
100
AcDbBlockEnd
  0
BLOCK
  5
113D
330
113C
100
AcDbEntity
  8
0
100
AcDbBlockBegin
  2
*D215
 70
     1
 10
0.0
 20
0.0
 30
0.0
  3
*D215
  1

  0
LINE
  5
146B
330
113C
100
AcDbEntity
  8
$Размеры
  6
Continuous
 62
     5
440
 16777216
370
    13
100
AcDbLine
 10
10035.71962772257
 20
43298.85981967319
 30
0.0
 11
11466.60253763838
 21
45777.21008706152
 31
0.0
  0
LINE
  5
146C
330
113C
100
AcDbEntity
  8
$Размеры
  6
Continuous
 62
     5
440
 16777216
370
    13
100
AcDbLine
 10
15231.86587945133
 20
40298.84930184723
 30
0.0
 11
16662.74878936714
 21
42777.19956923556
 31
0.0
  0
LINE
  5
146D
330
113C
100
AcDbEntity
  8
$Размеры
  6
Continuous
 62
     5
440
 16777216
370
    13
100
AcDbLine
 10
11416.60236163046
 20
45690.60764830154
 30
0.0
 11
16612.74861335922
 21
42690.59713047558
 31
0.0
  0
INSERT
  5
146E
330
113C
100
AcDbEntity
  8
$Размеры
 62
     5
440
 16777216
370
    13
100
AcDbBlockReference
  2
_Oblique
 10
11416.60236163046
 20
45690.60764830154
 30
0.0
 41
150.0
 42
150.0
 43
150.0
 50
149.9998835540288
  0
INSERT
  5
146F
330
113C
100
AcDbEntity
  8
$Размеры
 62
     5
440
 16777216
370
    13
100
AcDbBlockReference
  2
_Oblique
 10
16612.74861335922
 20
42690.59713047558
 30
0.0
 41
150.0
 42
150.0
 43
150.0
 50
329.9998835540288
  0
MTEXT
  5
1470
330
113C
100
AcDbEntity
  8
$Размеры
 62
     5
440
 16777216
100
AcDbMText
 10
14127.17588351266
 20
44385.45787659852
 30
0.0
 40
250.0
 41
0.0
 46
0.0
 71
     5
 72
     1
  1
\A1;2х3000 (поз.8)
  7
@ТРАНСПРОЕКТ
 11
0.866024387599851
 21
-0.500001760079205
 31
0.0
 73
     1
 44
1.0
 90
        3
 63
     9
421
 13158600
 45
1.1
441
        0
  0
POINT
  5
1471
330
113C
100
AcDbEntity
  8
Defpoints
 62
     0
440
 16777216
100
AcDbPoint
 10
9985.719451714656
 20
43212.25738091321
 30
0.0
  0
POINT
  5
1472
330
113C
100
AcDbEntity
  8
Defpoints
 62
     0
440
 16777216
100
AcDbPoint
 10
15181.86570344341
 20
40212.24686308725
 30
0.0
  0
POINT
  5
1473
330
113C
100
AcDbEntity
  8
Defpoints
 62
     0
440
 16777216
100
AcDbPoint
 10
16612.74861335922
 20
42690.59713047558
 30
0.0
  0
ENDBLK
  5
113E
330
113C
100
AcDbEntity
  8
0
100
AcDbBlockEnd
  0
BLOCK
  5
1149
330
1148
100
AcDbEntity
  8
0
100
AcDbBlockBegin
  2
*D216
 70
     1
 10
0.0
 20
0.0
 30
0.0
  3
*D216
  1

  0
LINE
  5
1474
330
1148
100
AcDbEntity
  8
$Слои конструкции
  6
Continuous
 62
     5
440
 16777216
370
    13
100
AcDbLine
 10
49905.29337883123
 20
46235.80648782717
 30
0.0
 11
48819.81949784031
 21
48115.90239999286
 31
0.0
  0
LINE
  5
1475
330
1148
100
AcDbEntity
  8
$Слои конструкции
  6
Continuous
 62
     5
440
 16777216
370
    13
100
AcDbLine
 10
41912.02663908562
 20
41620.89178393159
 30
0.0
 11
40826.55275809468
 21
43500.98769609728
 31
0.0
  0
LINE
  5
1476
330
1148
100
AcDbEntity
  8
$Слои конструкции
  6
Continuous
 62
     5
440
 16777216
370
    13
100
AcDbLine
 10
48869.8194978403
 20
48029.2998596144
 30
0.0
 11
40876.55275809468
 21
43414.38515571883
 31
0.0
  0
INSERT
  5
1477
330
1148
100
AcDbEntity
  8
$Слои конструкции
 62
     5
440
 16777216
370
    13
100
AcDbBlockReference
  2
_Oblique
 10
48869.8194978403
 20
48029.2998596144
 30
0.0
 41
150.0
 42
150.0
 43
150.0
 50
29.99999999999438
  0
INSERT
  5
1478
330
1148
100
AcDbEntity
  8
$Слои конструкции
 62
     5
440
 16777216
370
    13
100
AcDbBlockReference
  2
_Oblique
 10
40876.55275809468
 20
43414.38515571883
 30
0.0
 41
150.0
 42
150.0
 43
150.0
 50
209.9999999999944
  0
MTEXT
  5
1479
330
1148
100
AcDbEntity
  8
$Слои конструкции
 62
     5
440
 16777216
100
AcDbMText
 10
44773.1861279675
 20
45895.04758842351
 30
0.0
 40
250.0
 41
0.0
 46
0.0
 71
     5
 72
     1
  1
\A1;9230
  7
@ТРАНСПРОЕКТ
 11
0.8660254037844877
 21
0.4999999999999149
 31
0.0
 73
     1
 44
1.0
 90
        3
 63
     9
421
 13158600
 45
1.1
441
        0
  0
POINT
  5
147A
330
1148
100
AcDbEntity
  8
Defpoints
 62
     0
440
 16777216
100
AcDbPoint
 10
49955.29337883123
 20
46149.20394744872
 30
0.0
  0
POINT
  5
147B
330
1148
100
AcDbEntity
  8
Defpoints
 62
     0
440
 16777216
100
AcDbPoint
 10
41962.0266390856
 20
41534.28924355314
 30
0.0
  0
POINT
  5
147C
330
1148
100
AcDbEntity
  8
Defpoints
 62
     0
440
 16777216
100
AcDbPoint
 10
40876.55275809468
 20
43414.38515571883
 30
0.0
  0
ENDBLK
  5
114A
330
1148
100
AcDbEntity
  8
0
100
AcDbBlockEnd
  0
BLOCK
  5
1155
330
1154
100
AcDbEntity
  8
0
100
AcDbBlockBegin
  2
*D217
 70
     1
 10
0.0
 20
0.0
 30
0.0
  3
*D217
  1

  0
LINE
  5
147D
330
1154
100
AcDbEntity
  8
$Размеры
  6
Continuous
 62
     5
440
 16777216
370
    13
100
AcDbLine
 10
47918.33255916397
 20
43298.85981967319
 30
0.0
 11
46487.44964924844
 21
45777.21008706104
 31
0.0
  0
LINE
  5
147E
330
1154
100
AcDbEntity
  8
$Размеры
  6
Continuous
 62
     5
440
 16777216
370
    13
100
AcDbLine
 10
42722.18630743521
 20
40298.84930184723
 30
0.0
 11
41291.30339751968
 21
42777.19956923509
 31
0.0
  0
LINE
  5
147F
330
1154
100
AcDbEntity
  8
$Размеры
  6
Continuous
 62
     5
440
 16777216
370
    13
100
AcDbLine
 10
46537.44982525636
 20
45690.60764830106
 30
0.0
 11
41341.30357352759
 21
42690.5971304751
 31
0.0
  0
INSERT
  5
1480
330
1154
100
AcDbEntity
  8
$Размеры
 62
     5
440
 16777216
370
    13
100
AcDbBlockReference
  2
_Oblique
 10
46537.44982525636
 20
45690.60764830106
 30
0.0
 41
150.0
 42
150.0
 43
150.0
 50
30.00011644597116
  0
INSERT
  5
1481
330
1154
100
AcDbEntity
  8
$Размеры
 62
     5
440
 16777216
370
    13
100
AcDbBlockReference
  2
_Oblique
 10
41341.30357352759
 20
42690.5971304751
 30
0.0
 41
150.0
 42
150.0
 43
150.0
 50
210.0001164459711
  0
MTEXT
  5
1482
330
1154
100
AcDbEntity
  8
$Размеры
 62
     5
440
 16777216
100
AcDbMText
 10
43826.87630337415
 20
44385.45787659805
 30
0.0
 40
250.0
 41
0.0
 46
0.0
 71
     5
 72
     1
  1
\A1;2х3000 (поз.8)
  7
@ТРАНСПРОЕКТ
 11
0.8660243875998515
 21
0.5000017600792042
 31
0.0
 73
     1
 44
1.0
 90
        3
 63
     9
421
 13158600
 45
1.1
441
        0
  0
POINT
  5
1483
330
1154
100
AcDbEntity
  8
Defpoints
 62
     0
440
 16777216
100
AcDbPoint
 10
47968.33273517189
 20
43212.25738091321
 30
0.0
  0
POINT
  5
1484
330
1154
100
AcDbEntity
  8
Defpoints
 62
     0
440
 16777216
100
AcDbPoint
 10
42772.18648344313
 20
40212.24686308724
 30
0.0
  0
POINT
  5
1485
330
1154
100
AcDbEntity
  8
Defpoints
 62
     0
440
 16777216
100
AcDbPoint
 10
41341.30357352759
 20
42690.5971304751
 30
0.0
  0
ENDBLK
  5
1156
330
1154
100
AcDbEntity
  8
0
100
AcDbBlockEnd
  0
BLOCK
  5
1161
330
1160
100
AcDbEntity
  8
0
100
AcDbBlockBegin
  2
*D218
 70
     1
 10
0.0
 20
0.0
 30
0.0
  3
*D218
  1

  0
LINE
  5
1486
330
1160
100
AcDbEntity
  8
$Размеры
  6
Continuous
 62
     5
440
 16777216
370
    13
100
AcDbLine
 10
47918.33273517188
 20
43298.85992129166
 30
0.0
 11
46487.45486217619
 21
45777.21309674627
 31
0.0
  0
LINE
  5
1487
330
1160
100
AcDbEntity
  8
$Размеры
  6
Continuous
 62
     5
440
 16777216
370
    13
100
AcDbLine
 10
50680.28838600485
 20
44893.47575978988
 30
0.0
 11
49249.41051300916
 21
47371.8289352445
 31
0.0
  0
LINE
  5
1488
330
1160
100
AcDbEntity
  8
$Размеры
  6
Continuous
 62
     5
440
 16777216
370
    13
100
AcDbLine
 10
46537.4548621762
 20
45690.61055636782
 30
0.0
 11
49299.41051300917
 21
47285.22639486606
 31
0.0
  0
INSERT
  5
1489
330
1160
100
AcDbEntity
  8
$Размеры
 62
     5
440
 16777216
370
    13
100
AcDbBlockReference
  2
_Oblique
 10
46537.4548621762
 20
45690.61055636782
 30
0.0
 41
150.0
 42
150.0
 43
150.0
 50
210.0000000000001
  0
INSERT
  5
148A
330
1160
100
AcDbEntity
  8
$Размеры
 62
     5
440
 16777216
370
    13
100
AcDbBlockReference
  2
_Oblique
 10
49299.41051300917
 20
47285.22639486606
 30
0.0
 41
150.0
 42
150.0
 43
150.0
 50
30.00000000000012
  0
MTEXT
  5
148B
330
1160
100
AcDbEntity
  8
$Размеры
 62
     5
440
 16777216
100
AcDbMText
 10
47818.43268759268
 20
46661.12355637383
 30
0.0
 40
250.0
 41
0.0
 46
0.0
 71
     5
 72
     1
  1
\A1;3189
  7
@ТРАНСПРОЕКТ
 11
0.8660254037844376
 21
0.5000000000000018
 31
0.0
 73
     1
 44
1.0
 90
        3
 63
     9
421
 13158600
 45
1.1
441
        0
  0
POINT
  5
148C
330
1160
100
AcDbEntity
  8
Defpoints
 62
     0
440
 16777216
100
AcDbPoint
 10
47968.33273517189
 20
43212.25738091321
 30
0.0
  0
POINT
  5
148D
330
1160
100
AcDbEntity
  8
Defpoints
 62
     0
440
 16777216
100
AcDbPoint
 10
50730.28838600486
 20
44806.87321941144
 30
0.0
  0
POINT
  5
148E
330
1160
100
AcDbEntity
  8
Defpoints
 62
     0
440
 16777216
100
AcDbPoint
 10
49299.41051300917
 20
47285.22639486606
 30
0.0
  0
ENDBLK
  5
1162
330
1160
100
AcDbEntity
  8
0
100
AcDbBlockEnd
  0
BLOCK
  5
116D
330
116C
100
AcDbEntity
  8
0
100
AcDbBlockBegin
  2
*D219
 70
     1
 10
0.0
 20
0.0
 30
0.0
  3
*D219
  1

  0
LINE
  5
148F
330
116C
100
AcDbEntity
  8
$Слои конструкции
  6
Continuous
 62
     5
440
 16777216
370
    13
100
AcDbLine
 10
8048.758808055302
 20
24252.08897450273
 30
0.0
 11
9134.232689046323
 21
22371.99306233689
 31
0.0
  0
LINE
  5
1490
330
116C
100
AcDbEntity
  8
$Слои конструкции
  6
Continuous
 62
     5
440
 16777216
370
    13
100
AcDbLine
 10
16042.02554780092
 20
28867.0036783983
 30
0.0
 11
17127.49942879194
 21
26986.90776623246
 31
0.0
  0
LINE
  5
1491
330
116C
100
AcDbEntity
  8
$Слои конструкции
  6
Continuous
 62
     5
440
 16777216
370
    13
100
AcDbLine
 10
9084.232689046329
 20
22458.59560271533
 30
0.0
 11
17077.49942879195
 21
27073.5103066109
 31
0.0
  0
INSERT
  5
1492
330
116C
100
AcDbEntity
  8
$Слои конструкции
 62
     5
440
 16777216
370
    13
100
AcDbBlockReference
  2
_Oblique
 10
9084.232689046329
 20
22458.59560271533
 30
0.0
 41
150.0
 42
150.0
 43
150.0
 50
209.9999999999944
  0
INSERT
  5
1493
330
116C
100
AcDbEntity
  8
$Слои конструкции
 62
     5
440
 16777216
370
    13
100
AcDbBlockReference
  2
_Oblique
 10
17077.49942879195
 20
27073.5103066109
 30
0.0
 41
150.0
 42
150.0
 43
150.0
 50
29.99999999999437
  0
MTEXT
  5
1494
330
116C
100
AcDbEntity
  8
$Слои конструкции
 62
     5
440
 16777216
100
AcDbMText
 10
12980.86605891916
 20
24939.25803542002
 30
0.0
 40
250.0
 41
0.0
 46
0.0
 71
     5
 72
     1
  1
\A1;9230
  7
@ТРАНСПРОЕКТ
 11
0.8660254037844877
 21
0.4999999999999149
 31
0.0
 73
     1
 44
1.0
 90
        3
 63
     9
421
 13158600
 45
1.1
441
        0
  0
POINT
  5
1495
330
116C
100
AcDbEntity
  8
Defpoints
 62
     0
440
 16777216
100
AcDbPoint
 10
7998.758808055311
 20
24338.69151488118
 30
0.0
  0
POINT
  5
1496
330
116C
100
AcDbEntity
  8
Defpoints
 62
     0
440
 16777216
100
AcDbPoint
 10
15992.02554780093
 20
28953.60621877675
 30
0.0
  0
POINT
  5
1497
330
116C
100
AcDbEntity
  8
Defpoints
 62
     0
440
 16777216
100
AcDbPoint
 10
17077.49942879195
 20
27073.5103066109
 30
0.0
  0
ENDBLK
  5
116E
330
116C
100
AcDbEntity
  8
0
100
AcDbBlockEnd
  0
BLOCK
  5
1179
330
1178
100
AcDbEntity
  8
0
100
AcDbBlockBegin
  2
*D220
 70
     1
 10
0.0
 20
0.0
 30
0.0
  3
*D220
  1

  0
LINE
  5
1498
330
1178
100
AcDbEntity
  8
$Размеры
  6
Continuous
 62
     5
440
 16777216
370
    13
100
AcDbLine
 10
10035.71945171465
 20
27189.03554103825
 30
0.0
 11
11466.59732471653
 21
24710.68236557291
 31
0.0
  0
LINE
  5
1499
330
1178
100
AcDbEntity
  8
$Размеры
  6
Continuous
 62
     5
440
 16777216
370
    13
100
AcDbLine
 10
7273.763800881687
 20
25594.41970254002
 30
0.0
 11
8704.641673883564
 21
23116.06652707468
 31
0.0
  0
LINE
  5
149A
330
1178
100
AcDbEntity
  8
$Размеры
  6
Continuous
 62
     5
440
 16777216
370
    13
100
AcDbLine
 10
11416.59732471653
 20
24797.28490595135
 30
0.0
 11
8654.641673883565
 21
23202.66906745313
 31
0.0
  0
INSERT
  5
149B
330
1178
100
AcDbEntity
  8
$Размеры
 62
     5
440
 16777216
370
    13
100
AcDbBlockReference
  2
_Oblique
 10
11416.59732471653
 20
24797.28490595135
 30
0.0
 41
150.0
 42
150.0
 43
150.0
 50
30.00000000000005
  0
INSERT
  5
149C
330
1178
100
AcDbEntity
  8
$Размеры
 62
     5
440
 16777216
370
    13
100
AcDbBlockReference
  2
_Oblique
 10
8654.641673883565
 20
23202.66906745313
 30
0.0
 41
150.0
 42
150.0
 43
150.0
 50
210.0
  0
MTEXT
  5
149D
330
1178
100
AcDbEntity
  8
$Размеры
 62
     5
440
 16777216
100
AcDbMText
 10
9935.619499300047
 20
24173.18206745913
 30
0.0
 40
250.0
 41
0.0
 46
0.0
 71
     5
 72
     1
  1
\A1;3189
  7
@ТРАНСПРОЕКТ
 11
0.866025403784438
 21
0.500000000000001
 31
0.0
 73
     1
 44
1.0
 90
        3
 63
     9
421
 13158600
 45
1.1
441
        0
  0
POINT
  5
149E
330
1178
100
AcDbEntity
  8
Defpoints
 62
     0
440
 16777216
100
AcDbPoint
 10
9985.719451714656
 20
27275.63808141669
 30
0.0
  0
POINT
  5
149F
330
1178
100
AcDbEntity
  8
Defpoints
 62
     0
440
 16777216
100
AcDbPoint
 10
7223.763800881688
 20
25681.02224291846
 30
0.0
  0
POINT
  5
14A0
330
1178
100
AcDbEntity
  8
Defpoints
 62
     0
440
 16777216
100
AcDbPoint
 10
8654.641673883565
 20
23202.66906745313
 30
0.0
  0
ENDBLK
  5
117A
330
1178
100
AcDbEntity
  8
0
100
AcDbBlockEnd
  0
BLOCK
  5
1185
330
1184
100
AcDbEntity
  8
0
100
AcDbBlockBegin
  2
*D221
 70
     1
 10
0.0
 20
0.0
 30
0.0
  3
*D221
  1

  0
LINE
  5
14A1
330
1184
100
AcDbEntity
  8
$Размеры
  6
Continuous
 62
     5
440
 16777216
370
    13
100
AcDbLine
 10
10035.71962772258
 20
27189.03564265671
 30
0.0
 11
11466.602537638
 21
24710.68537526904
 31
0.0
  0
LINE
  5
14A2
330
1184
100
AcDbEntity
  8
$Размеры
  6
Continuous
 62
     5
440
 16777216
370
    13
100
AcDbLine
 10
15231.86587945133
 20
30189.04616048267
 30
0.0
 11
16662.74878936676
 21
27710.69589309499
 31
0.0
  0
LINE
  5
14A3
330
1184
100
AcDbEntity
  8
$Размеры
  6
Continuous
 62
     5
440
 16777216
370
    13
100
AcDbLine
 10
11416.60236163008
 20
24797.28781402902
 30
0.0
 11
16612.74861335884
 21
27797.29833185498
 31
0.0
  0
INSERT
  5
14A4
330
1184
100
AcDbEntity
  8
$Размеры
 62
     5
440
 16777216
370
    13
100
AcDbBlockReference
  2
_Oblique
 10
11416.60236163008
 20
24797.28781402902
 30
0.0
 41
150.0
 42
150.0
 43
150.0
 50
210.0001164459711
  0
INSERT
  5
14A5
330
1184
100
AcDbEntity
  8
$Размеры
 62
     5
440
 16777216
370
    13
100
AcDbBlockReference
  2
_Oblique
 10
16612.74861335884
 20
27797.29833185498
 30
0.0
 41
150.0
 42
150.0
 43
150.0
 50
30.00011644597111
  0
MTEXT
  5
14A6
330
1184
100
AcDbEntity
  8
$Размеры
 62
     5
440
 16777216
100
AcDbMText
 10
13902.17509147664
 20
26492.14856015196
 30
0.0
 40
250.0
 41
0.0
 46
0.0
 71
     5
 72
     1
  1
\A1;2х3000 (поз.8)
  7
@ТРАНСПРОЕКТ
 11
0.8660243875998519
 21
0.5000017600792038
 31
0.0
 73
     1
 44
1.0
 90
        3
 63
     9
421
 13158600
 45
1.1
441
        0
  0
POINT
  5
14A7
330
1184
100
AcDbEntity
  8
Defpoints
 62
     0
440
 16777216
100
AcDbPoint
 10
9985.719451714658
 20
27275.63808141669
 30
0.0
  0
POINT
  5
14A8
330
1184
100
AcDbEntity
  8
Defpoints
 62
     0
440
 16777216
100
AcDbPoint
 10
15181.86570344341
 20
30275.64859924265
 30
0.0
  0
POINT
  5
14A9
330
1184
100
AcDbEntity
  8
Defpoints
 62
     0
440
 16777216
100
AcDbPoint
 10
16612.74861335884
 20
27797.29833185498
 30
0.0
  0
ENDBLK
  5
1186
330
1184
100
AcDbEntity
  8
0
100
AcDbBlockEnd
  0
BLOCK
  5
1191
330
1190
100
AcDbEntity
  8
0
100
AcDbBlockBegin
  2
*D222
 70
     1
 10
0.0
 20
0.0
 30
0.0
  3
*D222
  1

  0
LINE
  5
14AA
330
1190
100
AcDbEntity
  8
$Слои конструкции
  6
Continuous
 62
     5
440
 16777216
370
    13
100
AcDbLine
 10
49905.29337883123
 20
24252.08897450274
 30
0.0
 11
48819.81949784004
 21
22371.9930623366
 31
0.0
  0
LINE
  5
14AB
330
1190
100
AcDbEntity
  8
$Слои конструкции
  6
Continuous
 62
     5
440
 16777216
370
    13
100
AcDbLine
 10
41912.02663908562
 20
28867.0036783983
 30
0.0
 11
40826.55275809443
 21
26986.90776623216
 31
0.0
  0
LINE
  5
14AC
330
1190
100
AcDbEntity
  8
$Слои конструкции
  6
Continuous
 62
     5
440
 16777216
370
    13
100
AcDbLine
 10
48869.81949784004
 20
22458.59560271504
 30
0.0
 11
40876.55275809441
 21
27073.51030661061
 31
0.0
  0
INSERT
  5
14AD
330
1190
100
AcDbEntity
  8
$Слои конструкции
 62
     5
440
 16777216
370
    13
100
AcDbBlockReference
  2
_Oblique
 10
48869.81949784004
 20
22458.59560271504
 30
0.0
 41
150.0
 42
150.0
 43
150.0
 50
330.0000000000056
  0
INSERT
  5
14AE
330
1190
100
AcDbEntity
  8
$Слои конструкции
 62
     5
440
 16777216
370
    13
100
AcDbBlockReference
  2
_Oblique
 10
40876.55275809441
 20
27073.51030661061
 30
0.0
 41
150.0
 42
150.0
 43
150.0
 50
150.0000000000056
  0
MTEXT
  5
14AF
330
1190
100
AcDbEntity
  8
$Слои конструкции
 62
     5
440
 16777216
100
AcDbMText
 10
44973.18612796721
 20
24939.25803541972
 30
0.0
 40
250.0
 41
0.0
 46
0.0
 71
     5
 72
     1
  1
\A1;9230
  7
@ТРАНСПРОЕКТ
 11
0.8660254037844877
 21
-0.4999999999999149
 31
0.0
 73
     1
 44
1.0
 90
        3
 63
     9
421
 13158600
 45
1.1
441
        0
  0
POINT
  5
14B0
330
1190
100
AcDbEntity
  8
Defpoints
 62
     0
440
 16777216
100
AcDbPoint
 10
49955.29337883123
 20
24338.69151488118
 30
0.0
  0
POINT
  5
14B1
330
1190
100
AcDbEntity
  8
Defpoints
 62
     0
440
 16777216
100
AcDbPoint
 10
41962.02663908561
 20
28953.60621877675
 30
0.0
  0
POINT
  5
14B2
330
1190
100
AcDbEntity
  8
Defpoints
 62
     0
440
 16777216
100
AcDbPoint
 10
40876.55275809441
 20
27073.51030661061
 30
0.0
  0
ENDBLK
  5
1192
330
1190
100
AcDbEntity
  8
0
100
AcDbBlockEnd
  0
BLOCK
  5
119D
330
119C
100
AcDbEntity
  8
0
100
AcDbBlockBegin
  2
*D223
 70
     1
 10
0.0
 20
0.0
 30
0.0
  3
*D223
  1

  0
LINE
  5
14B3
330
119C
100
AcDbEntity
  8
$Размеры
  6
Continuous
 62
     5
440
 16777216
370
    13
100
AcDbLine
 10
47918.33255916397
 20
27189.03564265671
 30
0.0
 11
46487.44964924856
 21
24710.68537526903
 31
0.0
  0
LINE
  5
14B4
330
119C
100
AcDbEntity
  8
$Размеры
  6
Continuous
 62
     5
440
 16777216
370
    13
100
AcDbLine
 10
42722.18630743521
 20
30189.04616048267
 30
0.0
 11
41291.30339751979
 21
27710.69589309499
 31
0.0
  0
LINE
  5
14B5
330
119C
100
AcDbEntity
  8
$Размеры
  6
Continuous
 62
     5
440
 16777216
370
    13
100
AcDbLine
 10
46537.44982525647
 20
24797.28781402902
 30
0.0
 11
41341.30357352771
 21
27797.29833185498
 31
0.0
  0
INSERT
  5
14B6
330
119C
100
AcDbEntity
  8
$Размеры
 62
     5
440
 16777216
370
    13
100
AcDbBlockReference
  2
_Oblique
 10
46537.44982525647
 20
24797.28781402902
 30
0.0
 41
150.0
 42
150.0
 43
150.0
 50
329.9998835540289
  0
INSERT
  5
14B7
330
119C
100
AcDbEntity
  8
$Размеры
 62
     5
440
 16777216
370
    13
100
AcDbBlockReference
  2
_Oblique
 10
41341.30357352771
 20
27797.29833185498
 30
0.0
 41
150.0
 42
150.0
 43
150.0
 50
149.9998835540289
  0
MTEXT
  5
14B8
330
119C
100
AcDbEntity
  8
$Размеры
 62
     5
440
 16777216
100
AcDbMText
 10
44051.87709540991
 20
26492.14856015196
 30
0.0
 40
250.0
 41
0.0
 46
0.0
 71
     5
 72
     1
  1
\A1;2х3000 (поз.8)
  7
@ТРАНСПРОЕКТ
 11
0.8660243875998522
 21
-0.5000017600792035
 31
0.0
 73
     1
 44
1.0
 90
        3
 63
     9
421
 13158600
 45
1.1
441
        0
  0
POINT
  5
14B9
330
119C
100
AcDbEntity
  8
Defpoints
 62
     0
440
 16777216
100
AcDbPoint
 10
47968.33273517189
 20
27275.63808141669
 30
0.0
  0
POINT
  5
14BA
330
119C
100
AcDbEntity
  8
Defpoints
 62
     0
440
 16777216
100
AcDbPoint
 10
42772.18648344313
 20
30275.64859924265
 30
0.0
  0
POINT
  5
14BB
330
119C
100
AcDbEntity
  8
Defpoints
 62
     0
440
 16777216
100
AcDbPoint
 10
41341.30357352771
 20
27797.29833185498
 30
0.0
  0
ENDBLK
  5
119E
330
119C
100
AcDbEntity
  8
0
100
AcDbBlockEnd
  0
BLOCK
  5
11A9
330
11A8
100
AcDbEntity
  8
0
100
AcDbBlockBegin
  2
*D224
 70
     1
 10
0.0
 20
0.0
 30
0.0
  3
*D224
  1

  0
LINE
  5
14BC
330
11A8
100
AcDbEntity
  8
$Размеры
  6
Continuous
 62
     5
440
 16777216
370
    13
100
AcDbLine
 10
47918.33273517189
 20
27189.03554103826
 30
0.0
 11
46487.45486217616
 21
24710.68236558357
 31
0.0
  0
LINE
  5
14BD
330
11A8
100
AcDbEntity
  8
$Размеры
  6
Continuous
 62
     5
440
 16777216
370
    13
100
AcDbLine
 10
50680.28838600485
 20
25594.41970254002
 30
0.0
 11
49249.41051300913
 21
23116.06652708534
 31
0.0
  0
LINE
  5
14BE
330
11A8
100
AcDbEntity
  8
$Размеры
  6
Continuous
 62
     5
440
 16777216
370
    13
100
AcDbLine
 10
46537.45486217617
 20
24797.28490596202
 30
0.0
 11
49299.41051300913
 21
23202.66906746379
 31
0.0
  0
INSERT
  5
14BF
330
11A8
100
AcDbEntity
  8
$Размеры
 62
     5
440
 16777216
370
    13
100
AcDbBlockReference
  2
_Oblique
 10
46537.45486217617
 20
24797.28490596202
 30
0.0
 41
150.0
 42
150.0
 43
150.0
 50
149.9999999999999
  0
INSERT
  5
14C0
330
11A8
100
AcDbEntity
  8
$Размеры
 62
     5
440
 16777216
370
    13
100
AcDbBlockReference
  2
_Oblique
 10
49299.41051300913
 20
23202.66906746379
 30
0.0
 41
150.0
 42
150.0
 43
150.0
 50
329.9999999999999
  0
MTEXT
  5
14C1
330
11A8
100
AcDbEntity
  8
$Размеры
 62
     5
440
 16777216
100
AcDbMText
 10
48018.43268759265
 20
24173.18206746978
 30
0.0
 40
250.0
 41
0.0
 46
0.0
 71
     5
 72
     1
  1
\A1;3189
  7
@ТРАНСПРОЕКТ
 11
0.8660254037844376
 21
-0.5000000000000018
 31
0.0
 73
     1
 44
1.0
 90
        3
 63
     9
421
 13158600
 45
1.1
441
        0
  0
POINT
  5
14C2
330
11A8
100
AcDbEntity
  8
Defpoints
 62
     0
440
 16777216
100
AcDbPoint
 10
47968.33273517189
 20
27275.6380814167
 30
0.0
  0
POINT
  5
14C3
330
11A8
100
AcDbEntity
  8
Defpoints
 62
     0
440
 16777216
100
AcDbPoint
 10
50730.28838600486
 20
25681.02224291847
 30
0.0
  0
POINT
  5
14C4
330
11A8
100
AcDbEntity
  8
Defpoints
 62
     0
440
 16777216
100
AcDbPoint
 10
49299.41051300913
 20
23202.66906746379
 30
0.0
  0
ENDBLK
  5
11AA
330
11A8
100
AcDbEntity
  8
0
100
AcDbBlockEnd
  0
BLOCK
  5
11B5
330
11B4
100
AcDbEntity
  8
0
100
AcDbBlockBegin
  2
*D225
 70
     1
 10
0.0
 20
0.0
 30
0.0
  3
*D225
  1

  0
LINE
  5
14C5
330
11B4
100
AcDbEntity
  8
$Размеры
  6
Continuous
 62
     5
440
 16777216
370
    13
100
AcDbLine
 10
16902.02609277458
 20
30293.94773122456
 30
0.0
 11
16902.02609277458
 21
25242.37205320652
 31
0.0
  0
LINE
  5
14C6
330
11B4
100
AcDbEntity
  8
$Размеры
  6
Continuous
 62
     5
440
 16777216
370
    13
100
AcDbLine
 10
41052.02609372827
 20
30293.94773116496
 30
0.0
 11
41052.02609372827
 21
25242.37205320652
 31
0.0
  0
LINE
  5
14C7
330
11B4
100
AcDbEntity
  8
$Размеры
  6
Continuous
 62
     5
440
 16777216
370
    13
100
AcDbLine
 10
16902.02609277458
 20
25342.37205320652
 30
0.0
 11
41052.02609372827
 21
25342.37205320652
 31
0.0
  0
INSERT
  5
14C8
330
11B4
100
AcDbEntity
  8
$Размеры
 62
     5
440
 16777216
370
    13
100
AcDbBlockReference
  2
_Oblique
 10
16902.02609277458
 20
25342.37205320652
 30
0.0
 41
150.0
 42
150.0
 43
150.0
 50
180.0
  0
INSERT
  5
14C9
330
11B4
100
AcDbEntity
  8
$Размеры
 62
     5
440
 16777216
370
    13
100
AcDbBlockReference
  2
_Oblique
 10
41052.02609372827
 20
25342.37205320652
 30
0.0
 41
150.0
 42
150.0
 43
150.0
  0
MTEXT
  5
14CA
330
11B4
100
AcDbEntity
  8
$Размеры
 62
     5
440
 16777216
100
AcDbMText
 10
28977.02609325143
 20
25542.37205320652
 30
0.0
 40
250.0
 41
0.0
 46
0.0
 71
     5
 72
     1
  1
\A1;23х1050=24150
  7
@ТРАНСПРОЕКТ
 73
     1
 44
1.0
 90
        3
 63
     9
421
 13158600
 45
1.1
441
        0
  0
POINT
  5
14CB
330
11B4
100
AcDbEntity
  8
Defpoints
 62
     0
440
 16777216
100
AcDbPoint
 10
16902.02609277458
 20
30393.94773122456
 30
0.0
  0
POINT
  5
14CC
330
11B4
100
AcDbEntity
  8
Defpoints
 62
     0
440
 16777216
100
AcDbPoint
 10
41052.02609372827
 20
30393.94773116495
 30
0.0
  0
POINT
  5
14CD
330
11B4
100
AcDbEntity
  8
Defpoints
 62
     0
440
 16777216
100
AcDbPoint
 10
41052.02609372827
 20
25342.37205320652
 30
0.0
  0
ENDBLK
  5
11B6
330
11B4
100
AcDbEntity
  8
0
100
AcDbBlockEnd
  0
BLOCK
  5
11C1
330
11C0
100
AcDbEntity
  8
0
100
AcDbBlockBegin
  2
*D226
 70
     1
 10
0.0
 20
0.0
 30
0.0
  3
*D226
  1

  0
LINE
  5
14CE
330
11C0
100
AcDbEntity
  8
$Размеры
  6
Continuous
 62
     5
440
 16777216
370
    13
100
AcDbLine
 10
16902.02609277458
 20
30293.94773122456
 30
0.0
 11
16902.02609277458
 21
25242.37205320652
 31
0.0
  0
LINE
  5
14CF
330
11C0
100
AcDbEntity
  8
$Размеры
  6
Continuous
 62
     5
440
 16777216
370
    13
100
AcDbLine
 10
16012.02609344327
 20
29993.94773128416
 30
0.0
 11
16012.02609344327
 21
25242.37205320652
 31
0.0
  0
LINE
  5
14D0
330
11C0
100
AcDbEntity
  8
$Размеры
  6
Continuous
 62
     5
440
 16777216
370
    13
100
AcDbLine
 10
16902.02609277458
 20
25342.37205320652
 30
0.0
 11
16012.02609344327
 21
25342.37205320652
 31
0.0
  0
INSERT
  5
14D1
330
11C0
100
AcDbEntity
  8
$Размеры
 62
     5
440
 16777216
370
    13
100
AcDbBlockReference
  2
_Oblique
 10
16902.02609277458
 20
25342.37205320652
 30
0.0
 41
150.0
 42
150.0
 43
150.0
  0
INSERT
  5
14D2
330
11C0
100
AcDbEntity
  8
$Размеры
 62
     5
440
 16777216
370
    13
100
AcDbBlockReference
  2
_Oblique
 10
16012.02609344327
 20
25342.37205320652
 30
0.0
 41
150.0
 42
150.0
 43
150.0
 50
180.0
  0
MTEXT
  5
14D3
330
11C0
100
AcDbEntity
  8
$Размеры
 62
     5
440
 16777216
100
AcDbMText
 10
16457.02609310893
 20
25542.37205320652
 30
0.0
 40
250.0
 41
0.0
 46
0.0
 71
     5
 72
     1
  1
\A1;890
  7
@ТРАНСПРОЕКТ
 73
     1
 44
1.0
 90
        3
 63
     9
421
 13158600
 45
1.1
441
        0
  0
POINT
  5
14D4
330
11C0
100
AcDbEntity
  8
Defpoints
 62
     0
440
 16777216
100
AcDbPoint
 10
16902.02609277458
 20
30393.94773122456
 30
0.0
  0
POINT
  5
14D5
330
11C0
100
AcDbEntity
  8
Defpoints
 62
     0
440
 16777216
100
AcDbPoint
 10
16012.02609344327
 20
30093.94773128416
 30
0.0
  0
POINT
  5
14D6
330
11C0
100
AcDbEntity
  8
Defpoints
 62
     0
440
 16777216
100
AcDbPoint
 10
16012.02609344327
 20
25342.37205320652
 30
0.0
  0
ENDBLK
  5
11C2
330
11C0
100
AcDbEntity
  8
0
100
AcDbBlockEnd
  0
BLOCK
  5
11CD
330
11CC
100
AcDbEntity
  8
0
100
AcDbBlockBegin
  2
*D227
 70
     1
 10
0.0
 20
0.0
 30
0.0
  3
*D227
  1

  0
LINE
  5
14D7
330
11CC
100
AcDbEntity
  8
$Размеры
  6
Continuous
 62
     5
440
 16777216
370
    13
100
AcDbLine
 10
41052.02609372827
 20
30293.94773116496
 30
0.0
 11
41052.02609372827
 21
25242.37205320652
 31
0.0
  0
LINE
  5
14D8
330
11CC
100
AcDbEntity
  8
$Размеры
  6
Continuous
 62
     5
440
 16777216
370
    13
100
AcDbLine
 10
41942.02609344327
 20
29993.94773122456
 30
0.0
 11
41942.02609344327
 21
25242.37205320652
 31
0.0
  0
LINE
  5
14D9
330
11CC
100
AcDbEntity
  8
$Размеры
  6
Continuous
 62
     5
440
 16777216
370
    13
100
AcDbLine
 10
41052.02609372827
 20
25342.37205320652
 30
0.0
 11
41942.02609344327
 21
25342.37205320652
 31
0.0
  0
INSERT
  5
14DA
330
11CC
100
AcDbEntity
  8
$Размеры
 62
     5
440
 16777216
370
    13
100
AcDbBlockReference
  2
_Oblique
 10
41052.02609372827
 20
25342.37205320652
 30
0.0
 41
150.0
 42
150.0
 43
150.0
 50
180.0
  0
INSERT
  5
14DB
330
11CC
100
AcDbEntity
  8
$Размеры
 62
     5
440
 16777216
370
    13
100
AcDbBlockReference
  2
_Oblique
 10
41942.02609344327
 20
25342.37205320652
 30
0.0
 41
150.0
 42
150.0
 43
150.0
  0
MTEXT
  5
14DC
330
11CC
100
AcDbEntity
  8
$Размеры
 62
     5
440
 16777216
100
AcDbMText
 10
41497.02609358576
 20
25542.37205320652
 30
0.0
 40
250.0
 41
0.0
 46
0.0
 71
     5
 72
     1
  1
\A1;890
  7
@ТРАНСПРОЕКТ
 73
     1
 44
1.0
 90
        3
 63
     9
421
 13158600
 45
1.1
441
        0
  0
POINT
  5
14DD
330
11CC
100
AcDbEntity
  8
Defpoints
 62
     0
440
 16777216
100
AcDbPoint
 10
41052.02609372827
 20
30393.94773116495
 30
0.0
  0
POINT
  5
14DE
330
11CC
100
AcDbEntity
  8
Defpoints
 62
     0
440
 16777216
100
AcDbPoint
 10
41942.02609344327
 20
30093.94773122456
 30
0.0
  0
POINT
  5
14DF
330
11CC
100
AcDbEntity
  8
Defpoints
 62
     0
440
 16777216
100
AcDbPoint
 10
41942.02609344327
 20
25342.37205320652
 30
0.0
  0
ENDBLK
  5
11CE
330
11CC
100
AcDbEntity
  8
0
100
AcDbBlockEnd
  0
BLOCK
  5
11D9
330
11D8
100
AcDbEntity
  8
0
100
AcDbBlockBegin
  2
*D228
 70
     1
 10
0.0
 20
0.0
 30
0.0
  3
*D228
  1

  0
LINE
  5
14E0
330
11D8
100
AcDbEntity
  8
$Размеры
  6
Continuous
 62
     5
440
 16777216
370
    13
100
AcDbLine
 10
18477.02609276387
 20
34057.95534458812
 30
0.0
 11
18477.02609276387
 21
34353.32223822511
 31
0.0
  0
LINE
  5
14E1
330
11D8
100
AcDbEntity
  8
$Размеры
  6
Continuous
 62
     5
440
 16777216
370
    13
100
AcDbLine
 10
39477.0260939555
 20
33919.2408421746
 30
0.0
 11
39477.0260939555
 21
34353.32223822511
 31
0.0
  0
LINE
  5
14E2
330
11D8
100
AcDbEntity
  8
$Размеры
  6
Continuous
 62
     5
440
 16777216
370
    13
100
AcDbLine
 10
18477.02609276387
 20
34253.32223822511
 30
0.0
 11
39477.0260939555
 21
34253.32223822511
 31
0.0
  0
INSERT
  5
14E3
330
11D8
100
AcDbEntity
  8
$Размеры
 62
     5
440
 16777216
370
    13
100
AcDbBlockReference
  2
_Oblique
 10
18477.02609276387
 20
34253.32223822511
 30
0.0
 41
150.0
 42
150.0
 43
150.0
 50
180.0
  0
INSERT
  5
14E4
330
11D8
100
AcDbEntity
  8
$Размеры
 62
     5
440
 16777216
370
    13
100
AcDbBlockReference
  2
_Oblique
 10
39477.0260939555
 20
34253.32223822511
 30
0.0
 41
150.0
 42
150.0
 43
150.0
  0
MTEXT
  5
14E5
330
11D8
100
AcDbEntity
  8
$Размеры
 62
     5
440
 16777216
100
AcDbMText
 10
28977.02609335969
 20
34453.32223822511
 30
0.0
 40
250.0
 41
0.0
 46
0.0
 71
     5
 72
     1
  1
\A1;5х4200=21000
  7
@ТРАНСПРОЕКТ
 73
     1
 44
1.0
 90
        3
 63
     9
421
 13158600
 45
1.1
441
        0
  0
POINT
  5
14E6
330
11D8
100
AcDbEntity
  8
Defpoints
 62
     0
440
 16777216
100
AcDbPoint
 10
18477.02609276387
 20
33957.95534458812
 30
0.0
  0
POINT
  5
14E7
330
11D8
100
AcDbEntity
  8
Defpoints
 62
     0
440
 16777216
100
AcDbPoint
 10
39477.0260939555
 20
33819.24084217459
 30
0.0
  0
POINT
  5
14E8
330
11D8
100
AcDbEntity
  8
Defpoints
 62
     0
440
 16777216
100
AcDbPoint
 10
39477.0260939555
 20
34253.32223822511
 30
0.0
  0
ENDBLK
  5
11DA
330
11D8
100
AcDbEntity
  8
0
100
AcDbBlockEnd
  0
BLOCK
  5
11E5
330
11E4
100
AcDbEntity
  8
0
100
AcDbBlockBegin
  2
*D229
 70
     1
 10
0.0
 20
0.0
 30
0.0
  3
*D229
  1

  0
LINE
  5
14E9
330
11E4
100
AcDbEntity
  8
$Размеры
  6
Continuous
 62
     5
440
 16777216
370
    13
100
AcDbLine
 10
41942.02609344327
 20
32193.94773128416
 30
0.0
 11
41942.02609344327
 21
34353.32223822511
 31
0.0
  0
LINE
  5
14EA
330
11E4
100
AcDbEntity
  8
$Размеры
  6
Continuous
 62
     5
440
 16777216
370
    13
100
AcDbLine
 10
39477.0260939555
 20
33919.2408421746
 30
0.0
 11
39477.0260939555
 21
34353.32223822511
 31
0.0
  0
LINE
  5
14EB
330
11E4
100
AcDbEntity
  8
$Размеры
  6
Continuous
 62
     5
440
 16777216
370
    13
100
AcDbLine
 10
41942.02609344327
 20
34253.32223822511
 30
0.0
 11
39477.0260939555
 21
34253.32223822511
 31
0.0
  0
INSERT
  5
14EC
330
11E4
100
AcDbEntity
  8
$Размеры
 62
     5
440
 16777216
370
    13
100
AcDbBlockReference
  2
_Oblique
 10
41942.02609344327
 20
34253.32223822511
 30
0.0
 41
150.0
 42
150.0
 43
150.0
  0
INSERT
  5
14ED
330
11E4
100
AcDbEntity
  8
$Размеры
 62
     5
440
 16777216
370
    13
100
AcDbBlockReference
  2
_Oblique
 10
39477.0260939555
 20
34253.32223822511
 30
0.0
 41
150.0
 42
150.0
 43
150.0
 50
180.0
  0
MTEXT
  5
14EE
330
11E4
100
AcDbEntity
  8
$Размеры
 62
     5
440
 16777216
100
AcDbMText
 10
40709.52609369938
 20
34453.32223822511
 30
0.0
 40
250.0
 41
0.0
 46
0.0
 71
     5
 72
     1
  1
\A1;2465
  7
@ТРАНСПРОЕКТ
 73
     1
 44
1.0
 90
        3
 63
     9
421
 13158600
 45
1.1
441
        0
  0
POINT
  5
14EF
330
11E4
100
AcDbEntity
  8
Defpoints
 62
     0
440
 16777216
100
AcDbPoint
 10
41942.02609344327
 20
32093.94773128416
 30
0.0
  0
POINT
  5
14F0
330
11E4
100
AcDbEntity
  8
Defpoints
 62
     0
440
 16777216
100
AcDbPoint
 10
39477.0260939555
 20
33819.24084217459
 30
0.0
  0
POINT
  5
14F1
330
11E4
100
AcDbEntity
  8
Defpoints
 62
     0
440
 16777216
100
AcDbPoint
 10
39477.0260939555
 20
34253.32223822511
 30
0.0
  0
ENDBLK
  5
11E6
330
11E4
100
AcDbEntity
  8
0
100
AcDbBlockEnd
  0
BLOCK
  5
11F1
330
11F0
100
AcDbEntity
  8
0
100
AcDbBlockBegin
  2
*D230
 70
     1
 10
0.0
 20
0.0
 30
0.0
  3
*D230
  1

  0
LINE
  5
14F2
330
11F0
100
AcDbEntity
  8
$Размеры
  6
Continuous
 62
     5
440
 16777216
370
    13
100
AcDbLine
 10
18477.02609276806
 20
34057.95534458777
 30
0.0
 11
18477.02609276806
 21
34353.32223822511
 31
0.0
  0
LINE
  5
14F3
330
11F0
100
AcDbEntity
  8
$Размеры
  6
Continuous
 62
     5
440
 16777216
370
    13
100
AcDbLine
 10
16012.02609344327
 20
32193.94773134191
 30
0.0
 11
16012.02609344327
 21
34353.32223822511
 31
0.0
  0
LINE
  5
14F4
330
11F0
100
AcDbEntity
  8
$Размеры
  6
Continuous
 62
     5
440
 16777216
370
    13
100
AcDbLine
 10
18477.02609276806
 20
34253.32223822511
 30
0.0
 11
16012.02609344327
 21
34253.32223822511
 31
0.0
  0
INSERT
  5
14F5
330
11F0
100
AcDbEntity
  8
$Размеры
 62
     5
440
 16777216
370
    13
100
AcDbBlockReference
  2
_Oblique
 10
18477.02609276806
 20
34253.32223822511
 30
0.0
 41
150.0
 42
150.0
 43
150.0
  0
INSERT
  5
14F6
330
11F0
100
AcDbEntity
  8
$Размеры
 62
     5
440
 16777216
370
    13
100
AcDbBlockReference
  2
_Oblique
 10
16012.02609344327
 20
34253.32223822511
 30
0.0
 41
150.0
 42
150.0
 43
150.0
 50
180.0
  0
MTEXT
  5
14F7
330
11F0
100
AcDbEntity
  8
$Размеры
 62
     5
440
 16777216
100
AcDbMText
 10
17244.52609310567
 20
34453.32223822511
 30
0.0
 40
250.0
 41
0.0
 46
0.0
 71
     5
 72
     1
  1
\A1;2465
  7
@ТРАНСПРОЕКТ
 73
     1
 44
1.0
 90
        3
 63
     9
421
 13158600
 45
1.1
441
        0
  0
POINT
  5
14F8
330
11F0
100
AcDbEntity
  8
Defpoints
 62
     0
440
 16777216
100
AcDbPoint
 10
18477.02609276806
 20
33957.95534458777
 30
0.0
  0
POINT
  5
14F9
330
11F0
100
AcDbEntity
  8
Defpoints
 62
     0
440
 16777216
100
AcDbPoint
 10
16012.02609344327
 20
32093.9477313419
 30
0.0
  0
POINT
  5
14FA
330
11F0
100
AcDbEntity
  8
Defpoints
 62
     0
440
 16777216
100
AcDbPoint
 10
16012.02609344327
 20
34253.32223822511
 30
0.0
  0
ENDBLK
  5
11F2
330
11F0
100
AcDbEntity
  8
0
100
AcDbBlockEnd
  0
BLOCK
  5
11FD
330
11FC
100
AcDbEntity
  8
0
100
AcDbBlockBegin
  2
*D231
 70
     1
 10
0.0
 20
0.0
 30
0.0
  3
*D231
  1

  0
LINE
  5
14FB
330
11FC
100
AcDbEntity
  8
$Размеры
  6
Continuous
 62
     5
440
 16777216
370
    13
100
AcDbLine
 10
28827.02609344328
 20
41093.94773122454
 30
0.0
 11
28827.02609344328
 21
42062.01191926115
 31
0.0
  0
LINE
  5
14FC
330
11FC
100
AcDbEntity
  8
$Размеры
  6
Continuous
 62
     5
440
 16777216
370
    13
100
AcDbLine
 10
16012.02609344327
 20
40493.94773128416
 30
0.0
 11
16012.02609344327
 21
42062.01191926115
 31
0.0
  0
LINE
  5
14FD
330
11FC
100
AcDbEntity
  8
$Размеры
  6
Continuous
 62
     5
440
 16777216
370
    13
100
AcDbLine
 10
28827.02609344328
 20
41962.01191926115
 30
0.0
 11
16012.02609344327
 21
41962.01191926115
 31
0.0
  0
INSERT
  5
14FE
330
11FC
100
AcDbEntity
  8
$Размеры
 62
     5
440
 16777216
370
    13
100
AcDbBlockReference
  2
_Oblique
 10
28827.02609344328
 20
41962.01191926115
 30
0.0
 41
150.0
 42
150.0
 43
150.0
  0
INSERT
  5
14FF
330
11FC
100
AcDbEntity
  8
$Размеры
 62
     5
440
 16777216
370
    13
100
AcDbBlockReference
  2
_Oblique
 10
16012.02609344327
 20
41962.01191926115
 30
0.0
 41
150.0
 42
150.0
 43
150.0
 50
180.0
  0
MTEXT
  5
1500
330
11FC
100
AcDbEntity
  8
$Размеры
 62
     5
440
 16777216
100
AcDbMText
 10
22419.52609344328
 20
42162.01191926115
 30
0.0
 40
250.0
 41
0.0
 46
0.0
 71
     5
 72
     1
  1
\A1;12815
  7
@ТРАНСПРОЕКТ
 73
     1
 44
1.0
 90
        3
 63
     9
421
 13158600
 45
1.1
441
        0
  0
POINT
  5
1501
330
11FC
100
AcDbEntity
  8
Defpoints
 62
     0
440
 16777216
100
AcDbPoint
 10
28827.02609344328
 20
40993.94773122455
 30
0.0
  0
POINT
  5
1502
330
11FC
100
AcDbEntity
  8
Defpoints
 62
     0
440
 16777216
100
AcDbPoint
 10
16012.02609344327
 20
40393.94773128416
 30
0.0
  0
POINT
  5
1503
330
11FC
100
AcDbEntity
  8
Defpoints
 62
     0
440
 16777216
100
AcDbPoint
 10
16012.02609344327
 20
41962.01191926115
 30
0.0
  0
ENDBLK
  5
11FE
330
11FC
100
AcDbEntity
  8
0
100
AcDbBlockEnd
  0
BLOCK
  5
1209
330
1208
100
AcDbEntity
  8
0
100
AcDbBlockBegin
  2
*D232
 70
     1
 10
0.0
 20
0.0
 30
0.0
  3
*D232
  1

  0
LINE
  5
1504
330
1208
100
AcDbEntity
  8
$Размеры
  6
Continuous
 62
     5
440
 16777216
370
    13
100
AcDbLine
 10
28827.02609344328
 20
41093.94773122454
 30
0.0
 11
28827.02609344328
 21
42062.01191926115
 31
0.0
  0
LINE
  5
1505
330
1208
100
AcDbEntity
  8
$Размеры
  6
Continuous
 62
     5
440
 16777216
370
    13
100
AcDbLine
 10
41942.02609344327
 20
40493.94773122455
 30
0.0
 11
41942.02609344327
 21
42062.01191926115
 31
0.0
  0
LINE
  5
1506
330
1208
100
AcDbEntity
  8
$Размеры
  6
Continuous
 62
     5
440
 16777216
370
    13
100
AcDbLine
 10
28827.02609344328
 20
41962.01191926115
 30
0.0
 11
41942.02609344327
 21
41962.01191926115
 31
0.0
  0
INSERT
  5
1507
330
1208
100
AcDbEntity
  8
$Размеры
 62
     5
440
 16777216
370
    13
100
AcDbBlockReference
  2
_Oblique
 10
28827.02609344328
 20
41962.01191926115
 30
0.0
 41
150.0
 42
150.0
 43
150.0
 50
180.0
  0
INSERT
  5
1508
330
1208
100
AcDbEntity
  8
$Размеры
 62
     5
440
 16777216
370
    13
100
AcDbBlockReference
  2
_Oblique
 10
41942.02609344327
 20
41962.01191926115
 30
0.0
 41
150.0
 42
150.0
 43
150.0
  0
MTEXT
  5
1509
330
1208
100
AcDbEntity
  8
$Размеры
 62
     5
440
 16777216
100
AcDbMText
 10
35384.52609344327
 20
42162.01191926115
 30
0.0
 40
250.0
 41
0.0
 46
0.0
 71
     5
 72
     1
  1
\A1;13115
  7
@ТРАНСПРОЕКТ
 73
     1
 44
1.0
 90
        3
 63
     9
421
 13158600
 45
1.1
441
        0
  0
POINT
  5
150A
330
1208
100
AcDbEntity
  8
Defpoints
 62
     0
440
 16777216
100
AcDbPoint
 10
28827.02609344328
 20
40993.94773122455
 30
0.0
  0
POINT
  5
150B
330
1208
100
AcDbEntity
  8
Defpoints
 62
     0
440
 16777216
100
AcDbPoint
 10
41942.02609344327
 20
40393.94773122455
 30
0.0
  0
POINT
  5
150C
330
1208
100
AcDbEntity
  8
Defpoints
 62
     0
440
 16777216
100
AcDbPoint
 10
41942.02609344327
 20
41962.01191926115
 30
0.0
  0
ENDBLK
  5
120A
330
1208
100
AcDbEntity
  8
0
100
AcDbBlockEnd
  0
BLOCK
  5
1215
330
1214
100
AcDbEntity
  8
0
100
AcDbBlockBegin
  2
*D233
 70
     1
 10
0.0
 20
0.0
 30
0.0
  3
*D233
  1

  0
LINE
  5
150D
330
1214
100
AcDbEntity
  8
$Размеры
  6
Continuous
 62
     5
440
 16777216
370
    13
100
AcDbLine
 10
26077.02609320487
 20
31618.94773115333
 30
0.0
 11
25633.58959107792
 21
31618.94773115333
 31
0.0
  0
LINE
  5
150E
330
1214
100
AcDbEntity
  8
$Размеры
  6
Continuous
 62
     5
440
 16777216
370
    13
100
AcDbLine
 10
26077.02609320487
 20
30568.9477311765
 30
0.0
 11
25633.58959107792
 21
30568.9477311765
 31
0.0
  0
LINE
  5
150F
330
1214
100
AcDbEntity
  8
$Размеры
  6
Continuous
 62
     5
440
 16777216
370
    13
100
AcDbLine
 10
25733.58959107792
 20
31618.94773115333
 30
0.0
 11
25733.58959107792
 21
30568.9477311765
 31
0.0
  0
LINE
  5
1510
330
1214
100
AcDbEntity
  8
$Размеры
  6
Continuous
 62
     5
440
 16777216
370
    13
100
AcDbLine
 10
25733.58959107792
 20
31093.94773116491
 30
0.0
 11
24878.88360609148
 21
29810.78035943279
 31
0.0
  0
LINE
  5
1511
330
1214
100
AcDbEntity
  8
$Размеры
  6
Continuous
 62
     5
440
 16777216
370
    13
100
AcDbLine
 10
24878.88360609148
 20
29810.78035943279
 30
0.0
 11
24878.88360609148
 21
28993.793061325
 31
0.0
  0
MTEXT
  5
1512
330
1214
100
AcDbEntity
  8
$Размеры
 62
     5
440
 16777216
100
AcDbMText
 10
24678.88360609149
 20
29402.28671037888
 30
0.0
 40
250.0
 41
0.0
 46
0.0
 71
     5
 72
     1
  1
\A1;1050
  7
@ТРАНСПРОЕКТ
 11
0.0000000000000001
 21
1.0
 31
0.0
 73
     1
 44
1.0
 90
        3
 63
     9
421
 13158600
 45
1.1
441
        0
  0
INSERT
  5
1513
330
1214
100
AcDbEntity
  8
$Размеры
 62
     5
440
 16777216
370
    13
100
AcDbBlockReference
  2
_Oblique
 10
25733.58959107792
 20
31618.94773115333
 30
0.0
 41
150.0
 42
150.0
 43
150.0
 50
90.0
  0
INSERT
  5
1514
330
1214
100
AcDbEntity
  8
$Размеры
 62
     5
440
 16777216
370
    13
100
AcDbBlockReference
  2
_Oblique
 10
25733.58959107792
 20
30568.9477311765
 30
0.0
 41
150.0
 42
150.0
 43
150.0
 50
270.0
  0
POINT
  5
1515
330
1214
100
AcDbEntity
  8
Defpoints
 62
     0
440
 16777216
100
AcDbPoint
 10
26177.02609320487
 20
31618.94773115333
 30
0.0
  0
POINT
  5
1516
330
1214
100
AcDbEntity
  8
Defpoints
 62
     0
440
 16777216
100
AcDbPoint
 10
26177.02609320487
 20
30568.9477311765
 30
0.0
  0
POINT
  5
1517
330
1214
100
AcDbEntity
  8
Defpoints
 62
     0
440
 16777216
100
AcDbPoint
 10
25733.58959107792
 20
30568.9477311765
 30
0.0
  0
ENDBLK
  5
1216
330
1214
100
AcDbEntity
  8
0
100
AcDbBlockEnd
  0
BLOCK
  5
1223
330
1222
100
AcDbEntity
  8
0
100
AcDbBlockBegin
  2
*D234
 70
     1
 10
0.0
 20
0.0
 30
0.0
  3
*D234
  1

  0
LINE
  5
1518
330
1222
100
AcDbEntity
  8
$Размеры
  6
Continuous
 62
     5
440
 16777216
370
    13
100
AcDbLine
 10
26077.02609320487
 20
30568.9477311765
 30
0.0
 11
25633.58959107792
 21
30568.9477311765
 31
0.0
  0
LINE
  5
1519
330
1222
100
AcDbEntity
  8
$Размеры
  6
Continuous
 62
     5
440
 16777216
370
    13
100
AcDbLine
 10
26102.0260932505
 20
30093.94773125798
 30
0.0
 11
25633.58959107792
 21
30093.94773125798
 31
0.0
  0
LINE
  5
151A
330
1222
100
AcDbEntity
  8
$Размеры
  6
Continuous
 62
     5
440
 16777216
370
    13
100
AcDbLine
 10
25733.58959107792
 20
30568.9477311765
 30
0.0
 11
25733.58959107792
 21
30093.94773125798
 31
0.0
  0
LINE
  5
151B
330
1222
100
AcDbEntity
  8
$Размеры
  6
Continuous
 62
     5
440
 16777216
370
    13
100
AcDbLine
 10
25733.58959107792
 20
30093.94773125798
 30
0.0
 11
25733.58959107792
 21
29226.9604331502
 31
0.0
  0
INSERT
  5
151C
330
1222
100
AcDbEntity
  8
$Размеры
 62
     5
440
 16777216
370
    13
100
AcDbBlockReference
  2
_Oblique
 10
25733.58959107792
 20
30568.9477311765
 30
0.0
 41
150.0
 42
150.0
 43
150.0
 50
90.0
  0
INSERT
  5
151D
330
1222
100
AcDbEntity
  8
$Размеры
 62
     5
440
 16777216
370
    13
100
AcDbBlockReference
  2
_Oblique
 10
25733.58959107792
 20
30093.94773125798
 30
0.0
 41
150.0
 42
150.0
 43
150.0
 50
270.0
  0
MTEXT
  5
151E
330
1222
100
AcDbEntity
  8
$Размеры
 62
     5
440
 16777216
100
AcDbMText
 10
25533.58959107792
 20
29585.45408220408
 30
0.0
 40
250.0
 41
0.0
 46
0.0
 71
     5
 72
     1
  1
\A1;475
  7
@ТРАНСПРОЕКТ
 11
0.0000000000000001
 21
1.0
 31
0.0
 73
     1
 44
1.0
 90
        3
 63
     9
421
 13158600
 45
1.1
441
        0
  0
POINT
  5
151F
330
1222
100
AcDbEntity
  8
Defpoints
 62
     0
440
 16777216
100
AcDbPoint
 10
26177.02609320487
 20
30568.9477311765
 30
0.0
  0
POINT
  5
1520
330
1222
100
AcDbEntity
  8
Defpoints
 62
     0
440
 16777216
100
AcDbPoint
 10
26202.0260932505
 20
30093.94773125798
 30
0.0
  0
POINT
  5
1521
330
1222
100
AcDbEntity
  8
Defpoints
 62
     0
440
 16777216
100
AcDbPoint
 10
25733.58959107792
 20
30093.94773125798
 30
0.0
  0
ENDBLK
  5
1224
330
1222
100
AcDbEntity
  8
0
100
AcDbBlockEnd
  0
BLOCK
  5
1230
330
122F
100
AcDbEntity
  8
0
100
AcDbBlockBegin
  2
*D235
 70
     1
 10
0.0
 20
0.0
 30
0.0
  3
*D235
  1

  0
LINE
  5
1522
330
122F
100
AcDbEntity
  8
$Размеры
  6
Continuous
 62
     5
440
 16777216
370
    13
100
AcDbLine
 10
26077.02609320487
 20
31618.94773113004
 30
0.0
 11
25633.58959107792
 21
31618.94773113004
 31
0.0
  0
LINE
  5
1523
330
122F
100
AcDbEntity
  8
$Размеры
  6
Continuous
 62
     5
440
 16777216
370
    13
100
AcDbLine
 10
26102.02609325237
 20
32093.94773131759
 30
0.0
 11
25633.58959107792
 21
32093.94773131759
 31
0.0
  0
LINE
  5
1524
330
122F
100
AcDbEntity
  8
$Размеры
  6
Continuous
 62
     5
440
 16777216
370
    13
100
AcDbLine
 10
25733.58959107792
 20
31618.94773113004
 30
0.0
 11
25733.58959107792
 21
32093.94773131759
 31
0.0
  0
LINE
  5
1525
330
122F
100
AcDbEntity
  8
$Размеры
  6
Continuous
 62
     5
440
 16777216
370
    13
100
AcDbLine
 10
25733.58959107792
 20
32093.94773131759
 30
0.0
 11
25733.58959107792
 21
32960.93502942537
 31
0.0
  0
INSERT
  5
1526
330
122F
100
AcDbEntity
  8
$Размеры
 62
     5
440
 16777216
370
    13
100
AcDbBlockReference
  2
_Oblique
 10
25733.58959107792
 20
31618.94773113004
 30
0.0
 41
150.0
 42
150.0
 43
150.0
 50
270.0
  0
INSERT
  5
1527
330
122F
100
AcDbEntity
  8
$Размеры
 62
     5
440
 16777216
370
    13
100
AcDbBlockReference
  2
_Oblique
 10
25733.58959107792
 20
32093.94773131759
 30
0.0
 41
150.0
 42
150.0
 43
150.0
 50
90.0
  0
MTEXT
  5
1528
330
122F
100
AcDbEntity
  8
$Размеры
 62
     5
440
 16777216
100
AcDbMText
 10
25533.58959107792
 20
32602.44138037146
 30
0.0
 40
250.0
 41
0.0
 46
0.0
 71
     5
 72
     1
  1
\A1;475
  7
@ТРАНСПРОЕКТ
 11
0.0000000000000001
 21
1.0
 31
0.0
 73
     1
 44
1.0
 90
        3
 63
     9
421
 13158600
 45
1.1
441
        0
  0
POINT
  5
1529
330
122F
100
AcDbEntity
  8
Defpoints
 62
     0
440
 16777216
100
AcDbPoint
 10
26177.02609320487
 20
31618.94773113004
 30
0.0
  0
POINT
  5
152A
330
122F
100
AcDbEntity
  8
Defpoints
 62
     0
440
 16777216
100
AcDbPoint
 10
26202.02609325237
 20
32093.94773131759
 30
0.0
  0
POINT
  5
152B
330
122F
100
AcDbEntity
  8
Defpoints
 62
     0
440
 16777216
100
AcDbPoint
 10
25733.58959107792
 20
32093.94773131759
 30
0.0
  0
ENDBLK
  5
1231
330
122F
100
AcDbEntity
  8
0
100
AcDbBlockEnd
  0
ENDSEC
  0
SECTION
  2
ENTITIES
  0
LWPOLYLINE
  5
4EB
330
1F
100
AcDbEntity
  8
$Слои конструкции
100
AcDbPolyline
 90
        4
 70
     1
 43
0.0
 10
2826.964352102399
 20
4364.611859399134
 10
13153.75927134688
 20
4364.611859399134
 10
13153.75927134688
 20
5564.611859399134
 10
2826.964352102399
 20
5564.611859399134
  0
LWPOLYLINE
  5
4EC
330
1F
100
AcDbEntity
  8
$Слои конструкции
100
AcDbPolyline
 90
        6
 70
     1
 43
0.0
 10
12326.96435211916
 20
11564.61185939913
 10
2826.964352102399
 20
6564.611859399135
 10
2826.964352102399
 20
5914.611859399133
 10
2826.964352102399
 20
5914.611859399133
 10
13326.9643521024
 20
5914.611859399133
 10
13326.9643521024
 20
11564.61185939913
  0
LWPOLYLINE
  5
4ED
330
1F
100
AcDbEntity
  8
$Слои конструкции
100
AcDbPolyline
 90
        4
 70
     1
 43
0.0
 10
13500.16943286164
 20
5614.611859399134
 10
2826.964352102399
 20
5614.611859399134
 10
2826.964352102399
 20
5564.611859399134
 10
13626.96498866976
 20
5564.611859399134
  0
LWPOLYLINE
  5
4EE
330
1F
100
AcDbEntity
  8
$Слои конструкции
100
AcDbPolyline
 90
        4
 70
     1
 43
0.0
 10
2826.964352102399
 20
5614.611859399134
 10
13500.16943286164
 20
5614.611859399134
 10
13326.9643521024
 20
5914.611859399133
 10
2826.964352102399
 20
5914.611859399133
  0
INSERT
  5
4EF
330
1F
100
AcDbEntity
  8
$Размеры
100
AcDbBlockReference
  2
A$C1EBE5109
 10
2990.018759836357
 20
1452.573461747856
 30
0.0
  0
INSERT
  5
4F0
330
1F
100
AcDbEntity
  8
$Размеры
100
AcDbBlockReference
  2
A$C1EBE5109
 10
5090.018759836357
 20
1452.573461747856
 30
0.0
  0
INSERT
  5
4F1
330
1F
100
AcDbEntity
  8
$Размеры
100
AcDbBlockReference
  2
A$C1EBE5109
 10
7190.01875983729
 20
1452.573461747856
 30
0.0
  0
INSERT
  5
4F2
330
1F
100
AcDbEntity
  8
$Размеры
100
AcDbBlockReference
  2
A$C1EBE5109
 10
9290.018759836822
 20
1452.573461747856
 30
0.0
  0
INSERT
  5
4F3
330
1F
100
AcDbEntity
  8
$Размеры
100
AcDbBlockReference
  2
A$C1EBE5109
 10
11390.01875983775
 20
1452.573461747856
 30
0.0
  0
INSERT
  5
4F4
330
1F
100
AcDbEntity
  8
$Размеры
100
AcDbBlockReference
  2
A$C1EBE5109
 10
12440.01875984148
 20
1452.573461747856
 30
0.0
  0
LWPOLYLINE
  5
4F5
330
1F
100
AcDbEntity
  8
$ Слои конструкции $
100
AcDbPolyline
 90
       11
 70
     0
 43
0.0
 10
19153.75927134688
 20
4364.611859399134
 10
19153.75927134688
 20
5564.611859399134
 10
20453.75927134688
 20
5694.611859399135
 10
20753.75927134688
 20
5994.611859399134
 10
20753.75927134688
 20
11564.61185939913
 10
21353.75927134688
 20
11564.61185939913
 10
21353.75927134688
 20
5914.611859399133
 10
21653.75927134688
 20
5614.611859399134
 10
22153.75927134688
 20
5564.611859399134
 10
22153.75927134688
 20
4364.611859399134
 10
19153.75927134688
 20
4364.611859399134
  0
DIMENSION
  5
4F6
330
1F
100
AcDbEntity
  8
$Размеры
100
AcDbDimension
280
     0
  2
*D52
 10
13626.96498866976
 20
1581.443932275184
 30
0.0
 11
8226.964670386079
 21
1781.443932275184
 31
0.0
 70
    32
 71
     5
 42
10800.00063656736
 73
     0
 74
     0
 75
     0
  3
@TN  1-100$0
100
AcDbAlignedDimension
 13
2826.964352102399
 23
4364.611859399134
 33
0.0
 14
13626.96498866976
 24
4364.611859399134
 34
0.0
100
AcDbRotatedDimension
  0
DIMENSION
  5
4F7
330
1F
100
AcDbEntity
  8
$Размеры
100
AcDbDimension
280
     0
  2
*D53
 10
2826.964352102399
 20
2279.147313565724
 30
0.0
 11
2330.970703048509
 21
2479.147313565724
 31
0.0
 70
    32
 71
     5
 42
500.0000000474979
 73
     0
 74
     0
 75
     0
  3
@TN  1-100$0
100
AcDbAlignedDimension
 13
3326.964352149898
 23
2920.329061351495
 33
0.0
 14
2826.964352102399
 24
4364.611859399134
 34
0.0
100
AcDbRotatedDimension
  0
DIMENSION
  5
4F8
330
1F
100
AcDbEntity
  8
$Размеры
100
AcDbDimension
280
     0
  2
*D54
 10
13153.75927134688
 20
2279.147313565724
 30
0.0
 11
12965.36181175095
 21
2279.147313565724
 31
0.0
 70
   160
 71
     5
 42
376.7949191918579
 73
     0
 74
     0
 75
     0
  3
@TN  1-100$0
100
AcDbAlignedDimension
 13
12776.96435215502
 23
2920.329061351495
 33
0.0
 14
13153.75927134688
 24
4364.611859399134
 34
0.0
100
AcDbRotatedDimension
1001
ACAD
1000
DSTYLE
1002
{
1070
   279
1070
     1
1002
}
  0
DIMENSION
  5
4F9
330
1F
100
AcDbEntity
  8
$Размеры
100
AcDbDimension
280
     0
  2
*D55
 10
11726.96435215129
 20
2279.147313565724
 30
0.0
 11
12251.96435215315
 21
2479.147313565724
 31
0.0
 70
    32
 71
     5
 42
1050.000000003731
 73
     0
 74
     0
 75
     0
  3
@TN  1-100$0
100
AcDbAlignedDimension
 13
12776.96435215502
 23
2920.329061351495
 33
0.0
 14
11726.96435215129
 24
2920.329061351495
 34
0.0
100
AcDbRotatedDimension
  0
DIMENSION
  5
4FA
330
1F
100
AcDbEntity
  8
$Размеры
100
AcDbDimension
280
     0
  2
*D56
 10
3326.964352149898
 20
2279.147313565724
 30
0.0
 11
7526.964352150592
 21
2479.147313565724
 31
0.0
 70
    32
  1
4х2100=<>
 71
     5
 42
8400.000000001394
 73
     0
 74
     0
 75
     0
  3
@TN  1-100$0
100
AcDbAlignedDimension
 13
11726.96435215129
 23
2920.329061351495
 33
0.0
 14
3326.964352149898
 24
2920.329061351495
 34
0.0
100
AcDbRotatedDimension
  0
DIMENSION
  5
4FB
330
1F
100
AcDbEntity
  8
$Размеры
100
AcDbDimension
280
     0
  2
*D57
 10
18769.67736969835
 20
5564.611859399136
 30
0.0
 11
18569.67736969835
 21
4964.61185939913
 31
0.0
 70
    32
 71
     5
 42
1200.0
 73
     0
 74
     0
 75
     0
  3
@TN  1-100$0
100
AcDbAlignedDimension
 13
19153.75927134688
 23
4364.611859399134
 33
0.0
 14
19153.75927134688
 24
5564.611859399134
 34
0.0
 50
90.0
100
AcDbRotatedDimension
  0
DIMENSION
  5
4FC
330
1F
100
AcDbEntity
  8
$Размеры
100
AcDbDimension
280
     0
  2
*D58
 10
18769.67736969835
 20
5694.611859399135
 30
0.0
 11
18239.62040751372
 21
5553.463347124417
 31
0.0
 70
   160
 71
     5
 42
130.0
 73
     0
 74
     0
 75
     0
  3
@TN  1-100$0
100
AcDbAlignedDimension
 13
19153.75927134688
 23
5564.611859399134
 33
0.0
 14
20453.75927134688
 24
5694.611859399135
 34
0.0
 50
90.0
100
AcDbRotatedDimension
1001
ACAD
1000
DSTYLE
1002
{
1070
   279
1070
     1
1002
}
  0
DIMENSION
  5
4FD
330
1F
100
AcDbEntity
  8
$Размеры
100
AcDbDimension
280
     0
  2
*D59
 10
18769.67736969835
 20
5994.611859399135
 30
0.0
 11
18239.62040751325
 21
5919.926008570714
 31
0.0
 70
   160
 71
     5
 42
300.0
 73
     0
 74
     0
 75
     0
  3
@TN  1-100$0
100
AcDbAlignedDimension
 13
20453.75927134688
 23
5694.611859399135
 33
0.0
 14
20753.75927134688
 24
5994.611859399134
 34
0.0
 50
90.0
100
AcDbRotatedDimension
1001
ACAD
1000
DSTYLE
1002
{
1070
   279
1070
     1
1002
}
  0
DIMENSION
  5
4FE
330
1F
100
AcDbEntity
  8
$Размеры
100
AcDbDimension
280
     0
  2
*D60
 10
18769.67736969835
 20
11564.61185939913
 30
0.0
 11
18569.67736969835
 21
8779.611859399127
 31
0.0
 70
    32
 71
     5
 42
5569.999999999996
 73
     0
 74
     0
 75
     0
  3
@TN  1-100$0
100
AcDbAlignedDimension
 13
20753.75927134688
 23
5994.611859399134
 33
0.0
 14
20753.75927134688
 24
11564.61185939913
 34
0.0
 50
90.0
100
AcDbRotatedDimension
  0
DIMENSION
  5
4FF
330
1F
100
AcDbEntity
  8
$Размеры
100
AcDbDimension
280
     0
  2
*D61
 10
22848.27768864523
 20
5564.611859399136
 30
0.0
 11
22648.27768864523
 21
4964.611859399129
 31
0.0
 70
    32
 71
     5
 42
1200.0
 73
     0
 74
     0
 75
     0
  3
@TN  1-100$0
100
AcDbAlignedDimension
 13
22153.75927134688
 23
4364.611859399134
 33
0.0
 14
22153.75927134688
 24
5564.611859399134
 34
0.0
 50
90.0
100
AcDbRotatedDimension
  0
DIMENSION
  5
500
330
1F
100
AcDbEntity
  8
$Размеры
100
AcDbDimension
280
     0
  2
*D62
 10
22848.27768864523
 20
5614.611859399136
 30
0.0
 11
23372.49118541359
 21
5512.285322018673
 31
0.0
 70
   160
 71
     5
 42
50.0
 73
     0
 74
     0
 75
     0
  3
@TN  1-100$0
100
AcDbAlignedDimension
 13
22153.75927134688
 23
5564.611859399134
 33
0.0
 14
21653.75927134688
 24
5614.611859399134
 34
0.0
 50
90.0
100
AcDbRotatedDimension
1001
ACAD
1000
DSTYLE
1002
{
1070
   279
1070
     1
1002
}
  0
DIMENSION
  5
501
330
1F
100
AcDbEntity
  8
$Размеры
100
AcDbDimension
280
     0
  2
*D63
 10
22848.27768864523
 20
5914.611859399137
 30
0.0
 11
23372.49118541359
 21
5840.617393159555
 31
0.0
 70
   160
 71
     5
 42
300.0
 73
     0
 74
     0
 75
     0
  3
@TN  1-100$0
100
AcDbAlignedDimension
 13
21653.75927134688
 23
5614.611859399134
 33
0.0
 14
21353.75927134688
 24
5914.611859399133
 34
0.0
 50
90.0
100
AcDbRotatedDimension
1001
ACAD
1000
DSTYLE
1002
{
1070
   279
1070
     1
1002
}
  0
DIMENSION
  5
502
330
1F
100
AcDbEntity
  8
$Размеры
100
AcDbDimension
280
     0
  2
*D64
 10
22848.27768864523
 20
11564.61185939913
 30
0.0
 11
22648.27768864523
 21
8739.611859399127
 31
0.0
 70
    32
 71
     5
 42
5649.999999999996
 73
     0
 74
     0
 75
     0
  3
@TN  1-100$0
100
AcDbAlignedDimension
 13
21353.75927134688
 23
5914.611859399133
 33
0.0
 14
21353.75927134688
 24
11564.61185939913
 34
0.0
 50
90.0
100
AcDbRotatedDimension
  0
DIMENSION
  5
503
330
1F
100
AcDbEntity
  8
$Размеры
100
AcDbDimension
280
     0
  2
*D65
 10
23669.39053721345
 20
11564.61185939913
 30
0.0
 11
23669.39053721345
 21
8725.522712182264
 31
0.0
 70
   160
 71
     5
 42
7199.999999999997
 73
     0
 74
     0
 75
     0
  3
@TN  1-100$0
100
AcDbAlignedDimension
 13
22153.75927134688
 23
4364.611859399134
 33
0.0
 14
21353.75927134688
 24
11564.61185939913
 34
0.0
 50
90.0
100
AcDbRotatedDimension
  0
LWPOLYLINE
  5
504
330
1F
100
AcDbEntity
  8
$ Оси
100
AcDbPolyline
 90
        2
 70
     0
 43
0.0
 10
21053.75927134688
 20
11614.61185939913
 10
21053.75927134688
 20
4314.611859399134
  0
MTEXT
  5
505
102
{ACAD_XDICTIONARY
360
506
102
}
330
1F
100
AcDbEntity
  8
$Выноски
100
AcDbMText
 10
7903.001187635966
 20
13500.37147477479
 30
0.0
 40
300.0
 41
4733.043295057722
 46
0.0
 71
     5
 72
     5
  1
Откосная стенка Ос-1\PМ1:100
  7
@ТРАНСПРОЕКТ
 73
     1
 44
1.0
101
Embedded Object
 70
     5
 10
1.0
 20
0.0
 30
0.0
 11
7903.001187635966
 21
13500.37147477479
 31
0.0
 40
4733.043295057722
 41
0.0
 42
4330.769515458674
 43
800.0
 71
     2
 72
     1
 44
4733.043295057722
 45
12.5
 73
     0
 74
     0
 46
0.0
  0
MULTILEADER
  5
507
330
1F
100
AcDbEntity
  8
$Выноски
160
               904
310
88030000200000000C00000016000000000000C00C00000033000000000000000C00000013000000993A0000BC00000026000000E2BD319B379A9A400488A98C5AA2B440000000000000000000000000000000000000000000000000000000000000F03F000000000000F03F00000000000000000000000000000000100400
310
0001000000010000000000000000406F40000000000000F03F65732D3852C1D03F000000000000F03F000000000000000000000000000000000000000000000000000000000100000022000000490053004F0043005000450055005200000044000000610000006F000C00000033000000000000000C000000100000000700
310
00000C00000016000000000000C00C000000170000000D0000000C00000012000000FF7F00000C00000013000000010000000C0000001400000001000000540000000700000003000000428FE902C01FA14059DDFEE1AF91B4400000000000000000428FE902C0AFA2400488A98C5A70B4400000000000000000428FE902C0
310
1FA140AF325437054FB44000000000000000000C00000014000000010000000C00000013000000891300003C0000000600000002000000428FE902C01FA1400488A98C5A70B44000000000000000008A7EE0A6E1EE9E400488A98C5A70B44000000000000000000C00000013000000020000000C0000001400000001000000
310
540000000700000003000000428FE902C01FA14059DDFEE1AF91B4400000000000000000428FE902C0AFA2400488A98C5A70B4400000000000000000428FE902C01FA140AF325437054FB44000000000000000000C00000014000000010000000C000000130000008A1300003C0000000600000002000000428FE902C01FA1
310
400488A98C5A70B44000000000000000008A7EE0A6E1EE9E400488A98C5A70B44000000000000000000C00000013000000112700003C00000006000000020000008A7EE0A6E1EE9E400488A98C5A70B4400000000000000000352E78992ADF9E400488A98C5A70B44000000000000000000C00000016000000000000C00C00
310
000012000000FF7F00000C00000017000000000000000C000000130000009A3A00003C0000000600000002000000ECBC319B37FE9A400488A98C5A70B4400000000000000000342E78992ADF9E400488A98C5A70B44000000000000000000C00000016000000000000C00C00000012000000FF7F00000C00000017000000FF
310
FFFFFF0C0000003300000000000000
100
AcDbMLeader
270
     2
300
CONTEXT_DATA{
 40
50.0
 10
1721.30430295673
 20
5232.353708835322
 30
0.0
 41
250.0
140
200.0
145
6.25
174
     6
175
     6
176
     1
177
     0
290
     1
304
А
 11
0.0
 21
0.0
 31
1.0
340
49B
 12
1848.547952010676
 22
5532.353708835323
 32
0.0
 13
1.0
 23
0.0
 33
0.0
 42
0.0
 43
0.0
 44
0.0
 45
1.0
170
     1
 90
-1073741824
171
     2
172
     5
 91
-1027028792
141
1.5
 92
        0
291
     1
292
     0
173
     0
293
     0
142
0.0
143
0.0
294
     0
295
     0
296
     0
110
7135.52634945969
120
8556.523570416032
130
0.0
111
1.0
121
0.0
131
0.0
112
0.0
122
1.0
132
0.0
297
     0
302
LEADER{
290
     1
291
     1
 10
1979.720363147472
 20
5232.353708835322
 30
0.0
 11
-1.0
 21
0.0
 31
0.0
 90
        0
 40
3.928762082961238
304
LEADER_LINE{
 10
2391.875022219408
 20
5232.353708835322
 30
0.0
 91
        0
305
}
304
LEADER_LINE{
 10
2391.875022219408
 20
5232.353708835322
 30
0.0
 91
        1
305
}
271
     0
303
}
272
     9
273
     9
301
}
340
12E
 90
 84232068
170
     1
 91
-1073741824
341
15
171
    13
290
     1
291
     1
 41
1.125
 42
4.0
172
     2
343
49B
173
     6
 95
        6
174
     1
175
     2
 92
-1073741824
292
     0
 93
-1056964608
 10
1.0
 20
1.0
 30
1.0
 43
0.0
176
     0
293
     0
294
     0
178
     0
179
     2
 45
50.0
271
     0
272
     9
273
     9
295
     0
  0
MTEXT
  5
508
330
1F
100
AcDbEntity
  8
$Размеры
  6
Continuous
100
AcDbMText
 10
20320.20716234101
 20
5994.611859399134
 30
0.0
 40
250.0
 41
327.5871083863257
 46
70.31135194814314
 71
     3
 72
     1
  1
{\fGOST Common|b0|i0|c186|p34;\W0.9;}1:10
  7
@ТРАНСПРОЕКТ
 11
0.9950296574495387
 21
0.0995790178494135
 31
0.0
 73
     1
 44
1.0
  0
DIMENSION
  5
509
330
1F
100
AcDbEntity
  8
$Размеры
100
AcDbDimension
280
     0
  2
*D66
 10
14318.86998431425
 20
5564.611859399136
 30
0.0
 11
14118.86998431425
 21
4964.611859399131
 31
0.0
 70
    32
 71
     5
 42
1200.0
 73
     0
 74
     0
 75
     0
  3
@TN  1-100$0
100
AcDbAlignedDimension
 13
13153.75927134688
 23
4364.611859399134
 33
0.0
 14
13626.96498866976
 24
5564.611859399134
 34
0.0
 50
90.0
100
AcDbRotatedDimension
  0
DIMENSION
  5
50A
330
1F
100
AcDbEntity
  8
$Размеры
100
AcDbDimension
280
     0
  2
*D67
 10
14318.86998431425
 20
5614.611859399136
 30
0.0
 11
14825.54264777424
 21
5512.529388827744
 31
0.0
 70
   160
 71
     5
 42
50.0
 73
     0
 74
     0
 75
     0
  3
@TN  1-100$0
100
AcDbAlignedDimension
 13
13626.96498866976
 23
5564.611859399134
 33
0.0
 14
13500.16943286164
 24
5614.611859399134
 34
0.0
 50
90.0
100
AcDbRotatedDimension
1001
ACAD
1000
DSTYLE
1002
{
1070
   279
1070
     1
1002
}
  0
DIMENSION
  5
50B
330
1F
100
AcDbEntity
  8
$Размеры
100
AcDbDimension
280
     0
  2
*D68
 10
14318.86998431422
 20
5914.611859399136
 30
0.0
 11
14318.86998431422
 21
6410.605508453456
 31
0.0
 70
   160
 71
     5
 42
300.0
 73
     0
 74
     0
 75
     0
  3
@TN  1-100$0
100
AcDbAlignedDimension
 13
13500.16943286164
 23
5614.611859399134
 33
0.0
 14
13326.9643521024
 24
5914.611859399133
 34
0.0
 50
90.0
100
AcDbRotatedDimension
  0
DIMENSION
  5
50C
330
1F
100
AcDbEntity
  8
$Размеры
100
AcDbDimension
280
     0
  2
*D69
 10
14318.86998431425
 20
11564.61185939913
 30
0.0
 11
14118.86998431425
 21
8739.611859399131
 31
0.0
 70
    32
 71
     5
 42
5649.999999999996
 73
     0
 74
     0
 75
     0
  3
@TN  1-100$0
100
AcDbAlignedDimension
 13
13326.9643521024
 23
5914.611859399133
 33
0.0
 14
13153.75927134688
 24
11564.61185939913
 34
0.0
 50
90.0
100
AcDbRotatedDimension
  0
DIMENSION
  5
50D
330
1F
100
AcDbEntity
  8
∅16
100
AcDbDimension
280
     0
  2
*D70
 10
21653.75927134688
 20
6362.605562799854
 30
0.0
 11
21903.75927134688
 21
6362.605562799854
 31
0.0
 70
   160
 71
     5
 42
500.0
 73
     0
 74
     0
 75
     0
  3
@TN  1-100$0
100
AcDbAlignedDimension
 13
22153.75927134688
 23
5564.611859399134
 33
0.0
 14
21653.75927134688
 24
5614.611859399134
 34
0.0
100
AcDbRotatedDimension
  0
DIMENSION
  5
50E
330
1F
100
AcDbEntity
  8
∅16
100
AcDbDimension
280
     0
  2
*D71
 10
21353.75927134688
 20
6362.605562799854
 30
0.0
 11
21736.59376578444
 21
6834.781600154016
 31
0.0
 70
   160
 71
     5
 42
300.0
 73
     0
 74
     0
 75
     0
  3
@TN  1-100$0
100
AcDbAlignedDimension
 13
21653.75927134688
 23
5614.611859399134
 33
0.0
 14
21353.75927134688
 24
5914.611859399133
 34
0.0
100
AcDbRotatedDimension
1001
ACAD
1000
DSTYLE
1002
{
1070
   279
1070
     1
1002
}
  0
DIMENSION
  5
50F
330
1F
100
AcDbEntity
  8
∅16
100
AcDbDimension
280
     0
  2
*D72
 10
20753.75927134688
 20
6362.605562799854
 30
0.0
 11
21661.0917739886
 21
7292.649763323145
 31
0.0
 70
   160
 71
     5
 42
600.0
 73
     0
 74
     0
 75
     0
  3
@TN  1-100$0
100
AcDbAlignedDimension
 13
21353.75927134688
 23
5914.611859399133
 33
0.0
 14
20753.75927134688
 24
5994.611859399134
 34
0.0
100
AcDbRotatedDimension
1001
ACAD
1000
DSTYLE
1002
{
1070
   279
1070
     1
1002
}
  0
DIMENSION
  5
510
330
1F
100
AcDbEntity
  8
∅16
100
AcDbDimension
280
     0
  2
*D73
 10
20453.75927134688
 20
6362.605562799854
 30
0.0
 11
20528.32921842803
 21
6834.781600154016
 31
0.0
 70
   160
 71
     5
 42
300.0
 73
     0
 74
     0
 75
     0
  3
@TN  1-100$0
100
AcDbAlignedDimension
 13
20753.75927134688
 23
5994.611859399134
 33
0.0
 14
20453.75927134688
 24
5694.611859399135
 34
0.0
100
AcDbRotatedDimension
1001
ACAD
1000
DSTYLE
1002
{
1070
   279
1070
     1
1002
}
  0
DIMENSION
  5
511
330
1F
100
AcDbEntity
  8
∅16
100
AcDbDimension
280
     0
  2
*D39
 10
19153.75927134688
 20
6362.605562799854
 30
0.0
 11
19803.75927134687
 21
6562.605562799854
 31
0.0
 70
    32
 71
     5
 42
1300.0
 73
     0
 74
     0
 75
     0
  3
@TN  1-100$0
100
AcDbAlignedDimension
 13
20453.75927134688
 23
5694.611859399135
 33
0.0
 14
19153.75927134688
 24
5564.611859399134
 34
0.0
100
AcDbRotatedDimension
  0
INSERT
  5
512
330
1F
100
AcDbEntity
  8
$Размеры
100
AcDbBlockReference
  2
A$C1EBE5109
 10
19316.81367903333
 20
1452.573461747856
 30
0.0
  0
INSERT
  5
513
330
1F
100
AcDbEntity
  8
$Размеры
100
AcDbBlockReference
  2
A$C1EBE5109
 10
22033.14708491081
 20
1457.798337947814
 30
0.0
 50
14.03624346792649
  0
TEXT
  5
514
330
1F
100
AcDbEntity
  8
$Размеры
100
AcDbText
 10
22124.87576612636
 20
3581.326277220633
 30
0.0
 40
250.0
  1
4:1
 50
291.4426222838951
 51
15.0
  7
@ТРАНСПРОЕКТ
100
AcDbText
  0
LWPOLYLINE
  5
515
330
1F
100
AcDbEntity
  8
$Слои конструкции
100
AcDbPolyline
 90
        4
 70
     1
 43
0.0
 10
13626.96498866976
 20
4364.611859399134
 10
13153.75927134688
 20
4364.611859399134
 10
13153.75927134688
 20
5564.611859399134
 10
13626.96498866976
 20
5564.611859399134
  0
LWPOLYLINE
  5
516
330
1F
100
AcDbEntity
  8
$Слои конструкции
100
AcDbPolyline
 90
        2
 70
     0
 43
0.0
 10
20753.75927134688
 20
6564.611859399135
 10
21353.75927134688
 20
6564.611859399135
  0
LWPOLYLINE
  5
517
330
1F
100
AcDbEntity
  8
$Слои конструкции
100
AcDbPolyline
 90
       11
 70
     0
 43
0.0
 10
20753.75927134688
 20
6564.611859399135
 10
20753.75927134688
 20
5994.611859399134
 10
20453.75927134688
 20
5694.611859399135
 10
19153.75927134688
 20
5564.611859399134
 10
19153.75927134688
 20
4364.611859399134
 10
22153.75927134688
 20
4364.611859399134
 10
22153.75927134688
 20
5564.611859399134
 10
21653.75927134688
 20
5614.611859399134
 10
21353.75927134688
 20
5914.611859399133
 10
21353.75927134688
 20
6564.611859399135
 10
20753.75927134688
 20
6564.611859399135
  0
DIMENSION
  5
518
330
1F
100
AcDbEntity
  8
$Выноски
100
AcDbDimension
280
     0
  2
*D40
 10
13626.96498866976
 20
2279.147313565724
 30
0.0
 11
14135.45863772365
 21
2479.147313565724
 31
0.0
 70
    32
 71
     5
 42
473.2057173228822
 73
     0
 74
     0
 75
     0
  3
@TN  1-100$0
100
AcDbAlignedDimension
 13
13153.75927134688
 23
4364.611859399134
 33
0.0
 14
13626.96498866976
 24
4364.611859399134
 34
0.0
100
AcDbRotatedDimension
  0
MTEXT
  5
519
102
{ACAD_XDICTIONARY
360
51A
102
}
330
1F
100
AcDbEntity
  8
$Выноски
100
AcDbMText
 10
21034.85902753743
 20
13273.60687423335
 30
0.0
 40
300.0
 41
1832.972746312385
 46
0.0
 71
     5
 72
     5
  1
Вид А
  7
@ТРАНСПРОЕКТ
 73
     1
 44
1.0
101
Embedded Object
 70
     5
 10
1.0
 20
0.0
 30
0.0
 11
21034.85902753743
 21
13273.60687423335
 31
0.0
 40
1832.972746312385
 41
0.0
 42
1130.384757729337
 43
300.2272727272727
 71
     2
 72
     1
 44
1832.972746312385
 45
12.5
 73
     0
 74
     0
 46
0.0
  0
DIMENSION
  5
51B
330
1F
100
AcDbEntity
  8
$Размеры
100
AcDbDimension
280
     0
  2
*D41
 10
2089.223796923092
 20
6564.611859399137
 30
0.0
 11
2089.223796923094
 21
6239.611859399134
 31
0.0
 70
   160
 71
     5
 42
650.0000000000008
 73
     0
 74
     0
 75
     0
  3
@TN  1-100$0
100
AcDbAlignedDimension
 13
2826.964352102399
 23
5914.611859399133
 33
0.0
 14
2826.964352102399
 24
6564.611859399135
 34
0.0
 50
90.0
100
AcDbRotatedDimension
  0
DIMENSION
  5
51C
330
1F
100
AcDbEntity
  8
$Размеры
100
AcDbDimension
280
     0
  2
*D42
 10
2826.9643521024
 20
12452.56959015341
 30
0.0
 11
7576.964352110779
 21
12652.56959015341
 31
0.0
 70
    32
 71
     5
 42
9500.000000016759
 73
     0
 74
     0
 75
     0
  3
@TN  1-100$0
100
AcDbAlignedDimension
 13
12326.96435211916
 23
11564.61185939913
 33
0.0
 14
2826.964352102399
 24
6564.611859399135
 34
0.0
100
AcDbRotatedDimension
  0
DIMENSION
  5
51D
330
1F
100
AcDbEntity
  8
$Размеры
100
AcDbDimension
280
     0
  2
*D43
 10
13326.9643521024
 20
12452.56959015341
 30
0.0
 11
12826.96435211078
 21
12652.56959015341
 31
0.0
 70
    32
 71
     5
 42
999.9999999832398
 73
     0
 74
     0
 75
     0
  3
@TN  1-100$0
100
AcDbAlignedDimension
 13
12326.96435211916
 23
11564.61185939913
 33
0.0
 14
13326.9643521024
 24
11564.61185939913
 34
0.0
100
AcDbRotatedDimension
  0
DIMENSION
  5
51E
330
1F
100
AcDbEntity
  8
$Слои конструкции
100
AcDbDimension
280
     0
  2
*D44
 10
21353.75927134688
 20
12452.56959015341
 30
0.0
 11
21849.75292040077
 21
12652.56959015341
 31
0.0
 70
    32
 71
     5
 42
600.0
 73
     0
 74
     0
 75
     0
  3
@TN  1-100$0
100
AcDbAlignedDimension
 13
20753.75927134688
 23
11564.61185939913
 33
0.0
 14
21353.75927134688
 24
11564.61185939913
 34
0.0
100
AcDbRotatedDimension
  0
DIMENSION
  5
51F
330
1F
100
AcDbEntity
  8
$Размеры
100
AcDbDimension
280
     0
  2
*D45
 10
2089.223796923096
 20
11564.61185939913
 30
0.0
 11
1889.223796923099
 21
9064.611859399132
 31
0.0
 70
    32
 71
     5
 42
4999.999999999993
 73
     0
 74
     0
 75
     0
  3
@TN  1-100$0
100
AcDbAlignedDimension
 13
2826.964352102399
 23
6564.611859399135
 33
0.0
 14
12326.96435211916
 24
11564.61185939913
 34
0.0
 50
90.0
100
AcDbRotatedDimension
  0
CIRCLE
  5
520
330
1F
100
AcDbEntity
  8
$Слои конструкции
100
AcDbCircle
 10
6016.19778584634
 20
6648.897867038858
 30
0.0
 40
31.50000000001617
  0
CIRCLE
  5
521
330
1F
100
AcDbEntity
  8
$Слои конструкции
100
AcDbCircle
 10
9016.197785959027
 20
6663.265132865646
 30
0.0
 40
31.50000000001617
  0
CIRCLE
  5
522
330
1F
100
AcDbEntity
  8
$Слои конструкции
100
AcDbCircle
 10
12016.19770053532
 20
6677.632474978814
 30
0.0
 40
31.50000000001617
  0
DIMENSION
  5
523
330
1F
100
AcDbEntity
  8
$Размеры
100
AcDbDimension
280
     0
  2
*D46
 10
5608.963714445864
 20
5564.611859399136
 30
0.0
 11
5408.963714445864
 21
6106.754863218995
 31
0.0
 70
    32
 71
     5
 42
1084.286007639724
 73
     0
 74
     0
 75
     0
  3
@TN  1-100$0
100
AcDbAlignedDimension
 13
6016.19778584634
 23
6648.897867038858
 33
0.0
 14
6016.19778584634
 24
5564.611859399134
 34
0.0
 50
90.0
100
AcDbRotatedDimension
  0
DIMENSION
  5
524
330
1F
100
AcDbEntity
  8
$Размеры
100
AcDbDimension
280
     0
  2
*D47
 10
8472.911727787856
 20
5564.611859399136
 30
0.0
 11
8272.911727787855
 21
6113.93849613239
 31
0.0
 70
    32
 71
     5
 42
1098.653273466513
 73
     0
 74
     0
 75
     0
  3
@TN  1-100$0
100
AcDbAlignedDimension
 13
9016.197785959027
 23
6663.265132865646
 33
0.0
 14
8614.264604057565
 24
5564.611859399134
 34
0.0
 50
90.0
100
AcDbRotatedDimension
  0
DIMENSION
  5
525
330
1F
100
AcDbEntity
  8
$Размеры
100
AcDbDimension
280
     0
  2
*D48
 10
11398.84652993773
 20
5564.611859399136
 30
0.0
 11
11198.84652993774
 21
6121.122167188971
 31
0.0
 70
    32
 71
     5
 42
1113.020615579681
 73
     0
 74
     0
 75
     0
  3
@TN  1-100$0
100
AcDbAlignedDimension
 13
12016.19770053532
 23
6677.632474978814
 33
0.0
 14
11212.34521730003
 24
5564.611859399134
 34
0.0
 50
90.0
100
AcDbRotatedDimension
  0
DIMENSION
  5
526
330
1F
100
AcDbEntity
  8
$Размеры
100
AcDbDimension
280
     0
  2
*D49
 10
13326.9643521024
 20
7837.867166895422
 30
0.0
 11
12671.58102631886
 21
8037.867166895422
 31
0.0
 70
    32
 71
     5
 42
1310.766651567077
 73
     0
 74
     0
 75
     0
  3
@TN  1-100$0
100
AcDbAlignedDimension
 13
12016.19770053532
 23
6677.632474978814
 33
0.0
 14
13326.9643521024
 24
6677.632474978814
 34
0.0
100
AcDbRotatedDimension
  0
DIMENSION
  5
527
330
1F
100
AcDbEntity
  8
$Слои конструкции
 62
     1
100
AcDbDimension
280
     0
  2
*D50
 10
6016.19778584634
 20
7837.867166895422
 30
0.0
 11
9016.197743190831
 21
8087.867166895422
 31
0.0
 70
    32
  1
2х3000 (Дренажные трубки)
 71
     5
 42
5999.999914688982
 73
     0
 74
     0
 75
     0
  3
@TN  1-100$0
100
AcDbAlignedDimension
 13
12016.19770053532
 23
6677.632474978814
 33
0.0
 14
6016.19778584634
 24
6648.897867038858
 34
0.0
100
AcDbRotatedDimension
  0
DIMENSION
  5
528
330
1F
100
AcDbEntity
  8
$Слои конструкции
 62
     1
100
AcDbDimension
280
     0
  2
*D51
 10
2826.964352102399
 20
7837.867166895422
 30
0.0
 11
4421.581068974369
 21
8037.867166895422
 31
0.0
 70
    32
 71
     5
 42
3189.23343374394
 73
     0
 74
     0
 75
     0
  3
@TN  1-100$0
100
AcDbAlignedDimension
 13
6016.19778584634
 23
6648.897867038858
 33
0.0
 14
2826.964352102399
 24
6564.611859399135
 34
0.0
100
AcDbRotatedDimension
  0
LWPOLYLINE
  5
529
330
1F
100
AcDbEntity
  8
$Пунктир
 48
0.2
100
AcDbPolyline
 90
        2
 70
     0
 43
0.0
 10
20753.75927134688
 20
6717.981558526066
 10
21353.75927134688
 20
6687.981558525947
  0
LWPOLYLINE
  5
52A
330
1F
100
AcDbEntity
  8
$Слои конструкции
100
AcDbPolyline
 90
        4
 70
     0
 43
0.0
 10
21353.75927134688
 20
6687.981558525947
 10
21506.2191275972
 20
6680.358565713402
 10
21503.07305772966
 20
6617.437168364195
 10
21353.75927134688
 20
6624.902857683373
  0
LWPOLYLINE
  5
52B
330
1F
100
AcDbEntity
  8
$Пунктир
 48
0.2
100
AcDbPolyline
 90
        2
 70
     0
 43
0.0
 10
21353.75927134688
 20
6624.902857683373
 10
20753.75927134688
 20
6654.902857683373
  0
LWPOLYLINE
  5
52C
330
1F
100
AcDbEntity
  8
$Слои конструкции
100
AcDbPolyline
 90
        4
 70
     0
 43
0.0
 10
20753.75927134688
 20
6654.902857683494
 10
20504.32071885179
 20
6667.374785308274
 10
20507.46678871933
 20
6730.296182657482
 10
20753.75927134688
 20
6717.981558526066
  0
INSERT
  5
D52
330
1F
100
AcDbEntity
  8
$Оси
 48
2.0
100
AcDbBlockReference
  2
A$C0AF07C0A
 10
41962.02609343023
 20
38393.94773110674
 30
0.0
  0
LWPOLYLINE
  5
D53
330
1F
100
AcDbEntity
  8
$Слои конструкции
100
AcDbPolyline
 90
        4
 70
     1
 43
0.0
 10
26627.02609325188
 20
38393.94773122212
 10
26627.02609325143
 20
32093.94773110779
 10
27127.02609325142
 20
32093.94773110779
 10
27127.02609325188
 20
38393.94773122212
  0
LWPOLYLINE
  5
D54
330
1F
100
AcDbEntity
  8
$Слои конструкции
100
AcDbPolyline
 90
        4
 70
     1
 43
0.0
 10
22427.02609301348
 20
38393.94773122212
 10
22427.026093013
 20
32093.94773110779
 10
22927.026093013
 20
32093.94773110779
 10
22927.02609301347
 20
38393.94773122212
  0
LWPOLYLINE
  5
D55
330
1F
100
AcDbEntity
  8
$Слои конструкции
100
AcDbPolyline
 90
        4
 70
     1
 43
0.0
 10
18227.02609277458
 20
38393.94773121886
 10
18227.02609277411
 20
32093.94773110453
 10
18727.02609277411
 20
32093.94773110453
 10
18727.02609277458
 20
38393.94773121886
  0
LWPOLYLINE
  5
D56
330
1F
100
AcDbEntity
  8
$Слои конструкции
100
AcDbPolyline
 90
        4
 70
     1
 43
0.0
 10
31327.02609348985
 20
38393.9477311986
 10
31327.02609349077
 20
32093.94773114946
 10
30827.02609349077
 20
32093.94773114946
 10
30827.02609348983
 20
38393.9477311986
  0
LWPOLYLINE
  5
D57
330
1F
100
AcDbEntity
  8
$Слои конструкции
100
AcDbPolyline
 90
        4
 70
     1
 43
0.0
 10
35527.02609372825
 20
38393.94773118033
 10
35527.02609372873
 20
32093.94773114981
 10
35027.02609372872
 20
32093.94773114981
 10
35027.02609372827
 20
38393.94773118033
  0
INSERT
  5
D58
330
1F
100
AcDbEntity
  8
0
 62
     4
100
AcDbBlockReference
  2
A$C11282C60
 10
16727.02609272801
 20
38693.94773116495
 30
0.0
 41
1000.0
 42
1000.0
 43
1000.0
  0
INSERT
  5
D59
330
1F
100
AcDbEntity
  8
0
 62
     4
100
AcDbBlockReference
  2
A$C11282C60
 10
16727.02609272801
 20
39743.94773116495
 30
0.0
 41
1000.0
 42
1000.0
 43
1000.0
  0
LWPOLYLINE
  5
D5A
330
1F
100
AcDbEntity
  8
$Слои конструкции
100
AcDbPolyline
 90
        4
 70
     1
 43
0.0
 10
16012.02609344327
 20
38993.94773122455
 10
41942.02609344327
 20
38993.94773116496
 10
41942.02609344327
 20
39793.94773116495
 10
16012.02609344327
 20
39793.94773122455
  0
LWPOLYLINE
  5
D5B
330
1F
100
AcDbEntity
  8
$Слои конструкции
100
AcDbPolyline
 90
        4
 70
     1
 43
0.0
 10
16012.02609344327
 20
30693.94773122456
 10
41942.02609344327
 20
30693.94773116496
 10
41942.02609344327
 20
31493.94773116495
 10
16012.02609344327
 20
31493.94773122455
  0
LWPOLYLINE
  5
D5C
330
1F
100
AcDbEntity
  8
$Слои конструкции
100
AcDbPolyline
 90
        4
 70
     1
 43
0.0
 10
16012.02609344327
 20
38393.94773122455
 10
41942.02609344327
 20
38393.94773116496
 10
41942.02609344327
 20
40393.94773122455
 10
16012.02609344327
 20
40393.94773128416
  0
INSERT
  5
D5D
330
1F
100
AcDbEntity
  8
0
 62
     4
100
AcDbBlockReference
  2
A$C11282C60
 10
29327.02609320486
 20
38693.94773116495
 30
0.0
 41
1000.0
 42
1000.0
 43
1000.0
  0
INSERT
  5
D5E
330
1F
100
AcDbEntity
  8
0
 62
     4
100
AcDbBlockReference
  2
A$C11282C60
 10
29327.02609320486
 20
39743.94773116495
 30
0.0
 41
1000.0
 42
1000.0
 43
1000.0
  0
INSERT
  5
D5F
330
1F
100
AcDbEntity
  8
0
 62
     4
100
AcDbBlockReference
  2
A$C11282C60
 10
28277.02609320486
 20
38693.94773116495
 30
0.0
 41
1000.0
 42
1000.0
 43
1000.0
  0
INSERT
  5
D60
330
1F
100
AcDbEntity
  8
0
 62
     4
100
AcDbBlockReference
  2
A$C11282C60
 10
28277.02609320486
 20
39743.94773116495
 30
0.0
 41
1000.0
 42
1000.0
 43
1000.0
  0
INSERT
  5
D61
330
1F
100
AcDbEntity
  8
0
 62
     4
100
AcDbBlockReference
  2
A$C11282C60
 10
27227.02609320486
 20
38693.94773116495
 30
0.0
 41
1000.0
 42
1000.0
 43
1000.0
  0
INSERT
  5
D62
330
1F
100
AcDbEntity
  8
0
 62
     4
100
AcDbBlockReference
  2
A$C11282C60
 10
27227.02609320486
 20
39743.94773116495
 30
0.0
 41
1000.0
 42
1000.0
 43
1000.0
  0
INSERT
  5
D63
330
1F
100
AcDbEntity
  8
0
 62
     4
100
AcDbBlockReference
  2
A$C11282C60
 10
26177.02609320486
 20
38693.94773116495
 30
0.0
 41
1000.0
 42
1000.0
 43
1000.0
  0
INSERT
  5
D64
330
1F
100
AcDbEntity
  8
0
 62
     4
100
AcDbBlockReference
  2
A$C11282C60
 10
26177.02609320486
 20
39743.94773116495
 30
0.0
 41
1000.0
 42
1000.0
 43
1000.0
  0
INSERT
  5
D65
330
1F
100
AcDbEntity
  8
0
 62
     4
100
AcDbBlockReference
  2
A$C11282C60
 10
25127.02609320486
 20
38693.94773116495
 30
0.0
 41
1000.0
 42
1000.0
 43
1000.0
  0
INSERT
  5
D66
330
1F
100
AcDbEntity
  8
0
 62
     4
100
AcDbBlockReference
  2
A$C11282C60
 10
25127.02609320486
 20
39743.94773116495
 30
0.0
 41
1000.0
 42
1000.0
 43
1000.0
  0
INSERT
  5
D67
330
1F
100
AcDbEntity
  8
0
 62
     4
100
AcDbBlockReference
  2
A$C11282C60
 10
24077.02609296644
 20
38693.94773116495
 30
0.0
 41
1000.0
 42
1000.0
 43
1000.0
  0
INSERT
  5
D68
330
1F
100
AcDbEntity
  8
0
 62
     4
100
AcDbBlockReference
  2
A$C11282C60
 10
24077.02609296644
 20
39743.94773116495
 30
0.0
 41
1000.0
 42
1000.0
 43
1000.0
  0
INSERT
  5
D69
330
1F
100
AcDbEntity
  8
0
 62
     4
100
AcDbBlockReference
  2
A$C11282C60
 10
23027.02609296644
 20
38693.94773116495
 30
0.0
 41
1000.0
 42
1000.0
 43
1000.0
  0
INSERT
  5
D6A
330
1F
100
AcDbEntity
  8
0
 62
     4
100
AcDbBlockReference
  2
A$C11282C60
 10
23027.02609296644
 20
39743.94773116495
 30
0.0
 41
1000.0
 42
1000.0
 43
1000.0
  0
INSERT
  5
D6B
330
1F
100
AcDbEntity
  8
0
 62
     4
100
AcDbBlockReference
  2
A$C11282C60
 10
21977.02609296644
 20
38693.94773116495
 30
0.0
 41
1000.0
 42
1000.0
 43
1000.0
  0
INSERT
  5
D6C
330
1F
100
AcDbEntity
  8
0
 62
     4
100
AcDbBlockReference
  2
A$C11282C60
 10
21977.02609296644
 20
39743.94773116495
 30
0.0
 41
1000.0
 42
1000.0
 43
1000.0
  0
INSERT
  5
D6D
330
1F
100
AcDbEntity
  8
0
 62
     4
100
AcDbBlockReference
  2
A$C11282C60
 10
20927.02609296644
 20
38693.94773116495
 30
0.0
 41
1000.0
 42
1000.0
 43
1000.0
  0
INSERT
  5
D6E
330
1F
100
AcDbEntity
  8
0
 62
     4
100
AcDbBlockReference
  2
A$C11282C60
 10
20927.02609296644
 20
39743.94773116495
 30
0.0
 41
1000.0
 42
1000.0
 43
1000.0
  0
INSERT
  5
D6F
330
1F
100
AcDbEntity
  8
0
 62
     4
100
AcDbBlockReference
  2
A$C11282C60
 10
19877.02609296643
 20
38693.94773116495
 30
0.0
 41
1000.0
 42
1000.0
 43
1000.0
  0
INSERT
  5
D70
330
1F
100
AcDbEntity
  8
0
 62
     4
100
AcDbBlockReference
  2
A$C11282C60
 10
19877.02609296643
 20
39743.94773116495
 30
0.0
 41
1000.0
 42
1000.0
 43
1000.0
  0
INSERT
  5
D71
330
1F
100
AcDbEntity
  8
0
 62
     4
100
AcDbBlockReference
  2
A$C11282C60
 10
18827.02609272801
 20
38693.94773116495
 30
0.0
 41
1000.0
 42
1000.0
 43
1000.0
  0
INSERT
  5
D72
330
1F
100
AcDbEntity
  8
0
 62
     4
100
AcDbBlockReference
  2
A$C11282C60
 10
18827.02609272801
 20
39743.94773116495
 30
0.0
 41
1000.0
 42
1000.0
 43
1000.0
  0
INSERT
  5
D73
330
1F
100
AcDbEntity
  8
0
 62
     4
100
AcDbBlockReference
  2
A$C11282C60
 10
17777.02609272801
 20
38693.94773116495
 30
0.0
 41
1000.0
 42
1000.0
 43
1000.0
  0
INSERT
  5
D74
330
1F
100
AcDbEntity
  8
0
 62
     4
100
AcDbBlockReference
  2
A$C11282C60
 10
17777.02609272801
 20
39743.94773116495
 30
0.0
 41
1000.0
 42
1000.0
 43
1000.0
  0
INSERT
  5
D75
330
1F
100
AcDbEntity
  8
0
 62
     4
100
AcDbBlockReference
  2
A$C11282C60
 10
40877.0260936817
 20
38693.94773110535
 30
0.0
 41
1000.0
 42
1000.0
 43
1000.0
  0
INSERT
  5
D76
330
1F
100
AcDbEntity
  8
0
 62
     4
100
AcDbBlockReference
  2
A$C11282C60
 10
40877.0260936817
 20
39743.94773110534
 30
0.0
 41
1000.0
 42
1000.0
 43
1000.0
  0
INSERT
  5
D77
330
1F
100
AcDbEntity
  8
0
 62
     4
100
AcDbBlockReference
  2
A$C11282C60
 10
39827.0260936817
 20
38693.94773110535
 30
0.0
 41
1000.0
 42
1000.0
 43
1000.0
  0
INSERT
  5
D78
330
1F
100
AcDbEntity
  8
0
 62
     4
100
AcDbBlockReference
  2
A$C11282C60
 10
39827.0260936817
 20
39743.94773110534
 30
0.0
 41
1000.0
 42
1000.0
 43
1000.0
  0
INSERT
  5
D79
330
1F
100
AcDbEntity
  8
0
 62
     4
100
AcDbBlockReference
  2
A$C11282C60
 10
38777.0260936817
 20
38693.94773110535
 30
0.0
 41
1000.0
 42
1000.0
 43
1000.0
  0
INSERT
  5
D7A
330
1F
100
AcDbEntity
  8
0
 62
     4
100
AcDbBlockReference
  2
A$C11282C60
 10
38777.0260936817
 20
39743.94773110534
 30
0.0
 41
1000.0
 42
1000.0
 43
1000.0
  0
INSERT
  5
D7B
330
1F
100
AcDbEntity
  8
0
 62
     4
100
AcDbBlockReference
  2
A$C11282C60
 10
37727.0260936817
 20
38693.94773110535
 30
0.0
 41
1000.0
 42
1000.0
 43
1000.0
  0
INSERT
  5
D7C
330
1F
100
AcDbEntity
  8
0
 62
     4
100
AcDbBlockReference
  2
A$C11282C60
 10
37727.0260936817
 20
39743.94773110534
 30
0.0
 41
1000.0
 42
1000.0
 43
1000.0
  0
INSERT
  5
D7D
330
1F
100
AcDbEntity
  8
0
 62
     4
100
AcDbBlockReference
  2
A$C11282C60
 10
36677.0260936817
 20
38693.94773110535
 30
0.0
 41
1000.0
 42
1000.0
 43
1000.0
  0
INSERT
  5
D7E
330
1F
100
AcDbEntity
  8
0
 62
     4
100
AcDbBlockReference
  2
A$C11282C60
 10
36677.0260936817
 20
39743.94773110534
 30
0.0
 41
1000.0
 42
1000.0
 43
1000.0
  0
INSERT
  5
D7F
330
1F
100
AcDbEntity
  8
0
 62
     4
100
AcDbBlockReference
  2
A$C11282C60
 10
35627.0260936817
 20
38693.94773110535
 30
0.0
 41
1000.0
 42
1000.0
 43
1000.0
  0
INSERT
  5
D80
330
1F
100
AcDbEntity
  8
0
 62
     4
100
AcDbBlockReference
  2
A$C11282C60
 10
35627.0260936817
 20
39743.94773110534
 30
0.0
 41
1000.0
 42
1000.0
 43
1000.0
  0
INSERT
  5
D81
330
1F
100
AcDbEntity
  8
0
 62
     4
100
AcDbBlockReference
  2
A$C11282C60
 10
34577.02609344328
 20
38693.94773116495
 30
0.0
 41
1000.0
 42
1000.0
 43
1000.0
  0
INSERT
  5
D82
330
1F
100
AcDbEntity
  8
0
 62
     4
100
AcDbBlockReference
  2
A$C11282C60
 10
34577.02609344328
 20
39743.94773116495
 30
0.0
 41
1000.0
 42
1000.0
 43
1000.0
  0
INSERT
  5
D83
330
1F
100
AcDbEntity
  8
0
 62
     4
100
AcDbBlockReference
  2
A$C11282C60
 10
33527.02609344328
 20
38693.94773116495
 30
0.0
 41
1000.0
 42
1000.0
 43
1000.0
  0
INSERT
  5
D84
330
1F
100
AcDbEntity
  8
0
 62
     4
100
AcDbBlockReference
  2
A$C11282C60
 10
33527.02609344328
 20
39743.94773116495
 30
0.0
 41
1000.0
 42
1000.0
 43
1000.0
  0
INSERT
  5
D85
330
1F
100
AcDbEntity
  8
0
 62
     4
100
AcDbBlockReference
  2
A$C11282C60
 10
32477.02609344327
 20
38693.94773116495
 30
0.0
 41
1000.0
 42
1000.0
 43
1000.0
  0
INSERT
  5
D86
330
1F
100
AcDbEntity
  8
0
 62
     4
100
AcDbBlockReference
  2
A$C11282C60
 10
32477.02609344327
 20
39743.94773116495
 30
0.0
 41
1000.0
 42
1000.0
 43
1000.0
  0
INSERT
  5
D87
330
1F
100
AcDbEntity
  8
0
 62
     4
100
AcDbBlockReference
  2
A$C11282C60
 10
31427.02609344327
 20
38693.94773116495
 30
0.0
 41
1000.0
 42
1000.0
 43
1000.0
  0
INSERT
  5
D88
330
1F
100
AcDbEntity
  8
0
 62
     4
100
AcDbBlockReference
  2
A$C11282C60
 10
31427.02609344327
 20
39743.94773116495
 30
0.0
 41
1000.0
 42
1000.0
 43
1000.0
  0
INSERT
  5
D89
330
1F
100
AcDbEntity
  8
0
 62
     4
100
AcDbBlockReference
  2
A$C11282C60
 10
30377.02609344328
 20
38693.94773116495
 30
0.0
 41
1000.0
 42
1000.0
 43
1000.0
  0
INSERT
  5
D8A
330
1F
100
AcDbEntity
  8
0
 62
     4
100
AcDbBlockReference
  2
A$C11282C60
 10
30377.02609344328
 20
39743.94773116495
 30
0.0
 41
1000.0
 42
1000.0
 43
1000.0
  0
INSERT
  5
D8B
330
1F
100
AcDbEntity
  8
0
 62
     4
100
AcDbBlockReference
  2
A$C11282C60
 10
29327.02609320486
 20
30393.94773122456
 30
0.0
 41
1000.0
 42
1000.0
 43
1000.0
  0
INSERT
  5
D8C
330
1F
100
AcDbEntity
  8
0
 62
     4
100
AcDbBlockReference
  2
A$C11282C60
 10
29327.02609320486
 20
31443.94773116495
 30
0.0
 41
1000.0
 42
1000.0
 43
1000.0
  0
INSERT
  5
D8D
330
1F
100
AcDbEntity
  8
0
 62
     4
100
AcDbBlockReference
  2
A$C11282C60
 10
28277.02609320486
 20
30393.94773122456
 30
0.0
 41
1000.0
 42
1000.0
 43
1000.0
  0
INSERT
  5
D8E
330
1F
100
AcDbEntity
  8
0
 62
     4
100
AcDbBlockReference
  2
A$C11282C60
 10
28277.02609320486
 20
31443.94773116495
 30
0.0
 41
1000.0
 42
1000.0
 43
1000.0
  0
INSERT
  5
D8F
330
1F
100
AcDbEntity
  8
0
 62
     4
100
AcDbBlockReference
  2
A$C11282C60
 10
27227.02609320486
 20
30393.94773122456
 30
0.0
 41
1000.0
 42
1000.0
 43
1000.0
  0
INSERT
  5
D90
330
1F
100
AcDbEntity
  8
0
 62
     4
100
AcDbBlockReference
  2
A$C11282C60
 10
27227.02609320486
 20
31443.94773116495
 30
0.0
 41
1000.0
 42
1000.0
 43
1000.0
  0
INSERT
  5
D91
330
1F
100
AcDbEntity
  8
0
 62
     4
100
AcDbBlockReference
  2
A$C11282C60
 10
26177.02609320486
 20
30393.94773122456
 30
0.0
 41
1000.0
 42
1000.0
 43
1000.0
  0
INSERT
  5
D92
330
1F
100
AcDbEntity
  8
0
 62
     4
100
AcDbBlockReference
  2
A$C11282C60
 10
26177.02609320486
 20
31443.94773116495
 30
0.0
 41
1000.0
 42
1000.0
 43
1000.0
  0
INSERT
  5
D93
330
1F
100
AcDbEntity
  8
0
 62
     4
100
AcDbBlockReference
  2
A$C11282C60
 10
25127.02609320486
 20
30393.94773122456
 30
0.0
 41
1000.0
 42
1000.0
 43
1000.0
  0
INSERT
  5
D94
330
1F
100
AcDbEntity
  8
0
 62
     4
100
AcDbBlockReference
  2
A$C11282C60
 10
25127.02609320486
 20
31443.94773116495
 30
0.0
 41
1000.0
 42
1000.0
 43
1000.0
  0
INSERT
  5
D95
330
1F
100
AcDbEntity
  8
0
 62
     4
100
AcDbBlockReference
  2
A$C11282C60
 10
24077.02609296644
 20
30393.94773122456
 30
0.0
 41
1000.0
 42
1000.0
 43
1000.0
  0
INSERT
  5
D96
330
1F
100
AcDbEntity
  8
0
 62
     4
100
AcDbBlockReference
  2
A$C11282C60
 10
24077.02609296644
 20
31443.94773116495
 30
0.0
 41
1000.0
 42
1000.0
 43
1000.0
  0
INSERT
  5
D97
330
1F
100
AcDbEntity
  8
0
 62
     4
100
AcDbBlockReference
  2
A$C11282C60
 10
23027.02609296644
 20
30393.94773122456
 30
0.0
 41
1000.0
 42
1000.0
 43
1000.0
  0
INSERT
  5
D98
330
1F
100
AcDbEntity
  8
0
 62
     4
100
AcDbBlockReference
  2
A$C11282C60
 10
23027.02609296644
 20
31443.94773116495
 30
0.0
 41
1000.0
 42
1000.0
 43
1000.0
  0
INSERT
  5
D99
330
1F
100
AcDbEntity
  8
0
 62
     4
100
AcDbBlockReference
  2
A$C11282C60
 10
21977.02609296644
 20
30393.94773122456
 30
0.0
 41
1000.0
 42
1000.0
 43
1000.0
  0
INSERT
  5
D9A
330
1F
100
AcDbEntity
  8
0
 62
     4
100
AcDbBlockReference
  2
A$C11282C60
 10
21977.02609296644
 20
31443.94773116495
 30
0.0
 41
1000.0
 42
1000.0
 43
1000.0
  0
INSERT
  5
D9B
330
1F
100
AcDbEntity
  8
0
 62
     4
100
AcDbBlockReference
  2
A$C11282C60
 10
20927.02609296644
 20
30393.94773122456
 30
0.0
 41
1000.0
 42
1000.0
 43
1000.0
  0
INSERT
  5
D9C
330
1F
100
AcDbEntity
  8
0
 62
     4
100
AcDbBlockReference
  2
A$C11282C60
 10
20927.02609296644
 20
31443.94773116495
 30
0.0
 41
1000.0
 42
1000.0
 43
1000.0
  0
INSERT
  5
D9D
330
1F
100
AcDbEntity
  8
0
 62
     4
100
AcDbBlockReference
  2
A$C11282C60
 10
19877.02609296643
 20
30393.94773122456
 30
0.0
 41
1000.0
 42
1000.0
 43
1000.0
  0
INSERT
  5
D9E
330
1F
100
AcDbEntity
  8
0
 62
     4
100
AcDbBlockReference
  2
A$C11282C60
 10
19877.02609296643
 20
31443.94773116495
 30
0.0
 41
1000.0
 42
1000.0
 43
1000.0
  0
INSERT
  5
D9F
330
1F
100
AcDbEntity
  8
0
 62
     4
100
AcDbBlockReference
  2
A$C11282C60
 10
18827.02609272801
 20
30393.94773122456
 30
0.0
 41
1000.0
 42
1000.0
 43
1000.0
  0
INSERT
  5
DA0
330
1F
100
AcDbEntity
  8
0
 62
     4
100
AcDbBlockReference
  2
A$C11282C60
 10
18827.02609272801
 20
31443.94773116495
 30
0.0
 41
1000.0
 42
1000.0
 43
1000.0
  0
INSERT
  5
DA1
330
1F
100
AcDbEntity
  8
0
 62
     4
100
AcDbBlockReference
  2
A$C11282C60
 10
17777.02609272801
 20
30393.94773122456
 30
0.0
 41
1000.0
 42
1000.0
 43
1000.0
  0
INSERT
  5
DA2
330
1F
100
AcDbEntity
  8
0
 62
     4
100
AcDbBlockReference
  2
A$C11282C60
 10
17777.02609272801
 20
31443.94773116495
 30
0.0
 41
1000.0
 42
1000.0
 43
1000.0
  0
INSERT
  5
DA3
330
1F
100
AcDbEntity
  8
0
 62
     4
100
AcDbBlockReference
  2
A$C11282C60
 10
16727.02609272801
 20
30393.94773122456
 30
0.0
 41
1000.0
 42
1000.0
 43
1000.0
  0
INSERT
  5
DA4
330
1F
100
AcDbEntity
  8
0
 62
     4
100
AcDbBlockReference
  2
A$C11282C60
 10
16727.02609272801
 20
31443.94773116495
 30
0.0
 41
1000.0
 42
1000.0
 43
1000.0
  0
INSERT
  5
DA5
330
1F
100
AcDbEntity
  8
0
 62
     4
100
AcDbBlockReference
  2
A$C11282C60
 10
40877.0260936817
 20
30393.94773116495
 30
0.0
 41
1000.0
 42
1000.0
 43
1000.0
  0
INSERT
  5
DA6
330
1F
100
AcDbEntity
  8
0
 62
     4
100
AcDbBlockReference
  2
A$C11282C60
 10
40877.0260936817
 20
31443.94773110534
 30
0.0
 41
1000.0
 42
1000.0
 43
1000.0
  0
INSERT
  5
DA7
330
1F
100
AcDbEntity
  8
0
 62
     4
100
AcDbBlockReference
  2
A$C11282C60
 10
39827.0260936817
 20
30393.94773116495
 30
0.0
 41
1000.0
 42
1000.0
 43
1000.0
  0
INSERT
  5
DA8
330
1F
100
AcDbEntity
  8
0
 62
     4
100
AcDbBlockReference
  2
A$C11282C60
 10
39827.0260936817
 20
31443.94773110534
 30
0.0
 41
1000.0
 42
1000.0
 43
1000.0
  0
INSERT
  5
DA9
330
1F
100
AcDbEntity
  8
0
 62
     4
100
AcDbBlockReference
  2
A$C11282C60
 10
38777.0260936817
 20
30393.94773116495
 30
0.0
 41
1000.0
 42
1000.0
 43
1000.0
  0
INSERT
  5
DAA
330
1F
100
AcDbEntity
  8
0
 62
     4
100
AcDbBlockReference
  2
A$C11282C60
 10
38777.0260936817
 20
31443.94773110534
 30
0.0
 41
1000.0
 42
1000.0
 43
1000.0
  0
INSERT
  5
DAB
330
1F
100
AcDbEntity
  8
0
 62
     4
100
AcDbBlockReference
  2
A$C11282C60
 10
37727.0260936817
 20
30393.94773116495
 30
0.0
 41
1000.0
 42
1000.0
 43
1000.0
  0
INSERT
  5
DAC
330
1F
100
AcDbEntity
  8
0
 62
     4
100
AcDbBlockReference
  2
A$C11282C60
 10
37727.0260936817
 20
31443.94773110534
 30
0.0
 41
1000.0
 42
1000.0
 43
1000.0
  0
INSERT
  5
DAD
330
1F
100
AcDbEntity
  8
0
 62
     4
100
AcDbBlockReference
  2
A$C11282C60
 10
36677.0260936817
 20
30393.94773116495
 30
0.0
 41
1000.0
 42
1000.0
 43
1000.0
  0
INSERT
  5
DAE
330
1F
100
AcDbEntity
  8
0
 62
     4
100
AcDbBlockReference
  2
A$C11282C60
 10
36677.0260936817
 20
31443.94773110534
 30
0.0
 41
1000.0
 42
1000.0
 43
1000.0
  0
INSERT
  5
DAF
330
1F
100
AcDbEntity
  8
0
 62
     4
100
AcDbBlockReference
  2
A$C11282C60
 10
35627.0260936817
 20
30393.94773116495
 30
0.0
 41
1000.0
 42
1000.0
 43
1000.0
  0
INSERT
  5
DB0
330
1F
100
AcDbEntity
  8
0
 62
     4
100
AcDbBlockReference
  2
A$C11282C60
 10
35627.0260936817
 20
31443.94773110534
 30
0.0
 41
1000.0
 42
1000.0
 43
1000.0
  0
INSERT
  5
DB1
330
1F
100
AcDbEntity
  8
0
 62
     4
100
AcDbBlockReference
  2
A$C11282C60
 10
34577.02609344328
 20
30393.94773122456
 30
0.0
 41
1000.0
 42
1000.0
 43
1000.0
  0
INSERT
  5
DB2
330
1F
100
AcDbEntity
  8
0
 62
     4
100
AcDbBlockReference
  2
A$C11282C60
 10
34577.02609344328
 20
31443.94773116495
 30
0.0
 41
1000.0
 42
1000.0
 43
1000.0
  0
INSERT
  5
DB3
330
1F
100
AcDbEntity
  8
0
 62
     4
100
AcDbBlockReference
  2
A$C11282C60
 10
33527.02609344328
 20
30393.94773122456
 30
0.0
 41
1000.0
 42
1000.0
 43
1000.0
  0
INSERT
  5
DB4
330
1F
100
AcDbEntity
  8
0
 62
     4
100
AcDbBlockReference
  2
A$C11282C60
 10
33527.02609344328
 20
31443.94773116495
 30
0.0
 41
1000.0
 42
1000.0
 43
1000.0
  0
INSERT
  5
DB5
330
1F
100
AcDbEntity
  8
0
 62
     4
100
AcDbBlockReference
  2
A$C11282C60
 10
32477.02609344327
 20
30393.94773122456
 30
0.0
 41
1000.0
 42
1000.0
 43
1000.0
  0
INSERT
  5
DB6
330
1F
100
AcDbEntity
  8
0
 62
     4
100
AcDbBlockReference
  2
A$C11282C60
 10
32477.02609344327
 20
31443.94773116495
 30
0.0
 41
1000.0
 42
1000.0
 43
1000.0
  0
INSERT
  5
DB7
330
1F
100
AcDbEntity
  8
0
 62
     4
100
AcDbBlockReference
  2
A$C11282C60
 10
31427.02609344327
 20
30393.94773122456
 30
0.0
 41
1000.0
 42
1000.0
 43
1000.0
  0
INSERT
  5
DB8
330
1F
100
AcDbEntity
  8
0
 62
     4
100
AcDbBlockReference
  2
A$C11282C60
 10
31427.02609344327
 20
31443.94773116495
 30
0.0
 41
1000.0
 42
1000.0
 43
1000.0
  0
INSERT
  5
DB9
330
1F
100
AcDbEntity
  8
0
 62
     4
100
AcDbBlockReference
  2
A$C11282C60
 10
30377.02609344328
 20
30393.94773122456
 30
0.0
 41
1000.0
 42
1000.0
 43
1000.0
  0
INSERT
  5
DBA
330
1F
100
AcDbEntity
  8
0
 62
     4
100
AcDbBlockReference
  2
A$C11282C60
 10
30377.02609344328
 20
31443.94773116495
 30
0.0
 41
1000.0
 42
1000.0
 43
1000.0
  0
LWPOLYLINE
  5
DBB
330
1F
100
AcDbEntity
  8
$Оси
 48
2.0
100
AcDbPolyline
 90
        2
 70
     0
 43
0.0
 10
28827.02609344328
 20
40993.94773122455
 10
28827.02609344328
 20
29493.94773122456
  0
LWPOLYLINE
  5
DBC
330
1F
100
AcDbEntity
  8
$Оси
 48
2.0
100
AcDbPolyline
 90
        2
 70
     0
 43
0.0
 10
9944.600096208393
 20
35243.94773122455
 10
41642.02609344327
 20
35243.94773116495
  0
LWPOLYLINE
  5
DBD
330
1F
100
AcDbEntity
  8
$Оси
 48
2.0
100
AcDbPolyline
 90
        2
 70
     0
 43
0.0
 10
13070.21049776102
 20
39393.94773128416
 10
41942.02609344327
 20
39393.94773116378
  0
LWPOLYLINE
  5
DBE
330
1F
100
AcDbEntity
  8
$Оси
 48
2.0
100
AcDbPolyline
 90
        2
 70
     0
 43
0.0
 10
13070.2104977275
 20
31093.94773122502
 10
41942.02609344327
 20
31093.94773116496
  0
MULTILEADER
  5
DBF
330
1F
100
AcDbEntity
  8
$Выноски
160
               932
310
A40300001B0000000C00000016000000000000C00C00000033000000000000000C00000013000000993A0000D0000000260000001A66C8AC2CF9DC40B336B3745400E440000000000000000000000000000000000000000000000000000000000000F03F000000000000F03FA613156A8B2489BD00000000000000001F0438
310
043A0435044204300436043D0430044F0420003E0441044C04000000000E000000010000000000000000007940000000000000F03F0000000000000000000000000000F03F00000000000000000000000000000000000000000000000000000000010000002200000041007200690061006C0000000000000000000000C800
310
000026000000C1896CDFE797DD409034391C1CACE340000000000000000000000000000000000000000000000000000000000000F03F000000000000F03FA613156A8B2489BD00000000000000001E0441044C04200034043E0440043E0433043804000030000A000000010000000000000000007940000000000000F03F00
310
00000000000000000000000000F03F00000000000000000000000000000000000000000000000000000000010000002200000041007200690061006C00000000000000000000000C00000033000000000000000C00000010000000070000000C00000016000000000000C00C00000012000000FF7F00000C00000013000000
310
01000000880000001D000000F2E8A83A2F0F66C0585279E20E875740000000000000000061D583ABC126DC40585279E20E8757C0F2E8A83A2F0F66C00000000000000000FC068CFAA8E6E340000000000000000000000000000000000000000000006940000000000000000000000000000000000000000000000000000000
310
0000000000000000000000F03F080000001F0000000C00000016000000000000C00C00000012000000FF7F00000C00000033000000000000000C00000013000000891300003C000000060000000200000061D583ABC126DC40FC068CFAA8E6E34000000000000000005F5D4EE6C1CADC40FCBAF1A56312E440000000000000
310
00000C00000013000000112700003C00000006000000020000005F5D4EE6C1CADC40FCBAF1A56312E44000000000000000007F9515AC16D2DC40F0BAF1A56312E44000000000000000000C00000016000000000000C00C00000012000000FF7F00000C00000017000000000000000C000000130000009A3A00000C00000016
310
000000000000C00C00000012000000FF7F00000C00000017000000FFFFFFFF0C0000003300000000000000
100
AcDbMLeader
270
     2
300
CONTEXT_DATA{
 40
100.0
 10
29512.35425319289
 20
41107.11400686751
 30
0.0
 41
400.0
140
200.0
145
200.0
174
     1
175
     1
176
     1
177
     0
290
     1
304
Пикетажная ось\PОсь дороги
 11
0.0
 21
0.0
 31
1.0
340
11
 12
31765.96953286639
 22
41362.63924560599
 32
0.0
 13
1.0
 23
-0.0000000000028584
 33
0.0
 42
6.283185307176728
 43
0.0
 44
0.0
 45
1.0
170
     1
 90
-1073741824
171
     2
172
     5
 91
-1073741824
141
0.0
 92
        0
291
     0
292
     0
173
     0
293
     0
142
0.0
143
0.0
294
     0
295
     0
296
     0
110
28827.02609344328
120
40757.28058434833
130
0.0
111
1.0
121
-0.0000000000028584
131
0.0
112
0.0000000000028584
122
1.0
132
0.0
297
     0
302
LEADER{
290
     1
291
     1
 10
29483.02968176955
 20
41107.1140068676
 30
0.0
 11
1.0
 21
-0.0000000000028584
 31
0.0
 90
        0
 40
29.32457142334897
304
LEADER_LINE{
 10
28827.02609344328
 20
40757.28058434833
 30
0.0
 91
        0
305
}
271
     0
303
}
272
     9
273
     9
301
}
340
12E
 90
 84166532
170
     1
 91
-1056964608
341
15
171
    -2
290
     1
291
     1
 41
0.2932457142334897
342
840
 42
2.0
172
     2
343
11
173
     1
 95
        1
174
     1
175
     0
 92
-1056964608
292
     0
 93
-1056964608
 10
1.0
 20
1.0
 30
1.0
 43
0.0
176
     0
293
     0
294
     0
178
     2
179
     2
 45
100.0
271
     0
272
     9
273
     9
295
     0
  0
MULTILEADER
  5
DC0
330
1F
100
AcDbEntity
  8
$Выноски
160
              1288
310
080500001D0000000C00000016000000000000C00C00000033000000000000000C00000013000000993A0000C800000026000000F9AD56574D6CD6405568C547FC2DE440000000000000000000000000000000000000000000000000000000000000F03F000000000000F03F4D67E2F1059EC5BC00000000000000001E0441
310
044C0420003E043F043E0440044B042000000030000A000000010000000000000000001040000000000000F03F0000000000000000000000000000F03F00000000000000000000000000000000000000000000000000000000010000002200000041007200690061006C0000000000000000000000B800000026000000756F
310
25C8AE73D6405568C547FC2DE440000000000000000000000000000000000000000000000000000000000000F03F000000000000F03F4D67E2F1059EC5BC00000000000000001621310000005C0002000000010000000000000000001040000000000000F03F0000000000000000000000000000F03F000000000000000000
310
00000000000000000000000000000000000000010000002200000041007200690061006C000000000000800000FFFFB80000002600000097A54EDA2A6DD6408C6F536C262DE440000000000000000000000000000000000000000000000000000000000000F03F000000000000F03F4D67E2F1059EC5BC0000000000000000
310
1F041A0400005C0002000000010000000000000000001040000000000000F03F0000000000000000000000000000F03F00000000000000000000000000000000000000000000000000000000010000002200000041007200690061006C0000000000000000007E3FC400000026000000A5D2593AFC6ED6408C6F536C262DE4
310
40000000000000000000000000000000000000000000000000000000000000F03F000000000000F03F4D67E2F1059EC5BC0000000000000000310036002B00350030002E00350035000000370008000000010000000000000000001040000000000000F03F0000000000000000000000000000F03F00000000000000000000
310
000000000000000000000000000000000000010000002200000041007200690061006C00000000007300000000000C00000033000000000000000C00000010000000070000000C00000016000000000000C00C00000012000000FF7F00000C0000001300000001000000880000001D000000D0648698D771DEBF49FBC322E8
310
14FF3F00000000000000005E0482ABC1FFD54049FBC322E814FFBFD0648698D771DEBF00000000000000008C78D0533E3CE3400000000000000000000000000000000000000000000000400000000000000000000000000000000000000000000000000000000000000000000000000000F03F080000001F0000000C000000
310
16000000000000C00C00000012000000FF7F00000C00000033000000000000000C00000013000000891300003C00000006000000020000005E0482ABC1FFD5408C78D0533E3CE3400000000000000000E01065704676D6401CD885753D2EE44000000000000000000C00000013000000112700003C00000006000000020000
310
00E01065704676D6401CD885753D2EE4400000000000000000CB64DBAB3376D6401CD885753D2EE44000000000000000000C00000016000000000000C00C00000012000000FF7F00000C00000017000000000000000C000000130000009A3A00000C00000016000000000000C00C00000012000000FF7F00000C0000001700
310
0000FFFFFFFF0C0000003300000000000000
100
AcDbMLeader
270
     2
300
CONTEXT_DATA{
 40
1.0
 10
22959.47857850753
 20
41329.92059604844
 30
0.0
 41
4.0
140
2.0
145
2.0
174
     1
175
     1
176
     1
177
     0
290
     1
304
Ось опоры №1\PПК16+50.55
 11
0.0
 21
0.0
 31
1.0
340
11
 12
22980.14297141357
 22
41331.9547024604
 32
0.0
 13
1.0
 23
-0.0000000000000006
 33
0.0
 42
6.283185307179585
 43
0.0
 44
0.0
 45
1.0
170
     1
 90
-1073741824
171
     2
172
     5
 91
-1073741824
141
0.0
 92
        0
291
     0
292
     0
173
     0
293
     0
142
0.0
143
0.0
294
     0
295
     0
296
     0
110
25044.58691998652
120
40680.83106047261
130
0.0
111
1.0
121
-0.0000000000000006
131
0.0
112
0.0000000000000006
122
1.0
132
0.0
297
     0
302
LEADER{
290
     1
291
     1
 10
23001.1006100335
 20
41329.92059604844
 30
0.0
 11
-1.0
 21
0.0000000000000006
 31
0.0
 90
        0
 40
0.2932457142334897
304
LEADER_LINE{
 10
22527.0260930102
 20
39393.9477312426
 30
0.0
 91
        0
305
}
271
     0
303
}
272
     9
273
     9
301
}
340
12E
 90
 67389316
170
     1
 91
-1056964608
341
15
171
    -2
290
     1
291
     1
 41
0.2932457142334897
342
840
 42
2.0
172
     2
343
11
173
     1
 95
        1
174
     1
175
     0
 92
-1056964608
292
     0
 93
-1056964608
 10
1.0
 20
1.0
 30
1.0
 43
0.0
176
     0
293
     0
294
     0
178
     0
179
     2
 45
1.0
271
     0
272
     9
273
     9
295
     0
  0
MULTILEADER
  5
DC1
330
1F
100
AcDbEntity
  8
$Выноски
160
              1288
310
080500001D0000000C00000016000000000000C00C00000033000000000000000C00000013000000993A0000C80000002600000042A142E36A8FD6402AE5509FA65EDC40000000000000000000000000000000000000000000000000000000000000F03F000000000000F03F4D67E2F1059EC5BC00000000000000001E0441
310
044C0420003E043F043E0440044B042000000030000A000000010000000000000000001040000000000000F03F0000000000000000000000000000F03F00000000000000000000000000000000000000000000000000000000010000002200000041007200690061006C0000000000000000000000B800000026000000BE62
310
1154CC96D6402AE5509FA65EDC40000000000000000000000000000000000000000000000000000000000000F03F000000000000F03F4D67E2F1059EC5BC00000000000000001621320000005C0002000000010000000000000000001040000000000000F03F0000000000000000000000000000F03F000000000000000000
310
00000000000000000000000000000000000000010000002200000041007200690061006C0000000000000000000000B800000026000000971D8FCC5F90D64099F36CE8FA5CDC40000000000000000000000000000000000000000000000000000000000000F03F000000000000F03F4D67E2F1059EC5BC0000000000000000
310
1F041A0400005C0002000000010000000000000000001040000000000000F03F0000000000000000000000000000F03F00000000000000000000000000000000000000000000000000000000010000002200000041007200690061006C0000000000000000000000C400000026000000A54A9A2C3192D64099F36CE8FA5CDC
310
40000000000000000000000000000000000000000000000000000000000000F03F000000000000F03F4D67E2F1059EC5BC0000000000000000310036002B00350038002E00380035000000200008000000010000000000000000001040000000000000F03F0000000000000000000000000000F03F00000000000000000000
310
000000000000000000000000000000000000010000002200000041007200690061006C00000000000000000000000C00000033000000000000000C00000010000000070000000C00000016000000000000C00C00000012000000FF7F00000C0000001300000001000000880000001D0000007043966BFAB4DCBF21EB48E451
310
2FFFBF00000000000000006139D20C2124D64021EB48E4512FFF3F7043966BFAB4DCBF0000000000000000D8C6A0A77C5DDE400000000000000000000000000000000000000000000000400000000000000000000000000000000000000000000000000000000000000000000000000000F03F080000001F0000000C000000
310
16000000000000C00C00000012000000FF7F00000C00000033000000000000000C00000013000000891300003C00000006000000020000006139D20C2124D640D8C6A0A77C5DDE400000000000000000610DFAC89299D640B8C4D1FA285FDC4000000000000000000C00000013000000112700003C00000006000000020000
310
00610DFAC89299D640B8C4D1FA285FDC4000000000000000004C6170048099D640B8C4D1FA285FDC4000000000000000000C00000016000000000000C00C00000012000000FF7F00000C00000017000000000000000C000000130000009A3A00000C00000016000000000000C00C00000012000000FF7F00000C0000001700
310
0000FFFFFFFF0C0000003300000000000000
100
AcDbMLeader
270
     2
300
CONTEXT_DATA{
 40
1.0
 10
23099.94024364899
 20
29052.64030880175
 30
0.0
 41
4.0
140
2.0
145
2.0
174
     1
175
     1
176
     1
177
     0
290
     1
304
Ось опоры №2\PПК16+58.85
 11
0.0
 21
0.0
 31
1.0
340
11
 12
23120.97025729193
 22
29054.67441521373
 32
0.0
 13
1.0
 23
-0.0000000000000006
 33
0.0
 42
6.283185307179585
 43
0.0
 44
0.0
 45
1.0
170
     1
 90
-1073741824
171
     2
172
     5
 91
-1073741824
141
0.0
 92
        0
291
     0
292
     0
173
     0
293
     0
142
0.0
143
0.0
294
     0
295
     0
296
     0
110
23645.9080962179
120
29242.34753802101
130
0.0
111
1.0
121
-0.0000000000000006
131
0.0
112
0.0000000000000006
122
1.0
132
0.0
297
     0
302
LEADER{
290
     1
291
     1
 10
23142.29351664836
 20
29052.64030880175
 30
0.0
 11
-1.0
 21
0.0000000000000006
 31
0.0
 90
        0
 40
0.2932457142334968
304
LEADER_LINE{
 10
22672.51640754321
 20
31093.94773120325
 30
0.0
 91
        0
305
}
271
     0
303
}
272
     9
273
     9
301
}
340
12E
 90
 67389316
170
     1
 91
-1056964608
341
15
171
    -2
290
     1
291
     1
 41
0.2932457142334897
342
840
 42
2.0
172
     2
343
11
173
     1
 95
        1
174
     1
175
     0
 92
-1056964608
292
     0
 93
-1056964608
 10
1.0
 20
1.0
 30
1.0
 43
0.0
176
     0
293
     0
294
     0
178
     0
179
     2
 45
1.0
271
     0
272
     9
273
     9
295
     0
  0
MULTILEADER
  5
DC2
330
1F
100
AcDbEntity
  8
$Выноски
160
              1120
310
600400001C0000000C00000016000000000000C00C00000033000000000000000C00000013000000993A0000D8000000260000009C5B2EB89C76CB4093126A3C3D35E140000000000000000000000000000000000000000000000000000000000000F03F000000000000F03F4D67E2F1059EC5BC0000000000000000210435
310
0440043504340438043D043004200041043E043E0440044304360435043D0438044F04000013000000010000000000000000001040000000000000F03F0000000000000000000000000000F03F00000000000000000000000000000000000000000000000000000000010000002200000041007200690061006C0000000000
310
000000000000B800000026000000E27E05317B7DCB40CA19F8606734E140000000000000000000000000000000000000000000000000000000000000F03F000000000000F03F4D67E2F1059EC5BC00000000000000001F041A040000340002000000010000000000000000001040000000000000F03F000000000000000000
310
0000000000F03F00000000000000000000000000000000000000000000000000000000010000002200000041007200690061006C00000000001C0200007E3FC400000026000000FDD81BF11D81CB40CA19F8606734E140000000000000000000000000000000000000000000000000000000000000F03F000000000000F03F
310
4D67E2F1059EC5BC0000000000000000310036002B00350034002E00370030000000000008000000010000000000000000001040000000000000F03F0000000000000000000000000000F03F00000000000000000000000000000000000000000000000000000000010000002200000041007200690061006C000000000000
310
00000000000C00000033000000000000000C00000010000000070000000C00000016000000000000C00C00000012000000FF7F00000C0000001300000001000000880000001D00000000000000000000C0075C143326A6B1BC0000000000000000BF0139D5EE48CA40075C143326A6B13C00000000000000C0000000000000
310
00001C67D0537E35E1400000000000000000000000000000000000000000000000400000000000000000000000000000000000000000000000000000000000000000000000000000F03F080000001F0000000C00000016000000000000C00C00000012000000FF7F00000C00000033000000000000000C0000001300000089
310
1300003C0000000600000002000000BF0139D5EE48CA401C67D0537E35E1400000000000000000BE72592DCF94CB401C67D0537E35E14000000000000000000C00000013000000112700003C0000000600000002000000BE72592DCF94CB401C67D0537E35E1400000000000000000941A46A4A994CB401C67D0537E35E140
310
00000000000000000C00000016000000000000C00C00000012000000FF7F00000C00000017000000000000000C000000130000009A3A00000C00000016000000000000C00C00000012000000FF7F00000C00000017000000FFFFFFFF0C0000003300000000000000
100
AcDbMLeader
270
     2
300
CONTEXT_DATA{
 40
1.0
 10
14059.50267908226
 20
35243.94773121013
 30
0.0
 41
4.0
140
2.0
145
2.0
174
     1
175
     1
176
     1
177
     0
290
     1
304
Середина сооружения\PПК16+54.70
 11
0.0
 21
0.0
 31
1.0
340
11
 12
14090.41400241141
 22
35245.9818376221
 32
0.0
 13
1.0
 23
-0.0000000000000006
 33
0.0
 42
6.283185307179585
 43
0.0
 44
0.0
 45
1.0
170
     1
 90
-1073741824
171
     2
172
     5
 91
-1073741824
141
0.0
 92
        0
291
     0
292
     0
173
     0
293
     0
142
0.0
143
0.0
294
     0
295
     0
296
     0
110
16881.09626286512
120
34594.8581956343
130
0.0
111
1.0
121
-0.0000000000000006
131
0.0
112
0.0000000000000006
122
1.0
132
0.0
297
     0
302
LEADER{
290
     1
291
     1
 10
14121.61857145407
 20
35243.94773121013
 30
0.0
 11
-1.0
 21
0.0000000000000006
 31
0.0
 90
        0
 40
0.2932457142334897
304
LEADER_LINE{
 10
13457.86588203988
 20
35243.94773121013
 30
0.0
 91
        0
305
}
271
     0
303
}
272
     9
273
     9
301
}
340
12E
 90
 67389316
170
     1
 91
-1056964608
341
15
171
    -2
290
     1
291
     1
 41
0.2932457142334897
342
840
 42
2.0
172
     2
343
11
173
     1
 95
        1
174
     1
175
     0
 92
-1056964608
292
     0
 93
-1056964608
 10
1.0
 20
1.0
 30
1.0
 43
0.0
176
     0
293
     0
294
     0
178
     0
179
     2
 45
1.0
271
     0
272
     9
273
     9
295
     0
  0
HATCH
  5
DC3
330
1F
100
AcDbEntity
  8
$Тонкие
100
AcDbHatch
 10
0.0
 20
0.0
 30
0.0
210
0.0
220
0.0
230
1.0
  2
ANSI35
 70
     0
 71
     0
 91
        1
 92
        1
 93
        4
 72
     1
 10
16012.02609344373
 20
38993.94773121723
 11
41942.02609344374
 21
38993.94773121723
 72
     1
 10
41942.02609344374
 20
38993.94773121723
 11
41942.0260934428
 21
39793.94773121665
 72
     1
 10
41942.0260934428
 20
39793.94773121665
 11
16012.02609344281
 21
39793.94773121665
 72
     1
 10
16012.0260934428
 20
39793.94773121665
 11
16012.02609344373
 21
38993.94773121723
 97
        0
 75
     1
 76
     1
 52
0.0
 41
1000.0
 77
     0
 78
     2
 53
45.0
 43
22659.76179332088
 44
29062.59794602214
 45
-176.7766952966368
 46
176.7766952966369
 79
     0
 53
45.0
 43
22836.5384883209
 44
29062.59794602214
 45
-176.7766952966368
 46
176.7766952966369
 79
     4
 49
312.5
 49
-62.5
 49
0.0
 49
-62.5
 98
        1
 10
19128.40405002969
 20
39099.50251817305
1001
GradientColor1ACI
1070
     5
1001
GradientColor2ACI
1070
     2
1001
ACAD
1010
0.0
1020
0.0
1030
0.0
  0
HATCH
  5
DC4
330
1F
100
AcDbEntity
  8
$Тонкие
100
AcDbHatch
 10
0.0
 20
0.0
 30
0.0
210
0.0
220
0.0
230
1.0
  2
ANSI35
 70
     0
 71
     0
 91
        1
 92
        1
 93
        4
 72
     1
 10
16012.02609344373
 20
30693.94773121723
 11
41942.02609344374
 21
30693.94773121723
 72
     1
 10
41942.02609344374
 20
30693.94773121723
 11
41942.0260934428
 21
31493.94773121664
 72
     1
 10
41942.0260934428
 20
31493.94773121664
 11
16012.02609344281
 21
31493.94773121664
 72
     1
 10
16012.0260934428
 20
31493.94773121664
 11
16012.02609344373
 21
30693.94773121722
 97
        0
 75
     1
 76
     1
 52
0.0
 41
1000.0
 77
     0
 78
     2
 53
45.0
 43
22659.76179332088
 44
20762.59794602214
 45
-176.7766952966368
 46
176.7766952966369
 79
     0
 53
45.0
 43
22836.5384883209
 44
20762.59794602214
 45
-176.7766952966368
 46
176.7766952966369
 79
     4
 49
312.5
 49
-62.5
 49
0.0
 49
-62.5
 98
        1
 10
19128.40405002969
 20
30799.50251817304
1001
GradientColor1ACI
1070
     5
1001
GradientColor2ACI
1070
     2
1001
ACAD
1010
0.0
1020
0.0
1030
0.0
  0
DIMENSION
  5
DC5
330
1F
100
AcDbEntity
  8
$Размеры
 62
     1
100
AcDbDimension
280
     0
  2
*D225
 10
41052.02609372827
 20
25342.37205320652
 30
0.0
 11
28977.02609325143
 21
25542.37205320652
 31
0.0
 70
    32
  1
23х1050=<>
 71
     5
 42
24150.00000095368
 73
     0
 74
     0
 75
     0
  3
@TN  1-100$0
100
AcDbAlignedDimension
 13
16902.02609277458
 23
30393.94773122456
 33
0.0
 14
41052.02609372827
 24
30393.94773116495
 34
0.0
100
AcDbRotatedDimension
  0
DIMENSION
  5
DC6
330
1F
100
AcDbEntity
  8
$Размеры
 62
     1
100
AcDbDimension
280
     0
  2
*D226
 10
16012.02609344327
 20
25342.37205320652
 30
0.0
 11
16457.02609310893
 21
25542.37205320652
 31
0.0
 70
    32
 71
     5
 42
889.9999993313086
 73
     0
 74
     0
 75
     0
  3
@TN  1-100$0
100
AcDbAlignedDimension
 13
16902.02609277458
 23
30393.94773122456
 33
0.0
 14
16012.02609344327
 24
30093.94773128416
 34
0.0
100
AcDbRotatedDimension
  0
DIMENSION
  5
DC7
330
1F
100
AcDbEntity
  8
$Размеры
 62
     1
100
AcDbDimension
280
     0
  2
*D227
 10
41942.02609344327
 20
25342.37205320652
 30
0.0
 11
41497.02609358576
 21
25542.37205320652
 31
0.0
 70
    32
 71
     5
 42
889.999999715008
 73
     0
 74
     0
 75
     0
  3
@TN  1-100$0
100
AcDbAlignedDimension
 13
41052.02609372827
 23
30393.94773116495
 33
0.0
 14
41942.02609344327
 24
30093.94773122456
 34
0.0
100
AcDbRotatedDimension
  0
LINE
  5
DC8
330
1F
100
AcDbEntity
  8
$Оси
 48
2.0
100
AcDbLine
 10
18477.02609277458
 20
38393.94773121944
 30
0.0
 11
18477.02609275922
 21
32093.94773110395
 31
0.0
  0
DIMENSION
  5
DC9
330
1F
100
AcDbEntity
  8
$Размеры
 62
     1
100
AcDbDimension
280
     0
  2
*D228
 10
39477.0260939555
 20
34253.32223822511
 30
0.0
 11
28977.02609335969
 21
34453.32223822511
 31
0.0
 70
    32
  1
5х4200=<>
 71
     5
 42
21000.00000119163
 73
     0
 74
     0
 75
     0
  3
@TN  1-100$0
100
AcDbAlignedDimension
 13
18477.02609276387
 23
33957.95534458812
 33
0.0
 14
39477.0260939555
 24
33819.24084217459
 34
0.0
100
AcDbRotatedDimension
  0
DIMENSION
  5
DCA
330
1F
100
AcDbEntity
  8
$Размеры
 62
     1
100
AcDbDimension
280
     0
  2
*D229
 10
39477.0260939555
 20
34253.32223822511
 30
0.0
 11
40709.52609369938
 21
34453.32223822511
 31
0.0
 70
    32
 71
     5
 42
2464.999999487773
 73
     0
 74
     0
 75
     0
  3
@TN  1-100$0
100
AcDbAlignedDimension
 13
41942.02609344327
 23
32093.94773128416
 33
0.0
 14
39477.0260939555
 24
33819.24084217459
 34
0.0
100
AcDbRotatedDimension
  0
DIMENSION
  5
DCB
330
1F
100
AcDbEntity
  8
$Размеры
 62
     1
100
AcDbDimension
280
     0
  2
*D230
 10
16012.02609344327
 20
34253.32223822511
 30
0.0
 11
17244.52609310567
 21
34453.32223822511
 31
0.0
 70
    32
 71
     5
 42
2464.999999324789
 73
     0
 74
     0
 75
     0
  3
@TN  1-100$0
100
AcDbAlignedDimension
 13
18477.02609276806
 23
33957.95534458777
 33
0.0
 14
16012.02609344327
 24
32093.9477313419
 34
0.0
100
AcDbRotatedDimension
  0
DIMENSION
  5
DCC
330
1F
100
AcDbEntity
  8
$Размеры
 62
     1
100
AcDbDimension
280
     0
  2
*D231
 10
16012.02609344327
 20
41962.01191926115
 30
0.0
 11
22419.52609344328
 21
42162.01191926115
 31
0.0
 70
    32
 71
     5
 42
12815.0
 73
     0
 74
     0
 75
     0
  3
@TN  1-100$0
100
AcDbAlignedDimension
 13
28827.02609344328
 23
40993.94773122455
 33
0.0
 14
16012.02609344327
 24
40393.94773128416
 34
0.0
100
AcDbRotatedDimension
  0
DIMENSION
  5
DCD
330
1F
100
AcDbEntity
  8
$Размеры
 62
     1
100
AcDbDimension
280
     0
  2
*D232
 10
41942.02609344327
 20
41962.01191926115
 30
0.0
 11
35384.52609344327
 21
42162.01191926115
 31
0.0
 70
    32
 71
     5
 42
13114.99999999999
 73
     0
 74
     0
 75
     0
  3
@TN  1-100$0
100
AcDbAlignedDimension
 13
28827.02609344328
 23
40993.94773122455
 33
0.0
 14
41942.02609344327
 24
40393.94773122455
 34
0.0
100
AcDbRotatedDimension
  0
DIMENSION
  5
DCE
330
1F
100
AcDbEntity
  8
$Размеры
 62
     1
100
AcDbDimension
280
     0
  2
*D233
 10
25733.58959107792
 20
30568.9477311765
 30
0.0
 11
24878.88360609149
 21
29735.78035943277
 31
0.0
 70
   160
 71
     5
 42
1049.999999976833
 73
     0
 74
     0
 75
     0
  3
@TN  1-100$0
100
AcDbAlignedDimension
 13
26177.02609320486
 23
31618.94773115331
 33
0.0
 14
26177.02609320486
 24
30568.94773117648
 34
0.0
 50
270.0
100
AcDbRotatedDimension
1001
ACAD
1000
DSTYLE
1002
{
1070
   279
1070
     1
1002
}
  0
DIMENSION
  5
DCF
330
1F
100
AcDbEntity
  8
$Размеры
 62
     1
100
AcDbDimension
280
     0
  2
*D234
 10
25733.58959107792
 20
30093.94773125798
 30
0.0
 11
25533.58959107792
 21
29585.45408220408
 31
0.0
 70
    32
 71
     5
 42
474.9999999185092
 73
     0
 74
     0
 75
     0
  3
@TN  1-100$0
100
AcDbAlignedDimension
 13
26177.02609320486
 23
30568.94773117648
 33
0.0
 14
26202.02609325049
 24
30093.94773125797
 34
0.0
 50
90.0
100
AcDbRotatedDimension
  0
DIMENSION
  5
DD0
330
1F
100
AcDbEntity
  8
$Размеры
 62
     1
100
AcDbDimension
280
     0
  2
*D235
 10
25733.58959107792
 20
32093.94773131759
 30
0.0
 11
25533.58959107792
 21
32602.44138037146
 31
0.0
 70
    32
 71
     5
 42
475.0000001875523
 73
     0
 74
     0
 75
     0
  3
@TN  1-100$0
100
AcDbAlignedDimension
 13
26177.02609320486
 23
31618.94773113002
 33
0.0
 14
26202.02609325235
 24
32093.94773131757
 34
0.0
 50
90.0
100
AcDbRotatedDimension
  0
DIMENSION
  5
DD1
330
1F
100
AcDbEntity
  8
$Размеры
 62
     1
100
AcDbDimension
280
     0
  2
*D157
 10
25733.58959109747
 20
39918.94773121328
 30
0.0
 11
24878.8836061143
 21
40752.11510296244
 31
0.0
 70
   160
 71
     5
 42
1050.000000059954
 73
     0
 74
     0
 75
     0
  3
@TN  1-100$0
100
AcDbAlignedDimension
 13
26177.02609320486
 23
38868.94773115331
 33
0.0
 14
26177.02609320486
 24
39918.94773121327
 34
0.0
 50
90.0
100
AcDbRotatedDimension
1001
ACAD
1000
DSTYLE
1002
{
1070
   279
1070
     1
1002
}
  0
DIMENSION
  5
DD2
330
1F
100
AcDbEntity
  8
$Размеры
 62
     1
100
AcDbDimension
280
     0
  2
*D158
 10
25733.58959109934
 20
40393.94773113179
 30
0.0
 11
25533.58959109934
 21
40902.44138018566
 31
0.0
 70
    32
 71
     5
 42
474.9999999185092
 73
     0
 74
     0
 75
     0
  3
@TN  1-100$0
100
AcDbAlignedDimension
 13
26177.02609320486
 23
39918.94773121327
 33
0.0
 14
26202.02609327191
 24
40393.94773113177
 34
0.0
 50
270.0
100
AcDbRotatedDimension
  0
DIMENSION
  5
DD3
330
1F
100
AcDbEntity
  8
$Размеры
 62
     1
100
AcDbDimension
280
     0
  2
*D159
 10
25733.58959109562
 20
38393.94773107218
 30
0.0
 11
25533.58959109562
 21
37885.45408201827
 31
0.0
 70
    32
 71
     5
 42
475.0000001044318
 73
     0
 74
     0
 75
     0
  3
@TN  1-100$0
100
AcDbAlignedDimension
 13
26177.02609320486
 23
38868.9477311766
 33
0.0
 14
26202.02609326539
 24
38393.94773107216
 34
0.0
 50
270.0
100
AcDbRotatedDimension
  0
DIMENSION
  5
DD4
330
1F
100
AcDbEntity
  8
$Размеры
 62
     1
100
AcDbDimension
280
     0
  2
*D160
 10
23653.94305771068
 20
30093.94773126427
 30
0.0
 11
23453.94305771069
 21
35243.94773126426
 31
0.0
 70
    32
 71
     5
 42
10299.99999999999
 73
     0
 74
     0
 75
     0
  3
@TN  1-100$0
100
AcDbAlignedDimension
 13
24559.29897434021
 23
40393.94773126425
 33
0.0
 14
24559.29897434021
 24
30093.94773126426
 34
0.0
 50
90.0
100
AcDbRotatedDimension
  0
DIMENSION
  5
DD5
330
1F
100
AcDbEntity
  8
$Размеры
 62
     1
100
AcDbDimension
280
     0
  2
*D161
 10
45017.58468247804
 20
38993.94773116497
 30
0.0
 11
44817.58468247805
 21
39393.94773116495
 31
0.0
 70
    32
 71
     5
 42
800.0
 73
     0
 74
     0
 75
     0
  3
@TN  1-100$0
100
AcDbAlignedDimension
 13
41942.02609344327
 23
39793.94773116495
 33
0.0
 14
41942.02609344142
 24
38993.94773116496
 34
0.0
 50
90.0
100
AcDbRotatedDimension
  0
LINE
  5
DD6
330
1F
100
AcDbEntity
  8
$Оси
 48
2.0
100
AcDbLine
 10
22677.026093013
 20
38393.94773134598
 30
0.0
 11
22677.02609299764
 21
32093.9477312305
 31
0.0
  0
LINE
  5
DD7
330
1F
100
AcDbEntity
  8
$Оси
 48
2.0
100
AcDbLine
 10
26877.02609325143
 20
38393.94773134598
 30
0.0
 11
26877.02609323606
 21
32093.9477312305
 31
0.0
  0
LINE
  5
DD8
330
1F
100
AcDbEntity
  8
$Оси
 48
2.0
100
AcDbLine
 10
31077.02609348985
 20
38393.94773129185
 30
0.0
 11
31077.02609347447
 21
32093.94773117636
 31
0.0
  0
LINE
  5
DD9
330
1F
100
AcDbEntity
  8
$Оси
 48
2.0
100
AcDbLine
 10
35277.0260937278
 20
38393.94773132013
 30
0.0
 11
35277.02609371242
 21
32093.94773120465
 31
0.0
  0
LWPOLYLINE
  5
DDA
330
1F
100
AcDbEntity
  8
$Выноски
100
AcDbPolyline
 90
        3
 70
     0
 43
0.0
 10
26877.02609325143
 20
35776.12797989018
 10
27402.99762335082
 20
36467.45534782201
 10
27686.97784437275
 20
36467.4553478212
  0
LWPOLYLINE
  5
DDB
330
1F
100
AcDbEntity
  8
$Выноски
100
AcDbPolyline
 90
        3
 70
     0
 43
0.0
 10
22677.026093013
 20
35776.12797989018
 10
23202.9976231124
 20
36467.45534782201
 10
23486.97784413433
 20
36467.4553478212
  0
LWPOLYLINE
  5
DDC
330
1F
100
AcDbEntity
  8
$Выноски
100
AcDbPolyline
 90
        3
 70
     0
 43
0.0
 10
18477.02609277458
 20
35776.12797988692
 10
19002.99762287398
 20
36467.45534781875
 10
40002.99762406608
 20
36467.4553479857
  0
LWPOLYLINE
  5
DDD
330
1F
100
AcDbEntity
  8
$Выноски
100
AcDbPolyline
 90
        3
 70
     0
 43
0.0
 10
31077.02609348985
 20
35776.12797985735
 10
31602.99762358925
 20
36467.45534778919
 10
31886.97784461115
 20
36467.45534778838
  0
LWPOLYLINE
  5
DDE
330
1F
100
AcDbEntity
  8
$Выноски
100
AcDbPolyline
 90
        3
 70
     0
 43
0.0
 10
35277.0260937278
 20
35776.12798005386
 10
35802.9976238272
 20
36467.4553479857
 10
36086.97784484912
 20
36467.45534798489
  0
MULTILEADER
  5
DDF
330
1F
100
AcDbEntity
  8
$Выноски
160
               704
310
C00200001A0000000C00000016000000000000C00C00000033000000000000000C00000013000000993A0000B4000000260000000B740E11B06FE44085ED35926EB5E140000000000000000000000000000000000000000000000000000000000000F03F000000000000F03FA613156A8B2489BD0000000000000000340000
310
0001000000010000000000000000007940000000000000F03F0000000000000000000000000000F03F00000000000000000000000000000000000000000000000000000000010000002200000041007200690061006C00000000000000000000000C00000033000000000000000C00000010000000070000000C0000001600
310
0000000000C00C00000012000000FF7F00000C0000001300000001000000880000001D0000006E02092452465EC004A1B1A770E563400000000000000000F0B4C2D5A046E34004A1B1A770E563C06E02092452465EC00000000000000000AC3869180478E14000000000000000000000000000000000000000000000694000
310
00000000000000000000000000000000000000000000000000000000000000000000000000F03F080000001F0000000C00000016000000000000C00C00000012000000FF7F00000C00000033000000000000000C00000013000000891300003C0000000600000002000000F0B4C2D5A046E340AC3869180478E14000000000
310
00000000304E89EC5F88E3405CF035926ECEE14000000000000000000C00000013000000112700003C0000000600000002000000304E89EC5F88E3405CF035926ECEE1400000000000000000402033149357E440D1ED35926ECEE14000000000000000000C00000016000000000000C00C00000012000000FF7F00000C0000
310
0017000000000000000C000000130000009A3A00000C00000016000000000000C00C00000012000000FF7F00000C00000017000000FFFFFFFF0C0000003300000000000000
100
AcDbMLeader
270
     2
300
CONTEXT_DATA{
 40
100.0
 10
41660.59621578501
 20
36467.45534798096
 30
0.0
 41
400.0
140
200.0
145
200.0
174
     1
175
     1
176
     1
177
     0
290
     1
304
4
 11
0.0
 21
0.0
 31
1.0
340
11
 12
41998.9318228796
 22
36667.45534798
 32
0.0
 13
1.0
 23
-0.0000000000028584
 33
0.0
 42
6.283185307176728
 43
0.0
 44
0.0
 45
1.0
170
     1
 90
-1073741824
171
     2
172
     5
 91
-1073741824
141
0.0
 92
        0
291
     0
292
     0
173
     0
293
     0
142
0.0
143
0.0
294
     0
295
     0
296
     0
110
40977.02609343769
120
35776.12797986096
130
0.0
111
1.0
121
-0.0000000000028584
131
0.0
112
0.0000000000028584
122
1.0
132
0.0
297
     0
302
LEADER{
290
     1
291
     1
 10
40002.99762406608
 20
36467.4553479857
 30
0.0
 11
1.0
 21
-0.0000000000028584
 31
0.0
 90
        0
 40
1657.598591718939
304
LEADER_LINE{
 10
39477.02609382
 20
35776.12797986096
 30
0.0
 91
        0
305
}
271
     0
303
}
272
     9
273
     9
301
}
340
12E
 90
 84166532
170
     1
 91
-1056964608
341
15
171
    -2
290
     1
291
     1
 41
0.2932457142334897
342
840
 42
2.0
172
     2
343
11
173
     1
 95
        1
174
     1
175
     0
 92
-1056964608
292
     0
 93
-1056964608
 10
1.0
 20
1.0
 30
1.0
 43
0.0
176
     0
293
     0
294
     0
178
     0
179
     2
 45
100.0
271
     0
272
     9
273
     9
295
     0
  0
DIMENSION
  5
DE0
330
1F
100
AcDbEntity
  8
$Размеры
 62
     1
100
AcDbDimension
280
     0
  2
*D162
 10
31327.02609349077
 20
32840.6064735561
 30
0.0
 11
31823.01974254466
 21
33040.6064735561
 31
0.0
 70
    32
 71
     5
 42
500.0
 73
     0
 74
     0
 75
     0
  3
@TN  1-100$0
100
AcDbAlignedDimension
 13
30827.02609349077
 23
33243.79493619441
 33
0.0
 14
31327.02609349077
 24
33243.79493619441
 34
0.0
100
AcDbRotatedDimension
  0
DIMENSION
  5
DE1
330
1F
100
AcDbEntity
  8
$Размеры
 62
     1
100
AcDbDimension
280
     0
  2
*D163
 10
45017.58468247804
 20
32093.9474033265
 30
0.0
 11
44817.58468247805
 21
35243.94773116495
 31
0.0
 70
    32
 71
     5
 42
6300.000655676941
 73
     0
 74
     0
 75
     0
  3
@TN  1-100$0
100
AcDbAlignedDimension
 13
42522.7961543448
 23
38393.94805900342
 33
0.0
 14
42222.7961543448
 24
32093.94740332649
 34
0.0
 50
90.0
100
AcDbRotatedDimension
  0
DIMENSION
  5
DE2
330
1F
100
AcDbEntity
  8
$Размеры
 62
     1
100
AcDbDimension
280
     0
  2
*D164
 10
45317.58468247804
 20
38393.94805900344
 30
0.0
 11
45117.58468247804
 21
37897.95440994953
 31
0.0
 70
    32
 71
     5
 42
599.9996721064672
 73
     0
 74
     0
 75
     0
  3
@TN  1-100$0
100
AcDbAlignedDimension
 13
41942.02609344327
 23
38993.94773110989
 33
0.0
 14
42522.7961543448
 24
38393.94805900342
 34
0.0
 50
90.0
100
AcDbRotatedDimension
  0
DIMENSION
  5
DE3
330
1F
100
AcDbEntity
  8
$Размеры
 62
     1
100
AcDbDimension
280
     0
  2
*D165
 10
45017.58468247804
 20
40393.94773122456
 30
0.0
 11
45616.31715079803
 21
39743.47773698971
 31
0.0
 70
   160
 71
     5
 42
600.0000000595973
 73
     0
 74
     0
 75
     0
  3
@TN  1-100$0
100
AcDbAlignedDimension
 13
41942.02609344327
 23
39793.94773116495
 33
0.0
 14
41942.02609344327
 24
40393.94773122455
 34
0.0
 50
90.0
100
AcDbRotatedDimension
1001
ACAD
1000
DSTYLE
1002
{
1070
   279
1070
     1
1002
}
  0
MTEXT
  5
DE4
102
{ACAD_XDICTIONARY
360
DE5
102
}
330
1F
100
AcDbEntity
  8
$Выноски
100
AcDbMText
 10
26220.88191520271
 20
47756.68474596794
 30
0.0
 40
300.0
 41
5659.428516342421
 46
0.0
 71
     1
 72
     5
  1
\pxqc;{\fISOCPEUR|b0|i0|c204|p34;\Q15;2-2\P(Банкетки не показаны)\PМ1:100}
 73
     1
 44
1.0
101
Embedded Object
 70
     1
 10
1.0
 20
0.0
 30
0.0
 11
26220.88191520271
 21
47756.68474596794
 31
0.0
 40
5659.428516342421
 41
0.0
 42
4611.461709275204
 43
1330.0
 71
     2
 72
     1
 44
5659.428516342421
 45
12.5
 73
     0
 74
     0
 46
0.0
  0
TEXT
  5
DE6
330
1F
100
AcDbEntity
  8
$Выноски
100
AcDbText
 10
24302.02609344328
 20
48551.74989673411
 30
0.0
 40
250.0
  1
3
 51
15.0
  7
@ТРАНСПРОЕКТ
100
AcDbText
  0
TEXT
  5
DE7
330
1F
100
AcDbEntity
  8
$Выноски
100
AcDbText
 10
53829.80314609209
 20
37142.81104219493
 30
0.0
 40
250.0
  1
1
 51
15.0
  7
@ТРАНСПРОЕКТ
100
AcDbText
  0
LWPOLYLINE
  5
DE8
330
1F
100
AcDbEntity
  8
$Выноски
100
AcDbPolyline
 90
        5
 70
     0
 10
53279.80314609209
 20
37988.75851197189
 40
60.0
 41
60.0
 10
53779.80314609209
 20
37988.75851197189
 40
60.0
 41
60.0
 10
53579.8031460921
 20
37988.75851197189
 40
0.0
 41
80.0
 10
53579.8031460921
 20
37588.75851197189
 40
0.0
 41
0.0
 10
53579.8031460921
 20
36988.75851197189
 40
0.0
 41
0.0
  0
MULTILEADER
  5
DE9
330
1F
100
AcDbEntity
  8
$Выноски
160
              1072
310
30040000200000000C00000016000000000000C00C00000033000000000000000C00000013000000993A00000C00000016000000302821C20C00000014000000010000006C0000000700000004000000BCBAA1D9CBC7D0404CD106DEB31CE2400000000000000000037FC81ECED3D0404CD106DEB31CE24000000000000000
310
00037FC81ECED3D0402BEE3E70DC1AE2400000000000000000BCBAA1D9CBC7D0402BEE3E70DC1AE24000000000000000000C00000016000000000000C00C0000001400000001000000D0000000260000008E83D77743C8D0404CD106DEF31BE240000000000000000000000000000000000000000000000000000000000000
310
F03F000000000000F03F000000000000000000000000000000002204350445043D043E043B043E04330438044704350441043A043804390400000F000000010000000000000000001040000000000000F03F0000000000000000000000000000F03F0000000000000000000000000000000000000000000000000000000001
310
0000002200000041007200690061006C0000000000000000000000B800000026000000A5CE94C275CCD040F77BB1881E1BE240000000000000000000000000000000000000000000000000000000000000F03F000000000000F03F0000000000000000000000000000000048043E0432040000030000000100000000000000
310
00001040000000000000F03F0000000000000000000000000000F03F00000000000000000000000000000000000000000000000000000000010000002200000041007200690061006C00000000003004000000000C00000033000000000000000C00000010000000070000000C00000016000000000000C00C000000120000
310
00FF7F00000C0000001300000001000000880000001D000000F61D0A25C466F4BFC23C58EE39A7F8BF0000000000000000C19F07570346CF40C23C58EE39A7F83FF61D0A25C466F4BF0000000000000000EC2EE91A94CCE2400000000000000000000000000000000000000000000000400000000000000000000000000000
310
000000000000000000000000000000000000000000000000F03F080000001F0000000C00000016000000000000C00C00000012000000FF7F00000C00000033000000000000000C00000013000000891300003C0000000600000002000000C19F07570346CF40EC2EE91A94CCE240000000000000000060E4FC98EDC6D0406C
310
8ACDD1321CE24000000000000000000C00000013000000122700003C000000060000000200000060E4FC98EDC6D0406C8ACDD1321CE24000000000000000000BBBA1D9CBC7D0406C8ACDD1321CE24000000000000000000C00000016000000000000C00C00000012000000FF7F00000C00000017000000000000000C000000
310
130000009A3A00000C00000016000000000000C00C00000012000000FF7F00000C00000017000000FFFFFFFF0C0000003300000000000000
100
AcDbMLeader
270
     2
300
CONTEXT_DATA{
 40
1.0
 10
17183.18515818849
 20
37089.58811070476
 30
0.0
 41
4.0
140
2.0
145
2.0
174
     1
175
     1
176
     1
177
     0
290
     1
304
Технологический\Pшов
 11
0.0
 21
0.0
 31
1.0
340
11
 12
17207.20289352245
 22
37091.62085286024
 32
0.0
 13
1.0
 23
0.0
 33
0.0
 42
0.0
 43
0.0
 44
0.0
 45
1.0
170
     1
 90
-1073741824
171
     2
172
     5
 91
-1027028792
141
1.5
 92
        0
291
     1
292
     1
173
     0
293
     0
142
0.0
143
0.0
294
     0
295
     0
296
     0
110
16331.39412837044
120
36300.55432109136
130
0.0
111
1.0
121
0.0
131
0.0
112
0.0
122
1.0
132
0.0
297
     0
302
LEADER{
290
     1
291
     1
 10
17179.71246263792
 20
37089.58811070476
 30
0.0
 11
1.0
 21
0.0
 31
0.0
 90
        1
 40
3.472695550570497
304
LEADER_LINE{
 10
16012.02609343815
 20
38500.62828501858
 30
0.0
 91
        0
305
}
271
     0
303
}
272
     9
273
     9
301
}
340
12E
 90
 67389316
170
     1
 91
-1056964608
341
15
171
    -2
290
     1
291
     1
 41
3.472695550570497
342
840
 42
2.0
172
     2
343
11
173
     1
 95
        1
174
     1
175
     0
 92
-1056964608
292
     0
 93
-1056964608
 10
1.0
 20
1.0
 30
1.0
 43
0.0
176
     0
293
     0
294
     0
178
     0
179
     2
 45
1.0
271
     0
272
     9
273
     9
295
     0
  0
MULTILEADER
  5
DEA
330
1F
100
AcDbEntity
  8
$Выноски
160
              1072
310
30040000200000000C00000016000000000000C00C00000033000000000000000C00000013000000993A00000C00000016000000302821C20C00000014000000010000006C0000000700000004000000BCBAA1D9CBC7D0402B5A0CE24A4FE0400000000000000000037FC81ECED3D0402B5A0CE24A4FE04000000000000000
310
00037FC81ECED3D0400A774474734DE0400000000000000000BCBAA1D9CBC7D0400A774474734DE04000000000000000000C00000016000000000000C00C0000001400000001000000D0000000260000008E83D77743C8D0402B5A0CE28A4EE040000000000000000000000000000000000000000000000000000000000000
310
F03F000000000000F03F000000000000000000000000000000002204350445043D043E043B043E04330438044704350441043A043804390400000F000000010000000000000000001040000000000000F03F0000000000000000000000000000F03F0000000000000000000000000000000000000000000000000000000001
310
0000002200000041007200690061006C0000000000000000000000B800000026000000A5CE94C275CCD040D604B78CB54DE040000000000000000000000000000000000000000000000000000000000000F03F000000000000F03F0000000000000000000000000000000048043E0432040000030000000100000000000000
310
00001040000000000000F03F0000000000000000000000000000F03F00000000000000000000000000000000000000000000000000000000010000002200000041007200690061006C0000000000CBC70000943F0C00000033000000000000000C00000010000000070000000C00000016000000000000C00C000000120000
310
00FF7F00000C0000001300000001000000880000001D000000FA1D0A25C466F4BFBD3C58EE39A7F83F0000000000000000C19F07570346CF40BD3C58EE39A7F8BFFA1D0A25C466F4BF000000000000000098DD6E19D13CDF400000000000000000000000000000000000000000000000400000000000000000000000000000
310
000000000000000000000000000000000000000000000000F03F080000001F0000000C00000016000000000000C00C00000012000000FF7F00000C00000033000000000000000C00000013000000891300003C0000000600000002000000C19F07570346CF4098DD6E19D13CDF40000000000000000060E4FC98EDC6D0404C
310
13D3D5C94EE04000000000000000000C00000013000000122700003C000000060000000200000060E4FC98EDC6D0404C13D3D5C94EE04000000000000000000BBBA1D9CBC7D0404C13D3D5C94EE04000000000000000000C00000016000000000000C00C00000012000000FF7F00000C00000017000000000000000C000000
310
130000009A3A00000C00000016000000000000C00C00000012000000FF7F00000C00000017000000FFFFFFFF0C0000003300000000000000
100
AcDbMLeader
270
     2
300
CONTEXT_DATA{
 40
1.0
 10
17183.18515818849
 20
33398.30735162515
 30
0.0
 41
4.0
140
2.0
145
2.0
174
     1
175
     1
176
     1
177
     0
290
     1
304
Технологический\Pшов
 11
0.0
 21
0.0
 31
1.0
340
11
 12
17207.20289352245
 22
33400.34009378062
 32
0.0
 13
1.0
 23
0.0
 33
0.0
 42
0.0
 43
0.0
 44
0.0
 45
1.0
170
     1
 90
-1073741824
171
     2
172
     5
 91
-1027028792
141
1.5
 92
        0
291
     1
292
     1
173
     0
293
     0
142
0.0
143
0.0
294
     0
295
     0
296
     0
110
16331.39412837044
120
34187.34114123855
130
0.0
111
1.0
121
0.0
131
0.0
112
0.0
122
1.0
132
0.0
297
     0
302
LEADER{
290
     1
291
     1
 10
17179.71246263792
 20
33398.30735162515
 30
0.0
 11
1.0
 21
0.0
 31
0.0
 90
        1
 40
3.472695550570497
304
LEADER_LINE{
 10
16012.02609343815
 20
31987.26717731132
 30
0.0
 91
        0
305
}
271
     0
303
}
272
     9
273
     9
301
}
340
12E
 90
 67389316
170
     1
 91
-1056964608
341
15
171
    -2
290
     1
291
     1
 41
3.472695550570497
342
840
 42
2.0
172
     2
343
11
173
     1
 95
        1
174
     1
175
     0
 92
-1056964608
292
     0
 93
-1056964608
 10
1.0
 20
1.0
 30
1.0
 43
0.0
176
     0
293
     0
294
     0
178
     0
179
     2
 45
1.0
271
     0
272
     9
273
     9
295
     0
  0
LWPOLYLINE
  5
DEB
330
1F
100
AcDbEntity
  8
$Оси
 48
2.0
100
AcDbPolyline
 90
        2
 70
     0
 43
0.0
 10
41942.02609344142
 20
38993.94773116496
 10
46524.11189947638
 20
38993.94773116496
  0
DIMENSION
  5
DEC
330
1F
100
AcDbEntity
  8
$Размеры
 62
     1
100
AcDbDimension
280
     0
  2
*D166
 10
41962.02609344653
 20
38993.94773122537
 30
0.0
 11
46421.99632652045
 21
39772.38636628314
 31
0.0
 70
   162
 71
     5
 42
0.5235987755982832
 73
     0
 74
     0
 75
     0
  3
@TN  1-100
100
AcDb2LineAngularDimension
 13
41942.02609344142
 23
38993.94773116496
 33
0.0
 14
50285.02925397397
 24
38993.94773116496
 34
0.0
 15
51055.29283318285
 25
44243.94773122502
 35
0.0
 16
46216.38532033622
 26
40542.4078556666
 36
0.0
1001
ACAD
1000
DSTYLE
1002
{
1070
    43
1040
0.5
1070
    44
1040
1.0
1070
    69
1070
     1
1070
   147
1040
0.75
1070
   176
1070
     5
1070
   177
1070
     5
1070
   178
1070
     5
1070
   179
1070
     0
1002
}
  0
DIMENSION
  5
DED
330
1F
100
AcDbEntity
  8
$Слои конструкции
100
AcDbDimension
280
     0
  2
*D167
 10
51362.07429172554
 20
45113.88842479275
 30
0.0
 11
51512.07429172554
 21
44854.08080365733
 31
0.0
 70
   161
 71
     5
 42
600.0000000001782
 73
     0
 74
     0
 75
     0
  3
@TN  1-100$0
100
AcDbAlignedDimension
 13
51055.29337883077
 23
44243.94805912309
 33
0.0
 14
50755.29337883076
 24
44763.56330139396
 34
0.0
  0
DIMENSION
  5
DEE
330
1F
100
AcDbEntity
  8
$Слои конструкции
100
AcDbDimension
280
     0
  2
*D168
 10
51812.07409967563
 20
44334.46716700798
 30
0.0
 11
52570.4438965068
 21
44443.57803526041
 31
0.0
 70
   161
 71
     5
 42
299.9999888565108
 73
     0
 74
     0
 75
     0
  3
@TN  1-100$0
100
AcDbAlignedDimension
 13
51055.29283318285
 23
44243.94773122502
 33
0.0
 14
51205.29337883076
 24
43984.14043798783
 34
0.0
1001
ACAD
1000
DSTYLE
1002
{
1070
   279
1070
     1
1002
}
  0
DIMENSION
  5
DEF
330
1F
100
AcDbEntity
  8
$Слои конструкции
100
AcDbDimension
280
     0
  2
*D169
 10
52062.07484294279
 20
43901.45317774014
 30
0.0
 11
52483.27674822667
 21
43571.9100775438
 31
0.0
 70
    33
 71
     5
 42
499.9999999998654
 73
     0
 74
     0
 75
     0
  3
@TN  1-100$0
100
AcDbAlignedDimension
 13
51205.29337883076
 23
43984.14043798772
 33
0.0
 14
51455.29337883077
 24
43551.12773609565
 34
0.0
  0
DIMENSION
  5
DF0
330
1F
100
AcDbEntity
  8
$Слои конструкции
100
AcDbDimension
280
     0
  2
*D170
 10
51212.07558621125
 20
45373.69507679843
 30
0.0
 11
51685.75326836048
 21
45975.90715219064
 31
0.0
 70
   161
 71
     5
 42
299.9999888566817
 73
     0
 74
     0
 75
     0
  3
@TN  1-100$0
100
AcDbAlignedDimension
 13
50755.29282203863
 23
44763.56299279813
 33
0.0
 14
50605.29337883076
 24
45023.37092252957
 34
0.0
1001
ACAD
1000
DSTYLE
1002
{
1070
   279
1070
     1
1002
}
  0
DIMENSION
  5
DF1
330
1F
100
AcDbEntity
  8
$Слои конструкции
100
AcDbDimension
280
     0
  2
*D171
 10
50562.07484294275
 20
46499.52938909273
 30
0.0
 11
51060.27992369942
 21
46036.61287663315
 31
0.0
 70
    33
 71
     5
 42
1299.999999999239
 73
     0
 74
     0
 75
     0
  3
@TN  1-100$0
100
AcDbAlignedDimension
 13
50605.29337883076
 23
45023.37092252957
 33
0.0
 14
49955.29337883123
 24
46149.20394744872
 34
0.0
  0
DIMENSION
  5
DF2
330
1F
100
AcDbEntity
  8
$Слои конструкции
100
AcDbDimension
280
     0
  2
*D172
 10
43790.99355663217
 20
35826.08443258539
 30
0.0
 11
48237.62692650032
 21
38624.28951334211
 31
0.0
 70
    33
 71
     5
 42
10499.99999999958
 73
     0
 74
     0
 75
     0
  3
@TN  1-100$0
100
AcDbAlignedDimension
 13
51055.29337883077
 23
44243.94805912309
 33
0.0
 14
41962.02663909445
 24
38993.94805912345
 34
0.0
  0
DIMENSION
  5
DF3
330
1F
100
AcDbEntity
  8
$Размеры
 62
     1
100
AcDbDimension
280
     0
  2
*D173
 10
45017.58468247804
 20
31493.94773116497
 30
0.0
 11
44817.58468247805
 21
31093.94773116495
 31
0.0
 70
    32
 71
     5
 42
800.0
 73
     0
 74
     0
 75
     0
  3
@TN  1-100$0
100
AcDbAlignedDimension
 13
41942.02609344327
 23
30693.94773116496
 33
0.0
 14
41942.02609344142
 24
31493.94773116495
 34
0.0
 50
270.0
100
AcDbRotatedDimension
  0
DIMENSION
  5
DF4
330
1F
100
AcDbEntity
  8
$Размеры
 62
     1
100
AcDbDimension
280
     0
  2
*D174
 10
45017.58468247804
 20
32093.9474033265
 30
0.0
 11
44817.58468247805
 21
32589.94105238037
 31
0.0
 70
    32
 71
     5
 42
599.9996721064708
 73
     0
 74
     0
 75
     0
  3
@TN  1-100$0
100
AcDbAlignedDimension
 13
41942.02609344327
 23
31493.94773122002
 33
0.0
 14
42222.79615434155
 24
32093.94740332649
 34
0.0
 50
270.0
100
AcDbRotatedDimension
  0
DIMENSION
  5
DF5
330
1F
100
AcDbEntity
  8
$Размеры
 62
     1
100
AcDbDimension
280
     0
  2
*D175
 10
45017.58468247804
 20
30093.94773110536
 30
0.0
 11
45616.31715079803
 21
30744.4177253402
 31
0.0
 70
   160
 71
     5
 42
600.0000000596046
 73
     0
 74
     0
 75
     0
  3
@TN  1-100$0
100
AcDbAlignedDimension
 13
41942.02609344327
 23
30693.94773116496
 33
0.0
 14
41942.02609344327
 24
30093.94773110535
 34
0.0
 50
270.0
100
AcDbRotatedDimension
1001
ACAD
1000
DSTYLE
1002
{
1070
   279
1070
     1
1002
}
  0
DIMENSION
  5
DF6
330
1F
100
AcDbEntity
  8
$Слои конструкции
100
AcDbDimension
280
     0
  2
*D176
 10
41029.45571936195
 20
41534.28924355247
 30
0.0
 11
40829.45571936195
 21
40964.1184873885
 31
0.0
 70
    32
 71
     5
 42
1140.341512327904
 73
     0
 74
     0
 75
     0
  3
@TN  1-100$0
100
AcDbAlignedDimension
 13
41942.02609344327
 23
40393.94773122455
 33
0.0
 14
41962.02663908561
 24
41534.28924355245
 34
0.0
 50
90.0
100
AcDbRotatedDimension
  0
DIMENSION
  5
DF7
330
1F
100
AcDbEntity
  8
$Слои конструкции
100
AcDbDimension
280
     0
  2
*D177
 10
52090.17740982437
 20
41451.47633740942
 30
0.0
 11
48352.87071393252
 21
39524.6814181595
 31
0.0
 70
    33
  1
8*2100=<>
 71
     5
 42
8400.000000001274
 73
     0
 74
     0
 75
     0
  3
@TN  1-100$0
100
AcDbAlignedDimension
 13
43497.66728511206
 23
39534.14043794941
 33
0.0
 14
50772.28067689516
 24
43734.14043796269
 34
0.0
  0
DIMENSION
  5
DF8
330
1F
100
AcDbEntity
  8
$Слои конструкции
100
AcDbDimension
280
     0
  2
*D178
 10
52523.19011174902
 20
41701.47633742399
 30
0.0
 11
52852.7332119475
 21
42122.67824270622
 31
0.0
 70
    33
 71
     5
 42
500.0000000503059
 73
     0
 74
     0
 75
     0
  3
@TN  1-100$0
100
AcDbAlignedDimension
 13
51022.28067689516
 23
43301.12773607051
 33
0.0
 14
51455.29337883217
 24
43551.12773609356
 34
0.0
  0
DIMENSION
  5
DF9
330
1F
100
AcDbEntity
  8
$Слои конструкции
100
AcDbDimension
280
     0
  2
*D179
 10
53342.0662848467
 20
44640.45658128065
 30
0.0
 11
52765.27136560313
 21
46039.49468695823
 31
0.0
 70
    33
 71
     5
 42
3000.000000002074
 73
     0
 74
     0
 75
     0
  3
@TN  1-100$0
100
AcDbAlignedDimension
 13
49955.29337883123
 23
46149.20394744872
 33
0.0
 14
51455.29337883217
 24
43551.12773609356
 34
0.0
  0
INSERT
  5
DFA
330
1F
100
AcDbEntity
  8
$Слои конструкции
100
AcDbBlockReference
  2
A$C0AF07C0A
 10
41962.02609343023
 20
32093.94773122316
 30
0.0
 41
-1.0
 50
180.0
  0
LWPOLYLINE
  5
DFB
330
1F
100
AcDbEntity
  8
$Оси
 48
2.0
100
AcDbPolyline
 90
        2
 70
     0
 43
0.0
 10
41942.02609344142
 20
31493.94773116495
 10
46676.20799662952
 20
31493.94773116495
  0
DIMENSION
  5
DFC
330
1F
100
AcDbEntity
  8
$Размеры
 62
     1
100
AcDbDimension
280
     0
  2
*D180
 10
41962.02609344653
 20
31493.94773110453
 30
0.0
 11
46639.57410218041
 21
30715.50909604723
 31
0.0
 70
   162
 71
     5
 42
0.5235987755982832
 73
     0
 74
     0
 75
     0
  3
@TN  1-100
100
AcDb2LineAngularDimension
 13
41942.02609344142
 23
31493.94773116495
 33
0.0
 14
50285.02925397397
 24
31493.94773116495
 34
0.0
 15
51055.29283318285
 25
26243.94773110489
 35
0.0
 16
46417.93535644327
 26
29872.12939280504
 36
0.0
1001
ACAD
1000
DSTYLE
1002
{
1070
    43
1040
0.5
1070
    44
1040
1.0
1070
    69
1070
     1
1070
   147
1040
0.75
1070
   176
1070
     5
1070
   177
1070
     5
1070
   178
1070
     5
1070
   179
1070
     0
1002
}
  0
DIMENSION
  5
DFD
330
1F
100
AcDbEntity
  8
$Слои конструкции
100
AcDbDimension
280
     0
  2
*D181
 10
51362.07429172555
 20
25374.00703753714
 30
0.0
 11
51512.07429172555
 21
25633.81465867257
 31
0.0
 70
   161
 71
     5
 42
600.0000000001818
 73
     0
 74
     0
 75
     0
  3
@TN  1-100$0
100
AcDbAlignedDimension
 13
51055.29337883077
 23
26243.94740320681
 33
0.0
 14
50755.29337883076
 24
25724.33216093594
 34
0.0
  0
DIMENSION
  5
DFE
330
1F
100
AcDbEntity
  8
$Слои конструкции
100
AcDbDimension
280
     0
  2
*D182
 10
51812.07409967581
 20
26153.4282953218
 30
0.0
 11
52570.44389650864
 21
26044.31742706973
 31
0.0
 70
   161
 71
     5
 42
299.9999888565071
 73
     0
 74
     0
 75
     0
  3
@TN  1-100$0
100
AcDbAlignedDimension
 13
51055.29283318285
 23
26243.94773110489
 33
0.0
 14
51205.29337883076
 24
26503.75502434207
 34
0.0
1001
ACAD
1000
DSTYLE
1002
{
1070
   279
1070
     1
1002
}
  0
DIMENSION
  5
DFF
330
1F
100
AcDbEntity
  8
$Слои конструкции
100
AcDbDimension
280
     0
  2
*D183
 10
52062.07484294273
 20
26586.44228458979
 30
0.0
 11
52136.86658671288
 21
27115.98538478619
 31
0.0
 70
    33
 71
     5
 42
499.9999999998617
 73
     0
 74
     0
 75
     0
  3
@TN  1-100$0
100
AcDbAlignedDimension
 13
51205.29337883076
 23
26503.75502434219
 33
0.0
 14
51455.29337883077
 24
26936.76772623425
 34
0.0
  0
DIMENSION
  5
E00
330
1F
100
AcDbEntity
  8
$Слои конструкции
100
AcDbDimension
280
     0
  2
*D184
 10
51212.07558621037
 20
25114.20038553199
 30
0.0
 11
51685.75326835815
 21
24511.98831013703
 31
0.0
 70
   161
 71
     5
 42
299.9999888566672
 73
     0
 74
     0
 75
     0
  3
@TN  1-100$0
100
AcDbAlignedDimension
 13
50755.29282203863
 23
25724.33246953177
 33
0.0
 14
50605.29337883076
 24
25464.52453980033
 34
0.0
1001
ACAD
1000
DSTYLE
1002
{
1070
   279
1070
     1
1002
}
  0
DIMENSION
  5
E01
330
1F
100
AcDbEntity
  8
$Слои конструкции
100
AcDbDimension
280
     0
  2
*D185
 10
50562.07484294297
 20
23988.36607323703
 30
0.0
 11
50713.86976218584
 21
24651.28258569661
 31
0.0
 70
    33
 71
     5
 42
1299.999999999243
 73
     0
 74
     0
 75
     0
  3
@TN  1-100$0
100
AcDbAlignedDimension
 13
50605.29337883076
 23
25464.52453980033
 33
0.0
 14
49955.29337883123
 24
24338.69151488118
 34
0.0
  0
DIMENSION
  5
E02
330
1F
100
AcDbEntity
  8
$Слои конструкции
100
AcDbDimension
280
     0
  2
*D186
 10
43790.99355663253
 20
34661.81102974517
 30
0.0
 11
48437.62692650068
 21
32210.01611050223
 31
0.0
 70
    33
 71
     5
 42
10499.99999999958
 73
     0
 74
     0
 75
     0
  3
@TN  1-100$0
100
AcDbAlignedDimension
 13
51055.29337883077
 23
26243.94740320681
 33
0.0
 14
41962.02663909445
 24
31493.94740320646
 34
0.0
  0
DIMENSION
  5
E03
330
1F
100
AcDbEntity
  8
$Слои конструкции
100
AcDbDimension
280
     0
  2
*D187
 10
52090.17740982431
 20
29036.41912492037
 30
0.0
 11
48552.87071393306
 21
31309.62420568372
 31
0.0
 70
    33
  1
8*2100=<>
 71
     5
 42
8400.000000001277
 73
     0
 74
     0
 75
     0
  3
@TN  1-100$0
100
AcDbAlignedDimension
 13
43497.66728511206
 23
30953.75502438049
 33
0.0
 14
50772.28067689516
 24
26753.75502436722
 34
0.0
  0
DIMENSION
  5
E04
330
1F
100
AcDbEntity
  8
$Слои конструкции
100
AcDbDimension
280
     0
  2
*D188
 10
52523.1901117496
 20
28786.41912490691
 30
0.0
 11
53052.73321194636
 21
28711.62738113943
 31
0.0
 70
    33
 71
     5
 42
500.0000000503059
 73
     0
 74
     0
 75
     0
  3
@TN  1-100$0
100
AcDbAlignedDimension
 13
51022.28067689516
 23
27186.76772625939
 33
0.0
 14
51455.29337883217
 24
26936.76772623634
 34
0.0
  0
DIMENSION
  5
E05
330
1F
100
AcDbEntity
  8
$Слои конструкции
100
AcDbDimension
280
     0
  2
*D189
 10
53342.06628484631
 20
25847.43888104948
 30
0.0
 11
52418.86120408895
 21
24648.4007753719
 31
0.0
 70
    33
 71
     5
 42
3000.000000002066
 73
     0
 74
     0
 75
     0
  3
@TN  1-100$0
100
AcDbAlignedDimension
 13
49955.29337883123
 23
24338.69151488118
 33
0.0
 14
51455.29337883217
 24
26936.76772623634
 34
0.0
  0
INSERT
  5
E06
330
1F
100
AcDbEntity
  8
$Слои конструкции
100
AcDbBlockReference
  2
A$C0AF07C0A
 10
15992.02609345631
 20
38393.94773110674
 30
0.0
 41
-1.0
  0
LWPOLYLINE
  5
E07
330
1F
100
AcDbEntity
  8
$Оси
 48
2.0
100
AcDbPolyline
 90
        2
 70
     0
 43
0.0
 10
16012.02609344513
 20
38993.94773116496
 10
11190.4211214598
 20
38993.94773116496
  0
DIMENSION
  5
E08
330
1F
100
AcDbEntity
  8
$Размеры
 62
     1
100
AcDbDimension
280
     0
  2
*D190
 10
15992.02609344001
 20
38993.94773122537
 30
0.0
 11
11605.18449424893
 21
39747.77761214538
 31
0.0
 70
   162
 71
     5
 42
0.5235987755982859
 73
     0
 74
     0
 75
     0
  3
@TN  1-100
100
AcDb2LineAngularDimension
 13
16012.02609344513
 23
38993.94773116496
 33
0.0
 14
11190.4211214598
 24
38993.94773116496
 34
0.0
 15
6898.759353703702
 25
44243.94773122502
 35
0.0
 16
11809.3235884879
 26
40516.32694179625
 36
0.0
1001
ACAD
1000
DSTYLE
1002
{
1070
    43
1040
0.5
1070
    44
1040
1.0
1070
    69
1070
     1
1070
   147
1040
0.75
1070
   176
1070
     5
1070
   177
1070
     5
1070
   178
1070
     5
1070
   179
1070
     0
1002
}
  0
DIMENSION
  5
E09
330
1F
100
AcDbEntity
  8
$Слои конструкции
100
AcDbDimension
280
     0
  2
*D191
 10
14163.05863025476
 20
35826.08443258605
 30
0.0
 11
9716.425260386607
 21
38624.28951334277
 31
0.0
 70
    33
 71
     5
 42
10499.99999999956
 73
     0
 74
     0
 75
     0
  3
@TN  1-100$0
100
AcDbAlignedDimension
 13
6898.758808055776
 23
44243.94805912309
 33
0.0
 14
15992.02554779208
 24
38993.94805912345
 34
0.0
  0
DIMENSION
  5
E0A
330
1F
100
AcDbEntity
  8
$Слои конструкции
100
AcDbDimension
280
     0
  2
*D192
 10
17077.4994287919
 20
43414.38515571891
 30
0.0
 11
13180.86605891907
 21
45895.04758842358
 31
0.0
 70
    33
 71
     5
 42
9229.829407792712
 73
     0
 74
     0
 75
     0
  3
@TN  1-100$0
100
AcDbAlignedDimension
 13
7998.758808055311
 23
46149.20394744872
 33
0.0
 14
15992.02554780093
 24
41534.28924355315
 34
0.0
  0
DIMENSION
  5
E0B
330
1F
100
AcDbEntity
  8
$Слои конструкции
100
AcDbDimension
280
     0
  2
*D193
 10
5863.874777066203
 20
41451.47633740698
 30
0.0
 11
9601.181472961467
 21
39524.68141816376
 31
0.0
 70
    33
  1
4*2100=<>
 71
     5
 42
8400.000000001204
 73
     0
 74
     0
 75
     0
  3
@TN  1-100$0
100
AcDbAlignedDimension
 13
14456.38490178191
 23
39534.14043796245
 33
0.0
 14
7181.771509991377
 24
43734.14043796269
 34
0.0
  0
DIMENSION
  5
E0C
330
1F
100
AcDbEntity
  8
$Слои конструкции
100
AcDbDimension
280
     0
  2
*D194
 10
5430.862075137204
 20
41701.47633742346
 30
0.0
 11
5101.318974938745
 21
42122.67824270569
 31
0.0
 70
    33
 71
     5
 42
500.0000000503023
 73
     0
 74
     0
 75
     0
  3
@TN  1-100$0
100
AcDbAlignedDimension
 13
6931.771509991377
 23
43301.12773607051
 33
0.0
 14
6498.758808054379
 24
43551.12773609356
 34
0.0
  0
LWPOLYLINE
  5
E0D
330
1F
100
AcDbEntity
  8
$Оси
 48
2.0
100
AcDbPolyline
 90
        2
 70
     0
 43
0.0
 10
16012.02609344513
 20
31493.94773116495
 10
11222.61257428664
 20
31493.94773116495
  0
DIMENSION
  5
E0E
330
1F
100
AcDbEntity
  8
$Размеры
 62
     1
100
AcDbDimension
280
     0
  2
*D195
 10
15992.02609344001
 20
31493.94773110453
 30
0.0
 11
11533.41286389006
 21
30707.773922233
 31
0.0
 70
   162
 71
     5
 42
0.5235987755982832
 73
     0
 74
     0
 75
     0
  3
@TN  1-100
100
AcDb2LineAngularDimension
 13
16012.02609344513
 23
31493.94773116495
 33
0.0
 14
11222.61257428664
 24
31493.94773116495
 34
0.0
 15
6898.759353703702
 25
26243.94773110489
 35
0.0
 16
11737.66686654844
 26
29945.4876066626
 36
0.0
1001
ACAD
1000
DSTYLE
1002
{
1070
    43
1040
0.5
1070
    44
1040
1.0
1070
    69
1070
     1
1070
   147
1040
0.75
1070
   176
1070
     5
1070
   177
1070
     5
1070
   178
1070
     5
1070
   179
1070
     0
1002
}
  0
DIMENSION
  5
E0F
330
1F
100
AcDbEntity
  8
$Слои конструкции
100
AcDbDimension
280
     0
  2
*D196
 10
7141.977895139631
 20
24421.37909341147
 30
0.0
 11
6641.977895140996
 21
25287.40449719687
 31
0.0
 70
   161
 71
     5
 42
2000.000000000175
 73
     0
 74
     0
 75
     0
  3
@TN  1-100$0
100
AcDbAlignedDimension
 13
7181.771509970888
 23
26753.75502440272
 33
0.0
 14
8181.771509968093
 24
25021.70421683203
 34
0.0
  0
DIMENSION
  5
E10
330
1F
100
AcDbEntity
  8
$Слои конструкции
100
AcDbDimension
280
     0
  2
*D197
 10
5891.977343944205
 20
26586.44228459003
 30
0.0
 11
5817.185600174065
 21
27115.98538478643
 31
0.0
 70
    33
 71
     5
 42
499.9999999998654
 73
     0
 74
     0
 75
     0
  3
@TN  1-100$0
100
AcDbAlignedDimension
 13
6748.758808055775
 23
26503.75502434219
 33
0.0
 14
6498.758808055775
 24
26936.76772623425
 34
0.0
  0
DIMENSION
  5
E11
330
1F
100
AcDbEntity
  8
$Слои конструкции
100
AcDbDimension
280
     0
  2
*D198
 10
7391.977895160481
 20
23988.36639148274
 30
0.0
 11
7813.179800444213
 21
23658.8232912862
 31
0.0
 70
    33
 71
     5
 42
500.0000000403197
 73
     0
 74
     0
 75
     0
  3
@TN  1-100$0
100
AcDbAlignedDimension
 13
8181.771509968093
 23
25021.70421683192
 33
0.0
 14
8431.771509988118
 24
24588.6915149047
 34
0.0
  0
DIMENSION
  5
E12
330
1F
100
AcDbEntity
  8
$Слои конструкции
100
AcDbDimension
280
     0
  2
*D199
 10
14163.05863025455
 20
34661.81102974421
 30
0.0
 11
9516.425260386403
 21
32210.01611050127
 31
0.0
 70
    33
 71
     5
 42
10499.99999999956
 73
     0
 74
     0
 75
     0
  3
@TN  1-100$0
100
AcDbAlignedDimension
 13
6898.758808055776
 23
26243.94740320681
 33
0.0
 14
15992.02554779208
 24
31493.94740320646
 34
0.0
  0
DIMENSION
  5
E13
330
1F
100
AcDbEntity
  8
$Слои конструкции
100
AcDbDimension
280
     0
  2
*D200
 10
5863.874851203452
 20
29036.41916772571
 30
0.0
 11
9401.18182554205
 21
31309.62425173056
 31
0.0
 70
    33
  1
8*2100=<>
 71
     5
 42
8400.000472535685
 73
     0
 74
     0
 75
     0
  3
@TN  1-100$0
100
AcDbAlignedDimension
 13
14456.38544741773
 23
30953.75502436745
 33
0.0
 14
7181.771509991377
 24
26753.75502436722
 34
0.0
  0
DIMENSION
  5
E14
330
1F
100
AcDbEntity
  8
$Слои конструкции
100
AcDbDimension
280
     0
  2
*D201
 10
5430.862075137053
 20
28786.4191249067
 30
0.0
 11
4901.318974940277
 21
28711.62738113921
 31
0.0
 70
    33
 71
     5
 42
500.0000000503023
 73
     0
 74
     0
 75
     0
  3
@TN  1-100$0
100
AcDbAlignedDimension
 13
6931.771509991377
 23
27186.76772625939
 33
0.0
 14
6498.758808054379
 24
26936.76772623634
 34
0.0
  0
DIMENSION
  5
E15
330
1F
100
AcDbEntity
  8
$Слои конструкции
100
AcDbDimension
280
     0
  2
*D202
 10
5356.112843973017
 20
26277.06077128559
 30
0.0
 11
6279.317924730371
 21
25078.022665608
 31
0.0
 70
    33
 71
     5
 42
3000.000000002063
 73
     0
 74
     0
 75
     0
  3
@TN  1-100$0
100
AcDbAlignedDimension
 13
7998.758808055311
 23
24338.69151488118
 33
0.0
 14
6498.758808054379
 24
26936.76772623634
 34
0.0
  0
LWPOLYLINE
  5
E16
330
1F
100
AcDbEntity
  8
$Слои конструкции
100
AcDbPolyline
 90
        4
 70
     1
 43
0.0
 10
16012.02609344327
 20
32093.94773110534
 10
41942.02609344327
 20
32093.94773116495
 10
41942.02609344327
 20
30093.94773110535
 10
16012.02609344327
 20
30093.94773104574
  0
DIMENSION
  5
E17
330
1F
100
AcDbEntity
  8
$Слои конструкции
100
AcDbDimension
280
     0
  2
*D203
 10
7141.97789513974
 20
46066.51636903757
 30
0.0
 11
6641.977895140996
 21
45200.490965252
 31
0.0
 70
   161
 71
     5
 42
2000.000000000175
 73
     0
 74
     0
 75
     0
  3
@TN  1-100$0
100
AcDbAlignedDimension
 13
7181.771509970888
 23
43734.14043804639
 33
0.0
 14
8181.771509968093
 24
45466.19124561708
 34
0.0
  0
DIMENSION
  5
E18
330
1F
100
AcDbEntity
  8
$Слои конструкции
100
AcDbDimension
280
     0
  2
*D204
 10
5891.977343944309
 20
43901.45317785903
 30
0.0
 11
5470.775438660419
 21
43571.91007766268
 31
0.0
 70
    33
 71
     5
 42
499.9999999998617
 73
     0
 74
     0
 75
     0
  3
@TN  1-100$0
100
AcDbAlignedDimension
 13
6748.758808055775
 23
43984.14043810693
 33
0.0
 14
6498.758808055775
 24
43551.12773621487
 34
0.0
  0
DIMENSION
  5
E19
330
1F
100
AcDbEntity
  8
$Слои конструкции
100
AcDbDimension
280
     0
  2
*D205
 10
7391.97789516018
 20
46499.52907096654
 30
0.0
 11
7466.769638930074
 21
47029.07217116297
 31
0.0
 70
    33
 71
     5
 42
500.0000000403161
 73
     0
 74
     0
 75
     0
  3
@TN  1-100$0
100
AcDbAlignedDimension
 13
8181.771509968093
 23
45466.19124561719
 33
0.0
 14
8431.771509988118
 24
45899.20394754441
 34
0.0
  0
DIMENSION
  5
E1A
330
1F
100
AcDbEntity
  8
$Слои конструкции
100
AcDbDimension
280
     0
  2
*D206
 10
5356.11284397251
 20
44210.83469116382
 30
0.0
 11
5932.907763216088
 21
45609.87279684138
 31
0.0
 70
    33
 71
     5
 42
3000.000000002066
 73
     0
 74
     0
 75
     0
  3
@TN  1-100$0
100
AcDbAlignedDimension
 13
7998.758808055311
 23
46149.20394756794
 33
0.0
 14
6498.758808054379
 24
43551.12773621277
 34
0.0
  0
TEXT
  5
E1B
330
1F
100
AcDbEntity
  8
$Выноски
100
AcDbText
 10
3699.249040794442
 20
37142.81104219493
 30
0.0
 40
250.0
  1
1
 51
15.0
  7
@ТРАНСПРОЕКТ
100
AcDbText
  0
LWPOLYLINE
  5
E1C
330
1F
100
AcDbEntity
  8
$Выноски
100
AcDbPolyline
 90
        5
 70
     0
 10
4374.249040794444
 20
37988.75851197189
 40
60.0
 41
60.0
 10
3874.249040794442
 20
37988.75851197189
 40
60.0
 41
60.0
 10
4074.249040794442
 20
37988.75851197189
 40
0.0
 41
80.0
 10
4074.249040794442
 20
37588.75851197189
 40
0.0
 41
0.0
 10
4074.249040794442
 20
36988.75851197189
 40
0.0
 41
0.0
  0
DIMENSION
  5
E1D
330
1F
100
AcDbEntity
  8
$Слои конструкции
100
AcDbDimension
280
     0
  2
*D207
 10
15992.02554780093
 20
25342.37205320652
 30
0.0
 11
16463.05969252565
 21
24638.54965965948
 31
0.0
 70
   160
 71
     5
 42
20.00054564234233
 73
     0
 74
     0
 75
     0
  3
@TN  1-100$0
100
AcDbAlignedDimension
 13
16012.02609344327
 23
30093.94773104574
 33
0.0
 14
15992.02554780093
 24
28953.60621877675
 34
0.0
100
AcDbRotatedDimension
1001
ACAD
1000
DSTYLE
1002
{
1070
   279
1070
     1
1002
}
  0
DIMENSION
  5
E1E
330
1F
100
AcDbEntity
  8
$Слои конструкции
100
AcDbDimension
280
     0
  2
*D208
 10
41962.02663908561
 20
25342.37205320652
 30
0.0
 11
41190.99249436089
 21
24638.54965965948
 31
0.0
 70
   160
 71
     5
 42
20.00054564233869
 73
     0
 74
     0
 75
     0
  3
@TN  1-100$0
100
AcDbAlignedDimension
 13
41942.02609344327
 23
30093.94773104574
 33
0.0
 14
41962.02663908561
 24
28953.60621877675
 34
0.0
 50
180.0
100
AcDbRotatedDimension
1001
ACAD
1000
DSTYLE
1002
{
1070
   279
1070
     1
1002
}
  0
TEXT
  5
E1F
330
1F
100
AcDbEntity
  8
$Выноски
100
AcDbText
 10
39071.6583282369
 20
44306.51538184119
 30
0.0
 40
250.0
  1
4
 51
15.0
  7
@ТРАНСПРОЕКТ
100
AcDbText
  0
LWPOLYLINE
  5
E20
330
1F
100
AcDbEntity
  8
$Выноски
100
AcDbPolyline
 90
        5
 70
     0
 10
40098.54581293778
 20
44221.59152892415
 40
60.0
 41
60.0
 10
39848.5458129401
 20
44654.6042308176
 40
60.0
 41
60.0
 10
39948.54581293917
 20
44481.39915006023
 40
0.0
 41
79.99999999999999
 10
39602.13565142441
 20
44281.39915006186
 40
0.0
 41
0.0
 10
39082.5204091518
 20
43981.39915006441
 40
0.0
 41
0.0
  0
MULTILEADER
  5
E21
330
1F
100
AcDbEntity
  8
$Выноски
160
               704
310
C00200001A0000000C00000016000000000000C00C00000033000000000000000C00000013000000993A0000B400000026000000EDE3EE0713FFE0400C6EAB17F790DC40000000000000000000000000000000000000000000000000000000000000F03F000000000000F03FA613156A8B2489BD0000000000000000330000
310
0001000000010000000000000000007940000000000000F03F0000000000000000000000000000F03F00000000000000000000000000000000000000000000000000000000010000002200000041007200690061006C0000000000A93F000000000C00000033000000000000000C00000010000000070000000C0000001600
310
0000000000C00C00000012000000FF7F00000C0000001300000001000000880000001D000000F412B47CC7D851C08E0CF4C46C5A67C00000000000000000718B1320E833E1408E0CF4C46C5A6740F412B47CC7D851C00000000000000000186C4F9956A5DD4000000000000000000000000000000000000000000000694000
310
00000000000000000000000000000000000000000000000000000000000000000000000000F03F080000001F0000000C00000016000000000000C00C00000012000000FF7F00000C00000033000000000000000C00000013000000891300003C0000000600000002000000718B1320E833E140186C4F9956A5DD4000000000
310
000000007010D2463F5FE1409871E6DA7CC2DC4000000000000000000C00000013000000122700003C00000006000000020000007010D2463F5FE1409871E6DA7CC2DC4000000000000000006096D9E8BF3BE1407772E6DA7CC2DC4000000000000000000C00000016000000000000C00C00000012000000FF7F00000C0000
310
0017000000000000000C000000130000009A3A00000C00000016000000000000C00C00000012000000FF7F00000C00000017000000FFFFFFFF0C0000003300000000000000
100
AcDbMLeader
270
     2
300
CONTEXT_DATA{
 40
100.0
 10
34632.05992986435
 20
29449.95086060883
 30
0.0
 41
400.0
140
200.0
145
200.0
174
     1
175
     1
176
     1
177
     0
290
     1
304
3
 11
0.0
 21
0.0
 31
1.0
340
11
 12
34963.02855196584
 22
29653.49792745648
 32
0.0
 13
1.0
 23
-0.0000000000028584
 33
0.0
 42
6.283185307176728
 43
0.0
 44
0.0
 45
1.0
170
     1
 90
-1073741824
171
     2
172
     5
 91
-1073741824
141
0.0
 92
        0
291
     0
292
     0
173
     0
293
     0
142
0.0
143
0.0
294
     0
295
     0
296
     0
110
33643.38641247655
120
28758.62349267767
130
0.0
111
1.0
121
-0.0000000000028584
131
0.0
112
0.0000000000028584
122
1.0
132
0.0
297
     0
302
LEADER{
290
     1
291
     1
 10
35577.9773950883
 20
29449.95086060613
 30
0.0
 11
-1.0
 21
0.0000000000028584
 31
0.0
 90
        1
 40
283.9802210220369
304
LEADER_LINE{
 10
35231.25391556964
 20
30357.35310731464
 30
0.0
 91
        0
305
}
271
     0
303
}
272
     9
273
     9
301
}
340
12E
 90
 84166532
170
     1
 91
-1056964608
341
15
171
    -2
290
     1
291
     1
 41
0.2932457142334897
342
840
 42
2.0
172
     2
343
11
173
     1
 95
        1
174
     1
175
     0
 92
-1056964608
292
     0
 93
-1056964608
 10
1.0
 20
1.0
 30
1.0
 43
0.0
176
     0
293
     0
294
     0
178
     0
179
     2
 45
100.0
271
     0
272
     9
273
     9
295
     0
  0
MULTILEADER
  5
E22
330
1F
100
AcDbEntity
  8
$Выноски
160
               704
310
C00200001A0000000C00000016000000000000C00C00000033000000000000000C00000013000000993A0000B400000026000000A99B2EC2B0EEE0400EEE8F58FBF0E340000000000000000000000000000000000000000000000000000000000000F03F000000000000F03FA613156A8B24893D0000000000000000330000
310
0001000000010000000000000000007940000000000000F03F0000000000000000000000000000F03F00000000000000000000000000000000000000000000000000000000010000002200000041007200690061006C00000000000000000000800C00000033000000000000000C00000010000000070000000C0000001600
310
0000000000C00C00000012000000FF7F00000C0000001300000001000000880000001D0000004B13B47CC7D851C07C0CF4C46C5A67400000000000000000704253DA8523E1407C0CF4C46C5A67C04B13B47CC7D851C00000000000000000ECF4F85A5198E34000000000000000000000000000000000000000000000694000
310
00000000000000000000000000000000000000000000000000000000000000000000000000F03F080000001F0000000C00000016000000000000C00C00000012000000FF7F00000C00000033000000000000000C00000013000000891300003C0000000600000002000000704253DA8523E140ECF4F85A5198E34000000000
310
0000000070C71101DD4EE1402C722D3ABE09E44000000000000000000C00000013000000122700003C000000060000000200000070C71101DD4EE1402C722D3ABE09E4400000000000000000604D19A35D2BE140BC712D3ABE09E44000000000000000000C00000016000000000000C00C00000012000000FF7F00000C0000
310
0017000000000000000C000000130000009A3A00000C00000016000000000000C00C00000012000000FF7F00000C00000017000000FFFFFFFF0C0000003300000000000000
100
AcDbMLeader
270
     2
300
CONTEXT_DATA{
 40
100.0
 10
34500.98891532408
 20
41037.94460174575
 30
0.0
 41
400.0
140
200.0
145
200.0
174
     1
175
     1
176
     1
177
     0
290
     1
304
3
 11
0.0
 21
0.0
 31
1.0
340
11
 12
34831.95753742463
 22
41241.49166859532
 32
0.0
 13
1.0
 23
0.0000000000028584
 33
0.0
 42
0.0000000000028584
 43
0.0
 44
0.0
 45
1.0
170
     1
 90
-1073741824
171
     2
172
     5
 91
-1073741824
141
0.0
 92
        0
291
     0
292
     0
173
     0
293
     0
142
0.0
143
0.0
294
     0
295
     0
296
     0
110
33512.31539793627
120
41729.27196967692
130
0.0
111
1.0
121
0.0000000000028584
131
0.0
112
-0.0000000000028584
122
1.0
132
0.0
297
     0
302
LEADER{
290
     1
291
     1
 10
35446.90638054803
 20
41037.94460174846
 30
0.0
 11
-1.0
 21
-0.0000000000028584
 31
0.0
 90
        1
 40
283.9802210220369
304
LEADER_LINE{
 10
35100.18290102936
 20
40130.54235503994
 30
0.0
 91
        0
305
}
271
     0
303
}
272
     9
273
     9
301
}
340
12E
 90
 84166532
170
     1
 91
-1056964608
341
15
171
    -2
290
     1
291
     1
 41
0.2932457142334897
342
840
 42
2.0
172
     2
343
11
173
     1
 95
        1
174
     1
175
     0
 92
-1056964608
292
     0
 93
-1056964608
 10
1.0
 20
1.0
 30
1.0
 43
0.0
176
     0
293
     0
294
     0
178
     0
179
     2
 45
100.0
271
     0
272
     9
273
     9
295
     0
  0
MULTILEADER
  5
E23
330
1F
100
AcDbEntity
  8
$Выноски
160
               704
310
C00200001A0000000C00000016000000000000C00C00000033000000000000000C00000013000000993A0000B400000026000000AC7AF21BFB75E140CF74265E2BF1E340000000000000000000000000000000000000000000000000000000000000F03F000000000000F03FA613156A8B24893D0000000000000000350000
310
0001000000010000000000000000007940000000000000F03F0000000000000000000000000000F03F00000000000000000000000000000000000000000000000000000000010000002200000041007200690061006C0000000000A93F000000000C00000033000000000000000C00000010000000070000000C0000001600
310
0000000000C00C00000012000000FF7F00000C0000001300000001000000880000001D000000B26256C4A3F146C0E6BB0374445568400000000000000000306048C3EEAAE140E6BB0374445568C0B26256C4A3F146C000000000000000002C1966BDCC50E34000000000000000000000000000000000000000000000694000
310
00000000000000000000000000000000000000000000000000000000000000000000000000F03F080000001F0000000C00000016000000000000C00C00000012000000FF7F00000C00000033000000000000000C00000013000000891300003C0000000600000002000000306048C3EEAAE1402C1966BDCC50E34000000000
310
0000000030B4026687D6E1402C722D3ABE09E44000000000000000000C00000013000000122700003C000000060000000200000030B4026687D6E1402C722D3ABE09E4400000000000000000203A0A0808B3E140BC712D3ABE09E44000000000000000000C00000016000000000000C00C00000012000000FF7F00000C0000
310
0017000000000000000C000000130000009A3A00000C00000016000000000000C00C00000012000000FF7F00000C00000017000000FFFFFFFF0C0000003300000000000000
100
AcDbMLeader
270
     2
300
CONTEXT_DATA{
 40
100.0
 10
35583.0395216847
 20
41037.94460174574
 30
0.0
 41
400.0
140
200.0
145
200.0
174
     1
175
     1
176
     1
177
     0
290
     1
304
5
 11
0.0
 21
0.0
 31
1.0
340
11
 12
35915.64525156131
 22
41241.3552429472
 32
0.0
 13
1.0
 23
0.0000000000028584
 33
0.0
 42
0.0000000000028584
 43
0.0
 44
0.0
 45
1.0
170
     1
 90
-1073741824
171
     2
172
     5
 91
-1073741824
141
0.0
 92
        0
291
     0
292
     0
173
     0
293
     0
142
0.0
143
0.0
294
     0
295
     0
296
     0
110
34595.59383512929
120
41729.27196967692
130
0.0
111
1.0
121
0.0000000000028584
131
0.0
112
-0.0000000000028584
122
1.0
132
0.0
297
     0
302
LEADER{
290
     1
291
     1
 10
36532.23120246118
 20
41037.94460174846
 30
0.0
 11
-1.0
 21
-0.0000000000028584
 31
0.0
 90
        1
 40
283.9802210220369
304
LEADER_LINE{
 10
36183.46133822238
 20
39558.39811997334
 30
0.0
 91
        0
305
}
271
     0
303
}
272
     9
273
     9
301
}
340
12E
 90
 84166532
170
     1
 91
-1056964608
341
15
171
    -2
290
     1
291
     1
 41
0.2932457142334897
342
840
 42
2.0
172
     2
343
11
173
     1
 95
        1
174
     1
175
     0
 92
-1056964608
292
     0
 93
-1056964608
 10
1.0
 20
1.0
 30
1.0
 43
0.0
176
     0
293
     0
294
     0
178
     0
179
     2
 45
100.0
271
     0
272
     9
273
     9
295
     0
  0
MULTILEADER
  5
E24
330
1F
100
AcDbEntity
  8
$Выноски
160
               704
310
C00200001A0000000C00000016000000000000C00C00000033000000000000000C00000013000000993A0000B400000026000000F2C2B2615D86E1401261D8225791DC40000000000000000000000000000000000000000000000000000000000000F03F000000000000F03FA613156A8B2489BD0000000000000000350000
310
0001000000010000000000000000007940000000000000F03F0000000000000000000000000000F03F00000000000000000000000000000000000000000000000000000000010000002200000041007200690061006C00000000000000000090850C00000033000000000000000C00000010000000070000000C0000001600
310
0000000000C00C00000012000000FF7F00000C0000001300000001000000880000001D000000AC6256C4A3F146C0E6BB0374445568C0000000000000000030A9080951BBE140E6BB037444556840AC6256C4A3F146C00000000000000000180975D45F34DE4000000000000000000000000000000000000000000000694000
310
00000000000000000000000000000000000000000000000000000000000000000000000000F03F080000001F0000000C00000016000000000000C00C00000012000000FF7F00000C00000033000000000000000C00000013000000891300003C000000060000000200000030A9080951BBE140180975D45F34DE4000000000
310
0000000030FDC2ABE9E6E1401857E6DA7CC2DC4000000000000000000C00000013000000122700003C000000060000000200000030FDC2ABE9E6E1401857E6DA7CC2DC4000000000000000002083CA4D6AC3E140F757E6DA7CC2DC4000000000000000000C00000016000000000000C00C00000012000000FF7F00000C0000
310
0017000000000000000C000000130000009A3A00000C00000016000000000000C00C00000012000000FF7F00000C00000017000000FFFFFFFF0C0000003300000000000000
100
AcDbMLeader
270
     2
300
CONTEXT_DATA{
 40
100.0
 10
35714.11053622497
 20
29449.95086058416
 30
0.0
 41
400.0
140
200.0
145
200.0
174
     1
175
     1
176
     1
177
     0
290
     1
304
5
 11
0.0
 21
0.0
 31
1.0
340
11
 12
36046.71626610251
 22
29653.36150178369
 32
0.0
 13
1.0
 23
-0.0000000000028584
 33
0.0
 42
6.283185307176728
 43
0.0
 44
0.0
 45
1.0
170
     1
 90
-1073741824
171
     2
172
     5
 91
-1073741824
141
0.0
 92
        0
291
     0
292
     0
173
     0
293
     0
142
0.0
143
0.0
294
     0
295
     0
296
     0
110
34726.66484966956
120
28758.62349265299
130
0.0
111
1.0
121
-0.0000000000028584
131
0.0
112
0.0000000000028584
122
1.0
132
0.0
297
     0
302
LEADER{
290
     1
291
     1
 10
36663.30221700145
 20
29449.95086058145
 30
0.0
 11
-1.0
 21
0.0000000000028584
 31
0.0
 90
        1
 40
283.9802210220369
304
LEADER_LINE{
 10
36314.53235276265
 20
30929.49734235657
 30
0.0
 91
        0
305
}
271
     0
303
}
272
     9
273
     9
301
}
340
12E
 90
 84166532
170
     1
 91
-1056964608
341
15
171
    -2
290
     1
291
     1
 41
0.2932457142334897
342
840
 42
2.0
172
     2
343
11
173
     1
 95
        1
174
     1
175
     0
 92
-1056964608
292
     0
 93
-1056964608
 10
1.0
 20
1.0
 30
1.0
 43
0.0
176
     0
293
     0
294
     0
178
     0
179
     2
 45
100.0
271
     0
272
     9
273
     9
295
     0
  0
MULTILEADER
  5
E25
330
1F
100
AcDbEntity
  8
$Выноски
160
               704
310
C00200001A0000000C00000016000000000000C00C00000033000000000000000C00000013000000993A0000B400000026000000A5A71B717F87C940D6AA41630640E540000000000000000000000000000000000000000000000000000000000000F03F000000000000F03FA613156A8B2489BD0000000000000000360000
310
0001000000010000000000000000007940000000000000F03F0000000000000000000000000000F03F00000000000000000000000000000000000000000000000000000000010000002200000041007200690061006C0000000000A93F000000000C00000033000000000000000C00000010000000070000000C0000001600
310
0000000000C00C00000012000000FF7F00000C0000001300000001000000880000001D000000BC1721F176F350C006174030FC8467400000000000000000C1B8B4EBA210CA4006174030FC8467C0BC1721F176F350C00000000000000000DCBB8E8E0FE0E44000000000000000000000000000000000000000000000694000
310
00000000000000000000000000000000000000000000000000000000000000000000000000F03F080000001F0000000C00000016000000000000C00C00000012000000FF7F00000C00000033000000000000000C00000013000000891300003C0000000600000002000000C1B8B4EBA210CA40DCBB8E8E0FE0E44000000000
310
00000000C19FA326AEBECA40FC7E78A2CD58E54000000000000000000C00000013000000122700003C0000000600000002000000C19FA326AEBECA40FC7E78A2CD58E540000000000000000081E0FB07107ACA40327F78A2CD58E54000000000000000000C00000016000000000000C00C00000012000000FF7F00000C0000
310
0017000000000000000C000000130000009A3A00000C00000016000000000000C00C00000012000000FF7F00000C00000017000000FFFFFFFF0C0000003300000000000000
100
AcDbMLeader
270
     2
300
CONTEXT_DATA{
 40
100.0
 10
12892.00518907886
 20
43718.4260828499
 30
0.0
 41
400.0
140
200.0
145
200.0
174
     1
175
     1
176
     1
177
     0
290
     1
304
6
 11
0.0
 21
0.0
 31
1.0
340
11
 12
13224.06521636468
 22
43921.83672404938
 32
0.0
 13
1.0
 23
-0.0000000000028584
 33
0.0
 42
6.283185307176728
 43
0.0
 44
0.0
 45
1.0
170
     1
 90
-1073741824
171
     2
172
     5
 91
-1073741824
141
0.0
 92
        0
291
     0
292
     0
173
     0
293
     0
142
0.0
143
0.0
294
     0
295
     0
296
     0
110
11757.40531508147
120
43027.09871491915
130
0.0
111
1.0
121
-0.0000000000028584
131
0.0
112
0.0000000000028584
122
1.0
132
0.0
297
     0
302
LEADER{
290
     1
291
     1
 10
13693.36055417347
 20
43718.42608284761
 30
0.0
 11
-1.0
 21
0.0000000000028584
 31
0.0
 90
        1
 40
137.2353105243528
304
LEADER_LINE{
 10
13345.27281817456
 20
42752.48615204517
 30
0.0
 91
        0
305
}
271
     0
303
}
272
     9
273
     9
301
}
340
12E
 90
 84166532
170
     1
 91
-1056964608
341
15
171
    -2
290
     1
291
     1
 41
0.2932457142334897
342
840
 42
2.0
172
     2
343
11
173
     1
 95
        1
174
     1
175
     0
 92
-1056964608
292
     0
 93
-1056964608
 10
1.0
 20
1.0
 30
1.0
 43
0.0
176
     0
293
     0
294
     0
178
     0
179
     2
 45
100.0
271
     0
272
     9
273
     9
295
     0
  0
MULTILEADER
  5
E26
330
1F
100
AcDbEntity
  8
$Выноски
160
               704
310
C00200001A0000000C00000016000000000000C00C00000033000000000000000C00000013000000993A0000B400000026000000E637052A20F0E540EEAA41630640E540000000000000000000000000000000000000000000000000000000000000F03F000000000000F03FA613156A8B24893D0000000000000000360000
310
0001000000010000000000000000007940000000000000F03F0000000000000000000000000000F03F00000000000000000000000000000000000000000000000000000000010000002200000041007200690061006C0000000000A93F000000000C00000033000000000000000C00000010000000070000000C0000001600
310
0000000000C00C00000012000000FF7F00000C0000001300000001000000880000001D00000000000000000029BD000000000000694000000000000000002EA796F098C8E54000000000000069C000000000000029BD0000000000000000DCBB8E8E0FE0E44000000000000000000000000000000000000000000000694000
310
00000000000000000000000000000000000000000000000000000000000000000000000000F03F080000001F0000000C00000016000000000000C00C00000012000000FF7F00000C00000033000000000000000C00000013000000891300003C00000006000000020000002EA796F098C8E540DCBB8E8E0FE0E44000000000
310
000000002EA796F098C8E5408B7F78A2CD58E54000000000000000000C00000013000000122700003C00000006000000020000002EA796F098C8E5408B7F78A2CD58E5400000000000000000FE964078C0D9E540C17F78A2CD58E54000000000000000000C00000016000000000000C00C00000012000000FF7F00000C0000
310
0017000000000000000C000000130000009A3A00000C00000016000000000000C00C00000012000000FF7F00000C00000017000000FFFFFFFF0C0000003300000000000000
100
AcDbMLeader
270
     2
300
CONTEXT_DATA{
 40
100.0
 10
44750.01467923632
 20
43718.42608284904
 30
0.0
 41
400.0
140
200.0
145
200.0
174
     1
175
     1
176
     1
177
     0
290
     1
304
6
 11
0.0
 21
0.0
 31
1.0
340
11
 12
45082.07470652076
 22
43921.83672405042
 32
0.0
 13
1.0
 23
0.0000000000028584
 33
0.0
 42
0.0000000000028584
 43
0.0
 44
0.0
 45
1.0
170
     1
 90
-1073741824
171
     2
172
     5
 91
-1073741824
141
0.0
 92
        0
291
     0
292
     0
173
     0
293
     0
142
0.0
143
0.0
294
     0
295
     0
296
     0
110
46200.64687180507
120
43027.09871491915
130
0.0
111
1.0
121
0.0000000000028584
131
0.0
112
-0.0000000000028584
122
1.0
132
0.0
297
     0
302
LEADER{
290
     1
291
     1
 10
44612.77936871197
 20
43718.42608284865
 30
0.0
 11
1.0
 21
0.0000000000028584
 31
0.0
 90
        1
 40
137.2353105243528
304
LEADER_LINE{
 10
44612.77936871197
 20
42752.48615204517
 30
0.0
 91
        0
305
}
271
     0
303
}
272
     9
273
     9
301
}
340
12E
 90
 84166532
170
     1
 91
-1056964608
341
15
171
    -2
290
     1
291
     1
 41
0.2932457142334897
342
840
 42
2.0
172
     2
343
11
173
     1
 95
        1
174
     1
175
     0
 92
-1056964608
292
     0
 93
-1056964608
 10
1.0
 20
1.0
 30
1.0
 43
0.0
176
     0
293
     0
294
     0
178
     0
179
     2
 45
100.0
271
     0
272
     9
273
     9
295
     0
  0
MULTILEADER
  5
E27
330
1F
100
AcDbEntity
  8
$Выноски
160
               704
310
C00200001A0000000C00000016000000000000C00C00000033000000000000000C00000013000000993A0000B40000002600000094AA1B717F87C9407A91E28BCFF2D940000000000000000000000000000000000000000000000000000000000000F03F000000000000F03FA613156A8B24893D0000000000000000360000
310
0001000000010000000000000000007940000000000000F03F0000000000000000000000000000F03F00000000000000000000000000000000000000000000000000000000010000002200000041007200690061006C0000000000000000001C020C00000033000000000000000C00000010000000070000000C0000001600
310
0000000000C00C00000012000000FF7F00000C0000001300000001000000880000001D000000B61721F176F350C007174030FC8467C00000000000000000C1B8B4EBA210CA4007174030FC846740B61721F176F350C00000000000000000B8C32332DA15DB4000000000000000000000000000000000000000000000694000
310
00000000000000000000000000000000000000000000000000000000000000000000000000F03F080000001F0000000C00000016000000000000C00C00000012000000FF7F00000C00000033000000000000000C00000013000000891300003C0000000600000002000000C1B8B4EBA210CA40B8C32332DA15DB4000000000
310
00000000C19FA326AEBECA40783D500A5E24DA4000000000000000000C00000013000000122700003C0000000600000002000000C19FA326AEBECA40783D500A5E24DA40000000000000000081E0FB07107ACA400C3D500A5E24DA4000000000000000000C00000016000000000000C00C00000012000000FF7F00000C0000
310
0017000000000000000C000000130000009A3A00000C00000016000000000000C00C00000012000000FF7F00000C00000017000000FFFFFFFF0C0000003300000000000000
100
AcDbMLeader
270
     2
300
CONTEXT_DATA{
 40
100.0
 10
12892.00518907886
 20
26769.46937948001
 30
0.0
 41
400.0
140
200.0
145
200.0
174
     1
175
     1
176
     1
177
     0
290
     1
304
6
 11
0.0
 21
0.0
 31
1.0
340
11
 12
13224.06521636375
 22
26972.88002068151
 32
0.0
 13
1.0
 23
0.0000000000028584
 33
0.0
 42
0.0000000000028584
 43
0.0
 44
0.0
 45
1.0
170
     1
 90
-1073741824
171
     2
172
     5
 91
-1073741824
141
0.0
 92
        0
291
     0
292
     0
173
     0
293
     0
142
0.0
143
0.0
294
     0
295
     0
296
     0
110
11757.40531508147
120
27460.79674741076
130
0.0
111
1.0
121
0.0000000000028584
131
0.0
112
-0.0000000000028584
122
1.0
132
0.0
297
     0
302
LEADER{
290
     1
291
     1
 10
13693.36055417347
 20
26769.4693794823
 30
0.0
 11
-1.0
 21
-0.0000000000028584
 31
0.0
 90
        1
 40
137.2353105243528
304
LEADER_LINE{
 10
13345.27281817456
 20
27735.40931028474
 30
0.0
 91
        0
305
}
271
     0
303
}
272
     9
273
     9
301
}
340
12E
 90
 84166532
170
     1
 91
-1056964608
341
15
171
    -2
290
     1
291
     1
 41
0.2932457142334897
342
840
 42
2.0
172
     2
343
11
173
     1
 95
        1
174
     1
175
     0
 92
-1056964608
292
     0
 93
-1056964608
 10
1.0
 20
1.0
 30
1.0
 43
0.0
176
     0
293
     0
294
     0
178
     0
179
     2
 45
100.0
271
     0
272
     9
273
     9
295
     0
  0
MULTILEADER
  5
E28
330
1F
100
AcDbEntity
  8
$Выноски
160
               704
310
C00200001A0000000C00000016000000000000C00C00000033000000000000000C00000013000000993A0000B4000000260000002A37052A20F0E5404C91E28BCFF2D940000000000000000000000000000000000000000000000000000000000000F03F000000000000F03FA613156A8B2489BD0000000000000000360000
310
0001000000010000000000000000007940000000000000F03F0000000000000000000000000000F03F00000000000000000000000000000000000000000000000000000000010000002200000041007200690061006C00000000003E00000000000C00000033000000000000000C00000010000000070000000C0000001600
310
0000000000C00C00000012000000FF7F00000C0000001300000001000000880000001D00000000000000000029BD02000000000069C000000000000000002EA796F098C8E540020000000000694000000000000029BD0000000000000000B8C32332DA15DB4000000000000000000000000000000000000000000000694000
310
00000000000000000000000000000000000000000000000000000000000000000000000000F03F080000001F0000000C00000016000000000000C00C00000012000000FF7F00000C00000033000000000000000C00000013000000891300003C00000006000000020000002EA796F098C8E540B8C32332DA15DB4000000000
310
000000002EA796F098C8E540583C500A5E24DA4000000000000000000C00000013000000122700003C00000006000000020000002EA796F098C8E540583C500A5E24DA400000000000000000FE964078C0D9E540EC3B500A5E24DA4000000000000000000C00000016000000000000C00C00000012000000FF7F00000C0000
310
0017000000000000000C000000130000009A3A00000C00000016000000000000C00C00000012000000FF7F00000C00000017000000FFFFFFFF0C0000003300000000000000
100
AcDbMLeader
270
     2
300
CONTEXT_DATA{
 40
100.0
 10
44750.01467923632
 20
26769.46937948085
 30
0.0
 41
400.0
140
200.0
145
200.0
174
     1
175
     1
176
     1
177
     0
290
     1
304
6
 11
0.0
 21
0.0
 31
1.0
340
11
 12
45082.0747065217
 22
26972.88002068046
 32
0.0
 13
1.0
 23
-0.0000000000028584
 33
0.0
 42
6.283185307176728
 43
0.0
 44
0.0
 45
1.0
170
     1
 90
-1073741824
171
     2
172
     5
 91
-1073741824
141
0.0
 92
        0
291
     0
292
     0
173
     0
293
     0
142
0.0
143
0.0
294
     0
295
     0
296
     0
110
46200.64687180507
120
27460.79674741076
130
0.0
111
1.0
121
-0.0000000000028584
131
0.0
112
0.0000000000028584
122
1.0
132
0.0
297
     0
302
LEADER{
290
     1
291
     1
 10
44612.77936871197
 20
26769.46937948125
 30
0.0
 11
1.0
 21
-0.0000000000028584
 31
0.0
 90
        1
 40
137.2353105243528
304
LEADER_LINE{
 10
44612.77936871197
 20
27735.40931028474
 30
0.0
 91
        0
305
}
271
     0
303
}
272
     9
273
     9
301
}
340
12E
 90
 84166532
170
     1
 91
-1056964608
341
15
171
    -2
290
     1
291
     1
 41
0.2932457142334897
342
840
 42
2.0
172
     2
343
11
173
     1
 95
        1
174
     1
175
     0
 92
-1056964608
292
     0
 93
-1056964608
 10
1.0
 20
1.0
 30
1.0
 43
0.0
176
     0
293
     0
294
     0
178
     0
179
     2
 45
100.0
271
     0
272
     9
273
     9
295
     0
  0
INSERT
  5
E29
330
1F
100
AcDbEntity
  8
$Слои конструкции
100
AcDbBlockReference
  2
A$C0AF07C0A
 10
15992.02663909213
 20
32093.94773122316
 30
0.0
 50
180.0
  0
DIMENSION
  5
E2A
330
1F
100
AcDbEntity
  8
$Слои конструкции
 62
     1
100
AcDbDimension
280
     0
  2
*D209
 10
41942.02609344327
 20
43466.36548958576
 30
0.0
 11
28977.02609344328
 21
43666.36548958576
 31
0.0
 70
    32
 71
     5
 42
25930.0
 73
     0
 74
     0
 75
     0
  3
@TN  1-100$0
100
AcDbAlignedDimension
 13
16012.02609344327
 23
40393.94773128416
 33
0.0
 14
41942.02609344327
 24
40393.94773122455
 34
0.0
100
AcDbRotatedDimension
  0
LWPOLYLINE
  5
E2B
330
1F
100
AcDbEntity
  8
$Слои конструкции
100
AcDbPolyline
 90
        4
 70
     1
 43
0.0
 10
39727.02609396715
 20
38393.94773118033
 10
39727.0260939676
 20
32093.94773114981
 10
39227.02609396761
 20
32093.94773114981
 10
39227.02609396715
 20
38393.94773118033
  0
LINE
  5
E2C
330
1F
100
AcDbEntity
  8
$Оси
 48
2.0
100
AcDbLine
 10
39477.02609396667
 20
38393.94773132013
 30
0.0
 11
39477.02609395132
 21
32093.94773120465
 31
0.0
  0
MULTILEADER
  5
E2D
330
1F
100
AcDbEntity
  8
$Выноски
160
              1072
310
30040000200000000C00000016000000000000C00C00000033000000000000000C00000013000000993A00000C00000016000000302821C20C00000014000000010000006C0000000700000004000000DEE185C4FC59E4402B5A0CE24A4FE0400000000000000000024419E7FD5FE4402B5A0CE24A4FE04000000000000000
310
00024419E7FD5FE4400A774474734DE0400000000000000000DEE185C4FC59E4400A774474734DE04000000000000000000C00000016000000000000C00C0000001400000001000000D00000002600000047C6A093385AE4402B5A0CE28A4EE040000000000000000000000000000000000000000000000000000000000000
310
F03F000000000000F03F000000000000000000000000000000002204350445043D043E043B043E04330438044704350441043A043804390400000F000000010000000000000000001040000000000000F03F0000000000000000000000000000F03F0000000000000000000000000000000000000000000000000000000001
310
0000002200000041007200690061006C0000000000000000000000B800000026000000D36BFFB8515CE440D604B78CB54DE040000000000000000000000000000000000000000000000000000000000000F03F000000000000F03F0000000000000000000000000000000048043E0432040000030000000100000000000000
310
00001040000000000000F03F0000000000000000000000000000F03F00000000000000000000000000000000000000000000000000000000010000002200000041007200690061006C0000000000780000009C3F0C00000033000000000000000C00000010000000070000000C00000016000000000000C00C000000120000
310
00FF7F00000C0000001300000001000000880000001D00000048135FDB85E5D23F3B9A4EF43CA6FF3F000000000000000070EDC1D5C07AE4403B9A4EF43CA6FFBF48135FDB85E5D23F000000000000000098DD6E19D13CDF400000000000000000000000000000000000000000000000400000000000000000000000000000
310
000000000000000000000000000000000000000000000000F03F080000001F0000000C00000016000000000000C00C00000012000000FF7F00000C00000033000000000000000C00000013000000891300003C000000060000000200000070EDC1D5C07AE44098DD6E19D13CDF40000000000000000071AF6B076D60E4404C
310
13D3D5C94EE04000000000000000000C00000013000000122700003C000000060000000200000071AF6B076D60E4404C13D3D5C94EE04000000000000000001C4419E7FD5FE4404C13D3D5C94EE04000000000000000000C00000016000000000000C00C00000012000000FF7F00000C00000017000000000000000C000000
310
130000009A3A00000C00000016000000000000C00C00000012000000FF7F00000C00000017000000FFFFFFFF0C0000003300000000000000
100
AcDbMLeader
270
     2
300
CONTEXT_DATA{
 40
1.0
 10
41679.89898962149
 20
33398.30735162515
 30
0.0
 41
4.0
140
2.0
145
2.0
174
     1
175
     1
176
     1
177
     0
290
     1
304
Технологический\Pшов
 11
0.0
 21
0.0
 31
1.0
340
11
 12
41703.91672495554
 22
33400.34009378062
 32
0.0
 13
1.0
 23
0.0
 33
0.0
 42
0.0
 43
0.0
 44
0.0
 45
1.0
170
     1
 90
-1073741824
171
     2
172
     5
 91
-1027028792
141
1.5
 92
        0
291
     1
292
     1
173
     0
293
     0
142
0.0
143
0.0
294
     0
295
     0
296
     0
110
41322.6580585161
120
34187.34114123855
130
0.0
111
1.0
121
0.0
131
0.0
112
0.0
122
1.0
132
0.0
297
     0
302
LEADER{
290
     1
291
     1
 10
41731.40715584055
 20
33398.30735162515
 30
0.0
 11
-1.0
 21
0.0
 31
0.0
 90
        1
 40
3.472695550570497
304
LEADER_LINE{
 10
41942.0260934484
 20
31987.26717731132
 30
0.0
 91
        0
305
}
271
     0
303
}
272
     9
273
     9
301
}
340
12E
 90
 67389316
170
     1
 91
-1056964608
341
15
171
    -2
290
     1
291
     1
 41
3.472695550570497
342
840
 42
2.0
172
     2
343
11
173
     1
 95
        1
174
     1
175
     0
 92
-1056964608
292
     0
 93
-1056964608
 10
1.0
 20
1.0
 30
1.0
 43
0.0
176
     0
293
     0
294
     0
178
     0
179
     2
 45
1.0
271
     0
272
     9
273
     9
295
     0
  0
MULTILEADER
  5
E2E
330
1F
100
AcDbEntity
  8
$Выноски
160
              1072
310
30040000200000000C00000016000000000000C00C00000033000000000000000C00000013000000993A00000C00000016000000302821C20C00000014000000010000006C00000007000000040000001ED528F5011FE4404CD106DEB31CE24000000000000000004237BC170325E4404CD106DEB31CE24000000000000000
310
004237BC170325E4402BEE3E70DC1AE24000000000000000001ED528F5011FE4402BEE3E70DC1AE24000000000000000000C00000016000000000000C00C0000001400000001000000D00000002600000087B943C43D1FE4404CD106DEF31BE240000000000000000000000000000000000000000000000000000000000000
310
F03F000000000000F03F000000000000000000000000000000002204350445043D043E043B043E04330438044704350441043A043804390400000F000000010000000000000000001040000000000000F03F0000000000000000000000000000F03F0000000000000000000000000000000000000000000000000000000001
310
0000002200000041007200690061006C0000000000000000000000B800000026000000135FA2E95621E440F77BB1881E1BE240000000000000000000000000000000000000000000000000000000000000F03F000000000000F03F0000000000000000000000000000000048043E0432040000030000000100000000000000
310
00001040000000000000F03F0000000000000000000000000000F03F00000000000000000000000000000000000000000000000000000000010000002200000041007200690061006C00000000000000000000000C00000033000000000000000C00000010000000070000000C00000016000000000000C00C000000120000
310
00FF7F00000C0000001300000001000000880000001D000000628F9767A6DDEB3F4B21E38BBACEFCBF0000000000000000B0EAC1D5C07AE4404B21E38BBACEFC3F628F9767A6DDEB3F0000000000000000EC2EE91A94CCE2400000000000000000000000000000000000000000000000400000000000000000000000000000
310
000000000000000000000000000000000000000000000000F03F080000001F0000000C00000016000000000000C00C00000012000000FF7F00000C00000033000000000000000C00000013000000891300003C0000000600000002000000B0EAC1D5C07AE440EC2EE91A94CCE2400000000000000000B1A20E387225E4406C
310
8ACDD1321CE24000000000000000000C00000013000000122700003C0000000600000002000000B1A20E387225E4406C8ACDD1321CE24000000000000000005C37BC170325E4406C8ACDD1321CE24000000000000000000C00000016000000000000C00C00000012000000FF7F00000C00000017000000000000000C000000
310
130000009A3A00000C00000016000000000000C00C00000012000000FF7F00000C00000017000000FFFFFFFF0C0000003300000000000000
100
AcDbMLeader
270
     2
300
CONTEXT_DATA{
 40
1.0
 10
41208.0611766972
 20
37089.58811070476
 30
0.0
 41
4.0
140
2.0
145
2.0
174
     1
175
     1
176
     1
177
     0
290
     1
304
Технологический\Pшов
 11
0.0
 21
0.0
 31
1.0
340
11
 12
41232.07891203125
 22
37091.62085286024
 32
0.0
 13
1.0
 23
0.0
 33
0.0
 42
0.0
 43
0.0
 44
0.0
 45
1.0
170
     1
 90
-1073741824
171
     2
172
     5
 91
-1027028792
141
1.5
 92
        0
291
     1
292
     1
173
     0
293
     0
142
0.0
143
0.0
294
     0
295
     0
296
     0
110
41622.65805851097
120
36300.55432109136
130
0.0
111
1.0
121
0.0
131
0.0
112
0.0
122
1.0
132
0.0
297
     0
302
LEADER{
290
     1
291
     1
 10
41259.56934291625
 20
37089.58811070476
 30
0.0
 11
-1.0
 21
0.0
 31
0.0
 90
        1
 40
3.472695550570497
304
LEADER_LINE{
 10
41942.02609344327
 20
38500.62828501858
 30
0.0
 91
        0
305
}
271
     0
303
}
272
     9
273
     9
301
}
340
12E
 90
 67389316
170
     1
 91
-1056964608
341
15
171
    -2
290
     1
291
     1
 41
0.2932457142334897
342
840
 42
2.0
172
     2
343
11
173
     1
 95
        1
174
     1
175
     0
 92
-1056964608
292
     0
 93
-1056964608
 10
1.0
 20
1.0
 30
1.0
 43
0.0
176
     0
293
     0
294
     0
178
     0
179
     2
 45
1.0
271
     0
272
     9
273
     9
295
     0
  0
LWPOLYLINE
  5
E2F
330
1F
100
AcDbEntity
  8
$Выноски
100
AcDbPolyline
 90
        5
 70
     0
 10
43683.63707391626
 20
38012.03131511199
 40
60.0
 41
60.0
 10
43933.6370739186
 20
37579.01861322086
 40
60.0
 41
60.0
 10
43833.63707391766
 20
37752.22369397731
 40
0.0
 41
79.99999999999999
 10
43487.22691240475
 20
37552.22369397568
 40
0.0
 41
0.0
 10
42967.6116701354
 20
37252.22369397266
 40
0.0
 41
0.0
  0
TEXT
  5
E30
330
1F
100
AcDbEntity
  8
$Выноски
100
AcDbText
 10
43249.78745620686
 20
37045.60685385807
 30
0.0
 40
250.0
  1
4
 51
15.0
  7
@ТРАНСПРОЕКТ
100
AcDbText
  0
LWPOLYLINE
  5
E31
330
1F
100
AcDbEntity
  8
$Слои конструкции
100
AcDbPolyline
 90
        4
 70
     1
 43
0.0
 10
17008.52609344234
 20
30593.94773122491
 10
17008.52609344327
 20
31593.9477312249
 10
16945.52609344327
 20
31593.9477312249
 10
16945.52609344234
 20
30593.94773122491
  0
LWPOLYLINE
  5
E32
330
1F
100
AcDbEntity
  8
$Слои конструкции
100
AcDbPolyline
 90
        4
 70
     1
 43
0.0
 10
20008.52609344234
 20
30593.94773122491
 10
20008.52609344327
 20
31593.9477312249
 10
19945.52609344327
 20
31593.9477312249
 10
19945.52609344233
 20
30593.94773122491
  0
LWPOLYLINE
  5
E33
330
1F
100
AcDbEntity
  8
$Слои конструкции
100
AcDbPolyline
 90
        4
 70
     1
 43
0.0
 10
23008.52609344234
 20
30593.94773122491
 10
23008.52609344328
 20
31593.9477312249
 10
22945.52609344328
 20
31593.9477312249
 10
22945.52609344234
 20
30593.94773122491
  0
LWPOLYLINE
  5
E34
330
1F
100
AcDbEntity
  8
$Слои конструкции
100
AcDbPolyline
 90
        4
 70
     1
 43
0.0
 10
26008.52609344234
 20
30593.94773122491
 10
26008.52609344328
 20
31593.9477312249
 10
25945.52609344328
 20
31593.9477312249
 10
25945.52609344234
 20
30593.94773122491
  0
LWPOLYLINE
  5
E35
330
1F
100
AcDbEntity
  8
$Слои конструкции
100
AcDbPolyline
 90
        4
 70
     1
 43
0.0
 10
29008.52609344234
 20
30593.94773122491
 10
29008.52609344328
 20
31593.9477312249
 10
28945.52609344328
 20
31593.9477312249
 10
28945.52609344234
 20
30593.94773122491
  0
LWPOLYLINE
  5
E36
330
1F
100
AcDbEntity
  8
$Слои конструкции
100
AcDbPolyline
 90
        4
 70
     1
 43
0.0
 10
32008.52609344235
 20
30593.94773122491
 10
32008.52609344327
 20
31593.9477312249
 10
31945.52609344327
 20
31593.9477312249
 10
31945.52609344235
 20
30593.94773122491
  0
LWPOLYLINE
  5
E37
330
1F
100
AcDbEntity
  8
$Слои конструкции
100
AcDbPolyline
 90
        4
 70
     1
 43
0.0
 10
35008.52609344235
 20
30593.94773122491
 10
35008.52609344327
 20
31593.9477312249
 10
34945.52609344327
 20
31593.9477312249
 10
34945.52609344235
 20
30593.94773122491
  0
LWPOLYLINE
  5
E38
330
1F
100
AcDbEntity
  8
$Слои конструкции
100
AcDbPolyline
 90
        4
 70
     1
 43
0.0
 10
38008.52609344235
 20
30593.94773122491
 10
38008.52609344327
 20
31593.9477312249
 10
37945.52609344327
 20
31593.9477312249
 10
37945.52609344235
 20
30593.94773122491
  0
LWPOLYLINE
  5
E39
330
1F
100
AcDbEntity
  8
$Слои конструкции
100
AcDbPolyline
 90
        4
 70
     1
 43
0.0
 10
41008.52609344235
 20
30593.94773122491
 10
41008.52609344327
 20
31593.9477312249
 10
40945.52609344327
 20
31593.9477312249
 10
40945.52609344234
 20
30593.94773122491
  0
LWPOLYLINE
  5
E3A
330
1F
100
AcDbEntity
  8
$Слои конструкции
100
AcDbPolyline
 90
        4
 70
     1
 43
0.0
 10
15209.14553133107
 20
30291.39855131888
 10
14809.14705272007
 20
30984.21975271866
 10
14754.58739694429
 20
30952.7198485662
 10
15154.58587555528
 20
30259.89864716641
  0
LWPOLYLINE
  5
E3B
330
1F
100
AcDbEntity
  8
$Слои конструкции
100
AcDbPolyline
 90
        4
 70
     1
 43
0.0
 10
12611.06353813118
 20
28791.40873661832
 10
12211.06505952018
 20
29484.22993801811
 10
12156.50540374441
 20
29452.73003386564
 10
12556.5038823554
 20
28759.90883246585
  0
LWPOLYLINE
  5
E3C
330
1F
100
AcDbEntity
  8
$Слои конструкции
100
AcDbPolyline
 90
        4
 70
     1
 43
0.0
 10
10012.99927960278
 20
27291.38803349293
 10
9613.00080099178
 20
27984.20923489271
 10
9558.441145215999
 20
27952.70933074024
 10
9958.439623826999
 20
27259.88812934045
  0
LWPOLYLINE
  5
E3D
330
1F
100
AcDbEntity
  8
$Слои конструкции
100
AcDbPolyline
 90
        4
 70
     1
 43
0.0
 10
42744.89526213226
 20
30291.39855131888
 10
43144.89374074328
 20
30984.21975271866
 10
43199.45339651905
 20
30952.7198485662
 10
42799.45491790806
 20
30259.89864716641
  0
LWPOLYLINE
  5
E3E
330
1F
100
AcDbEntity
  8
$Слои конструкции
100
AcDbPolyline
 90
        4
 70
     1
 43
0.0
 10
45342.97725533217
 20
28791.40873661832
 10
45742.97573394316
 20
29484.22993801811
 10
45797.53538971894
 20
29452.73003386564
 10
45397.53691110795
 20
28759.90883246585
  0
LWPOLYLINE
  5
E3F
330
1F
100
AcDbEntity
  8
$Слои конструкции
100
AcDbPolyline
 90
        4
 70
     1
 43
0.0
 10
47941.04151386057
 20
27291.38803349293
 10
48341.03999247157
 20
27984.20923489271
 10
48395.59964824736
 20
27952.70933074024
 10
47995.60116963635
 20
27259.88812934045
  0
LWPOLYLINE
  5
E40
330
1F
100
AcDbEntity
  8
$Слои конструкции
100
AcDbPolyline
 90
        4
 70
     1
 43
0.0
 10
17008.52609344234
 20
39893.947731105
 10
17008.52609344327
 20
38893.94773110499
 10
16945.52609344327
 20
38893.94773110499
 10
16945.52609344234
 20
39893.947731105
  0
LWPOLYLINE
  5
E41
330
1F
100
AcDbEntity
  8
$Слои конструкции
100
AcDbPolyline
 90
        4
 70
     1
 43
0.0
 10
20008.52609344234
 20
39893.947731105
 10
20008.52609344327
 20
38893.94773110499
 10
19945.52609344327
 20
38893.94773110499
 10
19945.52609344233
 20
39893.947731105
  0
LWPOLYLINE
  5
E42
330
1F
100
AcDbEntity
  8
$Слои конструкции
100
AcDbPolyline
 90
        4
 70
     1
 43
0.0
 10
23008.52609344234
 20
39893.947731105
 10
23008.52609344328
 20
38893.94773110499
 10
22945.52609344328
 20
38893.94773110499
 10
22945.52609344234
 20
39893.947731105
  0
LWPOLYLINE
  5
E43
330
1F
100
AcDbEntity
  8
$Слои конструкции
100
AcDbPolyline
 90
        4
 70
     1
 43
0.0
 10
26008.52609344234
 20
39893.947731105
 10
26008.52609344328
 20
38893.94773110499
 10
25945.52609344328
 20
38893.94773110499
 10
25945.52609344234
 20
39893.947731105
  0
LWPOLYLINE
  5
E44
330
1F
100
AcDbEntity
  8
$Слои конструкции
100
AcDbPolyline
 90
        4
 70
     1
 43
0.0
 10
29008.52609344234
 20
39893.947731105
 10
29008.52609344328
 20
38893.94773110499
 10
28945.52609344328
 20
38893.94773110499
 10
28945.52609344234
 20
39893.947731105
  0
LWPOLYLINE
  5
E45
330
1F
100
AcDbEntity
  8
$Слои конструкции
100
AcDbPolyline
 90
        4
 70
     1
 43
0.0
 10
32008.52609344235
 20
39893.947731105
 10
32008.52609344327
 20
38893.94773110499
 10
31945.52609344327
 20
38893.94773110499
 10
31945.52609344235
 20
39893.947731105
  0
LWPOLYLINE
  5
E46
330
1F
100
AcDbEntity
  8
$Слои конструкции
100
AcDbPolyline
 90
        4
 70
     1
 43
0.0
 10
35008.52609344235
 20
39893.947731105
 10
35008.52609344327
 20
38893.94773110499
 10
34945.52609344327
 20
38893.94773110499
 10
34945.52609344235
 20
39893.947731105
  0
LWPOLYLINE
  5
E47
330
1F
100
AcDbEntity
  8
$Слои конструкции
100
AcDbPolyline
 90
        4
 70
     1
 43
0.0
 10
38008.52609344235
 20
39893.947731105
 10
38008.52609344327
 20
38893.94773110499
 10
37945.52609344327
 20
38893.94773110499
 10
37945.52609344235
 20
39893.947731105
  0
LWPOLYLINE
  5
E48
330
1F
100
AcDbEntity
  8
$Слои конструкции
100
AcDbPolyline
 90
        4
 70
     1
 43
0.0
 10
41008.52609344235
 20
39893.947731105
 10
41008.52609344327
 20
38893.94773110499
 10
40945.52609344327
 20
38893.94773110499
 10
40945.52609344234
 20
39893.947731105
  0
LWPOLYLINE
  5
E49
330
1F
100
AcDbEntity
  8
$Слои конструкции
100
AcDbPolyline
 90
        4
 70
     1
 43
0.0
 10
15209.14553133107
 20
40196.49691101102
 10
14809.14705272007
 20
39503.67570961124
 10
14754.58739694429
 20
39535.17561376371
 10
15154.58587555528
 20
40227.9968151635
  0
LWPOLYLINE
  5
E4A
330
1F
100
AcDbEntity
  8
$Слои конструкции
100
AcDbPolyline
 90
        4
 70
     1
 43
0.0
 10
12611.06353813118
 20
41696.48672571158
 10
12211.06505952018
 20
41003.66552431179
 10
12156.50540374441
 20
41035.16542846427
 10
12556.5038823554
 20
41727.98662986405
  0
LWPOLYLINE
  5
E4B
330
1F
100
AcDbEntity
  8
$Слои конструкции
100
AcDbPolyline
 90
        4
 70
     1
 43
0.0
 10
10012.99927960278
 20
43196.50742883698
 10
9613.00080099178
 20
42503.68622743719
 10
9558.441145215999
 20
42535.18613158967
 10
9958.439623826999
 20
43228.00733298945
  0
LWPOLYLINE
  5
E4C
330
1F
100
AcDbEntity
  8
$Слои конструкции
100
AcDbPolyline
 90
        4
 70
     1
 43
0.0
 10
42744.89526213226
 20
40196.49691101102
 10
43144.89374074328
 20
39503.67570961124
 10
43199.45339651905
 20
39535.17561376371
 10
42799.45491790806
 20
40227.9968151635
  0
LWPOLYLINE
  5
E4D
330
1F
100
AcDbEntity
  8
$Слои конструкции
100
AcDbPolyline
 90
        4
 70
     1
 43
0.0
 10
45342.97725533217
 20
41696.48672571158
 10
45742.97573394316
 20
41003.66552431179
 10
45797.53538971894
 20
41035.16542846427
 10
45397.53691110795
 20
41727.98662986405
  0
LWPOLYLINE
  5
E4E
330
1F
100
AcDbEntity
  8
$Слои конструкции
100
AcDbPolyline
 90
        4
 70
     1
 43
0.0
 10
47941.04151386057
 20
43196.50742883698
 10
48341.03999247157
 20
42503.68622743719
 10
48395.59964824736
 20
42535.18613158967
 10
47995.60116963635
 20
43228.00733298945
  0
MULTILEADER
  5
E4F
330
1F
100
AcDbEntity
  8
$Выноски
160
               912
310
900300001B0000000C00000016000000000000C00C00000033000000000000000C00000013000000993A0000C400000026000000B1925A058037C240BD8C22A6FD2EE440000000000000000000000000000000000000000000000000000000000000F03F000000000000F03F4D67E2F1059EC5BC0000000000000000140440
310
0435043D04300436043D044B043504000009000000010000000000000000001040000000000000F03F0000000000000000000000000000F03F00000000000000000000000000000000000000000000000000000000010000002200000041007200690061006C0000000000730000000000C000000026000000C2A254CABC3A
310
C240F47D7B42252EE440000000000000000000000000000000000000000000000000000000000000F03F000000000000F03F4D67E2F1059EC5BC000000000000000042044004430431043A0438040000000006000000010000000000000000001040000000000000F03F0000000000000000000000000000F03F0000000000
310
0000000000000000000000000000000000000000000000010000002200000041007200690061006C00000000000000000000000C00000033000000000000000C00000010000000070000000C00000016000000000000C00C00000012000000FF7F00000C0000001300000001000000880000001D000000142B8405EA16D83F
310
639A65B39D6DFFBF0000000000000000C0BED848DCB8C240639A65B39D6DFF3F142B8405EA16D83F00000000000000002CBD2EF5EDC2E4400000000000000000000000000000000000000000000000400000000000000000000000000000000000000000000000000000000000000000000000000000F03F080000001F0000
310
000C00000016000000000000C00C00000012000000FF7F00000C00000033000000000000000C00000013000000891300003C0000000600000002000000C0BED848DCB8C2402CBD2EF5EDC2E4400000000000000000C0DEF7079A47C2402C9E48D52A2FE44000000000000000000C00000013000000112700003C0000000600
310
000002000000C0DEF7079A47C2402C9E48D52A2FE44000000000000000009686E47E7447C2402C9E48D52A2FE44000000000000000000C00000016000000000000C00C00000012000000FF7F00000C00000017000000000000000C000000130000009A3A00000C00000016000000000000C00C00000012000000FF7F00000C
310
00000017000000FFFFFFFF0C0000003300000000000000
100
AcDbMLeader
270
     2
300
CONTEXT_DATA{
 40
1.0
 10
9325.000163384927
 20
41337.33853560345
 30
0.0
 41
4.0
140
2.0
145
2.0
174
     1
175
     1
176
     1
177
     0
290
     1
304
Дренажные\Pтрубки
 11
0.0
 21
0.0
 31
1.0
340
11
 12
9341.955142921188
 22
41339.92653014648
 32
0.0
 13
1.0
 23
-0.0000000000000006
 33
0.0
 42
6.283185307179585
 43
0.0
 44
0.0
 45
1.0
170
     1
 90
-1073741824
171
     2
172
     5
 91
-1073741824
141
0.0
 92
        0
291
     0
292
     0
173
     0
293
     0
142
0.0
143
0.0
294
     0
295
     0
296
     0
110
11269.19138257426
120
41058.46540340941
130
0.0
111
1.0
121
-0.0000000000000006
131
0.0
112
0.0000000000000006
122
1.0
132
0.0
297
     0
302
LEADER{
290
     1
291
     1
 10
9359.203368171469
 20
41337.33853560345
 30
0.0
 11
-1.0
 21
0.0000000000000006
 31
0.0
 90
        0
 40
0.2932457142334897
304
LEADER_LINE{
 10
9585.720973103656
 20
42519.43617951343
 30
0.0
 91
        0
305
}
271
     0
303
}
272
     9
273
     9
301
}
340
12E
 90
 67389316
170
     1
 91
-1056964608
341
15
171
    -2
290
     1
291
     1
 41
0.2932457142334897
342
840
 42
2.0
172
     2
343
11
173
     1
 95
        1
174
     1
175
     0
 92
-1056964608
292
     0
 93
-1056964608
 10
1.0
 20
1.0
 30
1.0
 43
0.0
176
     0
293
     0
294
     0
178
     0
179
     2
 45
1.0
271
     0
272
     9
273
     9
295
     0
  0
DIMENSION
  5
E50
330
1F
100
AcDbEntity
  8
$Размеры
100
AcDbDimension
280
     0
  2
*D210
 10
14047.81484283918
 20
36726.47633740545
 30
0.0
 11
13693.15150585082
 21
37162.18141816141
 31
0.0
 70
    33
 71
     5
 42
1050.000000000525
 73
     0
 74
     0
 75
     0
  3
@TN  1-100$0
100
AcDbAlignedDimension
 13
14456.38490178191
 23
39534.14043796245
 33
0.0
 14
15365.71157575759
 24
39009.14043796491
 34
0.0
  0
DIMENSION
  5
E51
330
1F
100
AcDbEntity
  8
$Размеры
100
AcDbDimension
280
     0
  2
*D211
 10
14047.81611797999
 20
33761.41923108108
 30
0.0
 11
13493.15275779167
 21
33672.12445595572
 31
0.0
 70
    33
 71
     5
 42
1050.000000000164
 73
     0
 74
     0
 75
     0
  3
@TN  1-100$0
100
AcDbAlignedDimension
 13
14456.38531100738
 23
30953.75526063723
 33
0.0
 14
15365.71212139155
 24
31478.75502436757
 34
0.0
  0
DIMENSION
  5
E52
330
1F
100
AcDbEntity
  8
$Размеры
100
AcDbDimension
280
     0
  2
*D212
 10
44815.56401803723
 20
33236.41912493562
 30
0.0
 11
44460.90068105033
 21
33672.12420569257
 31
0.0
 70
    33
 71
     5
 42
1050.000000000185
 73
     0
 74
     0
 75
     0
  3
@TN  1-100$0
100
AcDbAlignedDimension
 13
42588.34061113081
 23
31478.75502436757
 33
0.0
 14
43497.66728510462
 24
30953.75502436745
 34
0.0
  0
DIMENSION
  5
E53
330
1F
100
AcDbEntity
  8
$Размеры
100
AcDbDimension
280
     0
  2
*D213
 10
43906.23734405476
 20
36726.47633739263
 30
0.0
 11
44260.90068104311
 21
37162.18141814858
 31
0.0
 70
    33
 71
     5
 42
1050.000000000516
 73
     0
 74
     0
 75
     0
  3
@TN  1-100$0
100
AcDbAlignedDimension
 13
43497.66728510462
 23
39534.14043796245
 33
0.0
 14
42588.34061112894
 24
39009.14043796491
 34
0.0
  0
DIMENSION
  5
E54
330
1F
100
AcDbEntity
  8
$Размеры
100
AcDbDimension
280
     0
  2
*D214
 10
8654.641673883576
 20
47285.22639487679
 30
0.0
 11
10135.61949930006
 21
46661.12355638457
 31
0.0
 70
    33
 71
     5
 42
3189.231676996446
 73
     0
 74
     0
 75
     0
  3
@TN  1-100$0
100
AcDbAlignedDimension
 13
9985.719451714658
 23
43212.25738091321
 33
0.0
 14
7223.763800881688
 24
44806.87321941144
 34
0.0
  0
DIMENSION
  5
E55
330
1F
100
AcDbEntity
  8
$Размеры
100
AcDbDimension
280
     0
  2
*D215
 10
16612.74861335922
 20
42690.59713047558
 30
0.0
 11
14127.17588351266
 21
44385.45787659852
 31
0.0
 70
    33
  1
2х3000 (поз.8)
 71
     5
 42
5999.999914701768
 73
     0
 74
     0
 75
     0
  3
@TN  1-100$0
100
AcDbAlignedDimension
 13
9985.719451714658
 23
43212.25738091321
 33
0.0
 14
15181.86570344341
 24
40212.24686308725
 34
0.0
  0
DIMENSION
  5
E56
330
1F
100
AcDbEntity
  8
$Слои конструкции
100
AcDbDimension
280
     0
  2
*D216
 10
40876.55275809468
 20
43414.38515571883
 30
0.0
 11
44773.1861279675
 21
45895.04758842351
 31
0.0
 70
    33
 71
     5
 42
9229.829407792704
 73
     0
 74
     0
 75
     0
  3
@TN  1-100$0
100
AcDbAlignedDimension
 13
49955.29337883123
 23
46149.20394744872
 33
0.0
 14
41962.02663908561
 24
41534.28924355315
 34
0.0
  0
DIMENSION
  5
E57
330
1F
100
AcDbEntity
  8
$Размеры
100
AcDbDimension
280
     0
  2
*D217
 10
41341.30357352759
 20
42690.5971304751
 30
0.0
 11
43826.87630337415
 21
44385.45787659805
 31
0.0
 70
    33
  1
2х3000 (поз.8)
 71
     5
 42
5999.999914701773
 73
     0
 74
     0
 75
     0
  3
@TN  1-100$0
100
AcDbAlignedDimension
 13
47968.33273517189
 23
43212.25738091321
 33
0.0
 14
42772.18648344313
 24
40212.24686308725
 34
0.0
  0
DIMENSION
  5
E58
330
1F
100
AcDbEntity
  8
$Размеры
100
AcDbDimension
280
     0
  2
*D218
 10
49299.41051300917
 20
47285.22639486606
 30
0.0
 11
47818.43268759268
 21
46661.12355637383
 31
0.0
 70
    33
 71
     5
 42
3189.231676996453
 73
     0
 74
     0
 75
     0
  3
@TN  1-100$0
100
AcDbAlignedDimension
 13
47968.33273517189
 23
43212.25738091321
 33
0.0
 14
50730.28838600486
 24
44806.87321941144
 34
0.0
  0
DIMENSION
  5
E59
330
1F
100
AcDbEntity
  8
$Слои конструкции
100
AcDbDimension
280
     0
  2
*D219
 10
17077.49942879195
 20
27073.5103066109
 30
0.0
 11
12980.86605891916
 21
24939.25803542002
 31
0.0
 70
    33
 71
     5
 42
9229.829407792713
 73
     0
 74
     0
 75
     0
  3
@TN  1-100$0
100
AcDbAlignedDimension
 13
7998.758808055311
 23
24338.69151488118
 33
0.0
 14
15992.02554780093
 24
28953.60621877675
 34
0.0
  0
DIMENSION
  5
E5A
330
1F
100
AcDbEntity
  8
$Размеры
100
AcDbDimension
280
     0
  2
*D220
 10
8654.641673883565
 20
23202.66906745313
 30
0.0
 11
9935.619499300047
 21
24173.18206745913
 31
0.0
 70
    33
 71
     5
 42
3189.231676996446
 73
     0
 74
     0
 75
     0
  3
@TN  1-100$0
100
AcDbAlignedDimension
 13
9985.719451714658
 23
27275.63808141669
 33
0.0
 14
7223.763800881688
 24
25681.02224291846
 34
0.0
  0
DIMENSION
  5
E5B
330
1F
100
AcDbEntity
  8
$Размеры
100
AcDbDimension
280
     0
  2
*D221
 10
16612.74861335884
 20
27797.29833185498
 30
0.0
 11
13902.17509147664
 21
26492.14856015196
 31
0.0
 70
    33
  1
2х3000 (поз.8)
 71
     5
 42
5999.999914701763
 73
     0
 74
     0
 75
     0
  3
@TN  1-100$0
100
AcDbAlignedDimension
 13
9985.719451714658
 23
27275.63808141669
 33
0.0
 14
15181.86570344341
 24
30275.64859924265
 34
0.0
  0
DIMENSION
  5
E5C
330
1F
100
AcDbEntity
  8
$Слои конструкции
100
AcDbDimension
280
     0
  2
*D222
 10
40876.55275809441
 20
27073.51030661061
 30
0.0
 11
44973.18612796721
 21
24939.25803541972
 31
0.0
 70
    33
 71
     5
 42
9229.829407792704
 73
     0
 74
     0
 75
     0
  3
@TN  1-100$0
100
AcDbAlignedDimension
 13
49955.29337883123
 23
24338.69151488118
 33
0.0
 14
41962.02663908561
 24
28953.60621877675
 34
0.0
  0
DIMENSION
  5
E5D
330
1F
100
AcDbEntity
  8
$Размеры
100
AcDbDimension
280
     0
  2
*D223
 10
41341.30357352771
 20
27797.29833185498
 30
0.0
 11
44051.87709540991
 21
26492.14856015196
 31
0.0
 70
    33
  1
2х3000 (поз.8)
 71
     5
 42
5999.999914701773
 73
     0
 74
     0
 75
     0
  3
@TN  1-100$0
100
AcDbAlignedDimension
 13
47968.33273517189
 23
27275.63808141669
 33
0.0
 14
42772.18648344313
 24
30275.64859924265
 34
0.0
  0
DIMENSION
  5
E5E
330
1F
100
AcDbEntity
  8
$Размеры
100
AcDbDimension
280
     0
  2
*D224
 10
49299.41051300913
 20
23202.66906746379
 30
0.0
 11
48018.43268759265
 21
24173.18206746978
 31
0.0
 70
    33
 71
     5
 42
3189.231676996446
 73
     0
 74
     0
 75
     0
  3
@TN  1-100$0
100
AcDbAlignedDimension
 13
47968.33273517189
 23
27275.63808141669
 33
0.0
 14
50730.28838600486
 24
25681.02224291846
 34
0.0
  0
ENDSEC
  0
SECTION
  2
OBJECTS
  0
DICTIONARY
  5
C
330
0
100
AcDbDictionary
281
     1
  3
ACAD_CIP_PREVIOUS_PRODUCT_INFO
350
216
  3
ACAD_COLOR
350
6B
  3
ACAD_DETAILVIEWSTYLE
350
21B
  3
ACAD_GROUP
350
D
  3
ACAD_LAST_SAVED_VERSION_INFO
350
152C
  3
ACAD_LAYOUT
350
1A
  3
ACAD_MATERIAL
350
6A
  3
ACAD_MLEADERSTYLE
350
12D
  3
ACAD_MLINESTYLE
350
17
  3
ACAD_PLOTSETTINGS
350
19
  3
ACAD_PLOTSTYLENAME
350
E
  3
ACAD_SCALELIST
350
10C
  3
ACAD_SECTIONVIEWSTYLE
350
219
  3
ACAD_TABLESTYLE
350
7E
  3
ACAD_VISUALSTYLE
350
EF
  3
ACDB_RECOMPOSE_DATA
350
152E
  3
AcDbVariableDictionary
350
5E
  0
DICTIONARY
  5
1FF
330
2
100
AcDbDictionary
280
     1
281
     1
  3
ACAD_LAYERSTATES
360
200
  0
DICTIONARY
  5
13C
330
10
100
AcDbDictionary
280
     1
281
     1
  0
DICTIONARY
  5
48B
330
48A
100
AcDbDictionary
280
     1
281
     1
  0
DICTIONARY
  5
48E
330
48D
100
AcDbDictionary
280
     1
281
     1
  0
DICTIONARY
  5
490
330
48F
100
AcDbDictionary
280
     1
281
     1
  0
DICTIONARY
  5
492
330
491
100
AcDbDictionary
280
     1
281
     1
  0
DICTIONARY
  5
494
330
493
100
AcDbDictionary
280
     1
281
     1
  0
DICTIONARY
  5
496
330
495
100
AcDbDictionary
280
     1
281
     1
  0
DICTIONARY
  5
49A
330
499
100
AcDbDictionary
280
     1
281
     1
  0
DICTIONARY
  5
1CE
330
1F
100
AcDbDictionary
280
     1
281
     1
  0
DICTIONARY
  5
2BE
330
2BD
100
AcDbDictionary
280
     1
281
     1
  3
ACAD_SORTENTS
360
2BF
  0
DICTIONARY
  5
844
330
843
100
AcDbDictionary
280
     1
281
     1
  0
DICTIONARY
  5
84B
330
84A
100
AcDbDictionary
280
     1
281
     1
  3
ACAD_SORTENTS
360
84C
  0
DICTIONARY
  5
506
330
505
100
AcDbDictionary
280
     1
281
     1
  0
DICTIONARY
  5
51A
330
519
100
AcDbDictionary
280
     1
281
     1
  0
DICTIONARY
  5
DE5
330
DE4
100
AcDbDictionary
280
     1
281
     1
  0
XRECORD
  5
216
102
{ACAD_REACTORS
330
C
102
}
330
C
100
AcDbXrecord
280
     1
300
ACD
300
2024
300
87798ACD_2024_0F
  0
DICTIONARY
  5
6B
102
{ACAD_REACTORS
330
C
102
}
330
C
100
AcDbDictionary
281
     1
  0
DICTIONARY
  5
21B
102
{ACAD_REACTORS
330
C
102
}
330
C
100
AcDbDictionary
281
     1
  3
Metric50
350
21C
  0
DICTIONARY
  5
D
102
{ACAD_REACTORS
330
C
102
}
330
C
100
AcDbDictionary
281
     1
  0
XRECORD
  5
152C
102
{ACAD_REACTORS
330
C
102
}
330
C
100
AcDbXrecord
280
     1
300
{25640D85-233C-DE41-894C-FF92B4C4632F}
301
{9B6D0C4D-9CFB-D446-A7E4-5A5320BF0AA5}
302
{25640D85-233C-DE41-894C-FF92B4C4632F}
303
C:\Users\forik\Desktop\откосн.dxf
  0
DICTIONARY
  5
1A
102
{ACAD_REACTORS
330
C
102
}
330
C
100
AcDbDictionary
281
     1
  3
Model
350
22
  3
Лист1
350
D3
  3
Лист2
350
D7
  0
DICTIONARY
  5
6A
102
{ACAD_REACTORS
330
C
102
}
330
C
100
AcDbDictionary
281
     1
  3
ByBlock
350
ED
  3
ByLayer
350
EC
  3
Global
350
EE
  0
DICTIONARY
  5
12D
102
{ACAD_REACTORS
330
C
102
}
330
C
100
AcDbDictionary
281
     1
  3
Standard
350
12E
  3
Аннотативный
350
13B
  0
DICTIONARY
  5
17
102
{ACAD_REACTORS
330
C
102
}
330
C
100
AcDbDictionary
281
     1
  3
Standard
350
18
  0
DICTIONARY
  5
19
102
{ACAD_REACTORS
330
C
102
}
330
C
100
AcDbDictionary
281
     1
  0
ACDBDICTIONARYWDFLT
  5
E
102
{ACAD_REACTORS
330
C
102
}
330
C
100
AcDbDictionary
281
     1
  3
Normal
350
F
100
AcDbDictionaryWithDefault
340
F
  0
DICTIONARY
  5
10C
102
{ACAD_REACTORS
330
C
102
}
330
C
100
AcDbDictionary
281
     1
  3
A0
350
10D
  3
A1
350
1BE
  3
A2
350
1BF
  3
A3
350
1C0
  3
A4
350
1C1
  3
A5
350
1C2
  3
A6
350
1C3
  3
A7
350
1C4
  3
A8
350
1C5
  3
A9
350
1C6
  3
B0
350
1C7
  3
B1
350
1C8
  3
B2
350
1C9
  3
B3
350
1CA
  3
B4
350
1CB
  3
B5
350
1CC
  3
B6
350
1CD
  0
DICTIONARY
  5
219
102
{ACAD_REACTORS
330
C
102
}
330
C
100
AcDbDictionary
281
     1
  3
Metric50
350
21A
  0
DICTIONARY
  5
7E
102
{ACAD_REACTORS
330
C
102
}
330
C
100
AcDbDictionary
281
     1
  3
Standard
350
7F
  0
DICTIONARY
  5
EF
102
{ACAD_REACTORS
330
C
102
}
330
C
100
AcDbDictionary
281
     1
  3
2dWireframe
350
F5
  3
Basic
350
F4
  3
Brighten
350
FB
  3
ColorChange
350
FF
  3
Conceptual
350
F8
  3
Dim
350
FA
  3
EdgeColorOff
350
1E6
  3
Facepattern
350
FE
  3
Flat
350
F0
  3
FlatWithEdges
350
F1
  3
Gouraud
350
F2
  3
GouraudWithEdges
350
F3
  3
Hidden
350
F7
  3
JitterOff
350
1E4
  3
Linepattern
350
FD
  3
OverhangOff
350
1E5
  3
Realistic
350
F9
  3
Shaded
350
1F3
  3
Shaded with edges
350
1F2
  3
Shades of Gray
350
1EF
  3
Sketchy
350
1F0
  3
Thicken
350
FC
  3
Wireframe
350
F6
  3
X-Ray
350
1F1
  0
XRECORD
  5
152E
102
{ACAD_REACTORS
330
C
102
}
330
C
100
AcDbXrecord
280
     1
 90
        1
330
7F
  0
DICTIONARY
  5
5E
102
{ACAD_REACTORS
330
C
102
}
330
C
100
AcDbDictionary
281
     1
  3
CANNOSCALE
350
146
  3
CENTEREXE
350
259
  3
CENTERLTYPEFILE
350
25A
  3
CMLEADERSTYLE
350
145
  3
CTABLESTYLE
350
84
  3
CVIEWDETAILSTYLE
350
227
  3
CVIEWSECTIONSTYLE
350
228
  3
DIMASSOC
350
5F
  3
HIDETEXT
350
63
  3
LAYEREVAL
350
1AE
  3
LAYERNOTIFY
350
1AF
  0
DICTIONARY
  5
200
102
{ACAD_REACTORS
330
1FF
102
}
330
1FF
100
AcDbDictionary
281
     1
  0
SORTENTSTABLE
  5
2BF
102
{ACAD_REACTORS
330
2BE
102
}
330
2BE
100
AcDbSortentsTable
330
2BD
  0
SORTENTSTABLE
  5
84C
102
{ACAD_REACTORS
330
84B
102
}
330
84B
100
AcDbSortentsTable
330
84A
  0
ACDBDETAILVIEWSTYLE
  5
21C
102
{ACAD_REACTORS
330
21B
102
}
330
21B
100
AcDbModelDocViewStyle
 70
     0
  3
Metric50
290
     0
300
Metric50
 90
        0
100
AcDbDetailViewStyle
 70
     0
 71
     0
 90
        3
 71
     1
340
11
 62
   256
 40
5.0
340
0
 62
   256
 40
5.0
300

 40
0.0
280
     1
 71
     2
340
16
 90
       25
 62
   256
 71
     3
340
11
 62
   256
 40
5.0
 90
        0
 40
15.0
 90
        1
300
%<\AcVar ViewDetailId>% (%<\AcVar ViewScale \f "%sn">%)
 71
     4
340
16
 90
       25
 62
   256
340
16
 90
       25
 62
   256
280
     0
  0
LAYOUT
  5
22
102
{ACAD_XDICTIONARY
360
205
102
}
102
{ACAD_REACTORS
330
1A
102
}
330
1A
100
AcDbPlotSettings
  1

  2
none_device
  4
ISO_A4_(210.00_x_297.00_MM)
  6

 40
7.5
 41
20.0
 42
7.5
 43
20.0
 44
210.0
 45
297.0
 46
11.54999923706054
 47
-13.65000009536743
 48
0.0
 49
0.0
140
0.0
141
0.0
142
1.0
143
8.704084754739808
 70
 11952
 72
     1
 73
     0
 74
     0
  7

 75
     0
147
0.1148885871608098
 76
     0
 77
     2
 78
   300
148
0.0
149
0.0
100
AcDbLayout
  1
Model
 70
     1
 71
     0
 10
0.0
 20
0.0
 11
12.0
 21
9.0
 12
0.0
 22
0.0
 32
0.0
 14
0.0
 24
0.0
 34
0.0
 15
0.0
 25
0.0
 35
0.0
146
0.0
 13
0.0
 23
0.0
 33
0.0
 16
1.0
 26
0.0
 36
0.0
 17
0.0
 27
1.0
 37
0.0
 76
     0
330
1F
331
EA
1001
ACAD_PSEXT
1000
None
1000
None
1000
Not applicable
1000
The layout will not be plotted unless a new plotter configuration name is selected.
1070
     0
  0
LAYOUT
  5
D3
102
{ACAD_REACTORS
330
1A
102
}
330
1A
100
AcDbPlotSettings
  1

  2
C:\Documents and Settings\basas\Application Data\Autodesk\AutoCAD 2005\R16.1\enu\plotters\Default Windows System Printer.pc3
  4

  6

 40
0.0
 41
0.0
 42
0.0
 43
0.0
 44
0.0
 45
0.0
 46
0.0
 47
0.0
 48
0.0
 49
0.0
140
0.0
141
0.0
142
1.0
143
1.0
 70
   688
 72
     0
 73
     0
 74
     5
  7

 75
    16
147
1.0
 76
     0
 77
     2
 78
   300
148
0.0
149
0.0
100
AcDbLayout
  1
Лист1
 70
     1
 71
     1
 10
0.0
 20
0.0
 11
12.0
 21
9.0
 12
0.0
 22
0.0
 32
0.0
 14
0.0
 24
0.0
 34
0.0
 15
0.0
 25
0.0
 35
0.0
146
0.0
 13
0.0
 23
0.0
 33
0.0
 16
1.0
 26
0.0
 36
0.0
 17
0.0
 27
1.0
 37
0.0
 76
     0
330
D2
  0
LAYOUT
  5
D7
102
{ACAD_REACTORS
330
1A
102
}
330
1A
100
AcDbPlotSettings
  1

  2
C:\Documents and Settings\basas\Application Data\Autodesk\AutoCAD 2005\R16.1\enu\plotters\Default Windows System Printer.pc3
  4

  6

 40
0.0
 41
0.0
 42
0.0
 43
0.0
 44
0.0
 45
0.0
 46
0.0
 47
0.0
 48
0.0
 49
0.0
140
0.0
141
0.0
142
1.0
143
1.0
 70
   688
 72
     0
 73
     0
 74
     5
  7

 75
    16
147
1.0
 76
     0
 77
     2
 78
   300
148
0.0
149
0.0
100
AcDbLayout
  1
Лист2
 70
     1
 71
     2
 10
0.0
 20
0.0
 11
12.0
 21
9.0
 12
0.0
 22
0.0
 32
0.0
 14
0.0
 24
0.0
 34
0.0
 15
0.0
 25
0.0
 35
0.0
146
0.0
 13
0.0
 23
0.0
 33
0.0
 16
1.0
 26
0.0
 36
0.0
 17
0.0
 27
1.0
 37
0.0
 76
     0
330
D6
  0
MATERIAL
  5
ED
102
{ACAD_XDICTIONARY
360
1F9
102
}
102
{ACAD_REACTORS
330
6A
102
}
330
6A
100
AcDbMaterial
  1
ByBlock
 94
       63
  0
MATERIAL
  5
EC
102
{ACAD_XDICTIONARY
360
1F7
102
}
102
{ACAD_REACTORS
330
6A
102
}
330
6A
100
AcDbMaterial
  1
ByLayer
 94
       63
  0
MATERIAL
  5
EE
102
{ACAD_XDICTIONARY
360
173
102
}
102
{ACAD_REACTORS
330
6A
102
}
330
6A
100
AcDbMaterial
  1
Global
 43
0.0007999999797903
 43
0.0
 43
0.0
 43
0.0
 43
0.0
 43
0.0007999999797903
 43
0.0
 43
0.0
 43
0.0
 43
0.0
 43
1.0
 43
0.0
 43
0.0
 43
0.0
 43
0.0
 43
1.0
 49
0.0007999999797903
 49
0.0
 49
0.0
 49
0.0
 49
0.0
 49
0.0007999999797903
 49
0.0
 49
0.0
 49
0.0
 49
0.0
 49
1.0
 49
0.0
 49
0.0
 49
0.0
 49
0.0
 49
1.0
142
0.0007999999797903
142
0.0
142
0.0
142
0.0
142
0.0
142
0.0007999999797903
142
0.0
142
0.0
142
0.0
142
0.0
142
1.0
142
0.0
142
0.0
142
0.0
142
0.0
142
1.0
144
0.0007999999797903
144
0.0
144
0.0
144
0.0
144
0.0
144
0.0007999999797903
144
0.0
144
0.0
144
0.0
144
0.0
144
1.0
144
0.0
144
0.0
144
0.0
144
0.0
144
1.0
 94
       63
1001
ACAD
1070
    -1
1070
     3
1070
     0
1000

1071
        0
1070
     0
  0
MLEADERSTYLE
  5
12E
102
{ACAD_REACTORS
330
12D
330
507
330
DDF
330
DE9
330
DEA
330
E21
330
E22
330
E23
330
E24
330
E25
330
E26
330
E27
330
E28
330
E2D
330
E2E
330
E4F
330
DBF
330
DC0
330
DC1
330
DC2
102
}
330
12D
100
AcDbMLeaderStyle
179
     2
170
     2
171
     1
172
     0
 90
        2
 40
0.0
 41
0.0
173
     1
 91
-1056964608
340
14
 92
       -2
290
     1
 42
2.0
291
     1
 43
8.0
  3
Standard
 44
4.0
300

342
11
174
     1
178
     1
175
     1
176
     0
 93
-1056964608
 45
4.0
292
     0
297
     0
 46
4.0
 94
-1056964608
 47
1.0
 49
1.0
140
1.0
293
     1
141
0.0
294
     1
177
     0
142
1.0
295
     0
296
     0
143
3.75
271
     0
272
     9
273
     9
298
     0
  0
MLEADERSTYLE
  5
13B
102
{ACAD_REACTORS
330
12D
102
}
330
12D
100
AcDbMLeaderStyle
179
     2
170
     2
171
     1
172
     0
 90
        2
 40
0.0
 41
0.0
173
     1
 91
-1056964608
340
14
 92
       -2
290
     1
 42
2.0
291
     1
 43
8.0
  3
Standard
 44
4.0
300

342
11
174
     1
178
     1
175
     1
176
     0
 93
-1056964608
 45
4.0
292
     0
297
     0
 46
4.0
 94
-1056964608
 47
1.0
 49
1.0
140
1.0
293
     1
141
0.0
294
     1
177
     0
142
1.0
295
     0
296
     1
143
3.75
271
     0
272
     9
273
     9
298
     0
  0
MLINESTYLE
  5
18
102
{ACAD_REACTORS
330
17
102
}
330
17
100
AcDbMlineStyle
  2
STANDARD
 70
     0
  3

 62
   256
 51
90.0
 52
90.0
 71
     2
 49
0.5
 62
   256
  6
BYLAYER
 49
-0.5
 62
   256
  6
BYLAYER
  0
ACDBPLACEHOLDER
  5
F
102
{ACAD_REACTORS
330
E
102
}
330
E
  0
SCALE
  5
10D
102
{ACAD_REACTORS
330
10C
102
}
330
10C
100
AcDbScale
 70
     0
300
1:1
140
1.0
141
1.0
290
     1
  0
SCALE
  5
1BE
102
{ACAD_REACTORS
330
10C
102
}
330
10C
100
AcDbScale
 70
     0
300
1:2
140
1.0
141
2.0
290
     0
  0
SCALE
  5
1BF
102
{ACAD_REACTORS
330
10C
102
}
330
10C
100
AcDbScale
 70
     0
300
1:4
140
1.0
141
4.0
290
     0
  0
SCALE
  5
1C0
102
{ACAD_REACTORS
330
10C
102
}
330
10C
100
AcDbScale
 70
     0
300
1:5
140
1.0
141
5.0
290
     0
  0
SCALE
  5
1C1
102
{ACAD_REACTORS
330
10C
102
}
330
10C
100
AcDbScale
 70
     0
300
1:8
140
1.0
141
8.0
290
     0
  0
SCALE
  5
1C2
102
{ACAD_REACTORS
330
10C
102
}
330
10C
100
AcDbScale
 70
     0
300
1:10
140
1.0
141
10.0
290
     0
  0
SCALE
  5
1C3
102
{ACAD_REACTORS
330
10C
102
}
330
10C
100
AcDbScale
 70
     0
300
1:16
140
1.0
141
16.0
290
     0
  0
SCALE
  5
1C4
102
{ACAD_REACTORS
330
10C
102
}
330
10C
100
AcDbScale
 70
     0
300
1:20
140
1.0
141
20.0
290
     0
  0
SCALE
  5
1C5
102
{ACAD_REACTORS
330
10C
102
}
330
10C
100
AcDbScale
 70
     0
300
1:30
140
1.0
141
30.0
290
     0
  0
SCALE
  5
1C6
102
{ACAD_REACTORS
330
10C
102
}
330
10C
100
AcDbScale
 70
     0
300
1:40
140
1.0
141
40.0
290
     0
  0
SCALE
  5
1C7
102
{ACAD_REACTORS
330
10C
102
}
330
10C
100
AcDbScale
 70
     0
300
1:50
140
1.0
141
50.0
290
     0
  0
SCALE
  5
1C8
102
{ACAD_REACTORS
330
10C
102
}
330
10C
100
AcDbScale
 70
     0
300
1:100
140
1.0
141
100.0
290
     0
  0
SCALE
  5
1C9
102
{ACAD_REACTORS
330
10C
102
}
330
10C
100
AcDbScale
 70
     0
300
2:1
140
2.0
141
1.0
290
     0
  0
SCALE
  5
1CA
102
{ACAD_REACTORS
330
10C
102
}
330
10C
100
AcDbScale
 70
     0
300
4:1
140
4.0
141
1.0
290
     0
  0
SCALE
  5
1CB
102
{ACAD_REACTORS
330
10C
102
}
330
10C
100
AcDbScale
 70
     0
300
8:1
140
8.0
141
1.0
290
     0
  0
SCALE
  5
1CC
102
{ACAD_REACTORS
330
10C
102
}
330
10C
100
AcDbScale
 70
     0
300
10:1
140
10.0
141
1.0
290
     0
  0
SCALE
  5
1CD
102
{ACAD_REACTORS
330
10C
102
}
330
10C
100
AcDbScale
 70
     0
300
100:1
140
100.0
141
1.0
290
     0
  0
ACDBSECTIONVIEWSTYLE
  5
21A
102
{ACAD_REACTORS
330
219
102
}
330
219
100
AcDbModelDocViewStyle
 70
     0
  3
Metric50
290
     0
300
Metric50
 90
        0
100
AcDbSectionViewStyle
 70
     0
 71
     0
 90
      102
 71
     1
340
11
 62
   256
 40
5.0
340
0
340
0
 62
   256
 40
5.0
300
I, O, Q, S, X, Z
 40
10.0
 90
        0
 40
2.5
 90
        0
 71
     2
340
16
 90
       25
 62
   256
340
16
 90
       50
 62
   256
 40
5.0
 40
2.5
 40
5.0
 71
     3
340
11
 62
   256
 40
5.0
 90
        0
 40
15.0
 90
        1
300
%<\AcVar ViewSectionStartId>%-%<\AcVar ViewSectionEndId>% (%<\AcVar ViewScale \f "%sn">%)
 71
     4
 62
   256
 62
   257
300
ANSI31
 40
1.0
 90
        0
290
     0
290
     0
 90
        6
 40
0.0
 40
1.570796326794896
 40
0.2617993877991494
 40
1.308996938995747
 40
-0.2617993877991494
 40
1.832595714594046
  0
TABLESTYLE
  5
7F
102
{ACAD_XDICTIONARY
360
162
102
}
102
{ACAD_REACTORS
330
7E
102
}
330
7E
100
AcDbTableStyle
280
     0
  3
Standard
 70
     0
 71
     0
 40
1.5
 41
1.5
280
     0
281
     0
  7
Standard
140
4.5
170
     2
 62
     0
 63
     7
283
     0
 90
      512
 91
        0
  1

274
    -2
284
     1
 64
     0
275
    -2
285
     1
 65
     0
276
    -2
286
     1
 66
     0
277
    -2
287
     1
 67
     0
278
    -2
288
     1
 68
     0
279
    -2
289
     1
 69
     0
  7
Standard
140
6.0
170
     5
 62
     0
 63
     7
283
     0
 90
      512
 91
        0
  1

274
    -2
284
     1
 64
     0
275
    -2
285
     1
 65
     0
276
    -2
286
     1
 66
     0
277
    -2
287
     1
 67
     0
278
    -2
288
     1
 68
     0
279
    -2
289
     1
 69
     0
  7
Standard
140
4.5
170
     5
 62
     0
 63
     7
283
     0
 90
      512
 91
        0
  1

274
    -2
284
     1
 64
     0
275
    -2
285
     1
 65
     0
276
    -2
286
     1
 66
     0
277
    -2
287
     1
 67
     0
278
    -2
288
     1
 68
     0
279
    -2
289
     1
 69
     0
  0
VISUALSTYLE
  5
F5
102
{ACAD_REACTORS
330
EF
102
}
330
EF
100
AcDbVisualStyle
  2
2dWireframe
 70
     4
177
     3
291
     0
 70
    58
 90
        0
176
     1
 90
        2
176
     1
 90
        1
176
     1
 90
        0
176
     1
 40
0.6
176
     1
 40
30.0
176
     1
 62
     7
420
 16777215
176
     1
 90
        1
176
     1
 90
        4
176
     1
 62
     7
176
     1
 62
   257
176
     1
 90
        1
176
     1
 90
        1
176
     1
 40
1.0
176
     1
 90
        0
176
     1
 62
   257
176
     1
 40
1.0
176
     1
 90
        1
176
     1
 90
        6
176
     1
 90
        2
176
     1
 62
     7
176
     1
 90
        5
176
     1
 90
        0
176
     1
 90
        0
176
     1
290
     0
176
     1
 90
        1
176
     1
 40
0.0
176
     1
 90
        0
176
     1
290
     1
176
     1
290
     1
176
     1
290
     0
176
     1
290
     0
176
     1
290
     0
176
     1
290
     0
176
     1
290
     0
176
     1
290
     0
176
     1
290
     0
176
     1
 90
       50
176
     1
 40
0.0
176
     1
 40
1.0
176
     1
 90
        0
176
     1
 62
    18
420
        0
176
     1
 90
       50
176
     1
 90
        3
176
     1
 62
     5
420
      255
176
     1
290
     0
176
     1
 90
       50
176
     1
 90
       50
176
     1
 90
       50
176
     1
290
     0
176
     1
 90
       50
176
     1
 62
   256
176
     0
 40
1.0
176
     0
 90
        2
176
     1
  1
strokes_ogs.tif
176
     1
290
     0
176
     1
 40
1.0
176
     1
 40
1.0
176
     1
  0
VISUALSTYLE
  5
F4
102
{ACAD_REACTORS
330
EF
102
}
330
EF
100
AcDbVisualStyle
  2
Basic
 70
     7
177
     3
291
     1
 70
    58
 90
        1
176
     1
 90
        0
176
     1
 90
        1
176
     1
 90
        0
176
     1
 40
0.6
176
     1
 40
30.0
176
     1
 62
     7
420
 16777215
176
     1
 90
        0
176
     1
 90
        4
176
     1
 62
     7
176
     1
 62
   257
176
     1
 90
        1
176
     1
 90
        1
176
     1
 40
1.0
176
     1
 90
        8
176
     1
 62
     7
176
     1
 40
1.0
176
     1
 90
        1
176
     1
 90
        6
176
     1
 90
        2
176
     1
 62
     7
176
     1
 90
        5
176
     1
 90
        0
176
     1
 90
        0
176
     1
290
     0
176
     1
 90
        1
176
     1
 40
0.0
176
     1
 90
        0
176
     1
290
     0
176
     1
290
     1
176
     1
290
     1
176
     1
290
     0
176
     1
290
     0
176
     1
290
     0
176
     1
290
     0
176
     1
290
     0
176
     1
290
     0
176
     1
 90
       50
176
     1
 40
0.0
176
     1
 40
1.0
176
     1
 90
        0
176
     1
 62
    18
420
        0
176
     1
 90
       50
176
     1
 90
        3
176
     1
 62
     5
420
      255
176
     1
290
     0
176
     1
 90
       50
176
     1
 90
       50
176
     1
 90
       50
176
     1
290
     0
176
     1
 90
       50
176
     1
 62
   256
176
     0
 40
1.0
176
     0
 90
        2
176
     1
  1
strokes_ogs.tif
176
     1
290
     0
176
     1
 40
1.0
176
     1
 40
1.0
176
     1
  0
VISUALSTYLE
  5
FB
102
{ACAD_REACTORS
330
EF
102
}
330
EF
100
AcDbVisualStyle
  2
Brighten
 70
    12
177
     3
291
     1
 70
    58
 90
        2
176
     1
 90
        2
176
     1
 90
        1
176
     1
 90
        0
176
     1
 40
0.6
176
     1
 40
30.0
176
     1
 62
     7
420
 16777215
176
     1
 90
        1
176
     1
 90
        4
176
     1
 62
     7
176
     1
 62
   257
176
     1
 90
        1
176
     1
 90
        1
176
     1
 40
1.0
176
     1
 90
        8
176
     1
 62
     7
176
     1
 40
1.0
176
     1
 90
        1
176
     1
 90
        6
176
     1
 90
        2
176
     1
 62
     7
176
     1
 90
        5
176
     1
 90
        0
176
     1
 90
        0
176
     1
290
     0
176
     1
 90
        1
176
     1
 40
50.0
176
     1
 90
        0
176
     1
290
     0
176
     1
290
     1
176
     1
290
     1
176
     1
290
     0
176
     1
290
     0
176
     1
290
     0
176
     1
290
     0
176
     1
290
     0
176
     1
290
     0
176
     1
 90
       50
176
     1
 40
0.0
176
     1
 40
1.0
176
     1
 90
        0
176
     1
 62
    18
420
        0
176
     1
 90
       50
176
     1
 90
        3
176
     1
 62
     5
420
      255
176
     1
290
     0
176
     1
 90
       50
176
     1
 90
       50
176
     1
 90
       50
176
     1
290
     0
176
     1
 90
       50
176
     1
 62
   256
176
     0
 40
1.0
176
     0
 90
        2
176
     1
  1
strokes_ogs.tif
176
     1
290
     0
176
     1
 40
1.0
176
     1
 40
1.0
176
     1
  0
VISUALSTYLE
  5
FF
102
{ACAD_REACTORS
330
EF
102
}
330
EF
100
AcDbVisualStyle
  2
ColorChange
 70
    16
177
     3
291
     1
 70
    58
 90
        2
176
     1
 90
        2
176
     1
 90
        3
176
     1
 90
        0
176
     1
 40
0.6
176
     1
 40
30.0
176
     1
 62
     8
420
  8421504
176
     1
 90
        1
176
     1
 90
        4
176
     1
 62
     7
176
     1
 62
   257
176
     1
 90
        1
176
     1
 90
        1
176
     1
 40
1.0
176
     1
 90
        8
176
     1
 62
     8
420
  8421504
176
     1
 40
1.0
176
     1
 90
        1
176
     1
 90
        6
176
     1
 90
        2
176
     1
 62
     7
176
     1
 90
        5
176
     1
 90
        0
176
     1
 90
        0
176
     1
290
     0
176
     1
 90
        1
176
     1
 40
0.0
176
     1
 90
        0
176
     1
290
     0
176
     1
290
     1
176
     1
290
     1
176
     1
290
     0
176
     1
290
     0
176
     1
290
     0
176
     1
290
     0
176
     1
290
     0
176
     1
290
     0
176
     1
 90
       50
176
     1
 40
0.0
176
     1
 40
1.0
176
     1
 90
        0
176
     1
 62
    18
420
        0
176
     1
 90
       50
176
     1
 90
        3
176
     1
 62
     5
420
      255
176
     1
290
     0
176
     1
 90
       50
176
     1
 90
       50
176
     1
 90
       50
176
     1
290
     0
176
     1
 90
       50
176
     1
 62
   256
176
     0
 40
1.0
176
     0
 90
        2
176
     1
  1
strokes_ogs.tif
176
     1
290
     0
176
     1
 40
1.0
176
     1
 40
1.0
176
     1
  0
VISUALSTYLE
  5
F8
102
{ACAD_REACTORS
330
EF
102
}
330
EF
100
AcDbVisualStyle
  2
Conceptual
 70
     9
177
     3
291
     0
 70
    58
 90
        3
176
     1
 90
        2
176
     1
 90
        1
176
     1
 90
        0
176
     1
 40
0.6
176
     1
 40
30.0
176
     1
 62
     7
420
 16777215
176
     1
 90
        2
176
     1
 90
        2
176
     1
 62
     7
176
     1
 62
   257
176
     1
 90
        1
176
     1
 90
        1
176
     1
 40
40.0
176
     1
 90
        8
176
     1
 62
     7
176
     1
 40
1.0
176
     1
 90
        1
176
     1
 90
        6
176
     1
 90
        2
176
     1
 62
     7
176
     1
 90
        3
176
     1
 90
        0
176
     1
 90
        0
176
     1
290
     0
176
     1
 90
        1
176
     1
 40
0.0
176
     1
 90
        0
176
     1
290
     0
176
     1
290
     1
176
     1
290
     1
176
     1
290
     0
176
     1
290
     0
176
     1
290
     0
176
     1
290
     0
176
     1
290
     0
176
     1
290
     0
176
     1
 90
       50
176
     1
 40
0.0
176
     1
 40
1.0
176
     1
 90
        0
176
     1
 62
    18
420
        0
176
     1
 90
       50
176
     1
 90
        3
176
     1
 62
     5
420
      255
176
     1
290
     0
176
     1
 90
       50
176
     1
 90
       50
176
     1
 90
       50
176
     1
290
     0
176
     1
 90
       50
176
     1
 62
   256
176
     0
 40
1.0
176
     0
 90
        2
176
     1
  1
strokes_ogs.tif
176
     1
290
     0
176
     1
 40
1.0
176
     1
 40
1.0
176
     1
  0
VISUALSTYLE
  5
FA
102
{ACAD_REACTORS
330
EF
102
}
330
EF
100
AcDbVisualStyle
  2
Dim
 70
    11
177
     3
291
     1
 70
    58
 90
        2
176
     1
 90
        2
176
     1
 90
        1
176
     1
 90
        0
176
     1
 40
0.6
176
     1
 40
30.0
176
     1
 62
     7
420
 16777215
176
     1
 90
        1
176
     1
 90
        4
176
     1
 62
     7
176
     1
 62
   257
176
     1
 90
        1
176
     1
 90
        1
176
     1
 40
1.0
176
     1
 90
        8
176
     1
 62
     7
176
     1
 40
1.0
176
     1
 90
        1
176
     1
 90
        6
176
     1
 90
        2
176
     1
 62
     7
176
     1
 90
        5
176
     1
 90
        0
176
     1
 90
        0
176
     1
290
     0
176
     1
 90
        1
176
     1
 40
-50.0
176
     1
 90
        0
176
     1
290
     0
176
     1
290
     1
176
     1
290
     1
176
     1
290
     0
176
     1
290
     0
176
     1
290
     0
176
     1
290
     0
176
     1
290
     0
176
     1
290
     0
176
     1
 90
       50
176
     1
 40
0.0
176
     1
 40
1.0
176
     1
 90
        0
176
     1
 62
    18
420
        0
176
     1
 90
       50
176
     1
 90
        3
176
     1
 62
     5
420
      255
176
     1
290
     0
176
     1
 90
       50
176
     1
 90
       50
176
     1
 90
       50
176
     1
290
     0
176
     1
 90
       50
176
     1
 62
   256
176
     0
 40
1.0
176
     0
 90
        2
176
     1
  1
strokes_ogs.tif
176
     1
290
     0
176
     1
 40
1.0
176
     1
 40
1.0
176
     1
  0
VISUALSTYLE
  5
1E6
102
{ACAD_REACTORS
330
EF
102
}
330
EF
100
AcDbVisualStyle
  2
EdgeColorOff
 70
    22
177
     3
291
     1
 70
    58
 90
        2
176
     0
 90
        2
176
     0
 90
        0
176
     0
 90
        0
176
     0
 40
0.6
176
     0
 40
30.0
176
     0
 62
     7
420
 16777215
176
     0
 90
        1
176
     0
 90
        4
176
     0
 62
     7
176
     0
 62
   257
176
     0
 90
        1
176
     0
 90
        1
176
     0
 40
1.0
176
     0
 90
        8
176
     2
 62
     7
176
     0
 40
1.0
176
     0
 90
        1
176
     0
 90
        6
176
     0
 90
        2
176
     0
 62
     7
176
     0
 90
        5
176
     0
 90
        0
176
     0
 90
        0
176
     0
290
     0
176
     0
 90
        1
176
     0
 40
0.0
176
     0
 90
        0
176
     0
290
     0
176
     1
290
     1
176
     1
290
     1
176
     1
290
     0
176
     1
290
     0
176
     1
290
     0
176
     1
290
     0
176
     1
290
     0
176
     1
290
     0
176
     1
 90
       50
176
     1
 40
0.0
176
     1
 40
1.0
176
     1
 90
        0
176
     1
 62
    18
420
        0
176
     1
 90
       50
176
     1
 90
        3
176
     1
 62
     5
420
      255
176
     1
290
     0
176
     1
 90
       50
176
     1
 90
       50
176
     1
 90
       50
176
     1
290
     0
176
     1
 90
       50
176
     1
 62
   256
176
     0
 40
1.0
176
     0
 90
        2
176
     1
  1
strokes_ogs.tif
176
     1
290
     0
176
     1
 40
1.0
176
     1
 40
1.0
176
     1
  0
VISUALSTYLE
  5
FE
102
{ACAD_REACTORS
330
EF
102
}
330
EF
100
AcDbVisualStyle
  2
Facepattern
 70
    15
177
     3
291
     1
 70
    58
 90
        2
176
     1
 90
        2
176
     1
 90
        1
176
     1
 90
        0
176
     1
 40
0.6
176
     1
 40
30.0
176
     1
 62
     7
420
 16777215
176
     1
 90
        1
176
     1
 90
        4
176
     1
 62
     7
176
     1
 62
   257
176
     1
 90
        1
176
     1
 90
        1
176
     1
 40
1.0
176
     1
 90
        8
176
     1
 62
     7
176
     1
 40
1.0
176
     1
 90
        1
176
     1
 90
        6
176
     1
 90
        2
176
     1
 62
     7
176
     1
 90
        5
176
     1
 90
        0
176
     1
 90
        0
176
     1
290
     0
176
     1
 90
        1
176
     1
 40
0.0
176
     1
 90
        0
176
     1
290
     0
176
     1
290
     1
176
     1
290
     1
176
     1
290
     0
176
     1
290
     0
176
     1
290
     0
176
     1
290
     0
176
     1
290
     0
176
     1
290
     0
176
     1
 90
       50
176
     1
 40
0.0
176
     1
 40
1.0
176
     1
 90
        0
176
     1
 62
    18
420
        0
176
     1
 90
       50
176
     1
 90
        3
176
     1
 62
     5
420
      255
176
     1
290
     0
176
     1
 90
       50
176
     1
 90
       50
176
     1
 90
       50
176
     1
290
     0
176
     1
 90
       50
176
     1
 62
   256
176
     0
 40
1.0
176
     0
 90
        2
176
     1
  1
strokes_ogs.tif
176
     1
290
     0
176
     1
 40
1.0
176
     1
 40
1.0
176
     1
  0
VISUALSTYLE
  5
F0
102
{ACAD_REACTORS
330
EF
102
}
330
EF
100
AcDbVisualStyle
  2
Flat
 70
     0
177
     3
291
     1
 70
    58
 90
        2
176
     1
 90
        1
176
     1
 90
        1
176
     1
 90
        2
176
     1
 40
0.6
176
     1
 40
30.0
176
     1
 62
     7
420
 16777215
176
     1
 90
        0
176
     1
 90
        0
176
     1
 62
     7
176
     1
 62
   257
176
     1
 90
        1
176
     1
 90
        1
176
     1
 40
1.0
176
     1
 90
        8
176
     1
 62
     7
176
     1
 40
1.0
176
     1
 90
        1
176
     1
 90
        6
176
     1
 90
        2
176
     1
 62
     7
176
     1
 90
        5
176
     1
 90
        0
176
     1
 90
        0
176
     1
290
     0
176
     1
 90
       13
176
     1
 40
0.0
176
     1
 90
        0
176
     1
290
     0
176
     1
290
     1
176
     1
290
     1
176
     1
290
     0
176
     1
290
     0
176
     1
290
     0
176
     1
290
     0
176
     1
290
     0
176
     1
290
     0
176
     1
 90
       50
176
     1
 40
0.0
176
     1
 40
1.0
176
     1
 90
        0
176
     1
 62
    18
420
        0
176
     1
 90
       50
176
     1
 90
        3
176
     1
 62
     5
420
      255
176
     1
290
     0
176
     1
 90
       50
176
     1
 90
       50
176
     1
 90
       50
176
     1
290
     0
176
     1
 90
       50
176
     1
 62
   256
176
     0
 40
1.0
176
     0
 90
        2
176
     1
  1
strokes_ogs.tif
176
     1
290
     0
176
     1
 40
1.0
176
     1
 40
1.0
176
     1
  0
VISUALSTYLE
  5
F1
102
{ACAD_REACTORS
330
EF
102
}
330
EF
100
AcDbVisualStyle
  2
FlatWithEdges
 70
     1
177
     3
291
     1
 70
    58
 90
        2
176
     1
 90
        1
176
     1
 90
        1
176
     1
 90
        2
176
     1
 40
0.6
176
     1
 40
30.0
176
     1
 62
     7
420
 16777215
176
     1
 90
        1
176
     1
 90
        0
176
     1
 62
     7
176
     1
 62
   257
176
     1
 90
        1
176
     1
 90
        1
176
     1
 40
1.0
176
     1
 90
        0
176
     1
 62
   257
176
     1
 40
1.0
176
     1
 90
        1
176
     1
 90
        6
176
     1
 90
        2
176
     1
 62
     7
176
     1
 90
        5
176
     1
 90
        0
176
     1
 90
        0
176
     1
290
     0
176
     1
 90
       13
176
     1
 40
0.0
176
     1
 90
        0
176
     1
290
     0
176
     1
290
     1
176
     1
290
     1
176
     1
290
     0
176
     1
290
     0
176
     1
290
     0
176
     1
290
     0
176
     1
290
     0
176
     1
290
     0
176
     1
 90
       50
176
     1
 40
0.0
176
     1
 40
1.0
176
     1
 90
        0
176
     1
 62
    18
420
        0
176
     1
 90
       50
176
     1
 90
        3
176
     1
 62
     5
420
      255
176
     1
290
     0
176
     1
 90
       50
176
     1
 90
       50
176
     1
 90
       50
176
     1
290
     0
176
     1
 90
       50
176
     1
 62
   256
176
     0
 40
1.0
176
     0
 90
        2
176
     1
  1
strokes_ogs.tif
176
     1
290
     0
176
     1
 40
1.0
176
     1
 40
1.0
176
     1
  0
VISUALSTYLE
  5
F2
102
{ACAD_REACTORS
330
EF
102
}
330
EF
100
AcDbVisualStyle
  2
Gouraud
 70
     2
177
     3
291
     1
 70
    58
 90
        2
176
     1
 90
        2
176
     1
 90
        1
176
     1
 90
        2
176
     1
 40
0.6
176
     1
 40
30.0
176
     1
 62
     7
420
 16777215
176
     1
 90
        0
176
     1
 90
        0
176
     1
 62
     7
176
     1
 62
   257
176
     1
 90
        1
176
     1
 90
        1
176
     1
 40
1.0
176
     1
 90
        0
176
     1
 62
     7
176
     1
 40
1.0
176
     1
 90
        1
176
     1
 90
        6
176
     1
 90
        2
176
     1
 62
     7
176
     1
 90
        5
176
     1
 90
        0
176
     1
 90
        0
176
     1
290
     0
176
     1
 90
       13
176
     1
 40
0.0
176
     1
 90
        0
176
     1
290
     0
176
     1
290
     1
176
     1
290
     1
176
     1
290
     0
176
     1
290
     0
176
     1
290
     0
176
     1
290
     0
176
     1
290
     0
176
     1
290
     0
176
     1
 90
       50
176
     1
 40
0.0
176
     1
 40
1.0
176
     1
 90
        0
176
     1
 62
    18
420
        0
176
     1
 90
       50
176
     1
 90
        3
176
     1
 62
     5
420
      255
176
     1
290
     0
176
     1
 90
       50
176
     1
 90
       50
176
     1
 90
       50
176
     1
290
     0
176
     1
 90
       50
176
     1
 62
   256
176
     0
 40
1.0
176
     0
 90
        2
176
     1
  1
strokes_ogs.tif
176
     1
290
     0
176
     1
 40
1.0
176
     1
 40
1.0
176
     1
  0
VISUALSTYLE
  5
F3
102
{ACAD_REACTORS
330
EF
102
}
330
EF
100
AcDbVisualStyle
  2
GouraudWithEdges
 70
     3
177
     3
291
     1
 70
    58
 90
        2
176
     1
 90
        2
176
     1
 90
        1
176
     1
 90
        2
176
     1
 40
0.6
176
     1
 40
30.0
176
     1
 62
     7
420
 16777215
176
     1
 90
        1
176
     1
 90
        0
176
     1
 62
     7
176
     1
 62
   257
176
     1
 90
        1
176
     1
 90
        1
176
     1
 40
1.0
176
     1
 90
        0
176
     1
 62
   257
176
     1
 40
1.0
176
     1
 90
        1
176
     1
 90
        6
176
     1
 90
        2
176
     1
 62
     7
176
     1
 90
        5
176
     1
 90
        0
176
     1
 90
        0
176
     1
290
     0
176
     1
 90
       13
176
     1
 40
0.0
176
     1
 90
        0
176
     1
290
     0
176
     1
290
     1
176
     1
290
     1
176
     1
290
     0
176
     1
290
     0
176
     1
290
     0
176
     1
290
     0
176
     1
290
     0
176
     1
290
     0
176
     1
 90
       50
176
     1
 40
0.0
176
     1
 40
1.0
176
     1
 90
        0
176
     1
 62
    18
420
        0
176
     1
 90
       50
176
     1
 90
        3
176
     1
 62
     5
420
      255
176
     1
290
     0
176
     1
 90
       50
176
     1
 90
       50
176
     1
 90
       50
176
     1
290
     0
176
     1
 90
       50
176
     1
 62
   256
176
     0
 40
1.0
176
     0
 90
        2
176
     1
  1
strokes_ogs.tif
176
     1
290
     0
176
     1
 40
1.0
176
     1
 40
1.0
176
     1
  0
VISUALSTYLE
  5
F7
102
{ACAD_REACTORS
330
EF
102
}
330
EF
100
AcDbVisualStyle
  2
Hidden
 70
     6
177
     3
291
     0
 70
    58
 90
        1
176
     1
 90
        2
176
     1
 90
        2
176
     1
 90
        0
176
     1
 40
0.6
176
     1
 40
30.0
176
     1
 62
     7
420
 16777215
176
     1
 90
        2
176
     1
 90
        2
176
     1
 62
     7
176
     1
 62
   257
176
     1
 90
        2
176
     1
 90
        1
176
     1
 40
40.0
176
     1
 90
        0
176
     1
 62
   257
176
     1
 40
1.0
176
     1
 90
        1
176
     1
 90
        6
176
     1
 90
        2
176
     1
 62
     7
176
     1
 90
        3
176
     1
 90
        0
176
     1
 90
        0
176
     1
290
     0
176
     1
 90
        1
176
     1
 40
0.0
176
     1
 90
        0
176
     1
290
     0
176
     1
290
     1
176
     1
290
     1
176
     1
290
     0
176
     1
290
     0
176
     1
290
     0
176
     1
290
     0
176
     1
290
     0
176
     1
290
     0
176
     1
 90
       50
176
     1
 40
0.0
176
     1
 40
1.0
176
     1
 90
        0
176
     1
 62
    18
420
        0
176
     1
 90
       50
176
     1
 90
        3
176
     1
 62
     5
420
      255
176
     1
290
     0
176
     1
 90
       50
176
     1
 90
       50
176
     1
 90
       50
176
     1
290
     0
176
     1
 90
       50
176
     1
 62
   256
176
     0
 40
1.0
176
     0
 90
        2
176
     1
  1
strokes_ogs.tif
176
     1
290
     0
176
     1
 40
1.0
176
     1
 40
1.0
176
     1
  0
VISUALSTYLE
  5
1E4
102
{ACAD_REACTORS
330
EF
102
}
330
EF
100
AcDbVisualStyle
  2
JitterOff
 70
    20
177
     3
291
     1
 70
    58
 90
        2
176
     0
 90
        2
176
     0
 90
        0
176
     0
 90
        0
176
     0
 40
0.6
176
     0
 40
30.0
176
     0
 62
     7
420
 16777215
176
     0
 90
        1
176
     0
 90
        4
176
     0
 62
     7
176
     0
 62
   257
176
     0
 90
        1
176
     0
 90
        1
176
     0
 40
1.0
176
     0
 90
       10
176
     2
 62
     7
176
     0
 40
1.0
176
     0
 90
        1
176
     0
 90
        6
176
     0
 90
        2
176
     0
 62
     7
176
     0
 90
        5
176
     0
 90
        0
176
     0
 90
        0
176
     0
290
     0
176
     0
 90
        1
176
     0
 40
0.0
176
     0
 90
        0
176
     0
290
     0
176
     1
290
     1
176
     1
290
     1
176
     1
290
     0
176
     1
290
     0
176
     1
290
     0
176
     1
290
     0
176
     1
290
     0
176
     1
290
     0
176
     1
 90
       50
176
     1
 40
0.0
176
     1
 40
1.0
176
     1
 90
        0
176
     1
 62
    18
420
        0
176
     1
 90
       50
176
     1
 90
        3
176
     1
 62
     5
420
      255
176
     1
290
     0
176
     1
 90
       50
176
     1
 90
       50
176
     1
 90
       50
176
     1
290
     0
176
     1
 90
       50
176
     1
 62
   256
176
     0
 40
1.0
176
     0
 90
        2
176
     1
  1
strokes_ogs.tif
176
     1
290
     0
176
     1
 40
1.0
176
     1
 40
1.0
176
     1
  0
VISUALSTYLE
  5
FD
102
{ACAD_REACTORS
330
EF
102
}
330
EF
100
AcDbVisualStyle
  2
Linepattern
 70
    14
177
     3
291
     1
 70
    58
 90
        2
176
     1
 90
        2
176
     1
 90
        1
176
     1
 90
        0
176
     1
 40
0.6
176
     1
 40
30.0
176
     1
 62
     7
420
 16777215
176
     1
 90
        1
176
     1
 90
        4
176
     1
 62
     7
176
     1
 62
   257
176
     1
 90
        7
176
     1
 90
        7
176
     1
 40
1.0
176
     1
 90
        8
176
     1
 62
     7
176
     1
 40
1.0
176
     1
 90
        1
176
     1
 90
        6
176
     1
 90
        2
176
     1
 62
     7
176
     1
 90
        5
176
     1
 90
        0
176
     1
 90
        0
176
     1
290
     0
176
     1
 90
        1
176
     1
 40
0.0
176
     1
 90
        0
176
     1
290
     0
176
     1
290
     1
176
     1
290
     1
176
     1
290
     0
176
     1
290
     0
176
     1
290
     0
176
     1
290
     0
176
     1
290
     0
176
     1
290
     0
176
     1
 90
       50
176
     1
 40
0.0
176
     1
 40
1.0
176
     1
 90
        0
176
     1
 62
    18
420
        0
176
     1
 90
       50
176
     1
 90
        3
176
     1
 62
     5
420
      255
176
     1
290
     0
176
     1
 90
       50
176
     1
 90
       50
176
     1
 90
       50
176
     1
290
     0
176
     1
 90
       50
176
     1
 62
   256
176
     0
 40
1.0
176
     0
 90
        2
176
     1
  1
strokes_ogs.tif
176
     1
290
     0
176
     1
 40
1.0
176
     1
 40
1.0
176
     1
  0
VISUALSTYLE
  5
1E5
102
{ACAD_REACTORS
330
EF
102
}
330
EF
100
AcDbVisualStyle
  2
OverhangOff
 70
    21
177
     3
291
     1
 70
    58
 90
        2
176
     0
 90
        2
176
     0
 90
        0
176
     0
 90
        0
176
     0
 40
0.6
176
     0
 40
30.0
176
     0
 62
     7
420
 16777215
176
     0
 90
        1
176
     0
 90
        4
176
     0
 62
     7
176
     0
 62
   257
176
     0
 90
        1
176
     0
 90
        1
176
     0
 40
1.0
176
     0
 90
        9
176
     2
 62
     7
176
     0
 40
1.0
176
     0
 90
        1
176
     0
 90
        6
176
     0
 90
        2
176
     0
 62
     7
176
     0
 90
        5
176
     0
 90
        0
176
     0
 90
        0
176
     0
290
     0
176
     0
 90
        1
176
     0
 40
0.0
176
     0
 90
        0
176
     0
290
     0
176
     1
290
     1
176
     1
290
     1
176
     1
290
     0
176
     1
290
     0
176
     1
290
     0
176
     1
290
     0
176
     1
290
     0
176
     1
290
     0
176
     1
 90
       50
176
     1
 40
0.0
176
     1
 40
1.0
176
     1
 90
        0
176
     1
 62
    18
420
        0
176
     1
 90
       50
176
     1
 90
        3
176
     1
 62
     5
420
      255
176
     1
290
     0
176
     1
 90
       50
176
     1
 90
       50
176
     1
 90
       50
176
     1
290
     0
176
     1
 90
       50
176
     1
 62
   256
176
     0
 40
1.0
176
     0
 90
        2
176
     1
  1
strokes_ogs.tif
176
     1
290
     0
176
     1
 40
1.0
176
     1
 40
1.0
176
     1
  0
VISUALSTYLE
  5
F9
102
{ACAD_REACTORS
330
EF
102
}
330
EF
100
AcDbVisualStyle
  2
Realistic
 70
     8
177
     3
291
     0
 70
    58
 90
        2
176
     1
 90
        3
176
     1
 90
        0
176
     1
 90
        2
176
     1
 40
0.6
176
     1
 40
30.0
176
     1
 62
     7
420
 16777215
176
     1
 90
        0
176
     1
 90
        0
176
     1
 62
     7
176
     1
 62
   257
176
     1
 90
        1
176
     1
 90
        1
176
     1
 40
1.0
176
     1
 90
        8
176
     1
 62
   257
176
     1
 40
1.0
176
     1
 90
        1
176
     1
 90
        6
176
     1
 90
        2
176
     1
 62
     7
176
     1
 90
        3
176
     1
 90
        0
176
     1
 90
        0
176
     1
290
     0
176
     1
 90
       13
176
     1
 40
0.0
176
     1
 90
        0
176
     1
290
     0
176
     1
290
     1
176
     1
290
     1
176
     1
290
     0
176
     1
290
     0
176
     1
290
     0
176
     1
290
     0
176
     1
290
     0
176
     1
290
     0
176
     1
 90
       50
176
     1
 40
0.0
176
     1
 40
1.0
176
     1
 90
        0
176
     1
 62
    18
420
        0
176
     1
 90
       50
176
     1
 90
        3
176
     1
 62
     5
420
      255
176
     1
290
     0
176
     1
 90
       50
176
     1
 90
       50
176
     1
 90
       50
176
     1
290
     0
176
     1
 90
       50
176
     1
 62
   256
176
     0
 40
1.0
176
     0
 90
        2
176
     1
  1
strokes_ogs.tif
176
     1
290
     0
176
     1
 40
1.0
176
     1
 40
1.0
176
     1
  0
VISUALSTYLE
  5
1F3
102
{ACAD_REACTORS
330
EF
102
}
330
EF
100
AcDbVisualStyle
  2
Shaded
 70
    27
177
     3
291
     0
 70
    58
 90
        2
176
     1
 90
        2
176
     1
 90
        1
176
     1
 90
        2
176
     1
 40
0.6
176
     1
 40
30.0
176
     1
 62
     7
420
 16777215
176
     1
 90
        0
176
     1
 90
        4
176
     1
 62
     7
176
     1
 62
   257
176
     1
 90
        1
176
     1
 90
        1
176
     1
 40
1.0
176
     1
 90
        8
176
     1
 62
   257
176
     1
 40
1.0
176
     1
 90
        1
176
     1
 90
        6
176
     1
 90
        2
176
     1
 62
     8
420
  7895160
176
     1
 90
        3
176
     1
 90
        0
176
     1
 90
        0
176
     1
290
     0
176
     1
 90
        5
176
     1
 40
0.0
176
     1
 90
        0
176
     1
290
     0
176
     1
290
     1
176
     1
290
     1
176
     1
290
     0
176
     1
290
     0
176
     1
290
     0
176
     1
290
     0
176
     1
290
     0
176
     1
290
     0
176
     1
 90
       50
176
     1
 40
0.0
176
     1
 40
1.0
176
     1
 90
        0
176
     1
 62
    18
420
        0
176
     1
 90
       50
176
     1
 90
        3
176
     1
 62
     5
420
      255
176
     1
290
     0
176
     1
 90
       50
176
     1
 90
       50
176
     1
 90
       50
176
     1
290
     0
176
     1
 90
       50
176
     1
 62
   256
176
     0
 40
1.0
176
     0
 90
        2
176
     1
  1
strokes_ogs.tif
176
     1
290
     0
176
     1
 40
1.0
176
     1
 40
1.0
176
     1
  0
VISUALSTYLE
  5
1F2
102
{ACAD_REACTORS
330
EF
102
}
330
EF
100
AcDbVisualStyle
  2
Shaded with edges
 70
    26
177
     3
291
     0
 70
    58
 90
        2
176
     1
 90
        2
176
     1
 90
        1
176
     1
 90
        2
176
     1
 40
0.6
176
     1
 40
30.0
176
     1
 62
     7
420
 16777215
176
     1
 90
        1
176
     1
 90
        2
176
     1
 62
     7
176
     1
 62
   257
176
     1
 90
        2
176
     1
 90
        1
176
     1
 40
1.0
176
     1
 90
        8
176
     1
 62
   257
176
     1
 40
1.0
176
     1
 90
        1
176
     1
 90
        6
176
     1
 90
        2
176
     1
 62
     7
176
     1
 90
        3
176
     1
 90
        0
176
     1
 90
        0
176
     1
290
     0
176
     1
 90
        5
176
     1
 40
0.0
176
     1
 90
        0
176
     1
290
     0
176
     1
290
     1
176
     1
290
     1
176
     1
290
     0
176
     1
290
     0
176
     1
290
     0
176
     1
290
     0
176
     1
290
     0
176
     1
290
     0
176
     1
 90
       50
176
     1
 40
0.0
176
     1
 40
1.0
176
     1
 90
        0
176
     1
 62
    18
420
        0
176
     1
 90
       50
176
     1
 90
        3
176
     1
 62
     5
420
      255
176
     1
290
     0
176
     1
 90
       50
176
     1
 90
       50
176
     1
 90
       50
176
     1
290
     0
176
     1
 90
       50
176
     1
 62
   256
176
     0
 40
1.0
176
     0
 90
        2
176
     1
  1
strokes_ogs.tif
176
     1
290
     0
176
     1
 40
1.0
176
     1
 40
1.0
176
     1
  0
VISUALSTYLE
  5
1EF
102
{ACAD_REACTORS
330
EF
102
}
330
EF
100
AcDbVisualStyle
  2
Shades of Gray
 70
    23
177
     3
291
     0
 70
    58
 90
        2
176
     1
 90
        2
176
     1
 90
        3
176
     1
 90
        0
176
     1
 40
0.6
176
     1
 40
30.0
176
     1
 62
     7
420
 16777215
176
     1
 90
        2
176
     1
 90
        2
176
     1
 62
     7
176
     1
 62
     7
176
     1
 90
        1
176
     1
 90
        1
176
     1
 40
40.0
176
     1
 90
        8
176
     1
 62
     7
176
     1
 40
1.0
176
     1
 90
        1
176
     1
 90
        6
176
     1
 90
        2
176
     1
 62
     7
176
     1
 90
        3
176
     1
 90
        0
176
     1
 90
        0
176
     1
290
     0
176
     1
 90
        1
176
     1
 40
0.0
176
     1
 90
        0
176
     1
290
     0
176
     1
290
     1
176
     1
290
     1
176
     1
290
     0
176
     1
290
     0
176
     1
290
     0
176
     1
290
     0
176
     1
290
     0
176
     1
290
     0
176
     1
 90
       50
176
     1
 40
0.0
176
     1
 40
1.0
176
     1
 90
        0
176
     1
 62
    18
420
        0
176
     1
 90
       50
176
     1
 90
        3
176
     1
 62
     5
420
      255
176
     1
290
     0
176
     1
 90
       50
176
     1
 90
       50
176
     1
 90
       50
176
     1
290
     0
176
     1
 90
       50
176
     1
 62
   256
176
     0
 40
1.0
176
     0
 90
        2
176
     1
  1
strokes_ogs.tif
176
     1
290
     0
176
     1
 40
1.0
176
     1
 40
1.0
176
     1
  0
VISUALSTYLE
  5
1F0
102
{ACAD_REACTORS
330
EF
102
}
330
EF
100
AcDbVisualStyle
  2
Sketchy
 70
    24
177
     3
291
     0
 70
    58
 90
        1
176
     1
 90
        2
176
     1
 90
        2
176
     1
 90
        0
176
     1
 40
0.6
176
     1
 40
30.0
176
     1
 62
     7
420
 16777215
176
     1
 90
        2
176
     1
 90
        2
176
     1
 62
     7
176
     1
 62
     7
176
     1
 90
        1
176
     1
 90
        1
176
     1
 40
40.0
176
     1
 90
       11
176
     1
 62
     7
176
     1
 40
1.0
176
     1
 90
        1
176
     1
 90
        6
176
     1
 90
        2
176
     1
 62
     7
176
     1
 90
        6
176
     1
 90
        0
176
     1
 90
        0
176
     1
290
     0
176
     1
 90
        1
176
     1
 40
0.0
176
     1
 90
        0
176
     1
290
     0
176
     1
290
     1
176
     1
290
     1
176
     1
290
     0
176
     1
290
     0
176
     1
290
     0
176
     1
290
     0
176
     1
290
     0
176
     1
290
     0
176
     1
 90
       50
176
     1
 40
0.0
176
     1
 40
1.0
176
     1
 90
        0
176
     1
 62
    18
420
        0
176
     1
 90
       50
176
     1
 90
        3
176
     1
 62
     5
420
      255
176
     1
290
     0
176
     1
 90
       50
176
     1
 90
       50
176
     1
 90
       50
176
     1
290
     0
176
     1
 90
       50
176
     1
 62
   256
176
     0
 40
1.0
176
     0
 90
        2
176
     1
  1
strokes_ogs.tif
176
     1
290
     0
176
     1
 40
1.0
176
     1
 40
1.0
176
     1
  0
VISUALSTYLE
  5
FC
102
{ACAD_REACTORS
330
EF
102
}
330
EF
100
AcDbVisualStyle
  2
Thicken
 70
    13
177
     3
291
     1
 70
    58
 90
        2
176
     1
 90
        2
176
     1
 90
        1
176
     1
 90
        0
176
     1
 40
0.6
176
     1
 40
30.0
176
     1
 62
     7
420
 16777215
176
     1
 90
        1
176
     1
 90
        4
176
     1
 62
     7
176
     1
 62
   257
176
     1
 90
        1
176
     1
 90
        1
176
     1
 40
1.0
176
     1
 90
       12
176
     1
 62
     7
176
     1
 40
1.0
176
     1
 90
        1
176
     1
 90
        6
176
     1
 90
        2
176
     1
 62
     7
176
     1
 90
        5
176
     1
 90
        0
176
     1
 90
        0
176
     1
290
     0
176
     1
 90
        1
176
     1
 40
0.0
176
     1
 90
        0
176
     1
290
     0
176
     1
290
     1
176
     1
290
     1
176
     1
290
     0
176
     1
290
     0
176
     1
290
     0
176
     1
290
     0
176
     1
290
     0
176
     1
290
     0
176
     1
 90
       50
176
     1
 40
0.0
176
     1
 40
1.0
176
     1
 90
        0
176
     1
 62
    18
420
        0
176
     1
 90
       50
176
     1
 90
        3
176
     1
 62
     5
420
      255
176
     1
290
     0
176
     1
 90
       50
176
     1
 90
       50
176
     1
 90
       50
176
     1
290
     0
176
     1
 90
       50
176
     1
 62
   256
176
     0
 40
1.0
176
     0
 90
        2
176
     1
  1
strokes_ogs.tif
176
     1
290
     0
176
     1
 40
1.0
176
     1
 40
1.0
176
     1
  0
VISUALSTYLE
  5
F6
102
{ACAD_REACTORS
330
EF
102
}
330
EF
100
AcDbVisualStyle
  2
Wireframe
 70
     5
177
     3
291
     0
 70
    58
 90
        0
176
     1
 90
        2
176
     1
 90
        0
176
     1
 90
        0
176
     1
 40
0.6
176
     1
 40
30.0
176
     1
 62
     7
420
 16777215
176
     1
 90
        1
176
     1
 90
        4
176
     1
 62
     7
176
     1
 62
   257
176
     1
 90
        1
176
     1
 90
        1
176
     1
 40
1.0
176
     1
 90
        0
176
     1
 62
   257
176
     1
 40
1.0
176
     1
 90
        1
176
     1
 90
        6
176
     1
 90
        2
176
     1
 62
     7
176
     1
 90
        3
176
     1
 90
        0
176
     1
 90
        0
176
     1
290
     0
176
     1
 90
        1
176
     1
 40
0.0
176
     1
 90
        0
176
     1
290
     0
176
     1
290
     1
176
     1
290
     1
176
     1
290
     0
176
     1
290
     0
176
     1
290
     0
176
     1
290
     0
176
     1
290
     0
176
     1
290
     0
176
     1
 90
       50
176
     1
 40
0.0
176
     1
 40
1.0
176
     1
 90
        0
176
     1
 62
    18
420
        0
176
     1
 90
       50
176
     1
 90
        3
176
     1
 62
     5
420
      255
176
     1
290
     0
176
     1
 90
       50
176
     1
 90
       50
176
     1
 90
       50
176
     1
290
     0
176
     1
 90
       50
176
     1
 62
   256
176
     0
 40
1.0
176
     0
 90
        2
176
     1
  1
strokes_ogs.tif
176
     1
290
     0
176
     1
 40
1.0
176
     1
 40
1.0
176
     1
  0
VISUALSTYLE
  5
1F1
102
{ACAD_REACTORS
330
EF
102
}
330
EF
100
AcDbVisualStyle
  2
X-Ray
 70
    25
177
     3
291
     0
 70
    58
 90
        2
176
     1
 90
        2
176
     1
 90
        1
176
     1
 90
        1
176
     1
 40
0.5
176
     1
 40
30.0
176
     1
 62
     7
420
 16777215
176
     1
 90
        1
176
     1
 90
        0
176
     1
 62
     7
176
     1
 62
   257
176
     1
 90
        1
176
     1
 90
        1
176
     1
 40
1.0
176
     1
 90
        8
176
     1
 62
     7
176
     1
 40
1.0
176
     1
 90
        1
176
     1
 90
        6
176
     1
 90
        2
176
     1
 62
     7
176
     1
 90
        3
176
     1
 90
        0
176
     1
 90
        0
176
     1
290
     0
176
     1
 90
       13
176
     1
 40
0.0
176
     1
 90
        0
176
     1
290
     0
176
     1
290
     1
176
     1
290
     1
176
     1
290
     0
176
     1
290
     0
176
     1
290
     0
176
     1
290
     0
176
     1
290
     0
176
     1
290
     0
176
     1
 90
       50
176
     1
 40
0.0
176
     1
 40
1.0
176
     1
 90
        0
176
     1
 62
    18
420
        0
176
     1
 90
       50
176
     1
 90
        3
176
     1
 62
     5
420
      255
176
     1
290
     0
176
     1
 90
       50
176
     1
 90
       50
176
     1
 90
       50
176
     1
290
     0
176
     1
 90
       50
176
     1
 62
   256
176
     0
 40
1.0
176
     0
 90
        2
176
     1
  1
strokes_ogs.tif
176
     1
290
     0
176
     1
 40
1.0
176
     1
 40
1.0
176
     1
  0
DICTIONARYVAR
  5
146
102
{ACAD_REACTORS
330
5E
102
}
330
5E
100
DictionaryVariables
280
     0
  1
1:1
  0
DICTIONARYVAR
  5
259
102
{ACAD_REACTORS
330
5E
102
}
330
5E
100
DictionaryVariables
280
     0
  1
3.500000
  0
DICTIONARYVAR
  5
25A
102
{ACAD_REACTORS
330
5E
102
}
330
5E
100
DictionaryVariables
280
     0
  1
acadiso.lin
  0
DICTIONARYVAR
  5
145
102
{ACAD_REACTORS
330
5E
102
}
330
5E
100
DictionaryVariables
280
     0
  1
STANDARD
  0
DICTIONARYVAR
  5
84
102
{ACAD_REACTORS
330
5E
102
}
330
5E
100
DictionaryVariables
280
     0
  1
STANDARD
  0
DICTIONARYVAR
  5
227
102
{ACAD_REACTORS
330
5E
102
}
330
5E
100
DictionaryVariables
280
     0
  1
Metric50
  0
DICTIONARYVAR
  5
228
102
{ACAD_REACTORS
330
5E
102
}
330
5E
100
DictionaryVariables
280
     0
  1
Metric50
  0
DICTIONARYVAR
  5
5F
102
{ACAD_REACTORS
330
5E
102
}
330
5E
100
DictionaryVariables
280
     0
  1
2
  0
DICTIONARYVAR
  5
63
102
{ACAD_REACTORS
330
5E
102
}
330
5E
100
DictionaryVariables
280
     0
  1
1
  0
DICTIONARYVAR
  5
1AE
102
{ACAD_REACTORS
330
5E
102
}
330
5E
100
DictionaryVariables
280
     0
  1
0
  0
DICTIONARYVAR
  5
1AF
102
{ACAD_REACTORS
330
5E
102
}
330
5E
100
DictionaryVariables
280
     0
  1
0
  0
DICTIONARY
  5
205
330
22
100
AcDbDictionary
280
     1
281
     1
  0
DICTIONARY
  5
1F9
330
ED
100
AcDbDictionary
280
     1
281
     1
  3
FBXASSET
360
1FA
  0
DICTIONARY
  5
1F7
330
EC
100
AcDbDictionary
280
     1
281
     1
  3
FBXASSET
360
1F8
  0
DICTIONARY
  5
173
330
EE
100
AcDbDictionary
280
     1
281
     1
  3
BUMPTILE
360
175
  3
DIFFUSETILE
360
174
  3
FBXASSET
360
1FB
  3
OPACITYTILE
360
176
  3
REFLECTIONTILE
360
177
  0
DICTIONARY
  5
162
330
7F
100
AcDbDictionary
280
     1
281
     1
  3
ACAD_ROUNDTRIP_2008_TABLESTYLE_CELLSTYLEMAP
360
152D
  0
XRECORD
  5
1FA
102
{ACAD_REACTORS
330
1F9
102
}
330
1F9
100
AcDbXrecord
280
     1
 70
     1
 90
429727718
  1
D62C5603-E3A1-4AEA-B7FB-FE5D8D0755AF
310
504B03040A0000080000CC70623B3DEE336E79000000790000001B0000006175746F6465736B2D64657369676E2D7061636B6167652E786D6C3C3F786D6C2076657273696F6E3D22312E302220656E636F64696E673D227574662D3822203F3E3C666F726D6174733E3C666F726D61743E687474703A2F2F736368656D612E
310
6175746F6465736B2E636F6D2F64657369676E2D7061636B6167652F323030393C2F666F726D61743E3C2F666F726D6174733E504B0304140006080800CC70623BD486FD9CA0000000F4000000130000005B436F6E74656E745F54797065735D2E786D6C7D8EC10E82300C865F65E91D8A1E8C310C0EEA1BF002731658846E
310
D98AC1B77784ABF1D8FE5FBFBF75BBCE937A534CCEB38643598122B6FEE978D0B0485F9C41B54DDD7D022595594E1A469170414C76A4D9A4D207E29CF43ECE46F218070CC6BECC4078ACAA135ACF422C856C0E68EA1BF5669944DDD7BCDE7B1F8E415D77AECB980613C2E4AC91FC167A2B244592486606FC29C8FD7F045B9A
310
EF7053A7E60B504B0304140006080800CC70623B853B8169EB0000007C01000008000000636F72652E786D6C8D90416EC3201045AF62CDB6C206821CC7C244919D9CA01740401C94182C03558F5F9C3852BBEB6A467FFE9B197D7EFC9E1EC5975982F5AE035262288C535E5B377690E21535501C055FBC8FBF6C503839990E
310
5619041F179FE64D52DE45E362569DD7661365082642A11EB9E920A89B99642953CC8E702F67A9EE7234257977194EC9EAE275C4EABCCF5EAD5940D4AC6F0E35A568B8F43562CD7046CD199FD07E60174276A7BE677B5EADB0E0D14EEFFB6A31321A0D82627C4084204C3F096B71DD52F6819B16635EADF63F509AF53FA164
310
5DDCD1EDDD17164090FCC8732078B56691CB33A85CD7DCC40F504B0304140006080800CC70623B55019EA25F0000007C00000007000000636E782E786D6C4DCB3B0E80201045D1AD90E915ED2CF8AC45050C11660C8261F98AB1B07AC9C97D42D718D865D3E909258CFD00CCE24AC6E326A164D74DC0B4128928FF32603847
310
2BA13128B1252AC747C6BAB984FC68F0B87FE8960A5C09FE86CFB69FBA01504B0304140006080800CC70623BDBABAAF470010000D40300000C0000006662782F636F72652E786D6CC553D16E823014FD95A6AF4B694182CC941A83FA05FB810A9511A125A5257EFE2E82712ECEB8A7F100CD39F7F69E734AF9FADC366850B6
310
AF8DCE7018308C942E4C59EB2AC3DE1D498AD15A706B8CFB56869196ADCAF00863C12B6B7C374385D14E6907A836A59A41D9F7CA615434B0C8705F7CAA5606D23BA8E84F41278B93AC54100640439DE0BDB320004D43C63716C7C399D30917DCFBBA9CD9BA8469F5B156168B24CED3F7248AC8769F27244EB73B92EED8862C
310
B7F13E0C179B3C8F979C8ECD82BBBABDAA2BAC924E9558448CBD9330242CFA08E3154B5651FCC6D215639C8EE5774DBE2B5F6CF2B5768B68963BB5F5588420E442FC700B1139D4CB01F450C1E918227C2E09DF070D8140C84E1E9AAB8F1340832A9CB13130A5F1376A908D57309505ECF2A0DF179C4E9D30F5B239B87E3823
310
7A79C6F31DE1A8A5AEC08474B03C7837EAE4938639B44E5932B833D2C6B6B279CDC613877FA26EE21F4A2A4C63EC7F29A2F301D1F9F7A0E37D145F504B0304140006080800CC70623B9C113CC27E0000009D0000000B0000006662782F636E782E786D6C4DCCDF0A83201C86E15B91DFB94BFB330DD428C8FB886521330DA7
310
6397BF1A1DECE883878F57749FCDA1B7892F1BBC047A23808C7F84D9FA55424E0BE6803A256208E9EF06C84F9B91703228B1C690F78B66B34CD9A5439DF5CF0BFBF65E35BCA1B8D6A5C6F540381E886698B5741C695F9503EBA150A2F8958E3DC3EA0B504B0304140006080800CC70623B7DF2F77C2A010000120200003100
310
00006662782F41393633353835312D344632462D344230382D423046372D3739314545314133324237412F636F72652E786D6C8D51DB8EC22014FC15C2939B0D2DB4B45643319AE817EC0F6041255A68B86CFCFC856D4D76DF7CE190393373060EDB3DC707F856CE6B6B7A480A0C81328395DA5C7B18C3057510EC3873D686
310
3F34088C18550F330C39BB3A1BA7051AAC09CA84841A2BD5020AEF55806078A44B0FFD7053A328440C89E1EFC52486BBB8AA8214A99D789CF9E05200300FC927E4FB4D5B375D43103D5527440FB843077C5AA3F5861C8F645F5787F59E95B390B318B55CE45AA638FAA2957BD7248B390B7A7CC51F9C124149C82B8C378810
310
84AB2F42B7B8DD56F413775B8C5999E9FF4471926F8AA236A1AE96B8B3CC434E5839373893369E1FAF30EA395917409EB7F26AF8801C171837A4A6AC9C89E9F9C9B1A58BA30FD6A5EF5DDDCF894B9AD9B6A59C957943A9FCAE2FD5BC4DFE03504B0304140006080800CC70623BAD7543B64E01000033030000300000006662
310
782F41393633353835312D344632462D344230382D423046372D3739314545314133324237412F636E782E786D6CD593CD6EC32010845F0571AD6CE3D48AD20813A9873E410FBD12D82434182C7EAAE6EDBB2424CD25871E7B41D6EC30B3FA84F9E67BB2E40B4234DE8DB46F1925E094D7C6ED479AD3AE5951B2113C789FEE
310
6C943839C1488B4C05DF079FE72A69D8C96C13AAD6B8631503449F83828872B949AC57D26200B826A308D316B4064D6E46FCDA41C05550DC9E483A00797BFD207EFB092A45DE9514C1BBD22178396BD39D891265658C238DEA00936C654E5E433CB65A26D9F6EDB5EBC14EBF49A45CB856E66048291F6939A9A81BB5C89177
310
38143CA680F4AA299D66A042CEB3354A2684DC9D8D178FE0D9B8B41CAAD720F880EE7EF93C0C18769E099ECC04D5A102C8049A8A05632F4DDF376CF1DE0F6BB65C2F8627B65A33C6BB62177CEBBDAD973006829F89F22E814B54F4BC2BE347F8AA8F681390B50FA73F804400B5F542E796F19FF974E7F78DB802FE05E20750
310
4B0304140006080800CC70623BE75B7789680500003C100000340000006662782F41393633353835312D344632462D344230382D423046372D3739314545314133324237412F6F626A656374732E786D6CAD575B8F9B3818FD2B887D06C22499CB8AA1CA655245D5B455A356FB305264C061D8018C6C3393D95FBFC7600890
310
A4CD5EF210B0B1BFEBF98E3F7B1FF6596ABC522E1296DF9BAE3D320D9A872C4AF2F8DE2CE5CEBA358D0FBEC719939D65A691938CDE9B6ADAF4BD98B3B2D05311DD91329583D9D5FC0F438434A7A611A644887B5384CF34233629258BA878B12322891DEFF6B66BD70BFB62634E8AE781D082709A4B588AF91C528CDA28B73F
310
1C998EEF39EABBEFA97FBD6A7C7E9553F9D3D79FE442923C3C523610337627CB87ABE99D359D4CC6D6E4FACAB5E6ABF9D2726FC6A3C5F56271377BB88362213924694B38DD99FE47C48627A1E7D49F5A8BB5E1A74C0A599ED3B0F21F1E56366B89112D681E218F0915D0D6F17AD41FBA2A369DCF6335D62ABBD39779D5DDD1
310
11D4D8DE3CBB96B2E04FB8202E41051754A1AA8E8F76B4C6DFE810B580B1547F4B84911149794252234D024EF8BBE963A95AE27B3D310A9D5C215C7960FAEE415ED75694C6AFB17BCACA5D99A60A9AA65F217B0BFC53292ACB92BF283FAD0D3621576592CB5BED907C2FA8E9DF794E35E97BEA31BED21FEB401ABB94C44839
310
DCACBF0E1C5DA8DA5B2F4DFFD32AD86F543D9E565E7056502E157C00AD2671CD534549AB752FCA9CDA00677A313F04E51B22FF19E57B300579E3C97EB29F682D92935CEC18CF901B7B54FD8C51F362B56FC72FE0B3C1EAE335EDCCBF5AEC39ADB17DC238973F804BA5E6F6BFE7AF1FB32E523BE9F3BD571418E3631DCA4D48
310
5250CF639223210A9446CA30052EDF057BD35F8329C1ECD84552BF0DC8D18BE7BCE23BFE6BD960AB4A7DE79923A103BEBD80F911CBAA2C60DB19B01CF164A5583B772EE6D3FFA56666CBCDA74DC97724A48F9A58967497E489C4D979006FD7A05E227A1EBDD0F737C623387A9C844D3709995625106D157315F8B8392CD4E0
310
A0B9A720C4BE9829CEF37EA1E13111214D53925356365ADA634861B52519DD27A00AEB808EAF0628E6F435519D446F45CF2C9CF5214F0A15B2F6D06B79DA3EE3CBF7F56780D2F4E7EF73A0F5E5B02A38D07DC852C6B7C1FBB6664213E0C39E3EBA7FF4E1AD23EA2829407C85E586727488B751B2DB9502BC7B228A3FD68B6E
310
A65A22397E690AA8D158D7E404EC8CDA235CC3B7D1898680131CEC2CDF2638C65196279577750F15884AEE19F94199155B92B13297978469D4F8D358DF0AEF7631E28DC8F0D9F437D5D39A83B2231A1D52D543813A824EF8D44BCFF2FA6A31BD1E8DAD87F1CCB526B3879935BF59CDADD5C37479BB1CDD4CA7B3556B516589
310
EF352754B706114D9C885EC9131DE6EFEB43D99AFE2391C2F958179413D7CFEF6B1B6DB1E7600F00DE6E5C67454A339A4BA2E0FBA85ED26F045D454F463DBFCE484C2F90F2E5E3666003662ED8F755951A7D1BECD5B30B550B2785C8E7320B7292A4838DDA71BBC863ED7613CAF659337A3354231D4FF4A182A54904C2898C
310
98B28C4AD0CE056CCF332A80986E571EE9DBC305BB5FEB7E509220A58D25CF042D712A806AC0AD0C657FDEF80D2D9CEAA2EE4D1C76F60BFE74219A06527D6F82DF6412526107381E55E353090704D085B52408A8913C4ED159D79BDA71BB4BC506F4831350EB6F975CD22D69BF7AC49B91A2C0A9DDA3D5CA36AD20FC478E37
310
E61844E2352865EBCB61A275A65283CAAA9DD27703B4102F5AF51EF5F573B75CBB5AD38BC845F7A49F82A0966A49C2E3EA5EA0ECD326CD965F1DB402C6FA8B51A4658C5C5E2EC9E214602E55810345408596591009A82E7E7FFACA19EEA299B14A0081A705CB3296EBC14CDF658DCD336EA6D1136881AAEB87B81AB9EE53D5
310
F5EB8BC8362082DA24122F98680A4E7930C01A0079749CEA14382A0783E5EBA5A10F8C098456A03D6A4AEB6BB881E2513747552A5DB22C7EDAF83BD5528081A365F7FF06504B0304140006080000CC70623B000000000000000000000000350000006662782F41393633353835312D344632462D344230382D423046372D37
310
39314545314133324237412F76657274696365732E62696E504B0304140006080800CC70623BF270F1330600000004000000360000006662782F41393633353835312D344632462D344230382D423046372D3739314545314133324237412F747269616E676C65732E62696E636660600000504B0304140006080000CC7062
310
3B000000000000000000000000370000006662782F41393633353835312D344632462D344230382D423046372D3739314545314133324237412F617474726962757465732E62696E504B0304140006080800CC70623B08DA0BD19000000041010000360000006662782F41393633353835312D344632462D344230382D4230
310
46372D3739314545314133324237412F6469726563746F72792E786D6C858F410AC3201045AF22B36F53E9A60B35CBEEBAE80D244E44489C6234F4F835464A48035D0DF398FF9F8AF63D0E6CC63039F212F8F9020C7D47C6792B21C5FE7403D62A1188E2E60C98D7234A5830286103A55745067B9D86B8A3CF9C7F90C11DE6
310
07FB144396D7B6A82D282E9A152AD114D5EF2CB866EEE831B8EEA07A7BB5A8D7D61A2BAAEB7FD5F70921FF497D00504B0304140006080800CC70623BEDD1DC58FD000000A00100003B0000006662782F41393633353835312D344632462D344230382D423046372D3739314545314133324237412F7265736F75726365732F
310
636F72652E786D6C8D504B6E833010BD0A9A6D65B00922041947112427E8052C33A156828DFCA97AFC9A40A576D7CDCCE87D344F8F9FBFE667F689CE6B6B3A6039850C8DB2A336530731DC4903D95970676DF82583CCC8193B5861107C72362E3BA4AC096842428D1D7107A5F7182053CF7474E0D507CE32973124857FE48B
310
540F3961CEF244279DE03EB81420DB9EAC1384436FA353E879B1B182C7A8C75DA3C7F453DF353A1075D537A7BA6464B8F535A99AE14A9A2BBD90E350DD183B5CFABE3AF262350B1EF4FC9351399401471025A527C218A1E53BAB5A5AB765F5469B96525EACF23FA6B88CFF34456DC2A1DCE36E360F82A5202F42F062ED2BAD
310
579969AFDD8A6F504B010214000A0000080000CC70623B3DEE336E79000000790000001B00000000000000000000000000000000006175746F6465736B2D64657369676E2D7061636B6167652E786D6C504B01021400140006080800CC70623BD486FD9CA0000000F40000001300000000000000000000000000B20000005B
310
436F6E74656E745F54797065735D2E786D6C504B01021400140006080800CC70623B853B8169EB0000007C010000080000000000000000000000000083010000636F72652E786D6C504B01021400140006080800CC70623B55019EA25F0000007C000000070000000000000000000000000094020000636E782E786D6C504B
310
01021400140006080800CC70623BDBABAAF470010000D40300000C00000000000000000000000000180300006662782F636F72652E786D6C504B01021400140006080800CC70623B9C113CC27E0000009D0000000B00000000000000000000000000B20400006662782F636E782E786D6C504B01021400140006080800CC70
310
623B7DF2F77C2A010000120200003100000000000000000000000000590500006662782F41393633353835312D344632462D344230382D423046372D3739314545314133324237412F636F72652E786D6C504B01021400140006080800CC70623BAD7543B64E010000330300003000000000000000000000000000D2060000
310
6662782F41393633353835312D344632462D344230382D423046372D3739314545314133324237412F636E782E786D6C504B01021400140006080800CC70623BE75B7789680500003C10000034000000000000000000000000006E0800006662782F41393633353835312D344632462D344230382D423046372D3739314545
310
314133324237412F6F626A656374732E786D6C504B01021400140006080000CC70623B0000000000000000000000003500000000000000000000000000280E00006662782F41393633353835312D344632462D344230382D423046372D3739314545314133324237412F76657274696365732E62696E504B01021400140006
310
080800CC70623BF270F133060000000400000036000000000000000000000000007B0E00006662782F41393633353835312D344632462D344230382D423046372D3739314545314133324237412F747269616E676C65732E62696E504B01021400140006080000CC70623B0000000000000000000000003700000000000000
310
000000000000D50E00006662782F41393633353835312D344632462D344230382D423046372D3739314545314133324237412F617474726962757465732E62696E504B01021400140006080800CC70623B08DA0BD1900000004101000036000000000000000000000000002A0F00006662782F41393633353835312D344632
310
462D344230382D423046372D3739314545314133324237412F6469726563746F72792E786D6C504B01021400140006080800CC70623BEDD1DC58FD000000A00100003B000000000000000000000000000E1000006662782F41393633353835312D344632462D344230382D423046372D3739314545314133324237412F7265
310
736F75726365732F636F72652E786D6C504B0506000000000E000E0080040000641100000000
  0
XRECORD
  5
1F8
102
{ACAD_REACTORS
330
1F7
102
}
330
1F7
100
AcDbXrecord
280
     1
 70
     1
 90
429727718
  1
30362254-06B7-45E0-A893-8CFA70E3D6BC
310
504B03040A0000080000CC70623B3DEE336E79000000790000001B0000006175746F6465736B2D64657369676E2D7061636B6167652E786D6C3C3F786D6C2076657273696F6E3D22312E302220656E636F64696E673D227574662D3822203F3E3C666F726D6174733E3C666F726D61743E687474703A2F2F736368656D612E
310
6175746F6465736B2E636F6D2F64657369676E2D7061636B6167652F323030393C2F666F726D61743E3C2F666F726D6174733E504B0304140006080800CC70623BD486FD9CA0000000F4000000130000005B436F6E74656E745F54797065735D2E786D6C7D8EC10E82300C865F65E91D8A1E8C310C0EEA1BF002731658846E
310
D98AC1B77784ABF1D8FE5FBFBF75BBCE937A534CCEB38643598122B6FEE978D0B0485F9C41B54DDD7D022595594E1A469170414C76A4D9A4D207E29CF43ECE46F218070CC6BECC4078ACAA135ACF422C856C0E68EA1BF5669944DDD7BCDE7B1F8E415D77AECB980613C2E4AC91FC167A2B244592486606FC29C8FD7F045B9A
310
EF7053A7E60B504B0304140006080800CC70623B1EC5D7A3EB0000007C01000008000000636F72652E786D6C8D90416EC3201045AF82665B6103C6756C6122AB4D4ED00B204C5C94182C03558F5F9C3852BBEB6A467FFE9B197D71FC9E6FE8CBACC17AD7032D0820E3B41FAD9B7A48F1820F808E52ACDEC75F36404ECDA687
310
4D0629A6D5A76597B477D1B89855E747B38B2A041301E95B6E7A08FAD3CCAA50296647B8168BD2573599823EBB0CA76447F43862C7BCCF5EAC59410E4DDD9C7973C2755553CCCFA4C603E3040F1565ED3B1FDE4E432BCA0D9622DAF9795FAF464533826484B498524CD807E51D79ED187F21878E10516EF63F505AC67F42C9
310
BA58B1FDDD071640D2FCC87D2045B96591CB3DA85CB7DCE40F504B0304140006080800CC70623B55019EA25F0000007C00000007000000636E782E786D6C4DCB3B0E80201045D1AD90E915ED2CF8AC45050C11660C8261F98AB1B07AC9C97D42D718D865D3E909258CFD00CCE24AC6E326A164D74DC0B4128928FF32603847
310
2BA13128B1252AC747C6BAB984FC68F0B87FE8960A5C09FE86CFB69FBA01504B0304140006080800CC70623B8C9102E971010000D40300000C0000006662782F636F72652E786D6CC5535B6E833010BC8AE5DF0A6C08340F1947A84D4ED00B38C6A128602363A31CBFCB234A53A551FA553EC09AD9F5CE8C31DB9E9B1AF5CA
310
7695D1198E428A91D2D214952E33ECDD315861B4E5CC1AE3BE9561A445A3323CC098B3D21ADFCE9034DA29ED00D5A6503328BA4E398C640D8B0C77F253352214DE4145770A5B214FA2546114020D759C75CE8200340D19DE981F0F6746269C33EFAB6266AB02A655C74A59CCF365BADC27CB5D902ED22848F6340DF238A141
310
BE88E2F57B92BFEDF23523433367AE6A2EEAA455C2A902F398D2751045018D3FA264435F3771F242571B4A1919CA6F9A7C5B3CD9E42BED16F12C776AEB308F40C848FC700B1139D4891EF410CEC810227CC6846F8386402064270EF5C5C709A05E49676C024C61FC95EA45ED154CA5211D1FF4FB8291A913A68E9B83EBBB33
310
E2A7673CDE118E5AE8124C0807CB8377834E366998436B950D7A7746DAD846D4CFD978E0F04FD455FC5D49D2D4C6FE9722321F10997F0F32DC47FE05504B0304140006080800CC70623BFFEA85907E0000009D0000000B0000006662782F636E782E786D6C4DCCD10A83201886E15B91FFDC95D95A811AB6F23E625948A6C3
310
E9D8E5AF46073BFAE0E1E365ED67B3E8ADC3CB78C7815C7240DA3DFC64DCC221C519D7805AC182F7F1EF06C88D9BE6703008B6049F9E274D7A1E938DBB5AE3D6131B2589BA0D3D965551E0B2EA732C9B9A624AAEB41E3A557677029960D9AFB4EF11165F504B0304140006080800CC70623B4FEEA4082C0100001202000031
310
0000006662782F39464131463745442D413632322D343644302D413938332D3331353338454246344243312F636F72652E786D6C8D515B6EC32010BC0AE2AB55850DD871ED0813254D72825EC00192A2C460F1A872FC42ED48ED5F7E00CDCECCCEB26C731F6FE05B39AFADE921293004CA082BB5B9F43086336A21D870E6AC
310
0D7F68109861543DCC30E4ECE26C9C164858139409093556AA051CBC570102714B8F1E7AF1A5C6A11862480C7F2DA6415C878B2A4891CA89C7990F2E050073937C42DE1DB7E4F87ED8A36D4329AA9B3D46DBAEAD504556557BD81DEBDD0761E52CE42C462D17B996298E3E6BE59E35C962CE821E1FF18553435012728A7187
310
0841987E927A8D9B35ADDF70BBC6989599FE4F1427F9A4286A132ABAC49D651EF234CD5CE04CDA78BA3DC2A8FB645D00B9DF8B57E215725C60BCA2A463E54C4CE327C7A65E1C7DB02E7DEFCBF594B864C5CA6CDBD49C957943E9FA5D5FBAF336F90F504B0304140006080800CC70623BAD7543B64E01000033030000300000
310
006662782F39464131463745442D413632322D343644302D413938332D3331353338454246344243312F636E782E786D6CD593CD6EC32010845F0571AD6CE3D48AD20813A9873E410FBD12D82434182C7EAAE6EDBB2424CD25871E7B41D6EC30B3FA84F9E67BB2E40B4234DE8DB46F1925E094D7C6ED479AD3AE5951B2113C
310
789FEE6C943839C1488B4C05DF079FE72A69D8C96C13AAD6B8631503449F83828872B949AC57D26200B826A308D316B4064D6E46FCDA41C05550DC9E483A00797BFD207EFB092A45DE9514C1BBD22178396BD39D891265658C238DEA00936C654E5E433CB65A26D9F6EDB5EBC14EBF49A45CB856E66048291F6939A9A81BB5
310
C8917738143CA680F4AA299D66A042CEB3354A2684DC9D8D178FE0D9B8B41CAAD720F880EE7EF93C0C18769E099ECC04D5A102C8049A8A05632F4DDF376CF1DE0F6BB65C2F8627B65A33C6BB62177CEBBDAD973006829F89F22E814B54F4BC2BE347F8AA8F681390B50FA73F804400B5F542E796F19FF974E7F78DB802FE05
310
E207504B0304140006080800CC70623B16AB87BA640500003C100000340000006662782F39464131463745442D413632322D343644302D413938332D3331353338454246344243312F6F626A656374732E786D6CAD575B6FA33818FD2B887DE6924B3BED8A326A92B68A663B534DD4D13E548A0C38942D60649B369D5FBFC7
310
600890A493BDE42160637FD7F31D7FF63E6FB3D478A55C242CBF3247B66B1A340F5994E4F19559CA8D75611A9F7D8F33263BCB4C232719BD32D5B4E97B316765A1A722BA21652A07B3B7B33F0D11D29C9A46981221AE4C113ED38CD8A4942CA2E2C58E882476BCD9DA23BB5ED8171B73523C0F841684D35CC252CCE79062D4
310
468DFA43D7747CCF51DF7D4FFDEB5593E3AB9CCA9FBEFE241792E4E19EB28198C968BAB8199F5D5A67D3E9C49A9E8F47D6EC76B6B0469F26EEFC7C3EBFBCBEB98462213924694B38DD98FE1D62C393D073EA4FADC5DAF04326852CCF6958F90F0F2B9BB5C48816348F90C7840A68EB78EDF68723159BCEE7891A6B95DDE9D3
310
BCEAEEE8086A6C6F9E5D4B59F0175C10A7A0820BAA5055C7473B5AE3CFDD452D602CD5DF12616444529E90D448938013FE6EFA58AA96F85E4F8C42275708571E98FE6827AF6B2B4AE3D7D83D64E5A64C53054DD3AF90BD06FEA9149565C94FCA0F6B834DC85599E4F2423B24DF0B6AFA979E534DFA9E7A4CC6FA631D486393
310
921829879BF5D781A373557BCB85E97FB90DB62B558F8795179C15944B051F40AB495CF35451D26A4727654E6D8033BD98EF82F21D91FF8AF2DD9982BCF1643BDD4EB516C9492E368C67C88DED563FC36D5EACF66DFF057C3658BDBFA69DF9578B3DA735B64F18C7F20770A9D45CFCF7FCF563D6456A277DBEF78A02637CA2
310
43B90A490AEAB94F72244481D24819A6C0E59B606BFA4B3025981DBB48EAB701D97BF19C577CC77F2D1B6C55A9EF3C732474C0B727303F625995056C3B02963D9EAC146BE78EC5FCEC7FA999EBC5EACBAAE41B12D27B4D2C0BBA49F244E2ECDC81B76B502F113D8F5EE8FB1BE3111CDD4FC2AA9B844CAB1288B68AB90A7CDC
310
1C166AB0D3DC5310625FCC14E779BFD0709F8890A629C9292B1B2DED31A4B0DA928CEE135085754027E3018A397D4D5427D15BD1330B677DC8934285AC3DF45A9EB68FF8F2B8FC0A509AFEECFD0FF2DE25CC6047F7214B195F07EFEB9A094D800F7BFAE8FED187B78EA8A3A400F115961BCAD1215E47C966530AF0EE8128FE
310
58CEBB996A8964FFA529A046635D9353B0336A8F700DDF46271A024E70B0B37C9DE01847591E54DED53D54202AB947E4076556AC49C6CA5C9E1226B7F1A7B1BE15DEED62C41B91E1B3E9AFAAA735036547343A925075041DF0A9979E893B391F8FCFA6967B3EFB644DCF6E5CEBFAE272625DCC6FAF3FB93793C5F90CE1EF57
310
407342756B10D1C489E8953CD1617E5CEECAD6F4EF8914CE5D5D504E5C3F1F9736DA62CFC11E00BCDDB8CC8A9466349744C1F75EBDA4DF09BA8A9E8C7A7E9991989E20E5DBDD6A6003664ED8F7A04A8DBE0DF6EAD9B9AA858342E47399053949D2C146EDB85DE4B176BB0965FBAC19BD19AA918E27FA50C1D22402E144464C
310
59462568E704B6E71915404CB72B8FF4EDE184DDAF753F284990D2C6926782963815403548A70C657FDEF80D2D9CEAA2AE4C1C76F60BFE74219A06527D6582DF6412526107381E55E353090704D085B52408D0933C4ED159D79BDA71BB4BC506F4831350EB6F979CD22D69BF7AC49B91A2C0A9DDA3D5CA36AD20FC478E37E6
310
1844E2352865EBCB6EA275A652E3836BE04EFB400BF1A2556F515F1FBB35B2AB35BD889C744FFA1004B5544B121E57F70215746DD2F5E2C1412B602CBF19455AC6C8E5E9922C4E01E65215385004546899059180EAFCF7A707CE7017CD8CDB0410789AB32C63B91E5CEBBBACB17AC6CD347A022D5075FD106377347AAABA7E
310
7D11590744509B44E205134DC1290F06580320F78E537D3D73540E06CB970B431F185308AD40BBD794D6D77003C5A36E8EAA54BA64597CD8F83BD552A080A365F7FF06504B0304140006080000CC70623B000000000000000000000000350000006662782F39464131463745442D413632322D343644302D413938332D3331
310
353338454246344243312F76657274696365732E62696E504B0304140006080800CC70623BF270F1330600000004000000360000006662782F39464131463745442D413632322D343644302D413938332D3331353338454246344243312F747269616E676C65732E62696E636660600000504B0304140006080000CC70623B
310
000000000000000000000000370000006662782F39464131463745442D413632322D343644302D413938332D3331353338454246344243312F617474726962757465732E62696E504B0304140006080800CC70623B08DA0BD19000000041010000360000006662782F39464131463745442D413632322D343644302D413938
310
332D3331353338454246344243312F6469726563746F72792E786D6C858F410AC3201045AF22B36F53E9A60B35CBEEBAE80D244E44489C6234F4F835464A48035D0DF398FF9F8AF63D0E6CC63039F212F8F9020C7D47C6792B21C5FE7403D62A1188E2E60C98D7234A5830286103A55745067B9D86B8A3CF9C7F90C11DE607
310
FB144396D7B6A82D282E9A152AD114D5EF2CB866EEE831B8EEA07A7BB5A8D7D61A2BAAEB7FD5F70921FF497D00504B0304140006080800CC70623B0D6EF93BFE000000A00100003B0000006662782F39464131463745442D413632322D343644302D413938332D3331353338454246344243312F7265736F75726365732F63
310
6F72652E786D6C8D50596E833010BD0A9ADFCA60B334011947A8694ED00B586642AC041B79A97AFC9A40A5F6AF3F33A3B7689E1E3F7DCD8FEC139DD7D6F4C0720A191A65476DA61E62B892236427C19DB5E1970C322367EC618541F0C9D9B8EC90B226A009093576C41D94DE63804C3DD2D18357379C652E63480A7FCF17A9
310
EE72C29CE5894E3AC17D702940B63D59270887DE46A7D0F36263058F518FBB468FE9A7BE6A7420864373B8D4873369AA8691FA421B3294352543C5CAF65C0F6FEF43CB8BD52C78D0F34F46E550061C419494B6843142CB0F5677F4B52BEB177AEC28E5C52AFF638ACBF84F53D42654E51E77B379102C05791282176B5F693D
310
CB4C7BED567C03504B010214000A0000080000CC70623B3DEE336E79000000790000001B00000000000000000000000000000000006175746F6465736B2D64657369676E2D7061636B6167652E786D6C504B01021400140006080800CC70623BD486FD9CA0000000F40000001300000000000000000000000000B20000005B
310
436F6E74656E745F54797065735D2E786D6C504B01021400140006080800CC70623B1EC5D7A3EB0000007C010000080000000000000000000000000083010000636F72652E786D6C504B01021400140006080800CC70623B55019EA25F0000007C000000070000000000000000000000000094020000636E782E786D6C504B
310
01021400140006080800CC70623B8C9102E971010000D40300000C00000000000000000000000000180300006662782F636F72652E786D6C504B01021400140006080800CC70623BFFEA85907E0000009D0000000B00000000000000000000000000B30400006662782F636E782E786D6C504B01021400140006080800CC70
310
623B4FEEA4082C0100001202000031000000000000000000000000005A0500006662782F39464131463745442D413632322D343644302D413938332D3331353338454246344243312F636F72652E786D6C504B01021400140006080800CC70623BAD7543B64E010000330300003000000000000000000000000000D5060000
310
6662782F39464131463745442D413632322D343644302D413938332D3331353338454246344243312F636E782E786D6C504B01021400140006080800CC70623B16AB87BA640500003C1000003400000000000000000000000000710800006662782F39464131463745442D413632322D343644302D413938332D3331353338
310
454246344243312F6F626A656374732E786D6C504B01021400140006080000CC70623B0000000000000000000000003500000000000000000000000000270E00006662782F39464131463745442D413632322D343644302D413938332D3331353338454246344243312F76657274696365732E62696E504B01021400140006
310
080800CC70623BF270F133060000000400000036000000000000000000000000007A0E00006662782F39464131463745442D413632322D343644302D413938332D3331353338454246344243312F747269616E676C65732E62696E504B01021400140006080000CC70623B0000000000000000000000003700000000000000
310
000000000000D40E00006662782F39464131463745442D413632322D343644302D413938332D3331353338454246344243312F617474726962757465732E62696E504B01021400140006080800CC70623B08DA0BD190000000410100003600000000000000000000000000290F00006662782F39464131463745442D413632
310
322D343644302D413938332D3331353338454246344243312F6469726563746F72792E786D6C504B01021400140006080800CC70623B0D6EF93BFE000000A00100003B000000000000000000000000000D1000006662782F39464131463745442D413632322D343644302D413938332D3331353338454246344243312F7265
310
736F75726365732F636F72652E786D6C504B0506000000000E000E0080040000641100000000
  0
XRECORD
  5
175
102
{ACAD_REACTORS
330
173
102
}
330
173
100
AcDbXrecord
280
     1
270
     1
271
     1
  0
XRECORD
  5
174
102
{ACAD_REACTORS
330
173
102
}
330
173
100
AcDbXrecord
280
     1
270
     1
271
     1
  0
XRECORD
  5
1FB
102
{ACAD_REACTORS
330
173
102
}
330
173
100
AcDbXrecord
280
     1
 70
     0
 90
1673772943
  1
ECE7A1D2-D628-4531-984C-D00F80459256
310
504B03040A0000080000CC70623B3DEE336E79000000790000001B0000006175746F6465736B2D64657369676E2D7061636B6167652E786D6C3C3F786D6C2076657273696F6E3D22312E302220656E636F64696E673D227574662D3822203F3E3C666F726D6174733E3C666F726D61743E687474703A2F2F736368656D612E
310
6175746F6465736B2E636F6D2F64657369676E2D7061636B6167652F323030393C2F666F726D61743E3C2F666F726D6174733E504B0304140006080800CC70623BD486FD9CA0000000F4000000130000005B436F6E74656E745F54797065735D2E786D6C7D8EC10E82300C865F65E91D8A1E8C310C0EEA1BF002731658846E
310
D98AC1B77784ABF1D8FE5FBFBF75BBCE937A534CCEB38643598122B6FEE978D0B0485F9C41B54DDD7D022595594E1A469170414C76A4D9A4D207E29CF43ECE46F218070CC6BECC4078ACAA135ACF422C856C0E68EA1BF5669944DDD7BCDE7B1F8E415D77AECB980613C2E4AC91FC167A2B244592486606FC29C8FD7F045B9A
310
EF7053A7E60B504B0304140006080800CC70623BD9DDAED0EC0000007C01000008000000636F72652E786D6C8D90416EC3201045AF82665B61836D9CD8C2444DD39CA01740405C94182C03558F5F9C3852BBEB6A467FFE9B197D7EF89E6EE8CB2CC17A37002D0820E394D7D68D03A478C17B4007C117EFE32F1B20272733C0
310
2A83E0E3E2D3BC49CABB685CCCAAF3DA6CA20CC14440EA969B0182FA34932C648AD911AEC52CD5558EA6A0CF2EC329598D1E47ACCEFBECC59A050463A7EA5833865FEBDD0E37353BE3EE8DBDE3F6786A48D375FBF6CC78B9C282473B3DEFABC5C86834888A900E538A49F5419B9EB47DD5BC907D4F082F57FB1F28CDFA9F50
310
B22ED6D5F6EE030B20687EE43E10BC5CB3C8E51E54AE6B6EE207504B0304140006080800CC70623B55019EA25F0000007C00000007000000636E782E786D6C4DCB3B0E80201045D1AD90E915ED2CF8AC45050C11660C8261F98AB1B07AC9C97D42D718D865D3E909258CFD00CCE24AC6E326A164D74DC0B4128928FF326038
310
472BA13128B1252AC747C6BAB984FC68F0B87FE8960A5C09FE86CFB69FBA01504B0304140006080800CC70623BA24EB22D72010000D40300000C0000006662782F636F72652E786D6CC5535B6E833010BC8AE5DF0A6C5E49888CA3A6694ED00B38E05014B091B1518EDFE511A5A9D228FD2A1F60CDEC7A67C6986DCE4D8D7A
310
69BA4AAB0C073EC548AA5C17952A33ECECD15B61B4E1CC686DBF9561A44423333CC098B3D268D7CE50AE9595CA02AA74216750749DB418E5352C32DCE59FB211BE70162ABA93DF8AFC244AE9073ED050C759670D0840D390E18DF9F1706664C23973AE2A66B62A605A75ACA4C13C4976E1364A12EF355A2EBD384AF65EFA96
310
BC7B8BED2EA6719AAE16FB8491A199335B351775B991C2CA02F390D2D40B028F861F41BCA68B7518BFD0D59A524686F29B26D7164F36B94AD9289CE54E6D1DE6010819891F6E21228B3AD1831EC219194284CF98F06DD01008846CC5A1BEF83801D4CBDC6A1303536877A57A513B0953A94FC707FDBE6064EA84A9E3E6E0FA
310
EE8CF0E9198F7784A316AA0413C2C2F2E0ECA0934D1AE6D05A69BCDE9E91D2A611F573361E38FC1375157F5752AE6B6DFE4B11990F88CCBF0719EE23FF02504B0304140006080800CC70623B408A7D3B7C0000009D0000000B0000006662782F636E782E786D6C4DCCD10A83201886E15B91FFDC552A92A0064DBC8F581632
310
D3703A76F9ABD1C18E3E78F878E5F0D9027ABBFCF2292AE86E2D20171F69F6715550CB827B40839639A5F2770314A7CD293819B45C73AAFB45B35BA61ACAA1C1C7E7855C58C15BC331339661262CC762340413D68D77DA5B42298546CBE6573AF60CEB2F504B0304140006080800CC70623B449FB9BD290100001202000031
310
0000006662782F36394639363044362D344446342D343946362D394244322D3234314243333846323333332F636F72652E786D6C8D515B6EC32010BC0AE22B55850D98B871848994463E412FE002495162B07854397EA176A4F62F3F2C9A9D991D587EB84F37F0AD7D30CEF6905418026DA553C65E7A98E219ED203808EE9D
310
8B7F6810D871D23D2C3014FCE25D9A57483A1BB58D19B54EE9151C43D0110279CB971E06F9A5A7B11A53CC8C70ADE6515EC78BAE4895DB992778883E0700CB907242D17643D7E2538BD869608875438BBAE38922CAC8F1BDD90DB4691A5E2F42C153326A951B95E398B3D1FE599322163C9AE9115F7A3D46ADA0A018778810
310
84E907617BDCEE297BC5BB3DC6BC2EF47FA234AB2745C9D8D8D035EE220B50105E2F0DC1954B9FB747187D9F9D8FA0CCDB042D5FA0C015C65B42DF78BD10F3F3B363CB56C7109DCFDFBBB97E662ED92EB62D13BC2E1BCAE5777DB9966D8A1F504B0304140006080800CC70623BAD7543B64E01000033030000300000006662
310
782F36394639363044362D344446342D343946362D394244322D3234314243333846323333332F636E782E786D6CD593CD6EC32010845F0571AD6CE3D48AD20813A9873E410FBD12D82434182C7EAAE6EDBB2424CD25871E7B41D6EC30B3FA84F9E67BB2E40B4234DE8DB46F1925E094D7C6ED479AD3AE5951B2113C789FEE
310
6C943839C1488B4C05DF079FE72A69D8C96C13AAD6B8631503449F83828872B949AC57D26200B826A308D316B4064D6E46FCDA41C05550DC9E483A00797BFD207EFB092A45DE9514C1BBD22178396BD39D891265658C238DEA00936C654E5E433CB65A26D9F6EDB5EBC14EBF49A45CB856E66048291F6939A9A81BB5C89177
310
38143CA680F4AA299D66A042CEB3354A2684DC9D8D178FE0D9B8B41CAAD720F880EE7EF93C0C18769E099ECC04D5A102C8049A8A05632F4DDF376CF1DE0F6BB65C2F8627B65A33C6BB62177CEBBDAD973006829F89F22E814B54F4BC2BE347F8AA8F681390B50FA73F804400B5F542E796F19FF974E7F78DB802FE05E20750
310
4B0304140006080800CC70623B8D05915C650500003B100000340000006662782F36394639363044362D344446342D343946362D394244322D3234314243333846323333332F6F626A656374732E786D6CAD575B6FA33814FE2B887D06429276DA1565D4266D158D3A339A6846FB502932E050B66023DB74D2FDF5FB190C01
310
9276B2973C046C8ECFF53B17071F77456EBD502133CEAE6CDF9DD81665314F32965ED995DA3A17B6F5310C04E7AA47665B8C14F4CAD6DB7618A48257A5D94AE89654B91AEDDEDDFC61C998326A5B714EA4BCB265FC440BE2924AF184CA6737218AB8E976E7FA6E4338649B0A523E8D98964450A6A029F619B8588D52FE7039
310
B1BD30F0F4F730D0FF866AF6369557DB33949F31A9088B0F848DD8CCFCF9F2767A76E99CCDE733677E3EF59D9BBB9BA5E37F984D16E78BC5E5F5ED25044B25C0C96822E8D60EEFE11B91C581D77CEA34368A1F5329E68CD1B8B61F16D63A1B8E092D294B10C78C4A48EB593D192E7DED9BDEE7995E1B91FDEDD3ACEA9FE831
310
6A756F9F7D4D79F4274C90A7A04248AA51D5F8C718DAE06FB2F75AC4796EBE65D22A88A22223B995679120E2D50E41AA49C260C046A35368846B0BECD0DFF3EBEB8AD4F835768F69B9ADF25C43D30E6B646F807FAA64AD59F61715C7A54127C4AACA98BA3006A9D792DAE165E0D59B61A01FB3A9F9D838D2DAE62445C86166
310
F37564E842E7DE6A69879FEEA2DD5AE7E371E1A5E025154AC307D06A03D73EB5978C58FFA4C8E9033066E0F3BD53BEC1F39F91BE7B55103791EDE6BBB991A2046172CB4581D8B893FA674DDA17A77B3B7C413D1B511FD2743BFF8A38F03A658705E3ADF8015C3A3417FF3D7E439FF591DA0B5F18BC20C1B8981957AE6392A3
310
F43C640C01D1A0B4728E2DD4F26DB4B3C3152A252A3B4E913CEC1C72F012782FF88EFF8637AA552DBEF76408E8A8DE9E50F9E1CB3A2DA0DB1B6039A893B56063DC5B3E3FFB5F72E67AB9FEB4AEC496C4F4C1149625DD662C53E89D7BF0F6151A046260D1337DFDC94502430F83B0EE07A130A224BCAD7DAE1D9FB6CD422FF6
310
920702629C4BB9AE79C12F243C6432A6794E18E5552BA56B431AAB5D91317302B2B071E86C3A42B1A02F999E24061403B5D0EB639195DA655DD3EBEAB4FB862DDF579F014AD0E73C22F99E28DA57FB98E75C6CA2D74D53086D600F4786E0FE3144B771A8A7B900F03594DB8A633CBC49B2EDB69228BB479CF863B5E807AAAB
310
23872F6DFEB4129B949CA33823F58830E86D65621E10047D9DB34D862E8EAC3C2ABC2F7B2C40D67CDFE01F5545B92105AF983AC54D93D69E56FB8E797F88913F898A9FEC705D3F9D1B54EC8426FB500D40A03BD0119B06E1B95DDC7EB8F6975367793EBD70E66733DFB9BC982F9CE564727731999F5D4ECFCE3B8D6A4DC2A0
310
6D50FD148437D110834A64C6CDDF57FBACB5C307A2A477DFE4939736CFEF2B175371E0E10CF0DD1D5C15654E0BCA14D1E87DD02FF93782A162C0A3D95F1524A52770F972BF1EE9809D13CE7DD599467F8ECE9ADD85CE85A34CD45355448C64F9E8A031DC2D596ACC6E5DD93D9B82DE2EF5CAF81363A8E47996A0DE24564A79
310
4115AACE09C55E14540231FDA13C319787134EBF34E3A022514E5B4D9E0826E25C02D5805B15ABE1BEF51B26383D445DD9E875EE33FE4C22DA16427D65A3BCA92CA6D28DD01DF5DC53330704308475351050232CCD31583787BA75774AFB06E5070DD0C8EF484E19968C5D83BA5B90B244D31E54D55A372320FE4786B7EA58
310
44E135AA5467CB7EA333A61683CC6A8C3257034C10CF46F40EF9F5BE59BE5BD30C3C72D235E95D10345C1D45445A5F0BB47E46A5EBE5570F9380B5FA629579952296A773720405982B9DE04011506178964401AA8BDF1FBF0A8EAB6861DD6580C0E38217056766716DAEB2D6FA0917D3E4116581EADB879C4E7CFFB11EFACD
310
3D641311495D92C8676CB409A72D18610D803CE8A626049E8EC1887CB5B44CC39883690DDA8399B4B9855B481E7D71D4A9D22F96E5BB73BF5793020C02137BF837504B0304140006080000CC70623B000000000000000000000000350000006662782F36394639363044362D344446342D343946362D394244322D32343142
310
43333846323333332F76657274696365732E62696E504B0304140006080800CC70623BF270F1330600000004000000360000006662782F36394639363044362D344446342D343946362D394244322D3234314243333846323333332F747269616E676C65732E62696E636660600000504B0304140006080000CC70623B0000
310
00000000000000000000370000006662782F36394639363044362D344446342D343946362D394244322D3234314243333846323333332F617474726962757465732E62696E504B0304140006080800CC70623B08DA0BD19000000041010000360000006662782F36394639363044362D344446342D343946362D394244322D
310
3234314243333846323333332F6469726563746F72792E786D6C858F410AC3201045AF22B36F53E9A60B35CBEEBAE80D244E44489C6234F4F835464A48035D0DF398FF9F8AF63D0E6CC63039F212F8F9020C7D47C6792B21C5FE7403D62A1188E2E60C98D7234A5830286103A55745067B9D86B8A3CF9C7F90C11DE607FB14
310
4396D7B6A82D282E9A152AD114D5EF2CB866EEE831B8EEA07A7BB5A8D7D61A2BAAEB7FD5F70921FF497D00504B0304140006080800CC70623BCA768048FE000000A00100003B0000006662782F36394639363044362D344446342D343946362D394244322D3234314243333846323333332F7265736F75726365732F636F72
310
652E786D6C8D50596E833010BD0A9ADFCA60D600328E9AA639412F609909B1126CE4A5EAF16B0295DABFFECC8CDEA2797AECF8353F924FB44E193D409E5248504B332A3D0D10FC95B4901C39B3C6F85F3248B49871801506CE266BC2B243D2688FDA47549B11775038871E12F988C7004EDE7016A9083E2ADC3D5D84BC8B09
310
D33C8D74D471E6BC8D0192EDC93A815B742658898E651BCB59086ADC356A8C3FD555A1055ED7E7E254D615792D0F075295F585746FF53B694EE78A565DD736979A65AB9933AFE69F8CD2A2F038022F28ED489E135A7CE4554F9BBEA85E68DB53CAB255FEC71496F19FA6A0B42F8B3DEE6673C0F318E4497096AD7DC5F52C33
310
EEB55BFE0D504B010214000A0000080000CC70623B3DEE336E79000000790000001B00000000000000000000000000000000006175746F6465736B2D64657369676E2D7061636B6167652E786D6C504B01021400140006080800CC70623BD486FD9CA0000000F40000001300000000000000000000000000B20000005B436F
310
6E74656E745F54797065735D2E786D6C504B01021400140006080800CC70623BD9DDAED0EC0000007C010000080000000000000000000000000083010000636F72652E786D6C504B01021400140006080800CC70623B55019EA25F0000007C000000070000000000000000000000000095020000636E782E786D6C504B0102
310
1400140006080800CC70623BA24EB22D72010000D40300000C00000000000000000000000000190300006662782F636F72652E786D6C504B01021400140006080800CC70623B408A7D3B7C0000009D0000000B00000000000000000000000000B50400006662782F636E782E786D6C504B01021400140006080800CC70623B
310
449FB9BD290100001202000031000000000000000000000000005A0500006662782F36394639363044362D344446342D343946362D394244322D3234314243333846323333332F636F72652E786D6C504B01021400140006080800CC70623BAD7543B64E010000330300003000000000000000000000000000D20600006662
310
782F36394639363044362D344446342D343946362D394244322D3234314243333846323333332F636E782E786D6C504B01021400140006080800CC70623B8D05915C650500003B10000034000000000000000000000000006E0800006662782F36394639363044362D344446342D343946362D394244322D32343142433338
310
46323333332F6F626A656374732E786D6C504B01021400140006080000CC70623B0000000000000000000000003500000000000000000000000000250E00006662782F36394639363044362D344446342D343946362D394244322D3234314243333846323333332F76657274696365732E62696E504B010214001400060808
310
00CC70623BF270F13306000000040000003600000000000000000000000000780E00006662782F36394639363044362D344446342D343946362D394244322D3234314243333846323333332F747269616E676C65732E62696E504B01021400140006080000CC70623B00000000000000000000000037000000000000000000
310
00000000D20E00006662782F36394639363044362D344446342D343946362D394244322D3234314243333846323333332F617474726962757465732E62696E504B01021400140006080800CC70623B08DA0BD190000000410100003600000000000000000000000000270F00006662782F36394639363044362D344446342D
310
343946362D394244322D3234314243333846323333332F6469726563746F72792E786D6C504B01021400140006080800CC70623BCA768048FE000000A00100003B000000000000000000000000000B1000006662782F36394639363044362D344446342D343946362D394244322D3234314243333846323333332F7265736F
310
75726365732F636F72652E786D6C504B0506000000000E000E0080040000621100000000
  0
XRECORD
  5
176
102
{ACAD_REACTORS
330
173
102
}
330
173
100
AcDbXrecord
280
     1
270
     1
271
     1
  0
XRECORD
  5
177
102
{ACAD_REACTORS
330
173
102
}
330
173
100
AcDbXrecord
280
     1
270
     1
271
     1
  0
CELLSTYLEMAP
  5
152D
102
{ACAD_REACTORS
330
162
102
}
330
162
100
AcDbCellStyleMap
 90
        3
300
CELLSTYLE
  1
TABLEFORMAT_BEGIN
 90
        5
170
     1
 91
        0
 92
    32768
 62
   257
 93
        1
300
CONTENTFORMAT
  1
CONTENTFORMAT_BEGIN
 90
        0
 91
        0
 92
      512
 93
        0
300

 40
0.0
140
1.0
 94
        5
 62
     0
340
11
144
6.0
309
CONTENTFORMAT_END
171
     1
301
MARGIN
  1
CELLMARGIN_BEGIN
 40
1.5
 40
1.5
 40
1.5
 40
1.5
 40
4.5
 40
4.5
309
CELLMARGIN_END
 94
        6
 95
        1
302
GRIDFORMAT
  1
GRIDFORMAT_BEGIN
 90
        0
 91
        1
 62
     0
 92
       -2
340
14
 93
        0
 40
1.125
309
GRIDFORMAT_END
 95
        2
302
GRIDFORMAT
  1
GRIDFORMAT_BEGIN
 90
        0
 91
        1
 62
     0
 92
       -2
340
14
 93
        0
 40
1.125
309
GRIDFORMAT_END
 95
        4
302
GRIDFORMAT
  1
GRIDFORMAT_BEGIN
 90
        0
 91
        1
 62
     0
 92
       -2
340
14
 93
        0
 40
1.125
309
GRIDFORMAT_END
 95
        8
302
GRIDFORMAT
  1
GRIDFORMAT_BEGIN
 90
        0
 91
        1
 62
     0
 92
       -2
340
14
 93
        0
 40
1.125
309
GRIDFORMAT_END
 95
       16
302
GRIDFORMAT
  1
GRIDFORMAT_BEGIN
 90
        0
 91
        1
 62
     0
 92
       -2
340
14
 93
        0
 40
1.125
309
GRIDFORMAT_END
 95
       32
302
GRIDFORMAT
  1
GRIDFORMAT_BEGIN
 90
        0
 91
        1
 62
     0
 92
       -2
340
14
 93
        0
 40
1.125
309
GRIDFORMAT_END
309
TABLEFORMAT_END
  1
CELLSTYLE_BEGIN
 90
        1
 91
        1
300
_TITLE
309
CELLSTYLE_END
300
CELLSTYLE
  1
TABLEFORMAT_BEGIN
 90
        5
170
     1
 91
        0
 92
        0
 62
   257
 93
        1
300
CONTENTFORMAT
  1
CONTENTFORMAT_BEGIN
 90
        0
 91
        0
 92
      512
 93
        0
300

 40
0.0
140
1.0
 94
        5
 62
     0
340
11
144
4.5
309
CONTENTFORMAT_END
171
     1
301
MARGIN
  1
CELLMARGIN_BEGIN
 40
1.5
 40
1.5
 40
1.5
 40
1.5
 40
4.5
 40
4.5
309
CELLMARGIN_END
 94
        6
 95
        1
302
GRIDFORMAT
  1
GRIDFORMAT_BEGIN
 90
        0
 91
        1
 62
     0
 92
       -2
340
14
 93
        0
 40
1.125
309
GRIDFORMAT_END
 95
        2
302
GRIDFORMAT
  1
GRIDFORMAT_BEGIN
 90
        0
 91
        1
 62
     0
 92
       -2
340
14
 93
        0
 40
1.125
309
GRIDFORMAT_END
 95
        4
302
GRIDFORMAT
  1
GRIDFORMAT_BEGIN
 90
        0
 91
        1
 62
     0
 92
       -2
340
14
 93
        0
 40
1.125
309
GRIDFORMAT_END
 95
        8
302
GRIDFORMAT
  1
GRIDFORMAT_BEGIN
 90
        0
 91
        1
 62
     0
 92
       -2
340
14
 93
        0
 40
1.125
309
GRIDFORMAT_END
 95
       16
302
GRIDFORMAT
  1
GRIDFORMAT_BEGIN
 90
        0
 91
        1
 62
     0
 92
       -2
340
14
 93
        0
 40
1.125
309
GRIDFORMAT_END
 95
       32
302
GRIDFORMAT
  1
GRIDFORMAT_BEGIN
 90
        0
 91
        1
 62
     0
 92
       -2
340
14
 93
        0
 40
1.125
309
GRIDFORMAT_END
309
TABLEFORMAT_END
  1
CELLSTYLE_BEGIN
 90
        2
 91
        1
300
_HEADER
309
CELLSTYLE_END
300
CELLSTYLE
  1
TABLEFORMAT_BEGIN
 90
        5
170
     1
 91
        0
 92
        0
 62
   257
 93
        1
300
CONTENTFORMAT
  1
CONTENTFORMAT_BEGIN
 90
        0
 91
        0
 92
      512
 93
        0
300

 40
0.0
140
1.0
 94
        2
 62
     0
340
11
144
4.5
309
CONTENTFORMAT_END
171
     1
301
MARGIN
  1
CELLMARGIN_BEGIN
 40
1.5
 40
1.5
 40
1.5
 40
1.5
 40
4.5
 40
4.5
309
CELLMARGIN_END
 94
        6
 95
        1
302
GRIDFORMAT
  1
GRIDFORMAT_BEGIN
 90
        0
 91
        1
 62
     0
 92
       -2
340
14
 93
        0
 40
1.125
309
GRIDFORMAT_END
 95
        2
302
GRIDFORMAT
  1
GRIDFORMAT_BEGIN
 90
        0
 91
        1
 62
     0
 92
       -2
340
14
 93
        0
 40
1.125
309
GRIDFORMAT_END
 95
        4
302
GRIDFORMAT
  1
GRIDFORMAT_BEGIN
 90
        0
 91
        1
 62
     0
 92
       -2
340
14
 93
        0
 40
1.125
309
GRIDFORMAT_END
 95
        8
302
GRIDFORMAT
  1
GRIDFORMAT_BEGIN
 90
        0
 91
        1
 62
     0
 92
       -2
340
14
 93
        0
 40
1.125
309
GRIDFORMAT_END
 95
       16
302
GRIDFORMAT
  1
GRIDFORMAT_BEGIN
 90
        0
 91
        1
 62
     0
 92
       -2
340
14
 93
        0
 40
1.125
309
GRIDFORMAT_END
 95
       32
302
GRIDFORMAT
  1
GRIDFORMAT_BEGIN
 90
        0
 91
        1
 62
     0
 92
       -2
340
14
 93
        0
 40
1.125
309
GRIDFORMAT_END
309
TABLEFORMAT_END
  1
CELLSTYLE_BEGIN
 90
        3
 91
        2
300
_DATA
309
CELLSTYLE_END
  0
ENDSEC
  0
SECTION
  2
ACDSDATA
 70
     2
 71
     8
  0
ACDSSCHEMA
 90
        0
  1
AcDb_Thumbnail_Schema
  2
AcDbDs::ID
280
    10
 91
        8
  2
Thumbnail_Data
280
    15
 91
        0
101
ACDSRECORD
 95
        0
 90
        1
  2
AcDbDs::TreatedAsObjectData
280
     1
291
     1
101
ACDSRECORD
 95
        0
 90
        2
  2
AcDbDs::Legacy
280
     1
291
     1
101
ACDSRECORD
  1
AcDbDs::ID
 90
        3
  2
AcDs:Indexable
280
     1
291
     1
101
ACDSRECORD
  1
AcDbDs::ID
 90
        4
  2
AcDbDs::HandleAttribute
280
     7
282
     1
  0
ACDSSCHEMA
 90
        1
  1
AcDbDs::TreatedAsObjectDataSchema
  2
AcDbDs::TreatedAsObjectData
280
     1
 91
        0
  0
ACDSSCHEMA
 90
        2
  1
AcDbDs::LegacySchema
  2
AcDbDs::Legacy
280
     1
 91
        0
  0
ACDSSCHEMA
 90
        3
  1
AcDbDs::IndexedPropertySchema
  2
AcDs:Indexable
280
     1
 91
        0
  0
ACDSSCHEMA
 90
        4
  1
AcDbDs::HandleAttributeSchema
  2
AcDbDs::HandleAttribute
280
     7
 91
        1
284
     1
  0
ACDSRECORD
 90
        0
  2
AcDbDs::ID
280
    10
320
22
  2
Thumbnail_Data
280
    15
 94
      896
310
89504E470D0A1A0A0000000D49484452000001000000009108030000001BE1960600000300504C5445212830FFFFFF2128300000000000000000000000000000000000000000000000000000330000660000990000CC0000FF0033000033330033660033990033CC0033FF0066000066330066660066990066CC0066FF0099
310
000099330099660099990099CC0099FF00CC0000CC3300CC6600CC9900CCCC00CCFF00FF0000FF3300FF6600FF9900FFCC00FFFF3300003300333300663300993300CC3300FF3333003333333333663333993333CC3333FF3366003366333366663366993366CC3366FF3399003399333399663399993399CC3399FF33CC00
310
33CC3333CC6633CC9933CCCC33CCFF33FF0033FF3333FF6633FF9933FFCC33FFFF6600006600336600666600996600CC6600FF6633006633336633666633996633CC6633FF6666006666336666666666996666CC6666FF6699006699336699666699996699CC6699FF66CC0066CC3366CC6666CC9966CCCC66CCFF66FF0066
310
FF3366FF6666FF9966FFCC66FFFF9900009900339900669900999900CC9900FF9933009933339933669933999933CC9933FF9966009966339966669966999966CC9966FF9999009999339999669999999999CC9999FF99CC0099CC3399CC6699CC9999CCCC99CCFF99FF0099FF3399FF6699FF9999FFCC99FFFFCC0000CC00
310
33CC0066CC0099CC00CCCC00FFCC3300CC3333CC3366CC3399CC33CCCC33FFCC6600CC6633CC6666CC6699CC66CCCC66FFCC9900CC9933CC9966CC9999CC99CCCC99FFCCCC00CCCC33CCCC66CCCC99CCCCCCCCCCFFCCFF00CCFF33CCFF66CCFF99CCFFCCCCFFFFFF0000FF0033FF0066FF0099FF00CCFF00FFFF3300FF3333
310
FF3366FF3399FF33CCFF33FFFF6600FF6633FF6666FF6699FF66CCFF66FFFF9900FF9933FF9966FF9999FF99CCFF99FFFFCC00FFCC33FFCC66FFCC99FFCCCCFFCCFFFFFF00FFFF33FFFF66FFFF99FFFFCCFFFFFF0000000D0D0D1A1A1A2828283535354343435050505D5D5D6B6B6B787878868686939393A1A1A1AEAEAEBB
310
BBBBC9C9C9D6D6D6E4E4E4F1F1F1FFFFFF0000000000000000000000000000000000000000000000000000000000002E4550F10000003B4944415478DAEDC13101000000C2A0F54F6D0B2FA0000000000000000000000000000000000000000000000000000000000000000000000000CE06919100016C9A5B1B0000000049
310
454E44AE426082
  0
ENDSEC
  0
EOF
