  0
SECTION
  2
HEADER
  9
$ACADVER
  1
AC1032
  9
$ACADMAINTVER
 90
      248
  9
$DWGCODEPAGE
  3
ANSI_1251
  9
$LASTSAVEDBY
  1
User
  9
$REQUIREDVERSIONS
160
                 0
  9
$INSBASE
 10
0.0
 20
0.0
 30
0.0
  9
$EXTMIN
 10
22970.61785568023
 20
13206.63351651284
 30
0.0
  9
$EXTMAX
 10
69798.43274923421
 20
41218.62259361652
 30
0.0
  9
$LIMMIN
 10
0.0
 20
0.0
  9
$LIMMAX
 10
420.0
 20
297.0
  9
$ORTHOMODE
 70
     0
  9
$REGENMODE
 70
     1
  9
$FILLMODE
 70
     1
  9
$QTEXTMODE
 70
     0
  9
$MIRRTEXT
 70
     0
  9
$LTSCALE
 40
1.0
  9
$ATTMODE
 70
     1
  9
$TEXTSIZE
 40
2.5
  9
$TRACEWID
 40
1.0
  9
$TEXTSTYLE
  7
Standard
  9
$CLAYER
  8
0
  9
$CELTYPE
  6
ByLayer
  9
$CECOLOR
 62
   256
  9
$CELTSCALE
 40
1.0
  9
$DISPSILH
 70
     0
  9
$DIMSCALE
 40
1.0
  9
$DIMASZ
 40
2.5
  9
$DIMEXO
 40
0.625
  9
$DIMDLI
 40
3.75
  9
$DIMRND
 40
0.0
  9
$DIMDLE
 40
0.0
  9
$DIMEXE
 40
1.25
  9
$DIMTP
 40
0.0
  9
$DIMTM
 40
0.0
  9
$DIMTXT
 40
2.5
  9
$DIMCEN
 40
2.5
  9
$DIMTSZ
 40
0.0
  9
$DIMTOL
 70
     0
  9
$DIMLIM
 70
     0
  9
$DIMTIH
 70
     0
  9
$DIMTOH
 70
     0
  9
$DIMSE1
 70
     0
  9
$DIMSE2
 70
     0
  9
$DIMTAD
 70
     1
  9
$DIMZIN
 70
     8
  9
$DIMBLK
  1

  9
$DIMASO
 70
     1
  9
$DIMSHO
 70
     1
  9
$DIMPOST
  1

  9
$DIMAPOST
  1

  9
$DIMALT
 70
     0
  9
$DIMALTD
 70
     3
  9
$DIMALTF
 40
0.03937007874016
  9
$DIMLFAC
 40
1.0
  9
$DIMTOFL
 70
     1
  9
$DIMTVP
 40
0.0
  9
$DIMTIX
 70
     0
  9
$DIMSOXD
 70
     0
  9
$DIMSAH
 70
     0
  9
$DIMBLK1
  1

  9
$DIMBLK2
  1

  9
$DIMSTYLE
  2
ISO-25
  9
$DIMCLRD
 70
     0
  9
$DIMCLRE
 70
     0
  9
$DIMCLRT
 70
     0
  9
$DIMTFAC
 40
1.0
  9
$DIMGAP
 40
0.625
  9
$DIMJUST
 70
     0
  9
$DIMSD1
 70
     0
  9
$DIMSD2
 70
     0
  9
$DIMTOLJ
 70
     0
  9
$DIMTZIN
 70
     8
  9
$DIMALTZ
 70
     0
  9
$DIMALTTZ
 70
     0
  9
$DIMUPT
 70
     0
  9
$DIMDEC
 70
     2
  9
$DIMTDEC
 70
     2
  9
$DIMALTU
 70
     2
  9
$DIMALTTD
 70
     3
  9
$DIMTXSTY
  7
Standard
  9
$DIMAUNIT
 70
     0
  9
$DIMADEC
 70
     0
  9
$DIMALTRND
 40
0.0
  9
$DIMAZIN
 70
     0
  9
$DIMDSEP
 70
    44
  9
$DIMATFIT
 70
     3
  9
$DIMFRAC
 70
     0
  9
$DIMLDRBLK
  1

  9
$DIMLUNIT
 70
     2
  9
$DIMLWD
 70
    -2
  9
$DIMLWE
 70
    -2
  9
$DIMTMOVE
 70
     0
  9
$DIMFXL
 40
1.0
  9
$DIMFXLON
 70
     0
  9
$DIMJOGANG
 40
0.7853981633974483
  9
$DIMTFILL
 70
     0
  9
$DIMTFILLCLR
 70
     0
  9
$DIMARCSYM
 70
     0
  9
$DIMLTYPE
  6

  9
$DIMLTEX1
  6

  9
$DIMLTEX2
  6

  9
$DIMTXTDIRECTION
 70
     0
  9
$LUNITS
 70
     2
  9
$LUPREC
 70
     4
  9
$SKETCHINC
 40
1.0
  9
$FILLETRAD
 40
0.0
  9
$AUNITS
 70
     0
  9
$AUPREC
 70
     0
  9
$MENU
  1
.
  9
$ELEVATION
 40
0.0
  9
$PELEVATION
 40
0.0
  9
$THICKNESS
 40
0.0
  9
$LIMCHECK
 70
     0
  9
$CHAMFERA
 40
0.0
  9
$CHAMFERB
 40
0.0
  9
$CHAMFERC
 40
0.0
  9
$CHAMFERD
 40
0.0
  9
$SKPOLY
 70
     0
  9
$TDCREATE
 40
2461252.498425926
  9
$TDUCREATE
 40
2461252.373425926
  9
$TDUPDATE
 40
2461252.498969908
  9
$TDUUPDATE
 40
2461252.373969907
  9
$TDINDWG
 40
0.0005439815
  9
$TDUSRTIMER
 40
0.0005439815
  9
$USRTIMER
 70
     1
  9
$ANGBASE
 50
0.0
  9
$ANGDIR
 70
     0
  9
$PDMODE
 70
     0
  9
$PDSIZE
 40
0.0
  9
$PLINEWID
 40
0.0
  9
$SPLFRAME
 70
     0
  9
$SPLINETYPE
 70
     6
  9
$SPLINESEGS
 70
     8
  9
$HANDSEED
  5
120C
  9
$SURFTAB1
 70
     6
  9
$SURFTAB2
 70
     6
  9
$SURFTYPE
 70
     6
  9
$SURFU
 70
     6
  9
$SURFV
 70
     6
  9
$UCSBASE
  2

  9
$UCSNAME
  2

  9
$UCSORG
 10
0.0
 20
0.0
 30
0.0
  9
$UCSXDIR
 10
1.0
 20
0.0
 30
0.0
  9
$UCSYDIR
 10
0.0
 20
1.0
 30
0.0
  9
$UCSORTHOREF
  2

  9
$UCSORTHOVIEW
 70
     0
  9
$UCSORGTOP
 10
0.0
 20
0.0
 30
0.0
  9
$UCSORGBOTTOM
 10
0.0
 20
0.0
 30
0.0
  9
$UCSORGLEFT
 10
0.0
 20
0.0
 30
0.0
  9
$UCSORGRIGHT
 10
0.0
 20
0.0
 30
0.0
  9
$UCSORGFRONT
 10
0.0
 20
0.0
 30
0.0
  9
$UCSORGBACK
 10
0.0
 20
0.0
 30
0.0
  9
$PUCSBASE
  2

  9
$PUCSNAME
  2

  9
$PUCSORG
 10
0.0
 20
0.0
 30
0.0
  9
$PUCSXDIR
 10
1.0
 20
0.0
 30
0.0
  9
$PUCSYDIR
 10
0.0
 20
1.0
 30
0.0
  9
$PUCSORTHOREF
  2

  9
$PUCSORTHOVIEW
 70
     0
  9
$PUCSORGTOP
 10
0.0
 20
0.0
 30
0.0
  9
$PUCSORGBOTTOM
 10
0.0
 20
0.0
 30
0.0
  9
$PUCSORGLEFT
 10
0.0
 20
0.0
 30
0.0
  9
$PUCSORGRIGHT
 10
0.0
 20
0.0
 30
0.0
  9
$PUCSORGFRONT
 10
0.0
 20
0.0
 30
0.0
  9
$PUCSORGBACK
 10
0.0
 20
0.0
 30
0.0
  9
$USERI1
 70
     0
  9
$USERI2
 70
     0
  9
$USERI3
 70
     0
  9
$USERI4
 70
     0
  9
$USERI5
 70
     0
  9
$USERR1
 40
0.0
  9
$USERR2
 40
0.0
  9
$USERR3
 40
0.0
  9
$USERR4
 40
0.0
  9
$USERR5
 40
0.0
  9
$WORLDVIEW
 70
     1
  9
$SHADEDGE
 70
     3
  9
$SHADEDIF
 70
    70
  9
$TILEMODE
 70
     1
  9
$MAXACTVP
 70
    64
  9
$PINSBASE
 10
0.0
 20
0.0
 30
0.0
  9
$PLIMCHECK
 70
     0
  9
$PEXTMIN
 10
0.0
 20
0.0
 30
0.0
  9
$PEXTMAX
 10
0.0
 20
0.0
 30
0.0
  9
$PLIMMIN
 10
0.0
 20
0.0
  9
$PLIMMAX
 10
12.0
 20
9.0
  9
$UNITMODE
 70
     0
  9
$VISRETAIN
 70
     1
  9
$PLINEGEN
 70
     0
  9
$PSLTSCALE
 70
     1
  9
$TREEDEPTH
 70
  3020
  9
$CMLSTYLE
  2
Standard
  9
$CMLJUST
 70
     0
  9
$CMLSCALE
 40
20.0
  9
$PROXYGRAPHICS
 70
     1
  9
$MEASUREMENT
 70
     1
  9
$CELWEIGHT
370
    -1
  9
$ENDCAPS
280
     0
  9
$JOINSTYLE
280
     0
  9
$LWDISPLAY
290
     0
  9
$INSUNITS
 70
     4
  9
$HYPERLINKBASE
  1

  9
$STYLESHEET
  1

  9
$XEDIT
290
     1
  9
$CEPSNTYPE
380
     0
  9
$PSTYLEMODE
290
     1
  9
$FINGERPRINTGUID
  2
{B0EBE185-E0CD-844B-9887-536F91029164}
  9
$VERSIONGUID
  2
{C4184E6F-80B0-1240-99EA-D54378934BA5}
  9
$EXTNAMES
290
     1
  9
$PSVPSCALE
 40
0.0
  9
$OLESTARTUP
290
     0
  9
$SORTENTS
280
   127
  9
$INDEXCTL
280
     0
  9
$HIDETEXT
280
     1
  9
$XCLIPFRAME
280
     2
  9
$HALOGAP
280
     0
  9
$OBSCOLOR
 70
   257
  9
$OBSLTYPE
280
     0
  9
$INTERSECTIONDISPLAY
280
     0
  9
$INTERSECTIONCOLOR
 70
   257
  9
$DIMASSOC
280
     2
  9
$PROJECTNAME
  1

  9
$CAMERADISPLAY
290
     0
  9
$LENSLENGTH
 40
50.0
  9
$CAMERAHEIGHT
 40
0.0
  9
$STEPSPERSEC
 40
2.0
  9
$STEPSIZE
 40
6.0
  9
$3DDWFPREC
 40
2.0
  9
$PSOLWIDTH
 40
5.0
  9
$PSOLHEIGHT
 40
80.0
  9
$LOFTANG1
 40
1.570796326794896
  9
$LOFTANG2
 40
1.570796326794896
  9
$LOFTMAG1
 40
0.0
  9
$LOFTMAG2
 40
0.0
  9
$LOFTPARAM
 70
     7
  9
$LOFTNORMALS
280
     1
  9
$LATITUDE
 40
37.795
  9
$LONGITUDE
 40
-122.394
  9
$NORTHDIRECTION
 40
0.0
  9
$TIMEZONE
 70
 -8000
  9
$LIGHTGLYPHDISPLAY
280
     1
  9
$TILEMODELIGHTSYNCH
280
     1
  9
$CMATERIAL
347
EC
  9
$SOLIDHIST
280
     0
  9
$SHOWHIST
280
     1
  9
$DWFFRAME
280
     2
  9
$DGNFRAME
280
     0
  9
$REALWORLDSCALE
290
     1
  9
$INTERFERECOLOR
 62
     1
  9
$INTERFEREOBJVS
345
F9
  9
$INTERFEREVPVS
346
F6
  9
$CSHADOW
280
     0
  9
$SHADOWPLANELOCATION
 40
0.0
  0
ENDSEC
  0
SECTION
  2
CLASSES
  0
CLASS
  1
ACDBDICTIONARYWDFLT
  2
AcDbDictionaryWithDefault
  3
ObjectDBX Classes
 90
        0
 91
        1
280
     0
281
     0
  0
CLASS
  1
DICTIONARYVAR
  2
AcDbDictionaryVar
  3
ObjectDBX Classes
 90
        0
 91
       12
280
     0
281
     0
  0
CLASS
  1
TABLESTYLE
  2
AcDbTableStyle
  3
ObjectDBX Classes
 90
     4095
 91
        2
280
     0
281
     0
  0
CLASS
  1
MATERIAL
  2
AcDbMaterial
  3
ObjectDBX Classes
 90
     1153
 91
        3
280
     0
281
     0
  0
CLASS
  1
VISUALSTYLE
  2
AcDbVisualStyle
  3
ObjectDBX Classes
 90
     4095
 91
       24
280
     0
281
     0
  0
CLASS
  1
SCALE
  2
AcDbScale
  3
ObjectDBX Classes
 90
     1153
 91
       18
280
     0
281
     0
  0
CLASS
  1
MLEADERSTYLE
  2
AcDbMLeaderStyle
  3
ACDB_MLEADERSTYLE_CLASS
 90
     4095
 91
        3
280
     0
281
     0
  0
CLASS
  1
CELLSTYLEMAP
  2
AcDbCellStyleMap
  3
ObjectDBX Classes
 90
     1152
 91
        2
280
     0
281
     0
  0
CLASS
  1
EXACXREFPANELOBJECT
  2
ExAcXREFPanelObject
  3
EXAC_ESW
 90
     1025
 91
        0
280
     0
281
     0
  0
CLASS
  1
NPOCOLLECTION
  2
AcDbImpNonPersistentObjectsCollection
  3
ObjectDBX Classes
 90
     1153
 91
        0
280
     0
281
     0
  0
CLASS
  1
LAYER_INDEX
  2
AcDbLayerIndex
  3
ObjectDBX Classes
 90
        0
 91
        0
280
     0
281
     0
  0
CLASS
  1
SPATIAL_INDEX
  2
AcDbSpatialIndex
  3
ObjectDBX Classes
 90
        0
 91
        0
280
     0
281
     0
  0
CLASS
  1
IDBUFFER
  2
AcDbIdBuffer
  3
ObjectDBX Classes
 90
        0
 91
        0
280
     0
281
     0
  0
CLASS
  1
ACDBSECTIONVIEWSTYLE
  2
AcDbSectionViewStyle
  3
ObjectDBX Classes
 90
     1025
 91
        1
280
     0
281
     0
  0
CLASS
  1
ACDBDETAILVIEWSTYLE
  2
AcDbDetailViewStyle
  3
ObjectDBX Classes
 90
     1025
 91
        1
280
     0
281
     0
  0
CLASS
  1
SORTENTSTABLE
  2
AcDbSortentsTable
  3
ObjectDBX Classes
 90
        0
 91
        2
280
     0
281
     0
  0
CLASS
  1
WIPEOUT
  2
AcDbWipeout
  3
WipeOut|Product Desc: Object Enabler for WipeOut entity | Company: Autodesk, Inc. | WEB Address: www.autodesk.com
 90
     2175
 91
        1
280
     0
281
     1
  0
CLASS
  1
MULTILEADER
  2
AcDbMLeader
  3
ACDB_MLEADER_CLASS
 90
     1025
 91
       24
280
     0
281
     1
  0
CLASS
  1
ACAD_TABLE
  2
AcDbTable
  3
ObjectDBX Classes
 90
     1025
 91
        2
280
     0
281
     1
  0
CLASS
  1
WIPEOUTVARIABLES
  2
AcDbWipeoutVariables
  3
"WipeOut|Product Desc:     WipeOut Dbx Application|Company:          Autodesk, Inc.|WEB Address:      www.autodesk.com"
 90
        0
 91
        1
280
     0
281
     0
  0
CLASS
  1
TABLECONTENT
  2
AcDbTableContent
  3
ObjectDBX Classes
 90
     1152
 91
        1
280
     0
281
     0
  0
CLASS
  1
TABLEGEOMETRY
  2
AcDbTableGeometry
  3
ObjectDBX Classes
 90
     1152
 91
        1
280
     0
281
     0
  0
ENDSEC
  0
SECTION
  2
TABLES
  0
TABLE
  2
VPORT
  5
8
330
0
100
AcDbSymbolTable
 70
     1
  0
VPORT
  5
EA
330
8
100
AcDbSymbolTableRecord
100
AcDbViewportTableRecord
  2
*Active
 70
     0
 10
0.0
 20
0.0
 11
1.0
 21
1.0
 12
41949.35306315632
 22
11479.74275522074
 13
0.0
 23
0.0
 14
10.0
 24
10.0
 15
10.0
 25
10.0
 16
0.0
 26
0.0
 36
1.0
 17
0.0
 27
0.0
 37
0.0
 40
70892.70562110854
 41
1.930260047281323
 42
50.0
 43
0.0
 44
0.0
 50
0.0
 51
0.0
 71
     0
 72
  1000
 73
     1
 74
     3
 75
     0
 76
     1
 77
     0
 78
     0
281
     0
 65
     1
110
0.0
120
0.0
130
0.0
111
1.0
121
0.0
131
0.0
112
0.0
122
1.0
132
0.0
 79
     0
146
0.0
348
F5
 60
     3
 61
     5
292
     1
282
     1
141
0.0
142
0.0
 63
   250
421
  3355443
1001
ACAD_NAV_VCDISPLAY
1070
     3
  0
ENDTAB
  0
TABLE
  2
LTYPE
  5
5
330
0
100
AcDbSymbolTable
 70
     3
  0
LTYPE
  5
14
330
5
100
AcDbSymbolTableRecord
100
AcDbLinetypeTableRecord
  2
ByBlock
 70
     0
  3

 72
    65
 73
     0
 40
0.0
  0
LTYPE
  5
15
330
5
100
AcDbSymbolTableRecord
100
AcDbLinetypeTableRecord
  2
ByLayer
 70
     0
  3

 72
    65
 73
     0
 40
0.0
  0
LTYPE
  5
16
330
5
100
AcDbSymbolTableRecord
100
AcDbLinetypeTableRecord
  2
Continuous
 70
     0
  3
Solid line
 72
    65
 73
     0
 40
0.0
  0
LTYPE
  5
77D
330
5
100
AcDbSymbolTableRecord
100
AcDbLinetypeTableRecord
  2
DASHED
 70
     0
  3
Dashed __ __ __ __ __ __ __ __ __ __ __ __ __ _
 72
    65
 73
     2
 40
19.05
 49
12.7
 74
     0
 49
-6.349999999999999
 74
     0
  0
LTYPE
  5
77E
330
5
100
AcDbSymbolTableRecord
100
AcDbLinetypeTableRecord
  2
DASHDOT
 70
     0
  3
Dash dot __ . __ . __ . __ . __ . __ . __ . __
 72
    65
 73
     4
 40
25.4
 49
12.7
 74
     0
 49
-6.349999999999999
 74
     0
 49
0.0
 74
     0
 49
-6.349999999999999
 74
     0
  0
ENDTAB
  0
TABLE
  2
LAYER
  5
2
102
{ACAD_XDICTIONARY
360
1FF
102
}
330
0
100
AcDbSymbolTable
 70
    10
  0
LAYER
  5
10
102
{ACAD_XDICTIONARY
360
13C
102
}
330
2
100
AcDbSymbolTableRecord
100
AcDbLayerTableRecord
  2
0
 70
     0
 62
     7
  6
Continuous
370
    -3
390
F
347
EE
348
0
  0
LAYER
  5
77F
330
2
100
AcDbSymbolTableRecord
100
AcDbLayerTableRecord
  2
Defpoints
 70
     0
 62
     7
  6
Continuous
290
     0
370
    -3
390
F
347
EE
348
0
  0
LAYER
  5
780
330
2
100
AcDbSymbolTableRecord
100
AcDbLayerTableRecord
  2
$Тонкие
 70
     0
 62
     8
  6
Continuous
370
    13
390
F
347
EE
348
0
  0
LAYER
  5
781
330
2
100
AcDbSymbolTableRecord
100
AcDbLayerTableRecord
  2
$Текст Model
 70
     0
 62
     7
  6
Continuous
370
    13
390
F
347
EE
348
0
  0
LAYER
  5
782
330
2
100
AcDbSymbolTableRecord
100
AcDbLayerTableRecord
  2
$Слои конструкции
 70
     0
 62
     7
  6
Continuous
370
    35
390
F
347
EE
348
0
  0
LAYER
  5
783
330
2
100
AcDbSymbolTableRecord
100
AcDbLayerTableRecord
  2
$Пунктир
 70
     0
 62
     3
  6
DASHED
370
    13
390
F
347
EE
348
0
  0
LAYER
  5
784
330
2
100
AcDbSymbolTableRecord
100
AcDbLayerTableRecord
  2
$Оси
 70
     0
 62
     1
  6
DASHDOT
370
    13
390
F
347
EE
348
0
  0
LAYER
  5
785
330
2
100
AcDbSymbolTableRecord
100
AcDbLayerTableRecord
  2
$Размеры
 70
     0
 62
     5
  6
Continuous
370
    13
390
F
347
EE
348
0
  0
LAYER
  5
786
330
2
100
AcDbSymbolTableRecord
100
AcDbLayerTableRecord
  2
$Выноски
 70
     0
 62
     5
  6
Continuous
370
    13
390
F
347
EE
348
0
  0
LAYER
  5
787
330
2
100
AcDbSymbolTableRecord
100
AcDbLayerTableRecord
  2
$ Слои конструкции $
 70
     0
 62
     7
  6
Continuous
370
    35
390
F
347
EE
348
0
1001
AcAecLayerStandard
1000

1000

1001
AcCmTransparency
1071
        0
  0
ENDTAB
  0
TABLE
  2
STYLE
  5
3
330
0
100
AcDbSymbolTable
 70
     5
  0
STYLE
  5
11
330
3
100
AcDbSymbolTableRecord
100
AcDbTextStyleTableRecord
  2
Standard
 70
     0
 40
0.0
 41
1.0
 50
0.0
 71
     0
 42
2.5
  3
arial.ttf
  4

1001
ACAD
1000
Arial
1071
       34
  0
STYLE
  5
132
330
3
100
AcDbSymbolTableRecord
100
AcDbTextStyleTableRecord
  2
Аннотативный
 70
     0
 40
0.0
 41
1.0
 50
0.0
 71
     0
 42
2.5
  3
arial.ttf
  4

1001
AcadAnnotative
1000
AnnotativeData
1002
{
1070
     1
1070
     1
1002
}
1001
ACAD
1000
Arial
1071
       34
  0
STYLE
  5
788
330
3
100
AcDbSymbolTableRecord
100
AcDbTextStyleTableRecord
  2
ГОСТ 2.304
 70
     0
 40
0.0
 41
1.0
 50
0.0
 71
     0
 42
250.0
  3
CS_Gost2304.shx
  4

  0
STYLE
  5
789
330
3
100
AcDbSymbolTableRecord
100
AcDbTextStyleTableRecord
  2
@ТРАНСПРОЕКТ
 70
     0
 40
0.0
 41
1.0
 50
15.0
 71
     0
 42
250.0
  3
isocpeur.ttf
  4

1001
ACAD
1000
ISOCPEUR
1071
       34
  0
STYLE
  5
78A
330
3
100
AcDbSymbolTableRecord
100
AcDbTextStyleTableRecord
  2
ТРАНСПРОЕКТ
 70
     0
 40
2.5
 41
1.0
 50
15.0
 71
     0
 42
250.0
  3
isocpeur.ttf
  4

1001
ACAD
1000
ISOCPEUR
1071
       34
  0
ENDTAB
  0
TABLE
  2
VIEW
  5
6
330
0
100
AcDbSymbolTable
 70
     0
  0
ENDTAB
  0
TABLE
  2
UCS
  5
7
330
0
100
AcDbSymbolTable
 70
     0
  0
ENDTAB
  0
TABLE
  2
APPID
  5
9
330
0
100
AcDbSymbolTable
 70
    17
  0
APPID
  5
12
330
9
100
AcDbSymbolTableRecord
100
AcDbRegAppTableRecord
  2
ACAD
 70
     0
  0
APPID
  5
9E
330
9
100
AcDbSymbolTableRecord
100
AcDbRegAppTableRecord
  2
ACAD_PSEXT
 70
     0
  0
APPID
  5
133
330
9
100
AcDbSymbolTableRecord
100
AcDbRegAppTableRecord
  2
AcadAnnoPO
 70
     0
  0
APPID
  5
134
330
9
100
AcDbSymbolTableRecord
100
AcDbRegAppTableRecord
  2
AcadAnnotative
 70
     0
  0
APPID
  5
135
330
9
100
AcDbSymbolTableRecord
100
AcDbRegAppTableRecord
  2
ACAD_DSTYLE_DIMJAG
 70
     0
  0
APPID
  5
136
330
9
100
AcDbSymbolTableRecord
100
AcDbRegAppTableRecord
  2
ACAD_DSTYLE_DIMTALN
 70
     0
  0
APPID
  5
165
330
9
100
AcDbSymbolTableRecord
100
AcDbRegAppTableRecord
  2
ACAD_MLEADERVER
 70
     0
  0
APPID
  5
217
330
9
100
AcDbSymbolTableRecord
100
AcDbRegAppTableRecord
  2
ACAD_NAV_VCDISPLAY
 70
     0
  0
APPID
  5
78F
330
9
100
AcDbSymbolTableRecord
100
AcDbRegAppTableRecord
  2
McsXdata5
 70
     0
  0
APPID
  5
790
330
9
100
AcDbSymbolTableRecord
100
AcDbRegAppTableRecord
  2
AcDbDynamicBlockGUID
 70
     0
  0
APPID
  5
791
330
9
100
AcDbSymbolTableRecord
100
AcDbRegAppTableRecord
  2
ACAD_DSTYLE_DIMBREAK
 70
     0
  0
APPID
  5
792
330
9
100
AcDbSymbolTableRecord
100
AcDbRegAppTableRecord
  2
GradientColor1ACI
 70
     0
  0
APPID
  5
793
330
9
100
AcDbSymbolTableRecord
100
AcDbRegAppTableRecord
  2
GradientColor2ACI
 70
     0
  0
APPID
  5
794
330
9
100
AcDbSymbolTableRecord
100
AcDbRegAppTableRecord
  2
mc3dDrM
 70
     0
  0
APPID
  5
795
330
9
100
AcDbSymbolTableRecord
100
AcDbRegAppTableRecord
  2
mc3dCrTime
 70
     0
  0
APPID
  5
796
330
9
100
AcDbSymbolTableRecord
100
AcDbRegAppTableRecord
  2
AcAecLayerStandard
 70
     0
  0
APPID
  5
797
330
9
100
AcDbSymbolTableRecord
100
AcDbRegAppTableRecord
  2
AcCmTransparency
 70
     0
  0
ENDTAB
  0
TABLE
  2
DIMSTYLE
  5
A
330
0
100
AcDbSymbolTable
 70
     7
100
AcDbDimStyleTable
 71
     2
340
27
340
137
  0
DIMSTYLE
105
1B0
330
A
100
AcDbSymbolTableRecord
100
AcDbDimStyleTableRecord
  2
Standard
 70
     0
340
11
  0
DIMSTYLE
105
137
330
A
100
AcDbSymbolTableRecord
100
AcDbDimStyleTableRecord
  2
Аннотативный
 70
     0
 40
0.0
 41
2.5
 42
0.625
 43
3.75
 44
1.25
 73
     0
 74
     0
 77
     1
 78
     8
140
2.5
141
2.5
143
0.03937007874016
147
0.625
171
     3
172
     1
271
     2
272
     2
274
     3
278
    44
283
     0
284
     8
340
11
1001
AcadAnnotative
1000
AnnotativeData
1002
{
1070
     1
1070
     1
1002
}
1001
ACAD_DSTYLE_DIMJAG
1070
   388
1040
1.5
1001
ACAD_DSTYLE_DIMTALN
1070
   392
1070
     0
  0
DIMSTYLE
105
27
330
A
100
AcDbSymbolTableRecord
100
AcDbDimStyleTableRecord
  2
ISO-25
 70
     0
 41
2.5
 42
0.625
 43
3.75
 44
1.25
 73
     0
 74
     0
 77
     1
 78
     8
140
2.5
141
2.5
143
0.03937007874016
147
0.625
171
     3
172
     1
271
     2
272
     2
274
     3
278
    44
283
     0
284
     8
340
11
  0
DIMSTYLE
105
78B
330
A
100
AcDbSymbolTableRecord
100
AcDbDimStyleTableRecord
  2
СПДС
 70
     0
 40
100.0
 41
2.5
 42
0.625
 43
7.0
 44
2.0
 46
2.0
 50
90.0
 69
     1
 73
     0
 74
     0
 77
     1
 78
     8
 79
     2
 90
        1
140
2.5
141
2.5
146
0.75
147
1.0
172
     1
271
     0
278
    44
279
     1
284
     8
340
788
342
2BC
343
2BC
344
2BC
  0
DIMSTYLE
105
78C
102
{ACAD_REACTORS
330
900
330
901
330
910
330
917
330
918
330
919
330
91A
330
91B
330
91C
330
91D
330
91E
330
927
330
928
330
929
330
92A
330
92B
330
92C
330
92D
330
92E
330
92F
330
930
330
931
330
932
330
93D
330
93E
330
93F
330
966
330
96D
330
96E
330
96F
330
970
330
971
330
979
330
97A
330
97B
330
97C
330
97D
330
97E
330
9B1
330
9B2
330
9B3
330
9B4
330
9B5
330
9B6
330
9B7
330
9B9
330
9BA
330
9BB
330
9BC
330
9BD
330
9BE
330
9C1
330
9DC
330
9DD
330
9DE
330
9DF
330
9E0
330
9E1
330
9E3
330
9E5
330
9E6
330
9E7
102
}
330
A
100
AcDbSymbolTableRecord
100
AcDbDimStyleTableRecord
  2
@TN  1-50
 70
     0
 40
50.0
 41
1.5
 42
1.0
 44
0.7
 73
     0
 74
     0
 77
     1
140
2.5
141
0.0
147
0.5
176
     5
177
     5
178
     5
179
     3
271
     0
272
     0
275
     1
340
789
342
2BC
345
16
346
16
347
16
371
    13
372
    13
1001
ACAD_DSTYLE_DIMBREAK
1070
   391
1040
1.0
1001
ACAD_DSTYLE_DIMJAG
1070
   388
1040
1.5
1001
ACAD_DSTYLE_DIMTALN
1070
   392
1070
     0
  0
DIMSTYLE
105
78D
102
{ACAD_REACTORS
330
A02
330
A03
330
A04
330
A05
330
A06
330
A07
330
A08
330
A09
330
A0A
330
A0B
330
A0C
330
A0D
330
A0E
330
A0F
330
A10
330
A11
330
A12
330
A13
330
A14
330
A15
330
A16
330
A17
330
A18
330
A19
330
A1A
330
A1B
102
}
330
A
100
AcDbSymbolTableRecord
100
AcDbDimStyleTableRecord
  2
@TN  1-25
 70
     0
 40
25.0
 41
1.5
 42
1.0
 44
0.7
 73
     0
 74
     0
 77
     1
140
2.5
141
0.0
147
0.5
176
   256
177
   256
178
   256
179
     3
271
     0
272
     0
275
     1
340
789
342
2BC
345
16
346
16
347
16
371
    13
372
    13
1001
ACAD_DSTYLE_DIMBREAK
1070
   391
1040
1.0
1001
ACAD_DSTYLE_DIMJAG
1070
   388
1040
1.5
1001
ACAD_DSTYLE_DIMTALN
1070
   392
1070
     0
  0
DIMSTYLE
105
78E
102
{ACAD_REACTORS
330
964
330
965
102
}
330
A
100
AcDbSymbolTableRecord
100
AcDbDimStyleTableRecord
  2
@TN  1-5
 70
     0
 40
5.0
 41
1.5
 42
1.0
 44
0.7
 73
     0
 74
     0
 77
     1
140
2.5
141
0.0
147
0.5
176
   256
177
   256
178
   256
179
     3
271
     0
272
     0
275
     1
340
789
342
2BC
345
16
346
16
347
16
371
    13
372
    13
1001
ACAD_DSTYLE_DIMBREAK
1070
   391
1040
1.0
1001
ACAD_DSTYLE_DIMJAG
1070
   388
1040
1.5
1001
ACAD_DSTYLE_DIMTALN
1070
   392
1070
     0
  0
ENDTAB
  0
TABLE
  2
BLOCK_RECORD
  5
1
330
0
100
AcDbSymbolTable
 70
   191
  0
BLOCK_RECORD
  5
1F
102
{ACAD_XDICTIONARY
360
1CE
102
}
330
1
100
AcDbSymbolTableRecord
100
AcDbBlockTableRecord
  2
*Model_Space
340
22
 70
     0
280
     1
281
     0
  0
BLOCK_RECORD
  5
D2
330
1
100
AcDbSymbolTableRecord
100
AcDbBlockTableRecord
  2
*Paper_Space
340
D3
 70
     0
280
     1
281
     0
  0
BLOCK_RECORD
  5
D6
330
1
100
AcDbSymbolTableRecord
100
AcDbBlockTableRecord
  2
*Paper_Space0
340
D7
 70
     0
280
     1
281
     0
  0
BLOCK_RECORD
  5
2B9
330
1
100
AcDbSymbolTableRecord
100
AcDbBlockTableRecord
  2
_NONE
340
0
 70
     0
280
     1
281
     0
1001
McsXdata5
1071
      211
1004
0600000000000000B70000001C000000E304000000000000000000001F050A02280202090214EE0211535444504152545F434F52525F444F4E4509020CEE0209336443767444617461120385000202020103020B130234300000000600000002000000080000001C000000E304000000000000000000007801136662656460
1004
6060040000D2001D08000000020103020B13023F3B00000006000000020000001C0000001C000000E3040000000000000000000078015360649164844066261666962567403C061096020020F4028F1C0000001A
  0
BLOCK_RECORD
  5
2BC
330
1
100
AcDbSymbolTableRecord
100
AcDbBlockTableRecord
  2
_Oblique
340
0
102
{BLKREFS
331
11EA
331
11EB
331
11F4
331
11F5
331
11FE
331
11FF
331
F97
331
F98
331
FA1
331
FA2
331
FAB
331
FAC
331
FB4
331
FB5
331
FBD
331
FBE
331
FC6
331
FC7
331
FCF
331
FD0
331
FD8
331
FD9
331
FE1
331
FE2
331
FEA
331
FEB
331
FF3
331
FF4
331
FFC
331
FFD
331
1005
331
1006
331
EB0
331
EB1
331
EB9
331
EBA
331
EC2
331
EC3
331
ECC
331
ECD
331
ED5
331
ED6
331
EDF
331
EE0
331
EE8
331
EE9
331
EF2
331
EF3
331
EFC
331
EFD
331
F06
331
F07
331
F10
331
F11
331
F19
331
F1A
331
F22
331
F23
331
F2B
331
F2C
331
F34
331
F35
331
F3D
331
F3E
331
F46
331
F47
331
F4F
331
F50
331
F58
331
F59
331
F61
331
F62
331
F6A
331
F6B
331
F73
331
F74
331
F7C
331
F7D
331
F85
331
F86
331
F8E
331
F8F
331
361
331
362
331
36F
331
370
331
37B
331
37C
331
387
331
388
331
393
331
394
331
39F
331
3A0
331
3AB
331
3AC
331
3B7
331
3B8
331
3C3
331
3C4
331
3CF
331
3D0
331
2ED
331
2EE
331
2F9
331
2FA
331
305
331
306
331
313
331
314
331
31F
331
320
331
32D
331
32E
331
339
331
33A
331
347
331
348
331
355
331
356
331
3DB
331
3DC
331
3E7
331
3E8
331
3F3
331
3F4
331
3FF
331
400
331
40B
331
40C
331
417
331
418
331
423
331
424
331
45C
331
45D
331
46A
331
46B
331
476
331
477
331
482
331
483
331
48E
331
48F
331
49A
331
49B
331
4A6
331
4A7
331
4B2
331
4B3
331
4BE
331
4BF
331
542
331
543
331
54E
331
54F
331
55A
331
55B
331
566
331
567
331
572
331
573
331
57E
331
57F
331
58A
331
58B
331
596
331
597
331
5A2
331
5A3
331
5AE
331
5AF
331
4CA
331
4CB
331
4D6
331
4D7
331
4E2
331
4E3
331
4EE
331
4EF
331
4FA
331
4FB
331
506
331
507
331
512
331
513
331
51E
331
51F
331
52A
331
52B
331
536
331
537
331
5BA
331
5BB
331
5C6
331
5C7
331
5D2
331
5D3
331
5DE
331
5DF
331
617
331
618
331
623
331
624
331
630
331
631
331
63C
331
63D
331
647
331
648
331
655
331
656
331
662
331
663
331
66E
331
66F
331
67B
331
67C
331
688
331
689
331
696
331
697
331
6A3
331
6A4
331
6AE
331
6AF
331
6BA
331
6BB
331
6C7
331
6C8
331
6D5
331
6D6
331
6E2
331
6E3
331
6F0
331
6F1
331
6FE
331
6FF
331
70A
331
70B
331
717
331
718
331
724
331
725
331
731
331
732
331
73F
331
740
331
74D
331
74E
331
75B
331
75C
331
769
331
76A
331
776
331
777
331
1083
331
1084
331
108C
331
108D
331
1095
331
1096
331
109E
331
109F
331
10A7
331
10A8
331
10B0
331
10B1
331
10B9
331
10BA
331
10C2
331
10C3
331
10EF
331
10F0
331
100E
331
100F
331
1017
331
1018
331
1020
331
1021
331
1029
331
102A
331
1032
331
1033
331
103B
331
103C
331
1044
331
1045
331
104D
331
104E
331
1056
331
1057
331
105F
331
1060
331
1068
331
1069
331
1071
331
1072
331
107A
331
107B
331
10F8
331
10F9
331
1102
331
1103
331
110B
331
110C
331
1117
331
1118
331
1120
331
1121
331
112A
331
112B
331
1133
331
1134
331
113D
331
113E
331
1147
331
1148
331
1151
331
1152
331
115B
331
115C
331
1167
331
1168
331
116F
331
1170
331
1179
331
117A
331
1183
331
1184
331
118D
331
118E
331
1199
331
119A
331
11A4
331
11A5
331
11AC
331
11AD
331
11B6
331
11B7
331
11C0
331
11C1
331
11CA
331
11CB
331
11D6
331
11D7
331
11E1
331
11E2
102
}
 70
     0
280
     1
281
     0
1001
McsXdata5
1071
      211
1004
0600000000000000B70000001C000000E304000000000000000000001F050A02280202090214EE0211535444504152545F434F52525F444F4E4509020CEE0209336443767444617461120385000202020103020B130234300000000600000002000000080000001C000000E304000000000000000000007801136662656460
1004
6060040000D2001D08000000020103020B13023F3B00000006000000020000001C0000001C000000E3040000000000000000000078015360649164844066261666962567403C061096020020F4028F1C0000001A
  0
BLOCK_RECORD
  5
2C0
102
{ACAD_XDICTIONARY
360
2C1
102
}
330
1
100
AcDbSymbolTableRecord
100
AcDbBlockTableRecord
  2
A$C57DF1AEC
340
0
102
{BLKREFS
331
9A7
331
9A8
331
9A9
331
9AA
331
9AB
331
9AC
331
9AD
331
9AE
331
9AF
102
}
 70
     6
280
     1
281
     0
1001
AcDbDynamicBlockGUID
1000
{A4FFB705-D0A7-47FA-98A8-C404BAE31BE2}
  0
BLOCK_RECORD
  5
2C9
330
1
100
AcDbSymbolTableRecord
100
AcDbBlockTableRecord
  2
Плита Бетон
340
0
310
2800000020000000200000000100080000000000000400000000000000000000000000000000000000000000000080000080000000808000800000008000800080800000C0C0C000C0DCC000F0CAA6000020400000206000002080000020A0000020C0000020E00000400000004020000040400000406000004080000040A0
310
000040C0000040E00000600000006020000060400000606000006080000060A0000060C0000060E00000800000008020000080400000806000008080000080A0000080C0000080E00000A0000000A0200000A0400000A0600000A0800000A0A00000A0C00000A0E00000C0000000C0200000C0400000C0600000C0800000C0
310
A00000C0C00000C0E00000E0000000E0200000E0400000E0600000E0800000E0A00000E0C00000E0E00040000000400020004000400040006000400080004000A0004000C0004000E00040200000402020004020400040206000402080004020A0004020C0004020E000404000004040200040404000404060004040800040
310
40A0004040C0004040E00040600000406020004060400040606000406080004060A0004060C0004060E00040800000408020004080400040806000408080004080A0004080C0004080E00040A0000040A0200040A0400040A0600040A0800040A0A00040A0C00040A0E00040C0000040C0200040C0400040C0600040C08000
310
40C0A00040C0C00040C0E00040E0000040E0200040E0400040E0600040E0800040E0A00040E0C00040E0E00080000000800020008000400080006000800080008000A0008000C0008000E00080200000802020008020400080206000802080008020A0008020C0008020E00080400000804020008040400080406000804080
310
008040A0008040C0008040E00080600000806020008060400080606000806080008060A0008060C0008060E00080800000808020008080400080806000808080008080A0008080C0008080E00080A0000080A0200080A0400080A0600080A0800080A0A00080A0C00080A0E00080C0000080C0200080C0400080C0600080C0
310
800080C0A00080C0C00080C0E00080E0000080E0200080E0400080E0600080E0800080E0A00080E0C00080E0E000C0000000C0002000C0004000C0006000C0008000C000A000C000C000C000E000C0200000C0202000C0204000C0206000C0208000C020A000C020C000C020E000C0400000C0402000C0404000C0406000C0
310
408000C040A000C040C000C040E000C0600000C0602000C0604000C0606000C0608000C060A000C060C000C060E000C0800000C0802000C0804000C0806000C0808000C080A000C080C000C080E000C0A00000C0A02000C0A04000C0A06000C0A08000C0A0A000C0A0C000C0A0E000C0C00000C0C02000C0C04000C0C06000
310
C0C08000C0C0A000F0FBFF00A4A0A000808080000000FF0000FF000000FFFF00FF000000FF00FF00FFFF0000FFFFFF00FFFFFFFFFFFFFFFFFFFFFFFFFFFFFFFFFFFFFFFFFFFFFFFFFFFFFFFFFFFFFFFFFFFFFFFFFFFFFFFFFFFFFFFFFFFFFFFFFFFFFFFFFFFFFFFFFFFFFFFFFFFFFFFFFFFFFFFFFFFFFFFFFFFFFFFFFFFFFF
310
FFFFFFFFFFFFFFFFFFFFFFFFFFFFFFFFFFFFFFFFFFFFFFFFFFFFFFFFFFFFFFFFFFFFFFFFFFFFFFFFFFFFFFFFFFFFFFFFFFFFFFFFFFFFFFFFFFFFFFFFFFFFFFFFFFFFFFFFFFFFFFFFFFFFFFFFFFFFFFFFFFFFFFFFFFFFFFFFFFFFFFFFFFFFFFFFFFFFFFFFFFFFFFFFFFFFFFFFFFFFFFFFFFFFFFFFFFFFFFFFFFFFFFFFFFFFFF
310
FFFFFFFFFFFFFFFFFFFFFFFFFFFFFFFFFFFFFFFFFFFFFFFFFFFFFFFFFFFFFFFFFFFFFFFFFFFFFFFFFFFFFFFFFFFFFFFFFFFFFFFFFFFFFFFFFFFFFFFFFFFFFFFFFFFFFFFFFFFFFFFFFFFFFFFFFFFFFFFFFFFFFFFFFFFFFFFFFFFFFFFFFFFFFFFFFFFFFFFFFFFFFFFFFFFFFFFFFFFFFFFFFFFFFFFFFFFFFFFFFFFFFFFFFFFFFF
310
FFFFFFFFFFFFFFFFFFFFFFFFFFFFFFFFFFFFFFFFFFFFFFFFFFFFFFFFFFFFFFFFFFFFFFFFFFFFFFFFFFFFFFFFFFFFFFFFFFFFFFFFFFFFFFFFFFFFFFFFFFFFFFFFFFFFFFFFFFFFFFFFFFFFFFFFFFFFFFFFFFFFFFFFFFFFFFFFFFFFFFFFFFFFFFFFFFFFFFFFFFFFFFFFFFFFFFFFFFFFFFFFFFFFFFFF00000000000000000000FF
310
FFFFFFFFFFFFFFFFFFFFFFFFFFFFFFFFFFFFFFFFFF0000000000000000FFFF00000000000000000000000000FFFFFFFFFFFFFFFFFFFFFFFFFFFFFFFFFF0000000000000000000000000000FF00000000000000FFFFFFFFFFFFFFFFFFFFFFFFFFFFFFFFFFFFFFFFFFFFFFFF0000000000000000FFFFFFFFFFFFFFFFFFFFFFFF
310
FFFFFFFFFFFFFFFFFFFFFFFFFFFFFFFFFFFFFFFFFFFFFFFFFFFFFFFFFFFFFFFFFFFFFFFFFFFFFFFFFFFFFFFFFFFFFFFFFFFFFFFFFFFFFFFFFFFFFFFFFFFFFFFFFFFFFFFFFFFFFFFFFFFFFFFFFFFFFFFFFFFFFFFFFFFFFFFFFFFFFFFFFFFFFFFFFFFFFFFFFFFFFFFFFFFFFFFFFFFFFFFFFFFFFFFFFFFFFFFFFFFFFFFFFFFFFF
310
FFFFFFFFFFFFFFFFFFFFFFFFFFFFFFFFFFFFFFFFFFFFFFFFFFFFFFFFFFFFFFFFFFFFFFFFFFFFFFFFFFFFFFFFFFFFFFFFFFFFFFFFFFFFFFFFFFFFFFFFFFFFFFFFFFFFFFFFFFFFFFFFFFFFFFFFFFFFFFFFFFFFFFFFFFFFFFFFFFFFFFFFFFFFFFFFFFFFFFFFFFFFFFFFFFFFFFFFFFFFFFFFFFFFFFFFFFFFFFFFFFFFFFFFFFFFFF
310
FFFFFFFFFFFFFFFFFFFFFFFFFFFFFFFFFFFFFFFFFFFFFFFFFFFFFFFFFFFFFFFFFFFFFFFFFFFFFFFFFFFFFFFFFFFFFFFFFFFFFFFFFFFFFFFFFFFFFFFFFFFFFFFFFFFFFFFFFFFFFFFFFFFFFFFFFFFFFFFFFFFFFFFFFFFFFFFFFFFFFFFFFFFFFFFFFFFFFFFFFFFFFFFFFFFFFFFFFFFFFFFFFFFFFFFFFFFFFFFFFFFFFFFFFFFFFF
310
FFFFFFFFFFFFFFFFFFFFFFFFFFFFFFFFFFFFFFFFFFFFFFFFFFFFFFFFFFFFFFFFFFFFFFFFFFFFFFFFFFFFFFFFFFFFFFFFFFFFFFFFFFFFFFFF
102
{BLKREFS
331
923
102
}
 70
     6
280
     1
281
     1
1001
AcDbDynamicBlockGUID
1000
{8FF33046-1D52-4E3F-A230-D04E1072998E}
  0
BLOCK_RECORD
  5
2D2
330
1
100
AcDbSymbolTableRecord
100
AcDbBlockTableRecord
  2
ыргх
340
0
310
2800000020000000200000000100080000000000000400000000000000000000000000000000000000000000000080000080000000808000800000008000800080800000C0C0C000C0DCC000F0CAA6000020400000206000002080000020A0000020C0000020E00000400000004020000040400000406000004080000040A0
310
000040C0000040E00000600000006020000060400000606000006080000060A0000060C0000060E00000800000008020000080400000806000008080000080A0000080C0000080E00000A0000000A0200000A0400000A0600000A0800000A0A00000A0C00000A0E00000C0000000C0200000C0400000C0600000C0800000C0
310
A00000C0C00000C0E00000E0000000E0200000E0400000E0600000E0800000E0A00000E0C00000E0E00040000000400020004000400040006000400080004000A0004000C0004000E00040200000402020004020400040206000402080004020A0004020C0004020E000404000004040200040404000404060004040800040
310
40A0004040C0004040E00040600000406020004060400040606000406080004060A0004060C0004060E00040800000408020004080400040806000408080004080A0004080C0004080E00040A0000040A0200040A0400040A0600040A0800040A0A00040A0C00040A0E00040C0000040C0200040C0400040C0600040C08000
310
40C0A00040C0C00040C0E00040E0000040E0200040E0400040E0600040E0800040E0A00040E0C00040E0E00080000000800020008000400080006000800080008000A0008000C0008000E00080200000802020008020400080206000802080008020A0008020C0008020E00080400000804020008040400080406000804080
310
008040A0008040C0008040E00080600000806020008060400080606000806080008060A0008060C0008060E00080800000808020008080400080806000808080008080A0008080C0008080E00080A0000080A0200080A0400080A0600080A0800080A0A00080A0C00080A0E00080C0000080C0200080C0400080C0600080C0
310
800080C0A00080C0C00080C0E00080E0000080E0200080E0400080E0600080E0800080E0A00080E0C00080E0E000C0000000C0002000C0004000C0006000C0008000C000A000C000C000C000E000C0200000C0202000C0204000C0206000C0208000C020A000C020C000C020E000C0400000C0402000C0404000C0406000C0
310
408000C040A000C040C000C040E000C0600000C0602000C0604000C0606000C0608000C060A000C060C000C060E000C0800000C0802000C0804000C0806000C0808000C080A000C080C000C080E000C0A00000C0A02000C0A04000C0A06000C0A08000C0A0A000C0A0C000C0A0E000C0C00000C0C02000C0C04000C0C06000
310
C0C08000C0C0A000F0FBFF00A4A0A000808080000000FF0000FF000000FFFF00FF000000FF00FF00FFFF0000FFFFFF00FFFFFFFFFFFFFFFFFFFFFFFFFFFFFFFFFFFFFFFFFFFFFFFFFFFFFFFFFFFFFFFFFFFFFFFFFFFFFFFFFFFFFFFFFFFFFFFFFFFFFFFFFFFFFFFFFFFFFFFFFFFFFFFFFFFFFFFFFFFFFFFFFFFFFFFFFFFFFF
310
FFFFFFFFFFFFFFFFFFFFFFFFFFFFFFFFFFFFFFFFFFFFFFFFFFFFFFFFFFFFFFFFFFFFFFFFFFFFFFFFFFFFFFFFFFFFFFFFFFFFFFFFFFFFFFFFFFFFFFFFFFFFFFFFFFFFFFFFFFFFFFFFFFFFFFFFFFFFFFFFFFFFFFFFFFFFFFFFFFFFFFFFFFFFFFFFFFFFFFFFFFFFFFFFFFFFFFFFFFFFFFFFFFFFFFFFFFFFFFFFFFFFFFFFFFFFFF
310
FFFFFFFFFFFFFFFFFFFFFFFFFFFFFFFFFFFFFFFFFFFFFFFFFFFFFFFFFFFFFFFFFFFFFFFFFFFFFFFFFFFFFFFFFFFFFFFFFFFFFFFFFFFFFFFFFFFFFFFFFFFFFFFFFFFFFFFFFFFFFFFFFFFFFFFFFFFFFFFFFFFFFFFF000000FAFA000000FFFFFFFFFFFFFFFFFFFFFFFF0000000000000000FFFFFFFF00FFFFFAFAFFFF00FFFFFF
310
FFFFFFFFFFFFFFFFFF00FFFFFFFFFFFF00FFFFFFFF000000FAFA000000FFFFFFFFFFFFFFFFFFFFFFFF0000000000000000FFFFFFFFFFFFFF0000FFFFFFFFFFFFFFFFFFFFFFFFFFFFFFFFFFFF0000FFFFFFFFFFFFFFFFFFFF0000FFFFFFFFFFFFFFFFFFFFFFFFFFFFFFFFFFFF0000FFFFFFFFFFFFFFFFFFFF0000FFFFFFFFFF
310
FFFFFFFFFFFFFFFFFFFFFFFFFF0000FFFFFFFFFFFFFFFFFFFF0000FFFFFFFFFFFFFFFFFFFFFFFFFFFFFFFFFFFF0000FFFFFFFFFFFFFFFFFFFF0000FFFFFFFFFFFFFFFFFFFFFFFFFFFFFFFFFFFF0000FFFFFFFFFFFFFFFFFFFF0000FFFFFFFFFFFFFFFFFFFFFFFFFFFFFFFFFFFF0000FFFFFFFFFFFFFFFFFFFF0000FFFFFFFF
310
FFFFFFFFFFFFFFFFFFFFFFFFFFFF0000FFFFFFFFFFFFFFFFFFFF0000FFFFFFFFFFFFFFFFFFFFFFFFFFFFFFFFFFFF0000FFFFFFFFFFFF00000000FAFA000000000000000000000000000000000000FAFA00000000FFFF00FFA4A4FAFAA4A4A4A4FFA4FFA4A4A4A4A4A4A4A4FFA4FFFAFAA4A4A400FFFF00000000FAFA000000
310
000000000000000000000000000000FAFA00000000FFFFFFFFFFFFFFFFFFFFFFFFFFFFFFFFFFFFFFFFFFFFFFFFFFFFFFFFFFFFFFFFFFFFFFFFFFFFFFFFFFFFFFFFFFFFFFFFFFFFFFFFFFFFFFFFFFFFFFFFFFFFFFFFFFFFFFFFFFFFFFFFFFFFFFFFFFFFFFFFFFFFFFFFFFFFFFFFFFFFFFFFFFFFFFFFFFFFFFFFFFFFFFFFFFFF
310
FFFFFFFFFFFFFFFFFFFFFFFFFFFFFFFFFFFFFFFFFFFFFFFFFFFFFFFFFFFFFFFFFFFFFFFFFFFFFFFFFFFFFFFFFFFFFFFFFFFFFFFFFFFFFFFFFFFFFFFFFFFFFFFFFFFFFFFFFFFFFFFFFFFFFFFFFFFFFFFFFFFFFFFFFFFFFFFFFFFFFFFFFFFFFFFFFFFFFFFFFFFFFFFFFFFFFFFFFFFFFFFFFFFFFFFFFFFFFFFFFFFFFFFFFFFFFF
310
FFFFFFFFFFFFFFFFFFFFFFFFFFFFFFFFFFFFFFFFFFFFFFFFFFFFFFFFFFFFFFFFFFFFFFFFFFFFFFFFFFFFFFFFFFFFFFFFFFFFFFFFFFFFFFFF
102
{BLKREFS
331
9A1
331
9A2
331
9A3
331
9A4
331
9A5
331
9A6
102
}
 70
     6
280
     1
281
     1
1001
AcDbDynamicBlockGUID
1000
{8A4C44F4-CF4C-4F95-A4B7-07367180D188}
  0
BLOCK_RECORD
  5
2DD
330
1
100
AcDbSymbolTableRecord
100
AcDbBlockTableRecord
  2
ыанртокефтымявпа
340
0
310
2800000020000000200000000100080000000000000400000000000000000000000000000000000000000000000080000080000000808000800000008000800080800000C0C0C000C0DCC000F0CAA6000020400000206000002080000020A0000020C0000020E00000400000004020000040400000406000004080000040A0
310
000040C0000040E00000600000006020000060400000606000006080000060A0000060C0000060E00000800000008020000080400000806000008080000080A0000080C0000080E00000A0000000A0200000A0400000A0600000A0800000A0A00000A0C00000A0E00000C0000000C0200000C0400000C0600000C0800000C0
310
A00000C0C00000C0E00000E0000000E0200000E0400000E0600000E0800000E0A00000E0C00000E0E00040000000400020004000400040006000400080004000A0004000C0004000E00040200000402020004020400040206000402080004020A0004020C0004020E000404000004040200040404000404060004040800040
310
40A0004040C0004040E00040600000406020004060400040606000406080004060A0004060C0004060E00040800000408020004080400040806000408080004080A0004080C0004080E00040A0000040A0200040A0400040A0600040A0800040A0A00040A0C00040A0E00040C0000040C0200040C0400040C0600040C08000
310
40C0A00040C0C00040C0E00040E0000040E0200040E0400040E0600040E0800040E0A00040E0C00040E0E00080000000800020008000400080006000800080008000A0008000C0008000E00080200000802020008020400080206000802080008020A0008020C0008020E00080400000804020008040400080406000804080
310
008040A0008040C0008040E00080600000806020008060400080606000806080008060A0008060C0008060E00080800000808020008080400080806000808080008080A0008080C0008080E00080A0000080A0200080A0400080A0600080A0800080A0A00080A0C00080A0E00080C0000080C0200080C0400080C0600080C0
310
800080C0A00080C0C00080C0E00080E0000080E0200080E0400080E0600080E0800080E0A00080E0C00080E0E000C0000000C0002000C0004000C0006000C0008000C000A000C000C000C000E000C0200000C0202000C0204000C0206000C0208000C020A000C020C000C020E000C0400000C0402000C0404000C0406000C0
310
408000C040A000C040C000C040E000C0600000C0602000C0604000C0606000C0608000C060A000C060C000C060E000C0800000C0802000C0804000C0806000C0808000C080A000C080C000C080E000C0A00000C0A02000C0A04000C0A06000C0A08000C0A0A000C0A0C000C0A0E000C0C00000C0C02000C0C04000C0C06000
310
C0C08000C0C0A000F0FBFF00A4A0A000808080000000FF0000FF000000FFFF00FF000000FF00FF00FFFF0000FFFFFF00FFFFFFFFFFFFFFFFFFFFFFFFFFFFFFFFFFFFFFFFFFFFFFFFFFFFFFFFFFFFFFFFFFFFFFFFFFFFFFFFFFFFFFFFFFFFFFFFFFFFFFFFFFFFFFFFFFFFFFFFFFFFFFFFFFFFFFFFFFFFFFFFFFFFFFFFFFFFFF
310
FFFFFFFFFFFFFFFFFFFFFFFFFFFFFFFFFFFFFFFFFFFFFFFFFFFFFFFFFFFFFFFFFFFFFFFFFFFFFFFFFFFFFFFFFFFFFFFFFFFFFFFFFFFFFFFFFFFFFFFFFFFFFFFFFFFFFFFFFFFFFFFFFFFFFFFFFFFFFFFFFFFFFFFFFFFFFFFFFFFFFFFFFFFFFFFFFFFFFFFFFFFFFFFFFFFFFFFFFFFFFFFFFFFFFFFFFFFFFFFFFFFFFFFFFFFFFF
310
FFFFFFFFFFFFFFFFFFFFFFFFFFFFFFFFFFFFFFFFFFFFFFFFFFFFFFFFFFFFFFFFFFFFFFFFFFFFFFFFFFFFFFFFFFFFFFFFFFFFFFFFFFFFFFFFFFFFFFFFFFFFFFFFFFFFFFFFFFFFFFFFFFFFFFFFFFFFFFFFFFFFFF000000000000000000FFFFFFFFFFFFFFFFFFFFFFFF000000FAFA00000000FFFF00FFFFFFFAFAFFFF00FFFFFF
310
FFFFFFFFFFFFFFFFFF00FFFFFAFAFFFFFF00FFFF000000000000000000FFFFFFFFFFFFFFFFFFFFFFFF000000FAFA00000000FFFFFFFFFFFF0000FFFFFFFFFFFFFFFFFFFFFFFFFFFFFFFFFFFF0000FFFFFFFFFFFFFFFFFFFF0000FFFFFFFFFFFFFFFFFFFFFFFFFFFFFFFFFFFF0000FFFFFFFFFFFFFFFFFFFF0000FFFFFFFFFF
310
FFFFFFFFFFFFFFFFFFFFFFFFFF0000FFFFFFFFFFFFFFFFFFFF0000FFFFFFFFFFFFFFFFFFFFFFFFFFFFFFFFFFFF0000FFFFFFFFFFFFFFFFFFFF0000FFFFFFFFFFFFFFFFFFFFFFFFFFFFFFFFFFFF0000FFFFFFFFFFFFFFFFFFFF0000FFFFFFFFFFFFFFFFFFFFFFFFFFFFFFFFFFFF0000FFFFFFFFFFFFFFFFFFFF0000FFFFFFFF
310
FFFFFFFFFFFFFFFFFFFFFFFFFFFF0000FFFFFFFFFFFFFFFFFFFF0000FFFFFFFFFFFFFFFFFFFFFFFFFFFFFFFFFFFF0000FFFFFFFFFFFF000000000000000000000000000000000000000000000000000000000000FFFF00A4FFA4A4A4FFA4A4A4A4A4A4FFA4FFA4FFA4A4A4A4A4A4A4A4A4A4FF00FFFF000000000000000000
310
000000000000000000000000000000000000000000FFFFFFFFFFFFFFFFFFFFFFFFFFFFFFFFFFFFFFFFFFFFFFFFFFFFFFFFFFFFFFFFFFFFFFFFFFFFFFFFFFFFFFFFFFFFFFFFFFFFFFFFFFFFFFFFFFFFFFFFFFFFFFFFFFFFFFFFFFFFFFFFFFFFFFFFFFFFFFFFFFFFFFFFFFFFFFFFFFFFFFFFFFFFFFFFFFFFFFFFFFFFFFFFFFFF
310
FFFFFFFFFFFFFFFFFFFFFFFFFFFFFFFFFFFFFFFFFFFFFFFFFFFFFFFFFFFFFFFFFFFFFFFFFFFFFFFFFFFFFFFFFFFFFFFFFFFFFFFFFFFFFFFFFFFFFFFFFFFFFFFFFFFFFFFFFFFFFFFFFFFFFFFFFFFFFFFFFFFFFFFFFFFFFFFFFFFFFFFFFFFFFFFFFFFFFFFFFFFFFFFFFFFFFFFFFFFFFFFFFFFFFFFFFFFFFFFFFFFFFFFFFFFFFF
310
FFFFFFFFFFFFFFFFFFFFFFFFFFFFFFFFFFFFFFFFFFFFFFFFFFFFFFFFFFFFFFFFFFFFFFFFFFFFFFFFFFFFFFFFFFFFFFFFFFFFFFFFFFFFFFFF
102
{BLKREFS
331
9C9
331
9CA
331
9CB
102
}
 70
     6
280
     1
281
     1
1001
AcDbDynamicBlockGUID
1000
{5BD46A16-2181-44FF-B587-083EC0F18A68}
  0
BLOCK_RECORD
  5
2E8
330
1
100
AcDbSymbolTableRecord
100
AcDbBlockTableRecord
  2
*D7
340
0
 70
     0
280
     1
281
     0
  0
BLOCK_RECORD
  5
2F4
330
1
100
AcDbSymbolTableRecord
100
AcDbBlockTableRecord
  2
*D8
340
0
 70
     0
280
     1
281
     0
  0
BLOCK_RECORD
  5
300
330
1
100
AcDbSymbolTableRecord
100
AcDbBlockTableRecord
  2
*D9
340
0
 70
     0
280
     1
281
     0
  0
BLOCK_RECORD
  5
30C
330
1
100
AcDbSymbolTableRecord
100
AcDbBlockTableRecord
  2
*D10
340
0
 70
     0
280
     1
281
     0
  0
BLOCK_RECORD
  5
31A
330
1
100
AcDbSymbolTableRecord
100
AcDbBlockTableRecord
  2
*D11
340
0
 70
     0
280
     1
281
     0
  0
BLOCK_RECORD
  5
326
330
1
100
AcDbSymbolTableRecord
100
AcDbBlockTableRecord
  2
*D12
340
0
 70
     0
280
     1
281
     0
  0
BLOCK_RECORD
  5
334
330
1
100
AcDbSymbolTableRecord
100
AcDbBlockTableRecord
  2
*D13
340
0
 70
     0
280
     1
281
     0
  0
BLOCK_RECORD
  5
340
330
1
100
AcDbSymbolTableRecord
100
AcDbBlockTableRecord
  2
*D14
340
0
 70
     0
280
     1
281
     0
  0
BLOCK_RECORD
  5
34E
330
1
100
AcDbSymbolTableRecord
100
AcDbBlockTableRecord
  2
*D15
340
0
 70
     0
280
     1
281
     0
  0
BLOCK_RECORD
  5
35C
330
1
100
AcDbSymbolTableRecord
100
AcDbBlockTableRecord
  2
*D16
340
0
 70
     0
280
     1
281
     0
  0
BLOCK_RECORD
  5
368
330
1
100
AcDbSymbolTableRecord
100
AcDbBlockTableRecord
  2
*D17
340
0
 70
     0
280
     1
281
     0
  0
BLOCK_RECORD
  5
376
330
1
100
AcDbSymbolTableRecord
100
AcDbBlockTableRecord
  2
*D18
340
0
 70
     0
280
     1
281
     0
  0
BLOCK_RECORD
  5
382
330
1
100
AcDbSymbolTableRecord
100
AcDbBlockTableRecord
  2
*D19
340
0
 70
     0
280
     1
281
     0
  0
BLOCK_RECORD
  5
38E
330
1
100
AcDbSymbolTableRecord
100
AcDbBlockTableRecord
  2
*D20
340
0
 70
     0
280
     1
281
     0
  0
BLOCK_RECORD
  5
39A
330
1
100
AcDbSymbolTableRecord
100
AcDbBlockTableRecord
  2
*D21
340
0
 70
     0
280
     1
281
     0
  0
BLOCK_RECORD
  5
3A6
330
1
100
AcDbSymbolTableRecord
100
AcDbBlockTableRecord
  2
*D22
340
0
 70
     0
280
     1
281
     0
  0
BLOCK_RECORD
  5
3B2
330
1
100
AcDbSymbolTableRecord
100
AcDbBlockTableRecord
  2
*D23
340
0
 70
     0
280
     1
281
     0
  0
BLOCK_RECORD
  5
3BE
330
1
100
AcDbSymbolTableRecord
100
AcDbBlockTableRecord
  2
*D24
340
0
 70
     0
280
     1
281
     0
  0
BLOCK_RECORD
  5
3CA
330
1
100
AcDbSymbolTableRecord
100
AcDbBlockTableRecord
  2
*D25
340
0
 70
     0
280
     1
281
     0
  0
BLOCK_RECORD
  5
3D6
330
1
100
AcDbSymbolTableRecord
100
AcDbBlockTableRecord
  2
*D26
340
0
 70
     0
280
     1
281
     0
  0
BLOCK_RECORD
  5
3E2
330
1
100
AcDbSymbolTableRecord
100
AcDbBlockTableRecord
  2
*D27
340
0
 70
     0
280
     1
281
     0
  0
BLOCK_RECORD
  5
3EE
330
1
100
AcDbSymbolTableRecord
100
AcDbBlockTableRecord
  2
*D28
340
0
 70
     0
280
     1
281
     0
  0
BLOCK_RECORD
  5
3FA
330
1
100
AcDbSymbolTableRecord
100
AcDbBlockTableRecord
  2
*D29
340
0
 70
     0
280
     1
281
     0
  0
BLOCK_RECORD
  5
406
330
1
100
AcDbSymbolTableRecord
100
AcDbBlockTableRecord
  2
*D30
340
0
 70
     0
280
     1
281
     0
  0
BLOCK_RECORD
  5
412
330
1
100
AcDbSymbolTableRecord
100
AcDbBlockTableRecord
  2
*D31
340
0
 70
     0
280
     1
281
     0
  0
BLOCK_RECORD
  5
41E
330
1
100
AcDbSymbolTableRecord
100
AcDbBlockTableRecord
  2
*D32
340
0
 70
     0
280
     1
281
     0
  0
BLOCK_RECORD
  5
42A
330
1
100
AcDbSymbolTableRecord
100
AcDbBlockTableRecord
  2
*T33
340
0
 70
     0
280
     1
281
     0
  0
BLOCK_RECORD
  5
455
330
1
100
AcDbSymbolTableRecord
100
AcDbBlockTableRecord
  2
*D34
340
0
 70
     0
280
     1
281
     0
  0
BLOCK_RECORD
  5
463
330
1
100
AcDbSymbolTableRecord
100
AcDbBlockTableRecord
  2
*D35
340
0
 70
     0
280
     1
281
     0
  0
BLOCK_RECORD
  5
471
330
1
100
AcDbSymbolTableRecord
100
AcDbBlockTableRecord
  2
*D36
340
0
 70
     0
280
     1
281
     0
  0
BLOCK_RECORD
  5
47D
330
1
100
AcDbSymbolTableRecord
100
AcDbBlockTableRecord
  2
*D37
340
0
 70
     0
280
     1
281
     0
  0
BLOCK_RECORD
  5
489
330
1
100
AcDbSymbolTableRecord
100
AcDbBlockTableRecord
  2
*D38
340
0
 70
     0
280
     1
281
     0
  0
BLOCK_RECORD
  5
495
330
1
100
AcDbSymbolTableRecord
100
AcDbBlockTableRecord
  2
*D39
340
0
 70
     0
280
     1
281
     0
  0
BLOCK_RECORD
  5
4A1
330
1
100
AcDbSymbolTableRecord
100
AcDbBlockTableRecord
  2
*D40
340
0
 70
     0
280
     1
281
     0
  0
BLOCK_RECORD
  5
4AD
330
1
100
AcDbSymbolTableRecord
100
AcDbBlockTableRecord
  2
*D41
340
0
 70
     0
280
     1
281
     0
  0
BLOCK_RECORD
  5
4B9
330
1
100
AcDbSymbolTableRecord
100
AcDbBlockTableRecord
  2
*D42
340
0
 70
     0
280
     1
281
     0
  0
BLOCK_RECORD
  5
4C5
330
1
100
AcDbSymbolTableRecord
100
AcDbBlockTableRecord
  2
*D43
340
0
 70
     0
280
     1
281
     0
  0
BLOCK_RECORD
  5
4D1
330
1
100
AcDbSymbolTableRecord
100
AcDbBlockTableRecord
  2
*D44
340
0
 70
     0
280
     1
281
     0
  0
BLOCK_RECORD
  5
4DD
330
1
100
AcDbSymbolTableRecord
100
AcDbBlockTableRecord
  2
*D45
340
0
 70
     0
280
     1
281
     0
  0
BLOCK_RECORD
  5
4E9
330
1
100
AcDbSymbolTableRecord
100
AcDbBlockTableRecord
  2
*D46
340
0
 70
     0
280
     1
281
     0
  0
BLOCK_RECORD
  5
4F5
330
1
100
AcDbSymbolTableRecord
100
AcDbBlockTableRecord
  2
*D47
340
0
 70
     0
280
     1
281
     0
  0
BLOCK_RECORD
  5
501
330
1
100
AcDbSymbolTableRecord
100
AcDbBlockTableRecord
  2
*D48
340
0
 70
     0
280
     1
281
     0
  0
BLOCK_RECORD
  5
50D
330
1
100
AcDbSymbolTableRecord
100
AcDbBlockTableRecord
  2
*D49
340
0
 70
     0
280
     1
281
     0
  0
BLOCK_RECORD
  5
519
330
1
100
AcDbSymbolTableRecord
100
AcDbBlockTableRecord
  2
*D50
340
0
 70
     0
280
     1
281
     0
  0
BLOCK_RECORD
  5
525
330
1
100
AcDbSymbolTableRecord
100
AcDbBlockTableRecord
  2
*D51
340
0
 70
     0
280
     1
281
     0
  0
BLOCK_RECORD
  5
531
330
1
100
AcDbSymbolTableRecord
100
AcDbBlockTableRecord
  2
*D52
340
0
 70
     0
280
     1
281
     0
  0
BLOCK_RECORD
  5
53D
330
1
100
AcDbSymbolTableRecord
100
AcDbBlockTableRecord
  2
*D53
340
0
 70
     0
280
     1
281
     0
  0
BLOCK_RECORD
  5
549
330
1
100
AcDbSymbolTableRecord
100
AcDbBlockTableRecord
  2
*D54
340
0
 70
     0
280
     1
281
     0
  0
BLOCK_RECORD
  5
555
330
1
100
AcDbSymbolTableRecord
100
AcDbBlockTableRecord
  2
*D55
340
0
 70
     0
280
     1
281
     0
  0
BLOCK_RECORD
  5
561
330
1
100
AcDbSymbolTableRecord
100
AcDbBlockTableRecord
  2
*D56
340
0
 70
     0
280
     1
281
     0
  0
BLOCK_RECORD
  5
56D
330
1
100
AcDbSymbolTableRecord
100
AcDbBlockTableRecord
  2
*D57
340
0
 70
     0
280
     1
281
     0
  0
BLOCK_RECORD
  5
579
330
1
100
AcDbSymbolTableRecord
100
AcDbBlockTableRecord
  2
*D58
340
0
 70
     0
280
     1
281
     0
  0
BLOCK_RECORD
  5
585
330
1
100
AcDbSymbolTableRecord
100
AcDbBlockTableRecord
  2
*D59
340
0
 70
     0
280
     1
281
     0
  0
BLOCK_RECORD
  5
591
330
1
100
AcDbSymbolTableRecord
100
AcDbBlockTableRecord
  2
*D60
340
0
 70
     0
280
     1
281
     0
  0
BLOCK_RECORD
  5
59D
330
1
100
AcDbSymbolTableRecord
100
AcDbBlockTableRecord
  2
*D61
340
0
 70
     0
280
     1
281
     0
  0
BLOCK_RECORD
  5
5A9
330
1
100
AcDbSymbolTableRecord
100
AcDbBlockTableRecord
  2
*D62
340
0
 70
     0
280
     1
281
     0
  0
BLOCK_RECORD
  5
5B5
330
1
100
AcDbSymbolTableRecord
100
AcDbBlockTableRecord
  2
*D63
340
0
 70
     0
280
     1
281
     0
  0
BLOCK_RECORD
  5
5C1
330
1
100
AcDbSymbolTableRecord
100
AcDbBlockTableRecord
  2
*D64
340
0
 70
     0
280
     1
281
     0
  0
BLOCK_RECORD
  5
5CD
330
1
100
AcDbSymbolTableRecord
100
AcDbBlockTableRecord
  2
*D65
340
0
 70
     0
280
     1
281
     0
  0
BLOCK_RECORD
  5
5D9
330
1
100
AcDbSymbolTableRecord
100
AcDbBlockTableRecord
  2
*D66
340
0
 70
     0
280
     1
281
     0
  0
BLOCK_RECORD
  5
5E5
330
1
100
AcDbSymbolTableRecord
100
AcDbBlockTableRecord
  2
*D67
340
0
 70
     0
280
     1
281
     0
  0
BLOCK_RECORD
  5
5F4
330
1
100
AcDbSymbolTableRecord
100
AcDbBlockTableRecord
  2
*D68
340
0
 70
     0
280
     1
281
     0
  0
BLOCK_RECORD
  5
603
330
1
100
AcDbSymbolTableRecord
100
AcDbBlockTableRecord
  2
*D69
340
0
 70
     0
280
     1
281
     0
  0
BLOCK_RECORD
  5
612
330
1
100
AcDbSymbolTableRecord
100
AcDbBlockTableRecord
  2
*D70
340
0
 70
     0
280
     1
281
     0
  0
BLOCK_RECORD
  5
61E
330
1
100
AcDbSymbolTableRecord
100
AcDbBlockTableRecord
  2
*D71
340
0
 70
     0
280
     1
281
     0
  0
BLOCK_RECORD
  5
62A
330
1
100
AcDbSymbolTableRecord
100
AcDbBlockTableRecord
  2
*D72
340
0
 70
     0
280
     1
281
     0
  0
BLOCK_RECORD
  5
637
330
1
100
AcDbSymbolTableRecord
100
AcDbBlockTableRecord
  2
*D73
340
0
 70
     0
280
     1
281
     0
  0
BLOCK_RECORD
  5
643
330
1
100
AcDbSymbolTableRecord
100
AcDbBlockTableRecord
  2
*D74
340
0
 70
     0
280
     1
281
     0
  0
BLOCK_RECORD
  5
64E
330
1
100
AcDbSymbolTableRecord
100
AcDbBlockTableRecord
  2
*D75
340
0
 70
     0
280
     1
281
     0
  0
BLOCK_RECORD
  5
65C
330
1
100
AcDbSymbolTableRecord
100
AcDbBlockTableRecord
  2
*D76
340
0
 70
     0
280
     1
281
     0
  0
BLOCK_RECORD
  5
669
330
1
100
AcDbSymbolTableRecord
100
AcDbBlockTableRecord
  2
*D77
340
0
 70
     0
280
     1
281
     0
  0
BLOCK_RECORD
  5
675
330
1
100
AcDbSymbolTableRecord
100
AcDbBlockTableRecord
  2
*D78
340
0
 70
     0
280
     1
281
     0
  0
BLOCK_RECORD
  5
682
330
1
100
AcDbSymbolTableRecord
100
AcDbBlockTableRecord
  2
*D79
340
0
 70
     0
280
     1
281
     0
  0
BLOCK_RECORD
  5
68F
330
1
100
AcDbSymbolTableRecord
100
AcDbBlockTableRecord
  2
*D80
340
0
 70
     0
280
     1
281
     0
  0
BLOCK_RECORD
  5
69D
330
1
100
AcDbSymbolTableRecord
100
AcDbBlockTableRecord
  2
*D81
340
0
 70
     0
280
     1
281
     0
  0
BLOCK_RECORD
  5
6AA
330
1
100
AcDbSymbolTableRecord
100
AcDbBlockTableRecord
  2
*D82
340
0
 70
     0
280
     1
281
     0
  0
BLOCK_RECORD
  5
6B5
330
1
100
AcDbSymbolTableRecord
100
AcDbBlockTableRecord
  2
*D83
340
0
 70
     0
280
     1
281
     0
  0
BLOCK_RECORD
  5
6C1
330
1
100
AcDbSymbolTableRecord
100
AcDbBlockTableRecord
  2
*D84
340
0
 70
     0
280
     1
281
     0
  0
BLOCK_RECORD
  5
6CE
330
1
100
AcDbSymbolTableRecord
100
AcDbBlockTableRecord
  2
*D85
340
0
 70
     0
280
     1
281
     0
  0
BLOCK_RECORD
  5
6DC
330
1
100
AcDbSymbolTableRecord
100
AcDbBlockTableRecord
  2
*D86
340
0
 70
     0
280
     1
281
     0
  0
BLOCK_RECORD
  5
6E9
330
1
100
AcDbSymbolTableRecord
100
AcDbBlockTableRecord
  2
*D87
340
0
 70
     0
280
     1
281
     0
  0
BLOCK_RECORD
  5
6F7
330
1
100
AcDbSymbolTableRecord
100
AcDbBlockTableRecord
  2
*D88
340
0
 70
     0
280
     1
281
     0
  0
BLOCK_RECORD
  5
705
330
1
100
AcDbSymbolTableRecord
100
AcDbBlockTableRecord
  2
*D89
340
0
 70
     0
280
     1
281
     0
  0
BLOCK_RECORD
  5
711
330
1
100
AcDbSymbolTableRecord
100
AcDbBlockTableRecord
  2
*D90
340
0
 70
     0
280
     1
281
     0
  0
BLOCK_RECORD
  5
71E
330
1
100
AcDbSymbolTableRecord
100
AcDbBlockTableRecord
  2
*D91
340
0
 70
     0
280
     1
281
     0
  0
BLOCK_RECORD
  5
72B
330
1
100
AcDbSymbolTableRecord
100
AcDbBlockTableRecord
  2
*D92
340
0
 70
     0
280
     1
281
     0
  0
BLOCK_RECORD
  5
738
330
1
100
AcDbSymbolTableRecord
100
AcDbBlockTableRecord
  2
*D93
340
0
 70
     0
280
     1
281
     0
  0
BLOCK_RECORD
  5
746
330
1
100
AcDbSymbolTableRecord
100
AcDbBlockTableRecord
  2
*D94
340
0
 70
     0
280
     1
281
     0
  0
BLOCK_RECORD
  5
754
330
1
100
AcDbSymbolTableRecord
100
AcDbBlockTableRecord
  2
*D95
340
0
 70
     0
280
     1
281
     0
  0
BLOCK_RECORD
  5
762
330
1
100
AcDbSymbolTableRecord
100
AcDbBlockTableRecord
  2
*D96
340
0
 70
     0
280
     1
281
     0
  0
BLOCK_RECORD
  5
770
330
1
100
AcDbSymbolTableRecord
100
AcDbBlockTableRecord
  2
*D97
340
0
 70
     0
280
     1
281
     0
  0
BLOCK_RECORD
  5
A1C
330
1
100
AcDbSymbolTableRecord
100
AcDbBlockTableRecord
  2
*D100
340
0
 70
     0
280
     1
281
     0
  0
BLOCK_RECORD
  5
A28
330
1
100
AcDbSymbolTableRecord
100
AcDbBlockTableRecord
  2
*D101
340
0
 70
     0
280
     1
281
     0
  0
BLOCK_RECORD
  5
A34
330
1
100
AcDbSymbolTableRecord
100
AcDbBlockTableRecord
  2
*D102
340
0
 70
     0
280
     1
281
     0
  0
BLOCK_RECORD
  5
A40
330
1
100
AcDbSymbolTableRecord
100
AcDbBlockTableRecord
  2
*D103
340
0
 70
     0
280
     1
281
     0
  0
BLOCK_RECORD
  5
A4D
330
1
100
AcDbSymbolTableRecord
100
AcDbBlockTableRecord
  2
*D104
340
0
 70
     0
280
     1
281
     0
  0
BLOCK_RECORD
  5
A59
330
1
100
AcDbSymbolTableRecord
100
AcDbBlockTableRecord
  2
*D105
340
0
 70
     0
280
     1
281
     0
  0
BLOCK_RECORD
  5
A66
330
1
100
AcDbSymbolTableRecord
100
AcDbBlockTableRecord
  2
*D106
340
0
 70
     0
280
     1
281
     0
  0
BLOCK_RECORD
  5
A72
330
1
100
AcDbSymbolTableRecord
100
AcDbBlockTableRecord
  2
*D107
340
0
 70
     0
280
     1
281
     0
  0
BLOCK_RECORD
  5
A7F
330
1
100
AcDbSymbolTableRecord
100
AcDbBlockTableRecord
  2
*D108
340
0
 70
     0
280
     1
281
     0
  0
BLOCK_RECORD
  5
A8C
330
1
100
AcDbSymbolTableRecord
100
AcDbBlockTableRecord
  2
*D109
340
0
 70
     0
280
     1
281
     0
  0
BLOCK_RECORD
  5
A99
330
1
100
AcDbSymbolTableRecord
100
AcDbBlockTableRecord
  2
*D110
340
0
 70
     0
280
     1
281
     0
  0
BLOCK_RECORD
  5
AA6
330
1
100
AcDbSymbolTableRecord
100
AcDbBlockTableRecord
  2
*D111
340
0
 70
     0
280
     1
281
     0
  0
BLOCK_RECORD
  5
AB2
330
1
100
AcDbSymbolTableRecord
100
AcDbBlockTableRecord
  2
*D112
340
0
 70
     0
280
     1
281
     0
  0
BLOCK_RECORD
  5
ABE
330
1
100
AcDbSymbolTableRecord
100
AcDbBlockTableRecord
  2
*D113
340
0
 70
     0
280
     1
281
     0
  0
BLOCK_RECORD
  5
ACA
330
1
100
AcDbSymbolTableRecord
100
AcDbBlockTableRecord
  2
*D114
340
0
 70
     0
280
     1
281
     0
  0
BLOCK_RECORD
  5
AD6
330
1
100
AcDbSymbolTableRecord
100
AcDbBlockTableRecord
  2
*D115
340
0
 70
     0
280
     1
281
     0
  0
BLOCK_RECORD
  5
AE2
330
1
100
AcDbSymbolTableRecord
100
AcDbBlockTableRecord
  2
*D116
340
0
 70
     0
280
     1
281
     0
  0
BLOCK_RECORD
  5
AEE
330
1
100
AcDbSymbolTableRecord
100
AcDbBlockTableRecord
  2
*D117
340
0
 70
     0
280
     1
281
     0
  0
BLOCK_RECORD
  5
AFA
330
1
100
AcDbSymbolTableRecord
100
AcDbBlockTableRecord
  2
*D118
340
0
 70
     0
280
     1
281
     0
  0
BLOCK_RECORD
  5
B06
330
1
100
AcDbSymbolTableRecord
100
AcDbBlockTableRecord
  2
*D119
340
0
 70
     0
280
     1
281
     0
  0
BLOCK_RECORD
  5
B12
330
1
100
AcDbSymbolTableRecord
100
AcDbBlockTableRecord
  2
*D120
340
0
 70
     0
280
     1
281
     0
  0
BLOCK_RECORD
  5
B1E
330
1
100
AcDbSymbolTableRecord
100
AcDbBlockTableRecord
  2
*D121
340
0
 70
     0
280
     1
281
     0
  0
BLOCK_RECORD
  5
B2A
330
1
100
AcDbSymbolTableRecord
100
AcDbBlockTableRecord
  2
*D122
340
0
 70
     0
280
     1
281
     0
  0
BLOCK_RECORD
  5
B36
330
1
100
AcDbSymbolTableRecord
100
AcDbBlockTableRecord
  2
*D123
340
0
 70
     0
280
     1
281
     0
  0
BLOCK_RECORD
  5
B42
330
1
100
AcDbSymbolTableRecord
100
AcDbBlockTableRecord
  2
*D124
340
0
 70
     0
280
     1
281
     0
  0
BLOCK_RECORD
  5
B4E
330
1
100
AcDbSymbolTableRecord
100
AcDbBlockTableRecord
  2
*D125
340
0
 70
     0
280
     1
281
     0
  0
BLOCK_RECORD
  5
B5A
330
1
100
AcDbSymbolTableRecord
100
AcDbBlockTableRecord
  2
*T126
340
0
102
{BLKREFS
331
945
102
}
 70
     0
280
     1
281
     0
  0
BLOCK_RECORD
  5
B86
330
1
100
AcDbSymbolTableRecord
100
AcDbBlockTableRecord
  2
*D127
340
0
 70
     0
280
     1
281
     0
  0
BLOCK_RECORD
  5
B93
330
1
100
AcDbSymbolTableRecord
100
AcDbBlockTableRecord
  2
*D128
340
0
 70
     0
280
     1
281
     0
  0
BLOCK_RECORD
  5
BA0
330
1
100
AcDbSymbolTableRecord
100
AcDbBlockTableRecord
  2
*D129
340
0
 70
     0
280
     1
281
     0
  0
BLOCK_RECORD
  5
BAC
330
1
100
AcDbSymbolTableRecord
100
AcDbBlockTableRecord
  2
*D130
340
0
 70
     0
280
     1
281
     0
  0
BLOCK_RECORD
  5
BB8
330
1
100
AcDbSymbolTableRecord
100
AcDbBlockTableRecord
  2
*D131
340
0
 70
     0
280
     1
281
     0
  0
BLOCK_RECORD
  5
BC4
330
1
100
AcDbSymbolTableRecord
100
AcDbBlockTableRecord
  2
*D132
340
0
 70
     0
280
     1
281
     0
  0
BLOCK_RECORD
  5
BD0
330
1
100
AcDbSymbolTableRecord
100
AcDbBlockTableRecord
  2
*D133
340
0
 70
     0
280
     1
281
     0
  0
BLOCK_RECORD
  5
BDC
330
1
100
AcDbSymbolTableRecord
100
AcDbBlockTableRecord
  2
*D134
340
0
 70
     0
280
     1
281
     0
  0
BLOCK_RECORD
  5
BE8
330
1
100
AcDbSymbolTableRecord
100
AcDbBlockTableRecord
  2
*D135
340
0
 70
     0
280
     1
281
     0
  0
BLOCK_RECORD
  5
BF4
330
1
100
AcDbSymbolTableRecord
100
AcDbBlockTableRecord
  2
*D136
340
0
 70
     0
280
     1
281
     0
  0
BLOCK_RECORD
  5
C00
330
1
100
AcDbSymbolTableRecord
100
AcDbBlockTableRecord
  2
*D137
340
0
 70
     0
280
     1
281
     0
  0
BLOCK_RECORD
  5
C0C
330
1
100
AcDbSymbolTableRecord
100
AcDbBlockTableRecord
  2
*D138
340
0
 70
     0
280
     1
281
     0
  0
BLOCK_RECORD
  5
C18
330
1
100
AcDbSymbolTableRecord
100
AcDbBlockTableRecord
  2
*D139
340
0
 70
     0
280
     1
281
     0
  0
BLOCK_RECORD
  5
C24
330
1
100
AcDbSymbolTableRecord
100
AcDbBlockTableRecord
  2
*D140
340
0
 70
     0
280
     1
281
     0
  0
BLOCK_RECORD
  5
C30
330
1
100
AcDbSymbolTableRecord
100
AcDbBlockTableRecord
  2
*D141
340
0
 70
     0
280
     1
281
     0
  0
BLOCK_RECORD
  5
C3C
330
1
100
AcDbSymbolTableRecord
100
AcDbBlockTableRecord
  2
*D142
340
0
 70
     0
280
     1
281
     0
  0
BLOCK_RECORD
  5
C48
330
1
100
AcDbSymbolTableRecord
100
AcDbBlockTableRecord
  2
*D143
340
0
 70
     0
280
     1
281
     0
  0
BLOCK_RECORD
  5
C54
330
1
100
AcDbSymbolTableRecord
100
AcDbBlockTableRecord
  2
*D144
340
0
 70
     0
280
     1
281
     0
  0
BLOCK_RECORD
  5
C60
330
1
100
AcDbSymbolTableRecord
100
AcDbBlockTableRecord
  2
*D145
340
0
 70
     0
280
     1
281
     0
  0
BLOCK_RECORD
  5
C6C
330
1
100
AcDbSymbolTableRecord
100
AcDbBlockTableRecord
  2
*D146
340
0
 70
     0
280
     1
281
     0
  0
BLOCK_RECORD
  5
C78
330
1
100
AcDbSymbolTableRecord
100
AcDbBlockTableRecord
  2
*D147
340
0
 70
     0
280
     1
281
     0
  0
BLOCK_RECORD
  5
C84
330
1
100
AcDbSymbolTableRecord
100
AcDbBlockTableRecord
  2
*D148
340
0
 70
     0
280
     1
281
     0
  0
BLOCK_RECORD
  5
C90
330
1
100
AcDbSymbolTableRecord
100
AcDbBlockTableRecord
  2
*D149
340
0
 70
     0
280
     1
281
     0
  0
BLOCK_RECORD
  5
C9C
330
1
100
AcDbSymbolTableRecord
100
AcDbBlockTableRecord
  2
*D150
340
0
 70
     0
280
     1
281
     0
  0
BLOCK_RECORD
  5
CA8
330
1
100
AcDbSymbolTableRecord
100
AcDbBlockTableRecord
  2
*D151
340
0
 70
     0
280
     1
281
     0
  0
BLOCK_RECORD
  5
CB4
330
1
100
AcDbSymbolTableRecord
100
AcDbBlockTableRecord
  2
*D152
340
0
 70
     0
280
     1
281
     0
  0
BLOCK_RECORD
  5
CC0
330
1
100
AcDbSymbolTableRecord
100
AcDbBlockTableRecord
  2
*D153
340
0
 70
     0
280
     1
281
     0
  0
BLOCK_RECORD
  5
CCC
330
1
100
AcDbSymbolTableRecord
100
AcDbBlockTableRecord
  2
*D154
340
0
 70
     0
280
     1
281
     0
  0
BLOCK_RECORD
  5
CD8
330
1
100
AcDbSymbolTableRecord
100
AcDbBlockTableRecord
  2
*D155
340
0
 70
     0
280
     1
281
     0
  0
BLOCK_RECORD
  5
CE4
330
1
100
AcDbSymbolTableRecord
100
AcDbBlockTableRecord
  2
*D156
340
0
 70
     0
280
     1
281
     0
  0
BLOCK_RECORD
  5
CF0
330
1
100
AcDbSymbolTableRecord
100
AcDbBlockTableRecord
  2
*D157
340
0
 70
     0
280
     1
281
     0
  0
BLOCK_RECORD
  5
CFC
330
1
100
AcDbSymbolTableRecord
100
AcDbBlockTableRecord
  2
*D158
340
0
 70
     0
280
     1
281
     0
  0
BLOCK_RECORD
  5
D08
330
1
100
AcDbSymbolTableRecord
100
AcDbBlockTableRecord
  2
*D159
340
0
 70
     0
280
     1
281
     0
  0
BLOCK_RECORD
  5
D14
330
1
100
AcDbSymbolTableRecord
100
AcDbBlockTableRecord
  2
*D160
340
0
 70
     0
280
     1
281
     0
  0
BLOCK_RECORD
  5
D23
330
1
100
AcDbSymbolTableRecord
100
AcDbBlockTableRecord
  2
*D161
340
0
 70
     0
280
     1
281
     0
  0
BLOCK_RECORD
  5
D32
330
1
100
AcDbSymbolTableRecord
100
AcDbBlockTableRecord
  2
*D162
340
0
 70
     0
280
     1
281
     0
  0
BLOCK_RECORD
  5
D41
330
1
100
AcDbSymbolTableRecord
100
AcDbBlockTableRecord
  2
*D163
340
0
 70
     0
280
     1
281
     0
  0
BLOCK_RECORD
  5
D4D
330
1
100
AcDbSymbolTableRecord
100
AcDbBlockTableRecord
  2
*D164
340
0
 70
     0
280
     1
281
     0
  0
BLOCK_RECORD
  5
D59
330
1
100
AcDbSymbolTableRecord
100
AcDbBlockTableRecord
  2
*D165
340
0
 70
     0
280
     1
281
     0
  0
BLOCK_RECORD
  5
D66
330
1
100
AcDbSymbolTableRecord
100
AcDbBlockTableRecord
  2
*D166
340
0
 70
     0
280
     1
281
     0
  0
BLOCK_RECORD
  5
D72
330
1
100
AcDbSymbolTableRecord
100
AcDbBlockTableRecord
  2
*D167
340
0
 70
     0
280
     1
281
     0
  0
BLOCK_RECORD
  5
D80
330
1
100
AcDbSymbolTableRecord
100
AcDbBlockTableRecord
  2
*D168
340
0
 70
     0
280
     1
281
     0
  0
BLOCK_RECORD
  5
D8D
330
1
100
AcDbSymbolTableRecord
100
AcDbBlockTableRecord
  2
*D169
340
0
 70
     0
280
     1
281
     0
  0
BLOCK_RECORD
  5
D9A
330
1
100
AcDbSymbolTableRecord
100
AcDbBlockTableRecord
  2
*D170
340
0
 70
     0
280
     1
281
     0
  0
BLOCK_RECORD
  5
DA6
330
1
100
AcDbSymbolTableRecord
100
AcDbBlockTableRecord
  2
*D171
340
0
 70
     0
280
     1
281
     0
  0
BLOCK_RECORD
  5
DB3
330
1
100
AcDbSymbolTableRecord
100
AcDbBlockTableRecord
  2
*D172
340
0
 70
     0
280
     1
281
     0
  0
BLOCK_RECORD
  5
DC0
330
1
100
AcDbSymbolTableRecord
100
AcDbBlockTableRecord
  2
*D173
340
0
 70
     0
280
     1
281
     0
  0
BLOCK_RECORD
  5
DCD
330
1
100
AcDbSymbolTableRecord
100
AcDbBlockTableRecord
  2
*D174
340
0
 70
     0
280
     1
281
     0
  0
BLOCK_RECORD
  5
DDA
330
1
100
AcDbSymbolTableRecord
100
AcDbBlockTableRecord
  2
*D175
340
0
 70
     0
280
     1
281
     0
  0
BLOCK_RECORD
  5
DE8
330
1
100
AcDbSymbolTableRecord
100
AcDbBlockTableRecord
  2
*D176
340
0
 70
     0
280
     1
281
     0
  0
BLOCK_RECORD
  5
DF4
330
1
100
AcDbSymbolTableRecord
100
AcDbBlockTableRecord
  2
*D177
340
0
 70
     0
280
     1
281
     0
  0
BLOCK_RECORD
  5
E01
330
1
100
AcDbSymbolTableRecord
100
AcDbBlockTableRecord
  2
*D178
340
0
 70
     0
280
     1
281
     0
  0
BLOCK_RECORD
  5
E0E
330
1
100
AcDbSymbolTableRecord
100
AcDbBlockTableRecord
  2
*D179
340
0
 70
     0
280
     1
281
     0
  0
BLOCK_RECORD
  5
E1B
330
1
100
AcDbSymbolTableRecord
100
AcDbBlockTableRecord
  2
*D180
340
0
 70
     0
280
     1
281
     0
  0
BLOCK_RECORD
  5
E29
330
1
100
AcDbSymbolTableRecord
100
AcDbBlockTableRecord
  2
*D181
340
0
 70
     0
280
     1
281
     0
  0
BLOCK_RECORD
  5
E37
330
1
100
AcDbSymbolTableRecord
100
AcDbBlockTableRecord
  2
*D182
340
0
 70
     0
280
     1
281
     0
  0
BLOCK_RECORD
  5
E43
330
1
100
AcDbSymbolTableRecord
100
AcDbBlockTableRecord
  2
*D183
340
0
 70
     0
280
     1
281
     0
  0
BLOCK_RECORD
  5
E50
330
1
100
AcDbSymbolTableRecord
100
AcDbBlockTableRecord
  2
*D184
340
0
 70
     0
280
     1
281
     0
  0
BLOCK_RECORD
  5
E5D
330
1
100
AcDbSymbolTableRecord
100
AcDbBlockTableRecord
  2
*D185
340
0
 70
     0
280
     1
281
     0
  0
BLOCK_RECORD
  5
E6A
330
1
100
AcDbSymbolTableRecord
100
AcDbBlockTableRecord
  2
*D186
340
0
 70
     0
280
     1
281
     0
  0
BLOCK_RECORD
  5
E78
330
1
100
AcDbSymbolTableRecord
100
AcDbBlockTableRecord
  2
*D187
340
0
 70
     0
280
     1
281
     0
  0
BLOCK_RECORD
  5
E86
330
1
100
AcDbSymbolTableRecord
100
AcDbBlockTableRecord
  2
*D188
340
0
 70
     0
280
     1
281
     0
  0
BLOCK_RECORD
  5
E93
330
1
100
AcDbSymbolTableRecord
100
AcDbBlockTableRecord
  2
*D189
340
0
 70
     0
280
     1
281
     0
  0
BLOCK_RECORD
  5
EA0
330
1
100
AcDbSymbolTableRecord
100
AcDbBlockTableRecord
  2
*D190
340
0
 70
     0
280
     1
281
     0
  0
ENDTAB
  0
ENDSEC
  0
SECTION
  2
BLOCKS
  0
BLOCK
  5
20
330
1F
100
AcDbEntity
  8
0
100
AcDbBlockBegin
  2
*Model_Space
 70
     0
 10
0.0
 20
0.0
 30
0.0
  3
*Model_Space
  1

  0
ENDBLK
  5
21
330
1F
100
AcDbEntity
  8
0
100
AcDbBlockEnd
  0
BLOCK
  5
D4
330
D2
100
AcDbEntity
 67
     1
  8
0
100
AcDbBlockBegin
  2
*Paper_Space
 70
     0
 10
0.0
 20
0.0
 30
0.0
  3
*Paper_Space
  1

  0
ENDBLK
  5
D5
330
D2
100
AcDbEntity
 67
     1
  8
0
100
AcDbBlockEnd
  0
BLOCK
  5
D8
330
D6
100
AcDbEntity
 67
     1
  8
0
100
AcDbBlockBegin
  2
*Paper_Space0
 70
     0
 10
0.0
 20
0.0
 30
0.0
  3
*Paper_Space0
  1

  0
ENDBLK
  5
D9
330
D6
100
AcDbEntity
 67
     1
  8
0
100
AcDbBlockEnd
  0
BLOCK
  5
2BA
330
2B9
100
AcDbEntity
  8
0
100
AcDbBlockBegin
  2
_NONE
 70
     0
 10
0.0
 20
0.0
 30
0.0
  3
_NONE
  1

  0
ENDBLK
  5
2BB
330
2B9
100
AcDbEntity
  8
0
100
AcDbBlockEnd
  0
BLOCK
  5
2BD
330
2BC
100
AcDbEntity
  8
0
100
AcDbBlockBegin
  2
_Oblique
 70
     0
 10
0.0
 20
0.0
 30
0.0
  3
_Oblique
  1

  0
LINE
  5
2BE
330
2BC
100
AcDbEntity
  8
0
  6
ByBlock
 62
     0
370
    -2
100
AcDbLine
 10
-0.5
 20
-0.5
 30
0.0
 11
0.5
 21
0.5
 31
0.0
  0
ENDBLK
  5
2BF
330
2BC
100
AcDbEntity
  8
0
100
AcDbBlockEnd
  0
BLOCK
  5
2C3
330
2C0
100
AcDbEntity
  8
0
100
AcDbBlockBegin
  2
A$C57DF1AEC
 70
     0
 10
0.0
 20
0.0
 30
0.0
  3
A$C57DF1AEC
  1

  0
LWPOLYLINE
  5
2C4
330
2C0
100
AcDbEntity
  8
$Слои конструкции
100
AcDbPolyline
 90
        4
 70
     1
 43
0.0
 10
175.0
 20
170.0
 10
175.0
 20
-170.0
 10
-175.0
 20
-170.0
 10
-175.0
 20
170.0
  0
LWPOLYLINE
  5
2C5
330
2C0
100
AcDbEntity
  8
$Оси
 48
0.2
100
AcDbPolyline
 90
        2
 70
     0
 43
0.0
 10
0.0
 20
-185.0
 10
0.0
 20
185.0
  0
LWPOLYLINE
  5
2C6
330
2C0
100
AcDbEntity
  8
$Оси
 48
0.2
100
AcDbPolyline
 90
        2
 70
     0
 43
0.0
 10
-190.0
 20
0.0
 10
190.0
 20
0.0
  0
WIPEOUT
  5
2C7
330
2C0
100
AcDbEntity
  8
$Тонкие
160
               140
310
8C000000010000008400000006000000050000000000000000E065C0000000000040654000000000000000000000000000E06540000000000040654000000000000000000000000000E0654000000000004065C000000000000000000000000000E065C000000000004065C000000000000000000000000000E065C0000000
310
00004065400000000000000000
100
AcDbWipeout
 90
        0
 10
-175.0
 20
-170.0
 30
0.0
 11
350.0
 21
0.0
 31
0.0
 12
0.0
 22
350.0
 32
0.0
 13
1.0
 23
1.0
340
0
 70
     7
280
     1
281
    50
282
    50
283
     0
290
     0
360
0
 71
     2
 91
        5
 14
-0.5
 24
-0.4714285714285715
 14
0.5
 24
-0.4714285714285715
 14
0.5
 24
0.5
 14
-0.5
 24
0.5
 14
-0.5
 24
-0.4714285714285715
  0
ENDBLK
  5
2C8
330
2C0
100
AcDbEntity
  8
0
100
AcDbBlockEnd
  0
BLOCK
  5
2CA
330
2C9
100
AcDbEntity
  8
0
100
AcDbBlockBegin
  2
Плита Бетон
 70
     0
 10
0.0
 20
0.0
 30
0.0
  3
Плита Бетон
  1

  0
LINE
  5
2CB
330
2C9
100
AcDbEntity
  8
$Слои конструкции
100
AcDbLine
 10
6000.0
 20
630.4519203740637
 30
0.0
 11
0.0
 21
300.4534034840763
 31
0.0
  0
LINE
  5
2CC
330
2C9
100
AcDbEntity
  8
$Слои конструкции
100
AcDbLine
 10
0.0
 20
300.4534034840763
 30
0.0
 11
0.0
 21
0.0
 31
0.0
  0
LINE
  5
2CD
330
2C9
100
AcDbEntity
  8
$Слои конструкции
100
AcDbLine
 10
0.0
 20
0.0
 30
0.0
 11
600.0
 21
0.0
 31
0.0
  0
LINE
  5
2CE
330
2C9
100
AcDbEntity
  8
$Слои конструкции
100
AcDbLine
 10
634.9204690414481
 20
34.92046904121526
 30
0.0
 11
6000.0
 21
329.9985170769505
 31
0.0
  0
LINE
  5
2CF
330
2C9
100
AcDbEntity
  8
$Слои конструкции
100
AcDbLine
 10
6000.0
 20
329.9985170769505
 30
0.0
 11
6000.0
 21
630.4519203740637
 31
0.0
  0
LWPOLYLINE
  5
2D0
330
2C9
100
AcDbEntity
  8
$Слои конструкции
100
AcDbPolyline
 90
        2
 70
     0
 43
0.0
 10
600.0
 20
0.0
 10
634.9204690414481
 20
34.92046904121526
  0
ENDBLK
  5
2D1
330
2C9
100
AcDbEntity
  8
0
100
AcDbBlockEnd
  0
BLOCK
  5
2D3
330
2D2
100
AcDbEntity
  8
0
100
AcDbBlockBegin
  2
ыргх
 70
     0
 10
0.0
 20
0.0
 30
0.0
  3
ыргх
  1

  0
HATCH
  5
2D4
330
2D2
100
AcDbEntity
  8
0
100
AcDbHatch
 10
0.0
 20
0.0
 30
0.0
210
0.0
220
0.0
230
1.0
  2
ANSI32
 70
     0
 71
     0
 91
        1
 92
        1
 93
        4
 72
     1
 10
170.2935666120611
 20
0.0
 11
-169.7064333879389
 21
0.0
 72
     1
 10
-169.7064333879389
 20
0.0
 11
-169.7064333879389
 21
-20.0
 72
     1
 10
-169.7064333879389
 20
-20.0
 11
170.2935666120611
 21
-20.0
 72
     1
 10
170.2935666120611
 20
-20.0
 11
170.2935666120611
 21
0.0
 97
        0
 75
     1
 76
     1
 52
-90.00000000000001
 41
50.0
 77
     0
 78
     2
 53
315.0
 43
-3155349.951378425
 44
-724303.104506638
 45
13.25825214724777
 46
13.25825214724776
 79
     0
 53
315.0
 43
-3155349.951378425
 44
-724311.9433413879
 45
13.25825214724777
 46
13.25825214724776
 79
     0
 98
        1
 10
-137.9446861306205
 20
-8.444569435319863
1001
GradientColor1ACI
1070
     5
1001
GradientColor2ACI
1070
     2
1001
ACAD
1010
0.0
1020
0.0
1030
0.0
  0
LWPOLYLINE
  5
2D5
330
2D2
100
AcDbEntity
  8
0
 48
0.25
100
AcDbPolyline
 90
        4
 70
     1
 43
0.0
 10
-169.7064333879389
 20
0.0
 10
170.2935666120611
 20
0.0
 10
170.2935666120611
 20
-20.0
 10
-169.7064333879389
 20
-20.0
  0
LWPOLYLINE
  5
2D6
330
2D2
100
AcDbEntity
  8
0
 48
0.25
100
AcDbPolyline
 90
        4
 70
     1
 43
0.0
 10
-130.7064333879389
 20
-134.0
 10
-130.7064333879389
 20
-20.0
 10
-108.7064333879389
 20
-20.0
 10
-108.7064333879389
 20
-134.0
  0
LWPOLYLINE
  5
2D7
330
2D2
100
AcDbEntity
  8
0
 48
0.25
100
AcDbPolyline
 90
        4
 70
     1
 43
0.0
 10
131.2935666120611
 20
-134.0
 10
131.2935666120611
 20
-20.0
 10
109.2935666120611
 20
-20.0
 10
109.2935666120611
 20
-134.0
  0
LWPOLYLINE
  5
2D8
330
2D2
100
AcDbEntity
  8
0
 48
0.25
100
AcDbPolyline
 90
        4
 70
     1
 43
0.0
 10
-159.7064333879389
 20
-134.0
 10
-79.70643338793888
 20
-134.0
 10
-79.70643338793888
 20
-150.0
 10
-159.7064333879389
 20
-150.0
  0
LWPOLYLINE
  5
2D9
330
2D2
100
AcDbEntity
  8
$Пунктир
100
AcDbPolyline
 90
        4
 70
     1
 43
0.0
 10
-130.7064333879389
 20
0.0
 10
-108.7064333879389
 20
0.0
 10
-108.7064333879389
 20
-20.0
 10
-130.7064333879389
 20
-20.0
  0
LWPOLYLINE
  5
2DA
330
2D2
100
AcDbEntity
  8
$Пунктир
100
AcDbPolyline
 90
        4
 70
     1
 43
0.0
 10
109.2935666120611
 20
0.0
 10
131.2935666120611
 20
0.0
 10
131.2935666120611
 20
-20.0
 10
109.2935666120611
 20
-20.0
  0
LWPOLYLINE
  5
2DB
330
2D2
100
AcDbEntity
  8
0
 48
0.25
100
AcDbPolyline
 90
        4
 70
     1
 43
0.0
 10
80.29356661206112
 20
-134.0
 10
160.2935666120611
 20
-134.0
 10
160.2935666120611
 20
-150.0
 10
80.29356661206112
 20
-150.0
  0
ENDBLK
  5
2DC
330
2D2
100
AcDbEntity
  8
0
100
AcDbBlockEnd
  0
BLOCK
  5
2DE
330
2DD
100
AcDbEntity
  8
0
100
AcDbBlockBegin
  2
ыанртокефтымявпа
 70
     0
 10
0.0
 20
0.0
 30
0.0
  3
ыанртокефтымявпа
  1

  0
LWPOLYLINE
  5
2DF
330
2DD
100
AcDbEntity
  8
$Тонкие
 48
0.25
100
AcDbPolyline
 90
        4
 70
     1
 43
0.0
 10
-175.0
 20
0.0
 10
175.0
 20
0.0
 10
175.0
 20
-20.0
 10
-175.0
 20
-20.0
  0
LWPOLYLINE
  5
2E0
330
2DD
100
AcDbEntity
  8
$Тонкие
 48
0.25
100
AcDbPolyline
 90
        4
 70
     1
 43
0.0
 10
-136.0
 20
-134.0
 10
-136.0
 20
-20.0
 10
-114.0
 20
-20.0
 10
-114.0
 20
-134.0
  0
LWPOLYLINE
  5
2E1
330
2DD
100
AcDbEntity
  8
$Тонкие
 48
0.25
100
AcDbPolyline
 90
        4
 70
     1
 43
0.0
 10
75.0
 20
-134.0
 10
175.0
 20
-134.0
 10
175.0
 20
-150.0
 10
75.0
 20
-150.0
  0
LWPOLYLINE
  5
2E2
330
2DD
100
AcDbEntity
  8
$Тонкие
 48
0.25
100
AcDbPolyline
 90
        4
 70
     1
 43
0.0
 10
136.0
 20
-134.0
 10
136.0
 20
-20.0
 10
114.0
 20
-20.0
 10
114.0
 20
-134.0
  0
LWPOLYLINE
  5
2E3
330
2DD
100
AcDbEntity
  8
$Тонкие
 48
0.25
100
AcDbPolyline
 90
        4
 70
     1
 43
0.0
 10
-175.0
 20
-134.0
 10
-75.0
 20
-134.0
 10
-75.0
 20
-150.0
 10
-175.0
 20
-150.0
  0
LWPOLYLINE
  5
2E4
330
2DD
100
AcDbEntity
  8
$Оси
 48
10.0
100
AcDbPolyline
 90
        2
 70
     0
 43
0.0
 10
-125.0
 20
-175.0
 10
-125.0
 20
25.0
  0
LWPOLYLINE
  5
2E5
330
2DD
100
AcDbEntity
  8
$Оси
 48
10.0
100
AcDbPolyline
 90
        2
 70
     0
 43
0.0
 10
125.0
 20
-175.0
 10
125.0
 20
25.0
  0
LWPOLYLINE
  5
2E6
330
2DD
100
AcDbEntity
  8
$Оси
 48
10.0
100
AcDbPolyline
 90
        2
 70
     0
 43
0.0
 10
0.0
 20
20.0
 10
0.0
 20
-40.0
  0
ENDBLK
  5
2E7
330
2DD
100
AcDbEntity
  8
0
100
AcDbBlockEnd
  0
BLOCK
  5
2E9
330
2E8
100
AcDbEntity
  8
0
100
AcDbBlockBegin
  2
*D7
 70
     1
 10
0.0
 20
0.0
 30
0.0
  3
*D7
  1

  0
LINE
  5
2EA
330
2E8
100
AcDbEntity
  8
$Размеры
  6
Continuous
 62
     5
440
 16777216
370
    13
100
AcDbLine
 10
382715.3522776325
 20
62327.06862592821
 30
0.0
 11
382715.3522776325
 21
62881.63663912444
 31
0.0
  0
LINE
  5
2EB
330
2E8
100
AcDbEntity
  8
$Размеры
  6
Continuous
 62
     5
440
 16777216
370
    13
100
AcDbLine
 10
395530.3522775725
 20
62260.0236264269
 30
0.0
 11
395530.3522775725
 21
62881.63663912444
 31
0.0
  0
LINE
  5
2EC
330
2E8
100
AcDbEntity
  8
$Размеры
  6
Continuous
 62
     5
440
 16777216
370
    13
100
AcDbLine
 10
382715.3522776325
 20
62846.63663912445
 30
0.0
 11
395530.3522775725
 21
62846.63663912445
 31
0.0
  0
INSERT
  5
2ED
330
2E8
100
AcDbEntity
  8
$Размеры
 62
     5
440
 16777216
 48
100.0
370
    13
100
AcDbBlockReference
  2
_Oblique
 10
382715.3522776325
 20
62846.63663912445
 30
0.0
 41
75.0
 42
75.0
 43
75.0
 50
180.0
  0
INSERT
  5
2EE
330
2E8
100
AcDbEntity
  8
$Размеры
 62
     5
440
 16777216
 48
100.0
370
    13
100
AcDbBlockReference
  2
_Oblique
 10
395530.3522775725
 20
62846.63663912445
 30
0.0
 41
75.0
 42
75.0
 43
75.0
  0
MTEXT
  5
2EF
330
2E8
100
AcDbEntity
  8
$Размеры
 62
     5
440
 16777216
 48
100.0
100
AcDbMText
 10
389122.8522776025
 20
62934.13663912445
 30
0.0
 40
125.0
 41
0.0
 46
0.0
 71
     5
 72
     1
  1
\A1;12815
  7
@ТРАНСПРОЕКТ
 73
     1
 44
1.0
  0
POINT
  5
2F0
330
2E8
100
AcDbEntity
  8
Defpoints
 62
     0
440
 16777216
 48
100.0
100
AcDbPoint
 10
382715.3522776325
 20
62277.06862592821
 30
0.0
  0
POINT
  5
2F1
330
2E8
100
AcDbEntity
  8
Defpoints
 62
     0
440
 16777216
 48
100.0
100
AcDbPoint
 10
395530.3522775725
 20
62210.02362642689
 30
0.0
  0
POINT
  5
2F2
330
2E8
100
AcDbEntity
  8
Defpoints
 62
     0
440
 16777216
 48
100.0
100
AcDbPoint
 10
395530.3522775725
 20
62846.63663912445
 30
0.0
  0
ENDBLK
  5
2F3
330
2E8
100
AcDbEntity
  8
0
100
AcDbBlockEnd
  0
BLOCK
  5
2F5
330
2F4
100
AcDbEntity
  8
0
100
AcDbBlockBegin
  2
*D8
 70
     1
 10
0.0
 20
0.0
 30
0.0
  3
*D8
  1

  0
LINE
  5
2F6
330
2F4
100
AcDbEntity
  8
$Размеры
  6
Continuous
 62
     5
440
 16777216
370
    13
100
AcDbLine
 10
382715.3522776325
 20
62327.06862592821
 30
0.0
 11
382715.3522776325
 21
62881.63663912444
 31
0.0
  0
LINE
  5
2F7
330
2F4
100
AcDbEntity
  8
$Размеры
  6
Continuous
 62
     5
440
 16777216
370
    13
100
AcDbLine
 10
369600.3522775725
 20
62260.78362642691
 30
0.0
 11
369600.3522775725
 21
62881.63663912444
 31
0.0
  0
LINE
  5
2F8
330
2F4
100
AcDbEntity
  8
$Размеры
  6
Continuous
 62
     5
440
 16777216
370
    13
100
AcDbLine
 10
382715.3522776325
 20
62846.63663912445
 30
0.0
 11
369600.3522775725
 21
62846.63663912445
 31
0.0
  0
INSERT
  5
2F9
330
2F4
100
AcDbEntity
  8
$Размеры
 62
     5
440
 16777216
 48
100.0
370
    13
100
AcDbBlockReference
  2
_Oblique
 10
382715.3522776325
 20
62846.63663912445
 30
0.0
 41
75.0
 42
75.0
 43
75.0
  0
INSERT
  5
2FA
330
2F4
100
AcDbEntity
  8
$Размеры
 62
     5
440
 16777216
 48
100.0
370
    13
100
AcDbBlockReference
  2
_Oblique
 10
369600.3522775725
 20
62846.63663912445
 30
0.0
 41
75.0
 42
75.0
 43
75.0
 50
180.0
  0
MTEXT
  5
2FB
330
2F4
100
AcDbEntity
  8
$Размеры
 62
     5
440
 16777216
 48
100.0
100
AcDbMText
 10
376157.8522776025
 20
62934.13663912445
 30
0.0
 40
125.0
 41
0.0
 46
0.0
 71
     5
 72
     1
  1
\A1;13115
  7
@ТРАНСПРОЕКТ
 73
     1
 44
1.0
  0
POINT
  5
2FC
330
2F4
100
AcDbEntity
  8
Defpoints
 62
     0
440
 16777216
 48
100.0
100
AcDbPoint
 10
382715.3522776325
 20
62277.06862592821
 30
0.0
  0
POINT
  5
2FD
330
2F4
100
AcDbEntity
  8
Defpoints
 62
     0
440
 16777216
 48
100.0
100
AcDbPoint
 10
369600.3522775725
 20
62210.78362642691
 30
0.0
  0
POINT
  5
2FE
330
2F4
100
AcDbEntity
  8
Defpoints
 62
     0
440
 16777216
 48
100.0
100
AcDbPoint
 10
369600.3522775725
 20
62846.63663912445
 30
0.0
  0
ENDBLK
  5
2FF
330
2F4
100
AcDbEntity
  8
0
100
AcDbBlockEnd
  0
BLOCK
  5
301
330
300
100
AcDbEntity
  8
0
100
AcDbBlockBegin
  2
*D9
 70
     1
 10
0.0
 20
0.0
 30
0.0
  3
*D9
  1

  0
LINE
  5
302
330
300
100
AcDbEntity
  8
$Выноски
  6
Continuous
 62
     5
440
 16777216
370
    13
100
AcDbLine
 10
377392.8998707959
 20
47304.63663912444
 30
0.0
 11
377392.8998707959
 21
46525.14170653928
 31
0.0
  0
LINE
  5
303
330
300
100
AcDbEntity
  8
$Выноски
  6
Continuous
 62
     5
440
 16777216
370
    13
100
AcDbLine
 10
387737.8046843491
 20
47304.63663912444
 30
0.0
 11
387737.8046843491
 21
46525.14170653928
 31
0.0
  0
LINE
  5
304
330
300
100
AcDbEntity
  8
$Выноски
  6
Continuous
 62
     5
440
 16777216
370
    13
100
AcDbLine
 10
377392.8998707959
 20
46560.14170653928
 30
0.0
 11
387737.8046843491
 21
46560.14170653928
 31
0.0
  0
INSERT
  5
305
330
300
100
AcDbEntity
  8
$Выноски
 62
     5
440
 16777216
 48
100.0
370
    13
100
AcDbBlockReference
  2
_Oblique
 10
377392.8998707959
 20
46560.14170653928
 30
0.0
 41
75.0
 42
75.0
 43
75.0
 50
180.0
  0
INSERT
  5
306
330
300
100
AcDbEntity
  8
$Выноски
 62
     5
440
 16777216
 48
100.0
370
    13
100
AcDbBlockReference
  2
_Oblique
 10
387737.8046843491
 20
46560.14170653928
 30
0.0
 41
75.0
 42
75.0
 43
75.0
  0
MTEXT
  5
307
330
300
100
AcDbEntity
  8
$Выноски
 62
     5
440
 16777216
 48
100.0
100
AcDbMText
 10
382715.3522776325
 20
46647.64170653928
 30
0.0
 40
125.0
 41
0.0
 46
0.0
 71
     5
 72
     1
  1
\A1;25930\P
  7
@ТРАНСПРОЕКТ
 73
     1
 44
1.0
  0
POINT
  5
308
330
300
100
AcDbEntity
  8
Defpoints
 62
     0
440
 16777216
 48
100.0
100
AcDbPoint
 10
377392.8998707959
 20
47354.63663912444
 30
0.0
  0
POINT
  5
309
330
300
100
AcDbEntity
  8
Defpoints
 62
     0
440
 16777216
 48
100.0
100
AcDbPoint
 10
387737.8046843491
 20
47354.63663912444
 30
0.0
  0
POINT
  5
30A
330
300
100
AcDbEntity
  8
Defpoints
 62
     0
440
 16777216
 48
100.0
100
AcDbPoint
 10
387737.8046843491
 20
46560.14170653928
 30
0.0
  0
ENDBLK
  5
30B
330
300
100
AcDbEntity
  8
0
100
AcDbBlockEnd
  0
BLOCK
  5
30D
330
30C
100
AcDbEntity
  8
0
100
AcDbBlockBegin
  2
*D10
 70
     1
 10
0.0
 20
0.0
 30
0.0
  3
*D10
  1

  0
LINE
  5
30E
330
30C
100
AcDbEntity
  8
$Размеры
  6
Continuous
 62
     5
440
 16777216
370
    13
100
AcDbLine
 10
402387.3522775724
 20
47798.93261011849
 30
0.0
 11
402214.4962545491
 21
47798.93261011849
 31
0.0
  0
LINE
  5
30F
330
30C
100
AcDbEntity
  8
$Размеры
  6
Continuous
 62
     5
440
 16777216
370
    13
100
AcDbLine
 10
402387.3522775724
 20
48099.38601360257
 30
0.0
 11
402214.4962545491
 21
48099.38601360257
 31
0.0
  0
LINE
  5
310
330
30C
100
AcDbEntity
  8
$Размеры
  6
Continuous
 62
     5
440
 16777216
370
    13
100
AcDbLine
 10
402249.4962545491
 20
47798.93261011849
 30
0.0
 11
402249.4962545491
 21
47413.43578559191
 31
0.0
  0
LINE
  5
311
330
30C
100
AcDbEntity
  8
$Размеры
  6
Continuous
 62
     5
440
 16777216
370
    13
100
AcDbLine
 10
402249.4962545491
 20
47798.93261011849
 30
0.0
 11
402249.4962545491
 21
47413.43578559191
 31
0.0
  0
LINE
  5
312
330
30C
100
AcDbEntity
  8
$Размеры
  6
Continuous
 62
     5
440
 16777216
370
    13
100
AcDbLine
 10
402249.4962545491
 20
47798.93261011849
 30
0.0
 11
402249.4962545491
 21
48099.38601360257
 31
0.0
  0
INSERT
  5
313
330
30C
100
AcDbEntity
  8
$Размеры
 62
     5
440
 16777216
 48
100.0
370
    13
100
AcDbBlockReference
  2
_Oblique
 10
402249.4962545491
 20
47798.93261011849
 30
0.0
 41
75.0
 42
75.0
 43
75.0
 50
270.0
  0
INSERT
  5
314
330
30C
100
AcDbEntity
  8
$Размеры
 62
     5
440
 16777216
 48
100.0
370
    13
100
AcDbBlockReference
  2
_Oblique
 10
402249.4962545491
 20
48099.38601360257
 30
0.0
 41
75.0
 42
75.0
 43
75.0
 50
90.0
  0
MTEXT
  5
315
330
30C
100
AcDbEntity
  8
$Размеры
 62
     5
440
 16777216
 48
100.0
100
AcDbMText
 10
402161.9962545491
 20
47563.43578559191
 30
0.0
 40
125.0
 41
0.0
 46
0.0
 71
     5
 72
     1
  1
\A1;300
  7
@ТРАНСПРОЕКТ
 11
0.0
 21
1.0
 31
0.0
 73
     1
 44
1.0
  0
POINT
  5
316
330
30C
100
AcDbEntity
  8
Defpoints
 62
     0
440
 16777216
 48
100.0
100
AcDbPoint
 10
402437.3522775724
 20
47798.93261011849
 30
0.0
  0
POINT
  5
317
330
30C
100
AcDbEntity
  8
Defpoints
 62
     0
440
 16777216
 48
100.0
100
AcDbPoint
 10
402437.3522775724
 20
48099.38601360257
 30
0.0
  0
POINT
  5
318
330
30C
100
AcDbEntity
  8
Defpoints
 62
     0
440
 16777216
 48
100.0
100
AcDbPoint
 10
402249.4962545491
 20
48099.38601360257
 30
0.0
  0
ENDBLK
  5
319
330
30C
100
AcDbEntity
  8
0
100
AcDbBlockEnd
  0
BLOCK
  5
31B
330
31A
100
AcDbEntity
  8
0
100
AcDbBlockBegin
  2
*D11
 70
     1
 10
0.0
 20
0.0
 30
0.0
  3
*D11
  1

  0
LINE
  5
31C
330
31A
100
AcDbEntity
  8
$Размеры
  6
Continuous
 62
     5
440
 16777216
370
    13
100
AcDbLine
 10
402387.3522775724
 20
48099.38601360257
 30
0.0
 11
402214.4962545491
 21
48099.38601360257
 31
0.0
  0
LINE
  5
31D
330
31A
100
AcDbEntity
  8
$Размеры
  6
Continuous
 62
     5
440
 16777216
370
    13
100
AcDbLine
 10
402387.3522775724
 20
48674.91071062508
 30
0.0
 11
402214.4962545491
 21
48674.91071062508
 31
0.0
  0
LINE
  5
31E
330
31A
100
AcDbEntity
  8
$Размеры
  6
Continuous
 62
     5
440
 16777216
370
    13
100
AcDbLine
 10
402249.4962545491
 20
48099.38601360257
 30
0.0
 11
402249.4962545491
 21
48674.91071062508
 31
0.0
  0
INSERT
  5
31F
330
31A
100
AcDbEntity
  8
$Размеры
 62
     5
440
 16777216
 48
100.0
370
    13
100
AcDbBlockReference
  2
_Oblique
 10
402249.4962545491
 20
48099.38601360257
 30
0.0
 41
75.0
 42
75.0
 43
75.0
 50
270.0
  0
INSERT
  5
320
330
31A
100
AcDbEntity
  8
$Размеры
 62
     5
440
 16777216
 48
100.0
370
    13
100
AcDbBlockReference
  2
_Oblique
 10
402249.4962545491
 20
48674.91071062508
 30
0.0
 41
75.0
 42
75.0
 43
75.0
 50
90.0
  0
MTEXT
  5
321
330
31A
100
AcDbEntity
  8
$Размеры
 62
     5
440
 16777216
 48
100.0
100
AcDbMText
 10
402161.9962545491
 20
48387.14836211417
 30
0.0
 40
125.0
 41
0.0
 46
0.0
 71
     5
 72
     1
  1
\A1;576
  7
@ТРАНСПРОЕКТ
 11
0.0
 21
1.0
 31
0.0
 73
     1
 44
1.0
  0
POINT
  5
322
330
31A
100
AcDbEntity
  8
Defpoints
 62
     0
440
 16777216
 48
100.0
100
AcDbPoint
 10
402437.3522775724
 20
48099.38601360257
 30
0.0
  0
POINT
  5
323
330
31A
100
AcDbEntity
  8
Defpoints
 62
     0
440
 16777216
 48
100.0
100
AcDbPoint
 10
402437.3522775724
 20
48674.91071062508
 30
0.0
  0
POINT
  5
324
330
31A
100
AcDbEntity
  8
Defpoints
 62
     0
440
 16777216
 48
100.0
100
AcDbPoint
 10
402249.4962545491
 20
48674.91071062508
 30
0.0
  0
ENDBLK
  5
325
330
31A
100
AcDbEntity
  8
0
100
AcDbBlockEnd
  0
BLOCK
  5
327
330
326
100
AcDbEntity
  8
0
100
AcDbBlockBegin
  2
*D12
 70
     1
 10
0.0
 20
0.0
 30
0.0
  3
*D12
  1

  0
LINE
  5
328
330
326
100
AcDbEntity
  8
$Размеры
  6
Continuous
 62
     5
440
 16777216
370
    13
100
AcDbLine
 10
402387.3522775724
 20
44298.93261011849
 30
0.0
 11
402214.4962545491
 21
44298.93261011849
 31
0.0
  0
LINE
  5
329
330
326
100
AcDbEntity
  8
$Размеры
  6
Continuous
 62
     5
440
 16777216
370
    13
100
AcDbLine
 10
402387.3522775724
 20
44599.38601360256
 30
0.0
 11
402214.4962545491
 21
44599.38601360256
 31
0.0
  0
LINE
  5
32A
330
326
100
AcDbEntity
  8
$Размеры
  6
Continuous
 62
     5
440
 16777216
370
    13
100
AcDbLine
 10
402249.4962545491
 20
44298.93261011849
 30
0.0
 11
402249.4962545491
 21
43835.42952361757
 31
0.0
  0
LINE
  5
32B
330
326
100
AcDbEntity
  8
$Размеры
  6
Continuous
 62
     5
440
 16777216
370
    13
100
AcDbLine
 10
402249.4962545491
 20
44298.93261011849
 30
0.0
 11
402249.4962545491
 21
43835.42952361757
 31
0.0
  0
LINE
  5
32C
330
326
100
AcDbEntity
  8
$Размеры
  6
Continuous
 62
     5
440
 16777216
370
    13
100
AcDbLine
 10
402249.4962545491
 20
44298.93261011849
 30
0.0
 11
402249.4962545491
 21
44599.38601360256
 31
0.0
  0
INSERT
  5
32D
330
326
100
AcDbEntity
  8
$Размеры
 62
     5
440
 16777216
 48
100.0
370
    13
100
AcDbBlockReference
  2
_Oblique
 10
402249.4962545491
 20
44298.93261011849
 30
0.0
 41
75.0
 42
75.0
 43
75.0
 50
270.0
  0
INSERT
  5
32E
330
326
100
AcDbEntity
  8
$Размеры
 62
     5
440
 16777216
 48
100.0
370
    13
100
AcDbBlockReference
  2
_Oblique
 10
402249.4962545491
 20
44599.38601360256
 30
0.0
 41
75.0
 42
75.0
 43
75.0
 50
90.0
  0
MTEXT
  5
32F
330
326
100
AcDbEntity
  8
$Размеры
 62
     5
440
 16777216
 48
100.0
100
AcDbMText
 10
402161.9962545491
 20
43985.42952361757
 30
0.0
 40
125.0
 41
0.0
 46
0.0
 71
     5
 72
     1
  1
\A1;300
  7
@ТРАНСПРОЕКТ
 11
0.0
 21
1.0
 31
0.0
 73
     1
 44
1.0
  0
POINT
  5
330
330
326
100
AcDbEntity
  8
Defpoints
 62
     0
440
 16777216
 48
100.0
100
AcDbPoint
 10
402437.3522775724
 20
44298.93261011849
 30
0.0
  0
POINT
  5
331
330
326
100
AcDbEntity
  8
Defpoints
 62
     0
440
 16777216
 48
100.0
100
AcDbPoint
 10
402437.3522775724
 20
44599.38601360256
 30
0.0
  0
POINT
  5
332
330
326
100
AcDbEntity
  8
Defpoints
 62
     0
440
 16777216
 48
100.0
100
AcDbPoint
 10
402249.4962545491
 20
44599.38601360256
 30
0.0
  0
ENDBLK
  5
333
330
326
100
AcDbEntity
  8
0
100
AcDbBlockEnd
  0
BLOCK
  5
335
330
334
100
AcDbEntity
  8
0
100
AcDbBlockBegin
  2
*D13
 70
     1
 10
0.0
 20
0.0
 30
0.0
  3
*D13
  1

  0
LINE
  5
336
330
334
100
AcDbEntity
  8
$Размеры
  6
Continuous
 62
     5
440
 16777216
370
    13
100
AcDbLine
 10
402387.3522775724
 20
44959.38601360257
 30
0.0
 11
402214.4962545491
 21
44959.38601360257
 31
0.0
  0
LINE
  5
337
330
334
100
AcDbEntity
  8
$Размеры
  6
Continuous
 62
     5
440
 16777216
370
    13
100
AcDbLine
 10
402387.3522775724
 20
44599.38601360256
 30
0.0
 11
402214.4962545491
 21
44599.38601360256
 31
0.0
  0
LINE
  5
338
330
334
100
AcDbEntity
  8
$Размеры
  6
Continuous
 62
     5
440
 16777216
370
    13
100
AcDbLine
 10
402249.4962545491
 20
44959.38601360257
 30
0.0
 11
402249.4962545491
 21
44599.38601360256
 31
0.0
  0
INSERT
  5
339
330
334
100
AcDbEntity
  8
$Размеры
 62
     5
440
 16777216
 48
100.0
370
    13
100
AcDbBlockReference
  2
_Oblique
 10
402249.4962545491
 20
44959.38601360257
 30
0.0
 41
75.0
 42
75.0
 43
75.0
 50
90.0
  0
INSERT
  5
33A
330
334
100
AcDbEntity
  8
$Размеры
 62
     5
440
 16777216
 48
100.0
370
    13
100
AcDbBlockReference
  2
_Oblique
 10
402249.4962545491
 20
44599.38601360256
 30
0.0
 41
75.0
 42
75.0
 43
75.0
 50
270.0
  0
MTEXT
  5
33B
330
334
100
AcDbEntity
  8
$Размеры
 62
     5
440
 16777216
 48
100.0
100
AcDbMText
 10
402161.9962545491
 20
44779.38601360256
 30
0.0
 40
125.0
 41
0.0
 46
0.0
 71
     5
 72
     1
  1
\A1;360
  7
@ТРАНСПРОЕКТ
 11
0.0
 21
1.0
 31
0.0
 73
     1
 44
1.0
  0
POINT
  5
33C
330
334
100
AcDbEntity
  8
Defpoints
 62
     0
440
 16777216
 48
100.0
100
AcDbPoint
 10
402437.3522775724
 20
44959.38601360257
 30
0.0
  0
POINT
  5
33D
330
334
100
AcDbEntity
  8
Defpoints
 62
     0
440
 16777216
 48
100.0
100
AcDbPoint
 10
402437.3522775724
 20
44599.38601360256
 30
0.0
  0
POINT
  5
33E
330
334
100
AcDbEntity
  8
Defpoints
 62
     0
440
 16777216
 48
100.0
100
AcDbPoint
 10
402249.4962545491
 20
44599.38601360256
 30
0.0
  0
ENDBLK
  5
33F
330
334
100
AcDbEntity
  8
0
100
AcDbBlockEnd
  0
BLOCK
  5
341
330
340
100
AcDbEntity
  8
0
100
AcDbBlockBegin
  2
*D14
 70
     1
 10
0.0
 20
0.0
 30
0.0
  3
*D14
  1

  0
LINE
  5
342
330
340
100
AcDbEntity
  8
$Размеры
  6
Continuous
 62
     5
440
 16777216
370
    13
100
AcDbLine
 10
408487.3522775724
 20
44628.93112719544
 30
0.0
 11
408785.7772704086
 21
44628.93112719544
 31
0.0
  0
LINE
  5
343
330
340
100
AcDbEntity
  8
$Размеры
  6
Continuous
 62
     5
440
 16777216
370
    13
100
AcDbLine
 10
408487.3522775724
 20
44929.38453067951
 30
0.0
 11
408785.7772704086
 21
44929.38453067951
 31
0.0
  0
LINE
  5
344
330
340
100
AcDbEntity
  8
$Размеры
  6
Continuous
 62
     5
440
 16777216
370
    13
100
AcDbLine
 10
408750.7772704085
 20
44628.93112719544
 30
0.0
 11
408750.7772704085
 21
44243.43430266886
 31
0.0
  0
LINE
  5
345
330
340
100
AcDbEntity
  8
$Размеры
  6
Continuous
 62
     5
440
 16777216
370
    13
100
AcDbLine
 10
408750.7772704085
 20
44628.93112719544
 30
0.0
 11
408750.7772704085
 21
44243.43430266886
 31
0.0
  0
LINE
  5
346
330
340
100
AcDbEntity
  8
$Размеры
  6
Continuous
 62
     5
440
 16777216
370
    13
100
AcDbLine
 10
408750.7772704085
 20
44628.93112719544
 30
0.0
 11
408750.7772704085
 21
44929.38453067951
 31
0.0
  0
INSERT
  5
347
330
340
100
AcDbEntity
  8
$Размеры
 62
     5
440
 16777216
 48
100.0
370
    13
100
AcDbBlockReference
  2
_Oblique
 10
408750.7772704085
 20
44628.93112719544
 30
0.0
 41
75.0
 42
75.0
 43
75.0
 50
270.0
  0
INSERT
  5
348
330
340
100
AcDbEntity
  8
$Размеры
 62
     5
440
 16777216
 48
100.0
370
    13
100
AcDbBlockReference
  2
_Oblique
 10
408750.7772704085
 20
44929.38453067951
 30
0.0
 41
75.0
 42
75.0
 43
75.0
 50
90.0
  0
MTEXT
  5
349
330
340
100
AcDbEntity
  8
$Размеры
 62
     5
440
 16777216
 48
100.0
100
AcDbMText
 10
408663.2772704085
 20
44393.43430266887
 30
0.0
 40
125.0
 41
0.0
 46
0.0
 71
     5
 72
     1
  1
\A1;300
  7
@ТРАНСПРОЕКТ
 11
0.0
 21
1.0
 31
0.0
 73
     1
 44
1.0
  0
POINT
  5
34A
330
340
100
AcDbEntity
  8
Defpoints
 62
     0
440
 16777216
 48
100.0
100
AcDbPoint
 10
408437.3522775724
 20
44628.93112719544
 30
0.0
  0
POINT
  5
34B
330
340
100
AcDbEntity
  8
Defpoints
 62
     0
440
 16777216
 48
100.0
100
AcDbPoint
 10
408437.3522775724
 20
44929.38453067951
 30
0.0
  0
POINT
  5
34C
330
340
100
AcDbEntity
  8
Defpoints
 62
     0
440
 16777216
 48
100.0
100
AcDbPoint
 10
408750.7772704085
 20
44929.38453067951
 30
0.0
  0
ENDBLK
  5
34D
330
340
100
AcDbEntity
  8
0
100
AcDbBlockEnd
  0
BLOCK
  5
34F
330
34E
100
AcDbEntity
  8
0
100
AcDbBlockBegin
  2
*D15
 70
     1
 10
0.0
 20
0.0
 30
0.0
  3
*D15
  1

  0
LINE
  5
350
330
34E
100
AcDbEntity
  8
$Размеры
  6
Continuous
 62
     5
440
 16777216
370
    13
100
AcDbLine
 10
408487.3522811748
 20
44989.38453049255
 30
0.0
 11
408785.7772705953
 21
44989.38453049255
 31
0.0
  0
LINE
  5
351
330
34E
100
AcDbEntity
  8
$Размеры
  6
Continuous
 62
     5
440
 16777216
370
    13
100
AcDbLine
 10
408487.3522775724
 20
44929.38453049255
 30
0.0
 11
408785.7772705953
 21
44929.38453049255
 31
0.0
  0
LINE
  5
352
330
34E
100
AcDbEntity
  8
$Размеры
  6
Continuous
 62
     5
440
 16777216
370
    13
100
AcDbLine
 10
408750.7772705953
 20
44989.38453049255
 30
0.0
 11
408750.7772705953
 21
45408.63283812984
 31
0.0
  0
LINE
  5
353
330
34E
100
AcDbEntity
  8
$Размеры
  6
Continuous
 62
     5
440
 16777216
370
    13
100
AcDbLine
 10
408750.7772705953
 20
44989.38453049255
 30
0.0
 11
408750.7772705953
 21
45408.63283812984
 31
0.0
  0
LINE
  5
354
330
34E
100
AcDbEntity
  8
$Размеры
  6
Continuous
 62
     5
440
 16777216
370
    13
100
AcDbLine
 10
408750.7772705953
 20
44989.38453049255
 30
0.0
 11
408750.7772705953
 21
44929.38453049255
 31
0.0
  0
INSERT
  5
355
330
34E
100
AcDbEntity
  8
$Размеры
 62
     5
440
 16777216
 48
100.0
370
    13
100
AcDbBlockReference
  2
_Oblique
 10
408750.7772705953
 20
44989.38453049255
 30
0.0
 41
75.0
 42
75.0
 43
75.0
 50
90.0
  0
INSERT
  5
356
330
34E
100
AcDbEntity
  8
$Размеры
 62
     5
440
 16777216
 48
100.0
370
    13
100
AcDbBlockReference
  2
_Oblique
 10
408750.7772705953
 20
44929.38453049255
 30
0.0
 41
75.0
 42
75.0
 43
75.0
 50
270.0
  0
MTEXT
  5
357
330
34E
100
AcDbEntity
  8
$Размеры
 62
     5
440
 16777216
 48
100.0
100
AcDbMText
 10
408663.2772705953
 20
45302.38283812984
 30
0.0
 40
125.0
 41
0.0
 46
0.0
 71
     5
 72
     1
  1
\A1;60
  7
@ТРАНСПРОЕКТ
 11
0.0
 21
1.0
 31
0.0
 73
     1
 44
1.0
  0
POINT
  5
358
330
34E
100
AcDbEntity
  8
Defpoints
 62
     0
440
 16777216
 48
100.0
100
AcDbPoint
 10
408437.3522811747
 20
44989.38453049255
 30
0.0
  0
POINT
  5
359
330
34E
100
AcDbEntity
  8
Defpoints
 62
     0
440
 16777216
 48
100.0
100
AcDbPoint
 10
408437.3522775724
 20
44929.38453049255
 30
0.0
  0
POINT
  5
35A
330
34E
100
AcDbEntity
  8
Defpoints
 62
     0
440
 16777216
 48
100.0
100
AcDbPoint
 10
408750.7772705953
 20
44929.38453049255
 30
0.0
  0
ENDBLK
  5
35B
330
34E
100
AcDbEntity
  8
0
100
AcDbBlockEnd
  0
BLOCK
  5
35D
330
35C
100
AcDbEntity
  8
0
100
AcDbBlockBegin
  2
*D16
 70
     1
 10
0.0
 20
0.0
 30
0.0
  3
*D16
  1

  0
LINE
  5
35E
330
35C
100
AcDbEntity
  8
$Размеры
  6
Continuous
 62
     5
440
 16777216
370
    13
100
AcDbLine
 10
408487.3522775724
 20
48429.38453049256
 30
0.0
 11
408785.7772704086
 21
48429.38453049256
 31
0.0
  0
LINE
  5
35F
330
35C
100
AcDbEntity
  8
$Размеры
  6
Continuous
 62
     5
440
 16777216
370
    13
100
AcDbLine
 10
408487.3522775724
 20
48128.93112719544
 30
0.0
 11
408785.7772704086
 21
48128.93112719544
 31
0.0
  0
LINE
  5
360
330
35C
100
AcDbEntity
  8
$Размеры
  6
Continuous
 62
     5
440
 16777216
370
    13
100
AcDbLine
 10
408750.7772704085
 20
48429.38453049256
 30
0.0
 11
408750.7772704085
 21
48128.93112719544
 31
0.0
  0
INSERT
  5
361
330
35C
100
AcDbEntity
  8
$Размеры
 62
     5
440
 16777216
 48
100.0
370
    13
100
AcDbBlockReference
  2
_Oblique
 10
408750.7772704085
 20
48429.38453049256
 30
0.0
 41
75.0
 42
75.0
 43
75.0
 50
90.0
  0
INSERT
  5
362
330
35C
100
AcDbEntity
  8
$Размеры
 62
     5
440
 16777216
 48
100.0
370
    13
100
AcDbBlockReference
  2
_Oblique
 10
408750.7772704085
 20
48128.93112719544
 30
0.0
 41
75.0
 42
75.0
 43
75.0
 50
270.0
  0
MTEXT
  5
363
330
35C
100
AcDbEntity
  8
$Размеры
 62
     5
440
 16777216
 48
100.0
100
AcDbMText
 10
408663.2772704085
 20
48279.15782884399
 30
0.0
 40
125.0
 41
0.0
 46
0.0
 71
     5
 72
     1
  1
\A1;300
  7
@ТРАНСПРОЕКТ
 11
0.0
 21
1.0
 31
0.0
 73
     1
 44
1.0
  0
POINT
  5
364
330
35C
100
AcDbEntity
  8
Defpoints
 62
     0
440
 16777216
 48
100.0
100
AcDbPoint
 10
408437.3522775724
 20
48429.38453049256
 30
0.0
  0
POINT
  5
365
330
35C
100
AcDbEntity
  8
Defpoints
 62
     0
440
 16777216
 48
100.0
100
AcDbPoint
 10
408437.3522775724
 20
48128.93112719544
 30
0.0
  0
POINT
  5
366
330
35C
100
AcDbEntity
  8
Defpoints
 62
     0
440
 16777216
 48
100.0
100
AcDbPoint
 10
408750.7772704085
 20
48128.93112719544
 30
0.0
  0
ENDBLK
  5
367
330
35C
100
AcDbEntity
  8
0
100
AcDbBlockEnd
  0
BLOCK
  5
369
330
368
100
AcDbEntity
  8
0
100
AcDbBlockBegin
  2
*D17
 70
     1
 10
0.0
 20
0.0
 30
0.0
  3
*D17
  1

  0
LINE
  5
36A
330
368
100
AcDbEntity
  8
$Размеры
  6
Continuous
 62
     5
440
 16777216
370
    13
100
AcDbLine
 10
408487.3522775724
 20
48704.91823841767
 30
0.0
 11
408785.7772704086
 21
48704.91823841767
 31
0.0
  0
LINE
  5
36B
330
368
100
AcDbEntity
  8
$Размеры
  6
Continuous
 62
     5
440
 16777216
370
    13
100
AcDbLine
 10
408487.3522775724
 20
48429.38453049256
 30
0.0
 11
408785.7772704086
 21
48429.38453049256
 31
0.0
  0
LINE
  5
36C
330
368
100
AcDbEntity
  8
$Размеры
  6
Continuous
 62
     5
440
 16777216
370
    13
100
AcDbLine
 10
408750.7772704085
 20
48704.91823841767
 30
0.0
 11
408750.7772704085
 21
49090.41506294495
 31
0.0
  0
LINE
  5
36D
330
368
100
AcDbEntity
  8
$Размеры
  6
Continuous
 62
     5
440
 16777216
370
    13
100
AcDbLine
 10
408750.7772704085
 20
48704.91823841767
 30
0.0
 11
408750.7772704085
 21
49090.41506294495
 31
0.0
  0
LINE
  5
36E
330
368
100
AcDbEntity
  8
$Размеры
  6
Continuous
 62
     5
440
 16777216
370
    13
100
AcDbLine
 10
408750.7772704085
 20
48704.91823841767
 30
0.0
 11
408750.7772704085
 21
48429.38453049256
 31
0.0
  0
INSERT
  5
36F
330
368
100
AcDbEntity
  8
$Размеры
 62
     5
440
 16777216
 48
100.0
370
    13
100
AcDbBlockReference
  2
_Oblique
 10
408750.7772704085
 20
48704.91823841767
 30
0.0
 41
75.0
 42
75.0
 43
75.0
 50
90.0
  0
INSERT
  5
370
330
368
100
AcDbEntity
  8
$Размеры
 62
     5
440
 16777216
 48
100.0
370
    13
100
AcDbBlockReference
  2
_Oblique
 10
408750.7772704085
 20
48429.38453049256
 30
0.0
 41
75.0
 42
75.0
 43
75.0
 50
270.0
  0
MTEXT
  5
371
330
368
100
AcDbEntity
  8
$Размеры
 62
     5
440
 16777216
 48
100.0
100
AcDbMText
 10
408663.2772704085
 20
48940.41506294494
 30
0.0
 40
125.0
 41
0.0
 46
0.0
 71
     5
 72
     1
  1
\A1;276
  7
@ТРАНСПРОЕКТ
 11
0.0
 21
1.0
 31
0.0
 73
     1
 44
1.0
  0
POINT
  5
372
330
368
100
AcDbEntity
  8
Defpoints
 62
     0
440
 16777216
 48
100.0
100
AcDbPoint
 10
408437.3522775724
 20
48704.91823841767
 30
0.0
  0
POINT
  5
373
330
368
100
AcDbEntity
  8
Defpoints
 62
     0
440
 16777216
 48
100.0
100
AcDbPoint
 10
408437.3522775724
 20
48429.38453049256
 30
0.0
  0
POINT
  5
374
330
368
100
AcDbEntity
  8
Defpoints
 62
     0
440
 16777216
 48
100.0
100
AcDbPoint
 10
408750.7772704085
 20
48429.38453049256
 30
0.0
  0
ENDBLK
  5
375
330
368
100
AcDbEntity
  8
0
100
AcDbBlockEnd
  0
BLOCK
  5
377
330
376
100
AcDbEntity
  8
0
100
AcDbBlockBegin
  2
*D18
 70
     1
 10
0.0
 20
0.0
 30
0.0
  3
*D18
  1

  0
LINE
  5
378
330
376
100
AcDbEntity
  8
$Размеры
  6
Continuous
 62
     5
440
 16777216
370
    13
100
AcDbLine
 10
377392.8998707959
 20
57416.63457829117
 30
0.0
 11
377392.8998707959
 21
57889.69316614753
 31
0.0
  0
LINE
  5
379
330
376
100
AcDbEntity
  8
$Размеры
  6
Continuous
 62
     5
440
 16777216
370
    13
100
AcDbLine
 10
377942.8998707959
 20
57416.63457829117
 30
0.0
 11
377942.8998707959
 21
57889.69316614753
 31
0.0
  0
LINE
  5
37A
330
376
100
AcDbEntity
  8
$Размеры
  6
Continuous
 62
     5
440
 16777216
370
    13
100
AcDbLine
 10
377392.8998707959
 20
57854.69316614753
 30
0.0
 11
377942.8998707959
 21
57854.69316614753
 31
0.0
  0
INSERT
  5
37B
330
376
100
AcDbEntity
  8
$Размеры
 62
     5
440
 16777216
 48
100.0
370
    13
100
AcDbBlockReference
  2
_Oblique
 10
377392.8998707959
 20
57854.69316614753
 30
0.0
 41
75.0
 42
75.0
 43
75.0
 50
180.0
  0
INSERT
  5
37C
330
376
100
AcDbEntity
  8
$Размеры
 62
     5
440
 16777216
 48
100.0
370
    13
100
AcDbBlockReference
  2
_Oblique
 10
377942.8998707959
 20
57854.69316614753
 30
0.0
 41
75.0
 42
75.0
 43
75.0
  0
MTEXT
  5
37D
330
376
100
AcDbEntity
  8
$Размеры
 62
     5
440
 16777216
 48
100.0
100
AcDbMText
 10
377667.8998707958
 20
57942.19316614753
 30
0.0
 40
125.0
 41
0.0
 46
0.0
 71
     5
 72
     1
  1
\A1;550
  7
@ТРАНСПРОЕКТ
 73
     1
 44
1.0
  0
POINT
  5
37E
330
376
100
AcDbEntity
  8
Defpoints
 62
     0
440
 16777216
 48
100.0
100
AcDbPoint
 10
377392.8998707959
 20
57366.63457829117
 30
0.0
  0
POINT
  5
37F
330
376
100
AcDbEntity
  8
Defpoints
 62
     0
440
 16777216
 48
100.0
100
AcDbPoint
 10
377942.8998707959
 20
57366.63457829117
 30
0.0
  0
POINT
  5
380
330
376
100
AcDbEntity
  8
Defpoints
 62
     0
440
 16777216
 48
100.0
100
AcDbPoint
 10
377942.8998707959
 20
57854.69316614753
 30
0.0
  0
ENDBLK
  5
381
330
376
100
AcDbEntity
  8
0
100
AcDbBlockEnd
  0
BLOCK
  5
383
330
382
100
AcDbEntity
  8
0
100
AcDbBlockBegin
  2
*D19
 70
     1
 10
0.0
 20
0.0
 30
0.0
  3
*D19
  1

  0
LINE
  5
384
330
382
100
AcDbEntity
  8
$Размеры
  6
Continuous
 62
     5
440
 16777216
370
    13
100
AcDbLine
 10
377942.8998707959
 20
57416.63457829117
 30
0.0
 11
377942.8998707959
 21
57889.69316614753
 31
0.0
  0
LINE
  5
385
330
382
100
AcDbEntity
  8
$Размеры
  6
Continuous
 62
     5
440
 16777216
370
    13
100
AcDbLine
 10
378562.8998710958
 20
57206.71957779148
 30
0.0
 11
378562.8998710958
 21
57889.69316614753
 31
0.0
  0
LINE
  5
386
330
382
100
AcDbEntity
  8
$Размеры
  6
Continuous
 62
     5
440
 16777216
370
    13
100
AcDbLine
 10
377942.8998707959
 20
57854.69316614753
 30
0.0
 11
378562.8998710958
 21
57854.69316614753
 31
0.0
  0
INSERT
  5
387
330
382
100
AcDbEntity
  8
$Размеры
 62
     5
440
 16777216
 48
100.0
370
    13
100
AcDbBlockReference
  2
_Oblique
 10
377942.8998707959
 20
57854.69316614753
 30
0.0
 41
75.0
 42
75.0
 43
75.0
 50
180.0
  0
INSERT
  5
388
330
382
100
AcDbEntity
  8
$Размеры
 62
     5
440
 16777216
 48
100.0
370
    13
100
AcDbBlockReference
  2
_Oblique
 10
378562.8998710958
 20
57854.69316614753
 30
0.0
 41
75.0
 42
75.0
 43
75.0
  0
MTEXT
  5
389
330
382
100
AcDbEntity
  8
$Размеры
 62
     5
440
 16777216
 48
100.0
100
AcDbMText
 10
378252.8998709458
 20
57942.19316614753
 30
0.0
 40
125.0
 41
0.0
 46
0.0
 71
     5
 72
     1
  1
\A1;620
  7
@ТРАНСПРОЕКТ
 73
     1
 44
1.0
  0
POINT
  5
38A
330
382
100
AcDbEntity
  8
Defpoints
 62
     0
440
 16777216
 48
100.0
100
AcDbPoint
 10
377942.8998707959
 20
57366.63457829117
 30
0.0
  0
POINT
  5
38B
330
382
100
AcDbEntity
  8
Defpoints
 62
     0
440
 16777216
 48
100.0
100
AcDbPoint
 10
378562.8998710958
 20
57156.71957779148
 30
0.0
  0
POINT
  5
38C
330
382
100
AcDbEntity
  8
Defpoints
 62
     0
440
 16777216
 48
100.0
100
AcDbPoint
 10
378562.8998710958
 20
57854.69316614753
 30
0.0
  0
ENDBLK
  5
38D
330
382
100
AcDbEntity
  8
0
100
AcDbBlockEnd
  0
BLOCK
  5
38F
330
38E
100
AcDbEntity
  8
0
100
AcDbBlockBegin
  2
*D20
 70
     1
 10
0.0
 20
0.0
 30
0.0
  3
*D20
  1

  0
LINE
  5
390
330
38E
100
AcDbEntity
  8
$Размеры
  6
Continuous
 62
     5
440
 16777216
370
    13
100
AcDbLine
 10
378562.8998710958
 20
57206.71957779148
 30
0.0
 11
378562.8998710958
 21
57889.69316614765
 31
0.0
  0
LINE
  5
391
330
38E
100
AcDbEntity
  8
$Размеры
  6
Continuous
 62
     5
440
 16777216
370
    13
100
AcDbLine
 10
382465.3522776325
 20
57302.06862592821
 30
0.0
 11
382465.3522776325
 21
57889.69316614765
 31
0.0
  0
LINE
  5
392
330
38E
100
AcDbEntity
  8
$Размеры
  6
Continuous
 62
     5
440
 16777216
370
    13
100
AcDbLine
 10
378562.8998710958
 20
57854.69316614765
 30
0.0
 11
382465.3522776325
 21
57854.69316614765
 31
0.0
  0
INSERT
  5
393
330
38E
100
AcDbEntity
  8
$Размеры
 62
     5
440
 16777216
 48
100.0
370
    13
100
AcDbBlockReference
  2
_Oblique
 10
378562.8998710958
 20
57854.69316614765
 30
0.0
 41
75.0
 42
75.0
 43
75.0
 50
180.0
  0
INSERT
  5
394
330
38E
100
AcDbEntity
  8
$Размеры
 62
     5
440
 16777216
 48
100.0
370
    13
100
AcDbBlockReference
  2
_Oblique
 10
382465.3522776325
 20
57854.69316614765
 30
0.0
 41
75.0
 42
75.0
 43
75.0
  0
MTEXT
  5
395
330
38E
100
AcDbEntity
  8
$Размеры
 62
     5
440
 16777216
 48
100.0
100
AcDbMText
 10
380514.1260743641
 20
57942.19316614765
 30
0.0
 40
125.0
 41
0.0
 46
0.0
 71
     5
 72
     1
  1
\A1;11695
  7
@ТРАНСПРОЕКТ
 73
     1
 44
1.0
  0
POINT
  5
396
330
38E
100
AcDbEntity
  8
Defpoints
 62
     0
440
 16777216
 48
100.0
100
AcDbPoint
 10
378562.8998710958
 20
57156.71957779148
 30
0.0
  0
POINT
  5
397
330
38E
100
AcDbEntity
  8
Defpoints
 62
     0
440
 16777216
 48
100.0
100
AcDbPoint
 10
382465.3522776325
 20
57252.06862592822
 30
0.0
  0
POINT
  5
398
330
38E
100
AcDbEntity
  8
Defpoints
 62
     0
440
 16777216
 48
100.0
100
AcDbPoint
 10
382465.3522776325
 20
57854.69316614765
 30
0.0
  0
ENDBLK
  5
399
330
38E
100
AcDbEntity
  8
0
100
AcDbBlockEnd
  0
BLOCK
  5
39B
330
39A
100
AcDbEntity
  8
0
100
AcDbBlockBegin
  2
*D21
 70
     1
 10
0.0
 20
0.0
 30
0.0
  3
*D21
  1

  0
LINE
  5
39C
330
39A
100
AcDbEntity
  8
$Размеры
  6
Continuous
 62
     5
440
 16777216
370
    13
100
AcDbLine
 10
382465.3522776325
 20
57302.06862592821
 30
0.0
 11
382465.3522776325
 21
57889.69316614765
 31
0.0
  0
LINE
  5
39D
330
39A
100
AcDbEntity
  8
$Размеры
  6
Continuous
 62
     5
440
 16777216
370
    13
100
AcDbLine
 10
382965.3522776325
 20
57302.06862592821
 30
0.0
 11
382965.3522776325
 21
57889.69316614765
 31
0.0
  0
LINE
  5
39E
330
39A
100
AcDbEntity
  8
$Размеры
  6
Continuous
 62
     5
440
 16777216
370
    13
100
AcDbLine
 10
382465.3522776325
 20
57854.69316614765
 30
0.0
 11
382965.3522776325
 21
57854.69316614765
 31
0.0
  0
INSERT
  5
39F
330
39A
100
AcDbEntity
  8
$Размеры
 62
     5
440
 16777216
 48
100.0
370
    13
100
AcDbBlockReference
  2
_Oblique
 10
382465.3522776325
 20
57854.69316614765
 30
0.0
 41
75.0
 42
75.0
 43
75.0
 50
180.0
  0
INSERT
  5
3A0
330
39A
100
AcDbEntity
  8
$Размеры
 62
     5
440
 16777216
 48
100.0
370
    13
100
AcDbBlockReference
  2
_Oblique
 10
382965.3522776325
 20
57854.69316614765
 30
0.0
 41
75.0
 42
75.0
 43
75.0
  0
MTEXT
  5
3A1
330
39A
100
AcDbEntity
  8
$Размеры
 62
     5
440
 16777216
 48
100.0
100
AcDbMText
 10
382715.3522776325
 20
57942.19316614765
 30
0.0
 40
125.0
 41
0.0
 46
0.0
 71
     5
 72
     1
  1
\A1;500
  7
@ТРАНСПРОЕКТ
 73
     1
 44
1.0
  0
POINT
  5
3A2
330
39A
100
AcDbEntity
  8
Defpoints
 62
     0
440
 16777216
 48
100.0
100
AcDbPoint
 10
382465.3522776325
 20
57252.06862592822
 30
0.0
  0
POINT
  5
3A3
330
39A
100
AcDbEntity
  8
Defpoints
 62
     0
440
 16777216
 48
100.0
100
AcDbPoint
 10
382965.3522776325
 20
57252.06862592822
 30
0.0
  0
POINT
  5
3A4
330
39A
100
AcDbEntity
  8
Defpoints
 62
     0
440
 16777216
 48
100.0
100
AcDbPoint
 10
382965.3522776325
 20
57854.69316614765
 30
0.0
  0
ENDBLK
  5
3A5
330
39A
100
AcDbEntity
  8
0
100
AcDbBlockEnd
  0
BLOCK
  5
3A7
330
3A6
100
AcDbEntity
  8
0
100
AcDbBlockBegin
  2
*D22
 70
     1
 10
0.0
 20
0.0
 30
0.0
  3
*D22
  1

  0
LINE
  5
3A8
330
3A6
100
AcDbEntity
  8
$Размеры
  6
Continuous
 62
     5
440
 16777216
370
    13
100
AcDbLine
 10
382965.3522776325
 20
57327.06862592821
 30
0.0
 11
382965.3522776325
 21
57889.69316614765
 31
0.0
  0
LINE
  5
3A9
330
3A6
100
AcDbEntity
  8
$Размеры
  6
Continuous
 62
     5
440
 16777216
370
    13
100
AcDbLine
 10
386867.8046841694
 20
57206.7195777916
 30
0.0
 11
386867.8046841694
 21
57889.69316614765
 31
0.0
  0
LINE
  5
3AA
330
3A6
100
AcDbEntity
  8
$Размеры
  6
Continuous
 62
     5
440
 16777216
370
    13
100
AcDbLine
 10
382965.3522776325
 20
57854.69316614765
 30
0.0
 11
386867.8046841694
 21
57854.69316614765
 31
0.0
  0
INSERT
  5
3AB
330
3A6
100
AcDbEntity
  8
$Размеры
 62
     5
440
 16777216
 48
100.0
370
    13
100
AcDbBlockReference
  2
_Oblique
 10
382965.3522776325
 20
57854.69316614765
 30
0.0
 41
75.0
 42
75.0
 43
75.0
 50
180.0
  0
INSERT
  5
3AC
330
3A6
100
AcDbEntity
  8
$Размеры
 62
     5
440
 16777216
 48
100.0
370
    13
100
AcDbBlockReference
  2
_Oblique
 10
386867.8046841694
 20
57854.69316614765
 30
0.0
 41
75.0
 42
75.0
 43
75.0
  0
MTEXT
  5
3AD
330
3A6
100
AcDbEntity
  8
$Размеры
 62
     5
440
 16777216
 48
100.0
100
AcDbMText
 10
384916.5784809009
 20
57942.19316614765
 30
0.0
 40
125.0
 41
0.0
 46
0.0
 71
     5
 72
     1
  1
\A1;11695
  7
@ТРАНСПРОЕКТ
 73
     1
 44
1.0
  0
POINT
  5
3AE
330
3A6
100
AcDbEntity
  8
Defpoints
 62
     0
440
 16777216
 48
100.0
100
AcDbPoint
 10
382965.3522776325
 20
57277.06862592821
 30
0.0
  0
POINT
  5
3AF
330
3A6
100
AcDbEntity
  8
Defpoints
 62
     0
440
 16777216
 48
100.0
100
AcDbPoint
 10
386867.8046841694
 20
57156.7195777916
 30
0.0
  0
POINT
  5
3B0
330
3A6
100
AcDbEntity
  8
Defpoints
 62
     0
440
 16777216
 48
100.0
100
AcDbPoint
 10
386867.8046841694
 20
57854.69316614765
 30
0.0
  0
ENDBLK
  5
3B1
330
3A6
100
AcDbEntity
  8
0
100
AcDbBlockEnd
  0
BLOCK
  5
3B3
330
3B2
100
AcDbEntity
  8
0
100
AcDbBlockBegin
  2
*D23
 70
     1
 10
0.0
 20
0.0
 30
0.0
  3
*D23
  1

  0
LINE
  5
3B4
330
3B2
100
AcDbEntity
  8
$Размеры
  6
Continuous
 62
     5
440
 16777216
370
    13
100
AcDbLine
 10
387737.8046843491
 20
57415.87457829128
 30
0.0
 11
387737.8046843491
 21
57889.69316614765
 31
0.0
  0
LINE
  5
3B5
330
3B2
100
AcDbEntity
  8
$Размеры
  6
Continuous
 62
     5
440
 16777216
370
    13
100
AcDbLine
 10
387487.8046844692
 20
57416.63457829129
 30
0.0
 11
387487.8046844692
 21
57889.69316614765
 31
0.0
  0
LINE
  5
3B6
330
3B2
100
AcDbEntity
  8
$Размеры
  6
Continuous
 62
     5
440
 16777216
370
    13
100
AcDbLine
 10
387737.8046843491
 20
57854.69316614765
 30
0.0
 11
387487.8046844692
 21
57854.69316614765
 31
0.0
  0
INSERT
  5
3B7
330
3B2
100
AcDbEntity
  8
$Размеры
 62
     5
440
 16777216
 48
100.0
370
    13
100
AcDbBlockReference
  2
_Oblique
 10
387737.8046843491
 20
57854.69316614765
 30
0.0
 41
75.0
 42
75.0
 43
75.0
  0
INSERT
  5
3B8
330
3B2
100
AcDbEntity
  8
$Размеры
 62
     5
440
 16777216
 48
100.0
370
    13
100
AcDbBlockReference
  2
_Oblique
 10
387487.8046844692
 20
57854.69316614765
 30
0.0
 41
75.0
 42
75.0
 43
75.0
 50
180.0
  0
MTEXT
  5
3B9
330
3B2
100
AcDbEntity
  8
$Размеры
 62
     5
440
 16777216
 48
100.0
100
AcDbMText
 10
387612.8046844092
 20
57942.19316614765
 30
0.0
 40
125.0
 41
0.0
 46
0.0
 71
     5
 72
     1
  1
\A1;250
  7
@ТРАНСПРОЕКТ
 73
     1
 44
1.0
  0
POINT
  5
3BA
330
3B2
100
AcDbEntity
  8
Defpoints
 62
     0
440
 16777216
 48
100.0
100
AcDbPoint
 10
387737.8046843491
 20
57365.87457829128
 30
0.0
  0
POINT
  5
3BB
330
3B2
100
AcDbEntity
  8
Defpoints
 62
     0
440
 16777216
 48
100.0
100
AcDbPoint
 10
387487.8046844692
 20
57366.63457829129
 30
0.0
  0
POINT
  5
3BC
330
3B2
100
AcDbEntity
  8
Defpoints
 62
     0
440
 16777216
 48
100.0
100
AcDbPoint
 10
387487.8046844692
 20
57854.69316614765
 30
0.0
  0
ENDBLK
  5
3BD
330
3B2
100
AcDbEntity
  8
0
100
AcDbBlockEnd
  0
BLOCK
  5
3BF
330
3BE
100
AcDbEntity
  8
0
100
AcDbBlockBegin
  2
*D24
 70
     1
 10
0.0
 20
0.0
 30
0.0
  3
*D24
  1

  0
LINE
  5
3C0
330
3BE
100
AcDbEntity
  8
$Размеры
  6
Continuous
 62
     5
440
 16777216
370
    13
100
AcDbLine
 10
387487.8046844692
 20
57416.63457829129
 30
0.0
 11
387487.8046844692
 21
57889.69316614765
 31
0.0
  0
LINE
  5
3C1
330
3BE
100
AcDbEntity
  8
$Размеры
  6
Continuous
 62
     5
440
 16777216
370
    13
100
AcDbLine
 10
386867.8046841694
 20
57206.7195777916
 30
0.0
 11
386867.8046841694
 21
57889.69316614765
 31
0.0
  0
LINE
  5
3C2
330
3BE
100
AcDbEntity
  8
$Размеры
  6
Continuous
 62
     5
440
 16777216
370
    13
100
AcDbLine
 10
387487.8046844692
 20
57854.69316614765
 30
0.0
 11
386867.8046841694
 21
57854.69316614765
 31
0.0
  0
INSERT
  5
3C3
330
3BE
100
AcDbEntity
  8
$Размеры
 62
     5
440
 16777216
 48
100.0
370
    13
100
AcDbBlockReference
  2
_Oblique
 10
387487.8046844692
 20
57854.69316614765
 30
0.0
 41
75.0
 42
75.0
 43
75.0
  0
INSERT
  5
3C4
330
3BE
100
AcDbEntity
  8
$Размеры
 62
     5
440
 16777216
 48
100.0
370
    13
100
AcDbBlockReference
  2
_Oblique
 10
386867.8046841694
 20
57854.69316614765
 30
0.0
 41
75.0
 42
75.0
 43
75.0
 50
180.0
  0
MTEXT
  5
3C5
330
3BE
100
AcDbEntity
  8
$Размеры
 62
     5
440
 16777216
 48
100.0
100
AcDbMText
 10
387177.8046843193
 20
57942.19316614765
 30
0.0
 40
125.0
 41
0.0
 46
0.0
 71
     5
 72
     1
  1
\A1;620
  7
@ТРАНСПРОЕКТ
 73
     1
 44
1.0
  0
POINT
  5
3C6
330
3BE
100
AcDbEntity
  8
Defpoints
 62
     0
440
 16777216
 48
100.0
100
AcDbPoint
 10
387487.8046844692
 20
57366.63457829129
 30
0.0
  0
POINT
  5
3C7
330
3BE
100
AcDbEntity
  8
Defpoints
 62
     0
440
 16777216
 48
100.0
100
AcDbPoint
 10
386867.8046841694
 20
57156.7195777916
 30
0.0
  0
POINT
  5
3C8
330
3BE
100
AcDbEntity
  8
Defpoints
 62
     0
440
 16777216
 48
100.0
100
AcDbPoint
 10
386867.8046841694
 20
57854.69316614765
 30
0.0
  0
ENDBLK
  5
3C9
330
3BE
100
AcDbEntity
  8
0
100
AcDbBlockEnd
  0
BLOCK
  5
3CB
330
3CA
100
AcDbEntity
  8
0
100
AcDbBlockBegin
  2
*D25
 70
     1
 10
0.0
 20
0.0
 30
0.0
  3
*D25
  1

  0
LINE
  5
3CC
330
3CA
100
AcDbEntity
  8
$Размеры
  6
Continuous
 62
     5
440
 16777216
370
    13
100
AcDbLine
 10
377392.8998707959
 20
56460.48759098871
 30
0.0
 11
377392.8998707959
 21
56152.35537713402
 31
0.0
  0
LINE
  5
3CD
330
3CA
100
AcDbEntity
  8
$Размеры
  6
Continuous
 62
     5
440
 16777216
370
    13
100
AcDbLine
 10
382715.3522776325
 20
56309.64600812966
 30
0.0
 11
382715.3522776325
 21
56152.35537713402
 31
0.0
  0
LINE
  5
3CE
330
3CA
100
AcDbEntity
  8
$Размеры
  6
Continuous
 62
     5
440
 16777216
370
    13
100
AcDbLine
 10
377392.8998707959
 20
56187.35537713401
 30
0.0
 11
382715.3522776325
 21
56187.35537713401
 31
0.0
  0
INSERT
  5
3CF
330
3CA
100
AcDbEntity
  8
$Размеры
 62
     5
440
 16777216
 48
100.0
370
    13
100
AcDbBlockReference
  2
_Oblique
 10
377392.8998707959
 20
56187.35537713401
 30
0.0
 41
75.0
 42
75.0
 43
75.0
 50
180.0
  0
INSERT
  5
3D0
330
3CA
100
AcDbEntity
  8
$Размеры
 62
     5
440
 16777216
 48
100.0
370
    13
100
AcDbBlockReference
  2
_Oblique
 10
382715.3522776325
 20
56187.35537713401
 30
0.0
 41
75.0
 42
75.0
 43
75.0
  0
MTEXT
  5
3D1
330
3CA
100
AcDbEntity
  8
$Размеры
 62
     5
440
 16777216
 48
100.0
100
AcDbMText
 10
380054.1260742142
 20
56274.85537713401
 30
0.0
 40
125.0
 41
0.0
 46
0.0
 71
     5
 72
     1
  1
\A1;13115
  7
@ТРАНСПРОЕКТ
 73
     1
 44
1.0
  0
POINT
  5
3D2
330
3CA
100
AcDbEntity
  8
Defpoints
 62
     0
440
 16777216
 48
100.0
100
AcDbPoint
 10
377392.8998707959
 20
56510.48759098871
 30
0.0
  0
POINT
  5
3D3
330
3CA
100
AcDbEntity
  8
Defpoints
 62
     0
440
 16777216
 48
100.0
100
AcDbPoint
 10
382715.3522776325
 20
56359.64600812966
 30
0.0
  0
POINT
  5
3D4
330
3CA
100
AcDbEntity
  8
Defpoints
 62
     0
440
 16777216
 48
100.0
100
AcDbPoint
 10
382715.3522776325
 20
56187.35537713401
 30
0.0
  0
ENDBLK
  5
3D5
330
3CA
100
AcDbEntity
  8
0
100
AcDbBlockEnd
  0
BLOCK
  5
3D7
330
3D6
100
AcDbEntity
  8
0
100
AcDbBlockBegin
  2
*D26
 70
     1
 10
0.0
 20
0.0
 30
0.0
  3
*D26
  1

  0
LINE
  5
3D8
330
3D6
100
AcDbEntity
  8
$Размеры
  6
Continuous
 62
     5
440
 16777216
370
    13
100
AcDbLine
 10
387737.8062837093
 20
56466.48755900407
 30
0.0
 11
387737.8062837093
 21
56152.35537713402
 31
0.0
  0
LINE
  5
3D9
330
3D6
100
AcDbEntity
  8
$Размеры
  6
Continuous
 62
     5
440
 16777216
370
    13
100
AcDbLine
 10
382715.3522776325
 20
56309.64600812966
 30
0.0
 11
382715.3522776325
 21
56152.35537713402
 31
0.0
  0
LINE
  5
3DA
330
3D6
100
AcDbEntity
  8
$Размеры
  6
Continuous
 62
     5
440
 16777216
370
    13
100
AcDbLine
 10
387737.8062837093
 20
56187.35537713401
 30
0.0
 11
382715.3522776325
 21
56187.35537713401
 31
0.0
  0
INSERT
  5
3DB
330
3D6
100
AcDbEntity
  8
$Размеры
 62
     5
440
 16777216
 48
100.0
370
    13
100
AcDbBlockReference
  2
_Oblique
 10
387737.8062837093
 20
56187.35537713401
 30
0.0
 41
75.0
 42
75.0
 43
75.0
  0
INSERT
  5
3DC
330
3D6
100
AcDbEntity
  8
$Размеры
 62
     5
440
 16777216
 48
100.0
370
    13
100
AcDbBlockReference
  2
_Oblique
 10
382715.3522776325
 20
56187.35537713401
 30
0.0
 41
75.0
 42
75.0
 43
75.0
 50
180.0
  0
MTEXT
  5
3DD
330
3D6
100
AcDbEntity
  8
$Размеры
 62
     5
440
 16777216
 48
100.0
100
AcDbMText
 10
385226.5792806709
 20
56274.85537713401
 30
0.0
 40
125.0
 41
0.0
 46
0.0
 71
     5
 72
     1
  1
\A1;12815
  7
@ТРАНСПРОЕКТ
 73
     1
 44
1.0
  0
POINT
  5
3DE
330
3D6
100
AcDbEntity
  8
Defpoints
 62
     0
440
 16777216
 48
100.0
100
AcDbPoint
 10
387737.8062837093
 20
56516.48755900406
 30
0.0
  0
POINT
  5
3DF
330
3D6
100
AcDbEntity
  8
Defpoints
 62
     0
440
 16777216
 48
100.0
100
AcDbPoint
 10
382715.3522776325
 20
56359.64600812966
 30
0.0
  0
POINT
  5
3E0
330
3D6
100
AcDbEntity
  8
Defpoints
 62
     0
440
 16777216
 48
100.0
100
AcDbPoint
 10
382715.3522776325
 20
56187.35537713401
 30
0.0
  0
ENDBLK
  5
3E1
330
3D6
100
AcDbEntity
  8
0
100
AcDbBlockEnd
  0
BLOCK
  5
3E3
330
3E2
100
AcDbEntity
  8
0
100
AcDbBlockBegin
  2
*D27
 70
     1
 10
0.0
 20
0.0
 30
0.0
  3
*D27
  1

  0
LINE
  5
3E4
330
3E2
100
AcDbEntity
  8
$Размеры
  6
Continuous
 62
     5
440
 16777216
370
    13
100
AcDbLine
 10
378637.4096750172
 20
56834.4377810744
 30
0.0
 11
378904.8285412916
 21
56834.4377810744
 31
0.0
  0
LINE
  5
3E5
330
3E2
100
AcDbEntity
  8
$Размеры
  6
Continuous
 62
     5
440
 16777216
370
    13
100
AcDbLine
 10
378587.8998710958
 20
57181.71957779148
 30
0.0
 11
378904.8285412916
 21
57181.71957779148
 31
0.0
  0
LINE
  5
3E6
330
3E2
100
AcDbEntity
  8
$Размеры
  6
Continuous
 62
     5
440
 16777216
370
    13
100
AcDbLine
 10
378869.8285412916
 20
56834.4377810744
 30
0.0
 11
378869.8285412916
 21
57181.71957779148
 31
0.0
  0
INSERT
  5
3E7
330
3E2
100
AcDbEntity
  8
$Размеры
 62
     5
440
 16777216
 48
100.0
370
    13
100
AcDbBlockReference
  2
_Oblique
 10
378869.8285412916
 20
56834.4377810744
 30
0.0
 41
75.0
 42
75.0
 43
75.0
 50
270.0
  0
INSERT
  5
3E8
330
3E2
100
AcDbEntity
  8
$Размеры
 62
     5
440
 16777216
 48
100.0
370
    13
100
AcDbBlockReference
  2
_Oblique
 10
378869.8285412916
 20
57181.71957779148
 30
0.0
 41
75.0
 42
75.0
 43
75.0
 50
90.0
  0
MTEXT
  5
3E9
330
3E2
100
AcDbEntity
  8
$Размеры
 62
     5
440
 16777216
 48
100.0
100
AcDbMText
 10
378782.3285412916
 20
57008.07867943294
 30
0.0
 40
125.0
 41
0.0
 46
0.0
 71
     5
 72
     1
  1
\A1;347
  7
@ТРАНСПРОЕКТ
 11
0.0
 21
1.0
 31
0.0
 73
     1
 44
1.0
  0
POINT
  5
3EA
330
3E2
100
AcDbEntity
  8
Defpoints
 62
     0
440
 16777216
 48
100.0
100
AcDbPoint
 10
378587.4096750172
 20
56834.4377810744
 30
0.0
  0
POINT
  5
3EB
330
3E2
100
AcDbEntity
  8
Defpoints
 62
     0
440
 16777216
 48
100.0
100
AcDbPoint
 10
378537.8998710957
 20
57181.71957779148
 30
0.0
  0
POINT
  5
3EC
330
3E2
100
AcDbEntity
  8
Defpoints
 62
     0
440
 16777216
 48
100.0
100
AcDbPoint
 10
378869.8285412916
 20
57181.71957779148
 30
0.0
  0
ENDBLK
  5
3ED
330
3E2
100
AcDbEntity
  8
0
100
AcDbBlockEnd
  0
BLOCK
  5
3EF
330
3EE
100
AcDbEntity
  8
0
100
AcDbBlockBegin
  2
*D28
 70
     1
 10
0.0
 20
0.0
 30
0.0
  3
*D28
  1

  0
LINE
  5
3F0
330
3EE
100
AcDbEntity
  8
$Размеры
  6
Continuous
 62
     5
440
 16777216
370
    13
100
AcDbLine
 10
383040.3522776325
 20
56911.4966331266
 30
0.0
 11
383557.9981443503
 21
56911.4966331266
 31
0.0
  0
LINE
  5
3F1
330
3EE
100
AcDbEntity
  8
$Размеры
  6
Continuous
 62
     5
440
 16777216
370
    13
100
AcDbLine
 10
382990.3522776326
 20
57277.06862592821
 30
0.0
 11
383557.9981443503
 21
57277.06862592821
 31
0.0
  0
LINE
  5
3F2
330
3EE
100
AcDbEntity
  8
$Размеры
  6
Continuous
 62
     5
440
 16777216
370
    13
100
AcDbLine
 10
383522.9981443502
 20
56911.4966331266
 30
0.0
 11
383522.9981443502
 21
57277.06862592821
 31
0.0
  0
INSERT
  5
3F3
330
3EE
100
AcDbEntity
  8
$Размеры
 62
     5
440
 16777216
 48
100.0
370
    13
100
AcDbBlockReference
  2
_Oblique
 10
383522.9981443502
 20
56911.4966331266
 30
0.0
 41
75.0
 42
75.0
 43
75.0
 50
270.0
  0
INSERT
  5
3F4
330
3EE
100
AcDbEntity
  8
$Размеры
 62
     5
440
 16777216
 48
100.0
370
    13
100
AcDbBlockReference
  2
_Oblique
 10
383522.9981443502
 20
57277.06862592821
 30
0.0
 41
75.0
 42
75.0
 43
75.0
 50
90.0
  0
MTEXT
  5
3F5
330
3EE
100
AcDbEntity
  8
$Размеры
 62
     5
440
 16777216
 48
100.0
100
AcDbMText
 10
383435.4981443502
 20
57094.28262952741
 30
0.0
 40
125.0
 41
0.0
 46
0.0
 71
     5
 72
     1
  1
\A1;366
  7
@ТРАНСПРОЕКТ
 11
0.0
 21
1.0
 31
0.0
 73
     1
 44
1.0
  0
POINT
  5
3F6
330
3EE
100
AcDbEntity
  8
Defpoints
 62
     0
440
 16777216
 48
100.0
100
AcDbPoint
 10
382990.3522776326
 20
56911.4966331266
 30
0.0
  0
POINT
  5
3F7
330
3EE
100
AcDbEntity
  8
Defpoints
 62
     0
440
 16777216
 48
100.0
100
AcDbPoint
 10
382940.3522776325
 20
57277.06862592821
 30
0.0
  0
POINT
  5
3F8
330
3EE
100
AcDbEntity
  8
Defpoints
 62
     0
440
 16777216
 48
100.0
100
AcDbPoint
 10
383522.9981443502
 20
57277.06862592821
 30
0.0
  0
ENDBLK
  5
3F9
330
3EE
100
AcDbEntity
  8
0
100
AcDbBlockEnd
  0
BLOCK
  5
3FB
330
3FA
100
AcDbEntity
  8
0
100
AcDbBlockBegin
  2
*D29
 70
     1
 10
0.0
 20
0.0
 30
0.0
  3
*D29
  1

  0
LINE
  5
3FC
330
3FA
100
AcDbEntity
  8
$Размеры
  6
Continuous
 62
     5
440
 16777216
370
    13
100
AcDbLine
 10
386792.8046841694
 20
56834.44758499608
 30
0.0
 11
386427.8639610975
 21
56834.44758499608
 31
0.0
  0
LINE
  5
3FD
330
3FA
100
AcDbEntity
  8
$Размеры
  6
Continuous
 62
     5
440
 16777216
370
    13
100
AcDbLine
 10
386842.8046841693
 20
57181.71957779159
 30
0.0
 11
386427.8639610975
 21
57181.71957779159
 31
0.0
  0
LINE
  5
3FE
330
3FA
100
AcDbEntity
  8
$Размеры
  6
Continuous
 62
     5
440
 16777216
370
    13
100
AcDbLine
 10
386462.8639610975
 20
56834.44758499608
 30
0.0
 11
386462.8639610975
 21
57181.71957779159
 31
0.0
  0
INSERT
  5
3FF
330
3FA
100
AcDbEntity
  8
$Размеры
 62
     5
440
 16777216
 48
100.0
370
    13
100
AcDbBlockReference
  2
_Oblique
 10
386462.8639610975
 20
56834.44758499608
 30
0.0
 41
75.0
 42
75.0
 43
75.0
 50
270.0
  0
INSERT
  5
400
330
3FA
100
AcDbEntity
  8
$Размеры
 62
     5
440
 16777216
 48
100.0
370
    13
100
AcDbBlockReference
  2
_Oblique
 10
386462.8639610975
 20
57181.71957779159
 30
0.0
 41
75.0
 42
75.0
 43
75.0
 50
90.0
  0
MTEXT
  5
401
330
3FA
100
AcDbEntity
  8
$Размеры
 62
     5
440
 16777216
 48
100.0
100
AcDbMText
 10
386375.3639610975
 20
57008.08358139384
 30
0.0
 40
125.0
 41
0.0
 46
0.0
 71
     5
 72
     1
  1
\A1;347
  7
@ТРАНСПРОЕКТ
 11
0.0
 21
1.0
 31
0.0
 73
     1
 44
1.0
  0
POINT
  5
402
330
3FA
100
AcDbEntity
  8
Defpoints
 62
     0
440
 16777216
 48
100.0
100
AcDbPoint
 10
386842.8046841693
 20
56834.44758499608
 30
0.0
  0
POINT
  5
403
330
3FA
100
AcDbEntity
  8
Defpoints
 62
     0
440
 16777216
 48
100.0
100
AcDbPoint
 10
386892.8046841693
 20
57181.71957779159
 30
0.0
  0
POINT
  5
404
330
3FA
100
AcDbEntity
  8
Defpoints
 62
     0
440
 16777216
 48
100.0
100
AcDbPoint
 10
386462.8639610975
 20
57181.71957779159
 30
0.0
  0
ENDBLK
  5
405
330
3FA
100
AcDbEntity
  8
0
100
AcDbBlockEnd
  0
BLOCK
  5
407
330
406
100
AcDbEntity
  8
0
100
AcDbBlockBegin
  2
*D30
 70
     1
 10
0.0
 20
0.0
 30
0.0
  3
*D30
  1

  0
LINE
  5
408
330
406
100
AcDbEntity
  8
$Размеры
  6
Continuous
 62
     5
440
 16777216
370
    13
100
AcDbLine
 10
402437.3522775724
 20
44248.93261011849
 30
0.0
 11
402437.3522775724
 21
43971.1984506511
 31
0.0
  0
LINE
  5
409
330
406
100
AcDbEntity
  8
$Размеры
  6
Continuous
 62
     5
440
 16777216
370
    13
100
AcDbLine
 10
403037.3522775724
 20
44248.93261011849
 30
0.0
 11
403037.3522775724
 21
43971.1984506511
 31
0.0
  0
LINE
  5
40A
330
406
100
AcDbEntity
  8
$Размеры
  6
Continuous
 62
     5
440
 16777216
370
    13
100
AcDbLine
 10
402437.3522775724
 20
44006.1984506511
 30
0.0
 11
403037.3522775724
 21
44006.1984506511
 31
0.0
  0
INSERT
  5
40B
330
406
100
AcDbEntity
  8
$Размеры
 62
     5
440
 16777216
 48
100.0
370
    13
100
AcDbBlockReference
  2
_Oblique
 10
402437.3522775724
 20
44006.1984506511
 30
0.0
 41
75.0
 42
75.0
 43
75.0
 50
180.0
  0
INSERT
  5
40C
330
406
100
AcDbEntity
  8
$Размеры
 62
     5
440
 16777216
 48
100.0
370
    13
100
AcDbBlockReference
  2
_Oblique
 10
403037.3522775724
 20
44006.1984506511
 30
0.0
 41
75.0
 42
75.0
 43
75.0
  0
MTEXT
  5
40D
330
406
100
AcDbEntity
  8
$Размеры
 62
     5
440
 16777216
 48
100.0
100
AcDbMText
 10
402737.3522775724
 20
44093.6984506511
 30
0.0
 40
125.0
 41
0.0
 46
0.0
 71
     5
 72
     1
  1
\A1;600
  7
@ТРАНСПРОЕКТ
 73
     1
 44
1.0
  0
POINT
  5
40E
330
406
100
AcDbEntity
  8
Defpoints
 62
     0
440
 16777216
 48
100.0
100
AcDbPoint
 10
402437.3522775724
 20
44298.93261011849
 30
0.0
  0
POINT
  5
40F
330
406
100
AcDbEntity
  8
Defpoints
 62
     0
440
 16777216
 48
100.0
100
AcDbPoint
 10
403037.3522775724
 20
44298.93261011849
 30
0.0
  0
POINT
  5
410
330
406
100
AcDbEntity
  8
Defpoints
 62
     0
440
 16777216
 48
100.0
100
AcDbPoint
 10
403037.3522775724
 20
44006.1984506511
 30
0.0
  0
ENDBLK
  5
411
330
406
100
AcDbEntity
  8
0
100
AcDbBlockEnd
  0
BLOCK
  5
413
330
412
100
AcDbEntity
  8
0
100
AcDbBlockBegin
  2
*D31
 70
     1
 10
0.0
 20
0.0
 30
0.0
  3
*D31
  1

  0
LINE
  5
414
330
412
100
AcDbEntity
  8
$Размеры
  6
Continuous
 62
     5
440
 16777216
370
    13
100
AcDbLine
 10
403037.3522775724
 20
44248.93261011849
 30
0.0
 11
403037.3522775724
 21
43971.1984506511
 31
0.0
  0
LINE
  5
415
330
412
100
AcDbEntity
  8
$Размеры
  6
Continuous
 62
     5
440
 16777216
370
    13
100
AcDbLine
 10
408437.3522775724
 20
44578.93112719544
 30
0.0
 11
408437.3522775724
 21
43971.1984506511
 31
0.0
  0
LINE
  5
416
330
412
100
AcDbEntity
  8
$Размеры
  6
Continuous
 62
     5
440
 16777216
370
    13
100
AcDbLine
 10
403037.3522775724
 20
44006.1984506511
 30
0.0
 11
408437.3522775724
 21
44006.1984506511
 31
0.0
  0
INSERT
  5
417
330
412
100
AcDbEntity
  8
$Размеры
 62
     5
440
 16777216
 48
100.0
370
    13
100
AcDbBlockReference
  2
_Oblique
 10
403037.3522775724
 20
44006.1984506511
 30
0.0
 41
75.0
 42
75.0
 43
75.0
 50
180.0
  0
INSERT
  5
418
330
412
100
AcDbEntity
  8
$Размеры
 62
     5
440
 16777216
 48
100.0
370
    13
100
AcDbBlockReference
  2
_Oblique
 10
408437.3522775724
 20
44006.1984506511
 30
0.0
 41
75.0
 42
75.0
 43
75.0
  0
MTEXT
  5
419
330
412
100
AcDbEntity
  8
$Размеры
 62
     5
440
 16777216
 48
100.0
100
AcDbMText
 10
405737.3522775725
 20
44093.6984506511
 30
0.0
 40
125.0
 41
0.0
 46
0.0
 71
     5
 72
     1
  1
\A1;5400
  7
@ТРАНСПРОЕКТ
 73
     1
 44
1.0
  0
POINT
  5
41A
330
412
100
AcDbEntity
  8
Defpoints
 62
     0
440
 16777216
 48
100.0
100
AcDbPoint
 10
403037.3522775724
 20
44298.93261011849
 30
0.0
  0
POINT
  5
41B
330
412
100
AcDbEntity
  8
Defpoints
 62
     0
440
 16777216
 48
100.0
100
AcDbPoint
 10
408437.3522775724
 20
44628.93112719544
 30
0.0
  0
POINT
  5
41C
330
412
100
AcDbEntity
  8
Defpoints
 62
     0
440
 16777216
 48
100.0
100
AcDbPoint
 10
408437.3522775724
 20
44006.1984506511
 30
0.0
  0
ENDBLK
  5
41D
330
412
100
AcDbEntity
  8
0
100
AcDbBlockEnd
  0
BLOCK
  5
41F
330
41E
100
AcDbEntity
  8
0
100
AcDbBlockBegin
  2
*D32
 70
     1
 10
0.0
 20
0.0
 30
0.0
  3
*D32
  1

  0
LINE
  5
420
330
41E
100
AcDbEntity
  8
$Размеры
  6
Continuous
 62
     5
440
 16777216
370
    13
100
AcDbLine
 10
402437.3522775724
 20
44248.93261011849
 30
0.0
 11
402437.3522775724
 21
43760.77462249874
 31
0.0
  0
LINE
  5
421
330
41E
100
AcDbEntity
  8
$Размеры
  6
Continuous
 62
     5
440
 16777216
370
    13
100
AcDbLine
 10
408437.3522775724
 20
44578.93112719544
 30
0.0
 11
408437.3522775724
 21
43760.77462249874
 31
0.0
  0
LINE
  5
422
330
41E
100
AcDbEntity
  8
$Размеры
  6
Continuous
 62
     5
440
 16777216
370
    13
100
AcDbLine
 10
402437.3522775724
 20
43795.77462249874
 30
0.0
 11
408437.3522775724
 21
43795.77462249874
 31
0.0
  0
INSERT
  5
423
330
41E
100
AcDbEntity
  8
$Размеры
 62
     5
440
 16777216
 48
100.0
370
    13
100
AcDbBlockReference
  2
_Oblique
 10
402437.3522775724
 20
43795.77462249874
 30
0.0
 41
75.0
 42
75.0
 43
75.0
 50
180.0
  0
INSERT
  5
424
330
41E
100
AcDbEntity
  8
$Размеры
 62
     5
440
 16777216
 48
100.0
370
    13
100
AcDbBlockReference
  2
_Oblique
 10
408437.3522775724
 20
43795.77462249874
 30
0.0
 41
75.0
 42
75.0
 43
75.0
  0
MTEXT
  5
425
330
41E
100
AcDbEntity
  8
$Размеры
 62
     5
440
 16777216
 48
100.0
100
AcDbMText
 10
405437.3522775724
 20
43883.27462249874
 30
0.0
 40
125.0
 41
0.0
 46
0.0
 71
     5
 72
     1
  1
\A1;6000
  7
@ТРАНСПРОЕКТ
 73
     1
 44
1.0
  0
POINT
  5
426
330
41E
100
AcDbEntity
  8
Defpoints
 62
     0
440
 16777216
 48
100.0
100
AcDbPoint
 10
402437.3522775724
 20
44298.93261011849
 30
0.0
  0
POINT
  5
427
330
41E
100
AcDbEntity
  8
Defpoints
 62
     0
440
 16777216
 48
100.0
100
AcDbPoint
 10
408437.3522775724
 20
44628.93112719544
 30
0.0
  0
POINT
  5
428
330
41E
100
AcDbEntity
  8
Defpoints
 62
     0
440
 16777216
 48
100.0
100
AcDbPoint
 10
408437.3522775724
 20
43795.77462249874
 30
0.0
  0
ENDBLK
  5
429
330
41E
100
AcDbEntity
  8
0
100
AcDbBlockEnd
  0
BLOCK
  5
42B
330
42A
100
AcDbEntity
  8
0
100
AcDbBlockBegin
  2
*T33
 70
     1
 10
0.0
 20
0.0
 30
0.0
  3
*T33
  1

  0
MTEXT
  5
42C
330
42A
100
AcDbEntity
  8
$Текст Model
 62
     7
100
AcDbMText
 10
9250.0
 20
-500.0
 30
0.0
 40
300.0
 41
18200.0
 46
0.0
 71
     5
 72
     5
  1
Спецификация
  7
@ТРАНСПРОЕКТ
 73
     1
 44
1.0
  0
MTEXT
  5
42D
330
42A
100
AcDbEntity
  8
$Текст Model
 62
     7
100
AcDbMText
 10
750.0
 20
-1750.0
 30
0.0
 40
250.0
 41
1200.0
 46
0.0
 71
     5
 72
     5
  1
Поз.
  7
@ТРАНСПРОЕКТ
 73
     1
 44
1.0
  0
MTEXT
  5
42E
330
42A
100
AcDbEntity
  8
$Текст Model
 62
     7
100
AcDbMText
 10
4250.0
 20
-1750.0
 30
0.0
 40
250.0
 41
5200.0
 46
0.0
 71
     5
 72
     5
  1
Обозначение
  7
@ТРАНСПРОЕКТ
 73
     1
 44
1.0
  0
MTEXT
  5
42F
330
42A
100
AcDbEntity
  8
$Текст Model
 62
     7
100
AcDbMText
 10
10000.0
 20
-1750.0
 30
0.0
 40
250.0
 41
5700.0
 46
0.0
 71
     5
 72
     5
  1
Наименование
  7
@ТРАНСПРОЕКТ
 73
     1
 44
1.0
  0
MTEXT
  5
430
330
42A
100
AcDbEntity
  8
$Текст Model
 62
     7
100
AcDbMText
 10
13750.0
 20
-1750.0
 30
0.0
 40
250.0
 41
1500.0
 46
0.0
 71
     5
 72
     5
  1
Кол.
  7
@ТРАНСПРОЕКТ
 73
     1
 44
1.0
  0
MTEXT
  5
431
330
42A
100
AcDbEntity
  8
$Текст Model
 62
     7
100
AcDbMText
 10
15500.0
 20
-1750.0
 30
0.0
 40
250.0
 41
2000.0
 46
0.0
 71
     5
 72
     5
  1
Масса    ед. кг
  7
@ТРАНСПРОЕКТ
 73
     1
 44
1.0
  0
MTEXT
  5
432
330
42A
100
AcDbEntity
  8
$Текст Model
 62
     7
100
AcDbMText
 10
17500.0
 20
-1750.0
 30
0.0
 40
250.0
 41
2000.0
 46
0.0
 71
     5
 72
     5
  1
Примечание
  7
@ТРАНСПРОЕКТ
 73
     1
 44
1.0
  0
MTEXT
  5
433
330
42A
100
AcDbEntity
  8
$Текст Model
 62
     7
100
AcDbMText
 10
10000.0
 20
-2900.0
 30
0.0
 40
250.0
 41
5700.0
 46
0.0
 71
     5
 72
     5
  1
Переходная плита Пп-1
  7
@ТРАНСПРОЕКТ
 73
     1
 44
1.0
  0
MTEXT
  5
434
330
42A
100
AcDbEntity
  8
$Текст Model
 62
     7
100
AcDbMText
 10
10000.0
 20
-3700.0
 30
0.0
 40
250.0
 41
5700.0
 46
0.0
 71
     5
 72
     5
  1
Материалы
  7
@ТРАНСПРОЕКТ
 73
     1
 44
1.0
  0
MTEXT
  5
435
330
42A
100
AcDbEntity
  8
$Текст Model
 62
     7
100
AcDbMText
 10
4250.0
 20
-4500.0
 30
0.0
 40
250.0
 41
5500.0
 46
0.0
 71
     5
 72
     5
  1
ГОСТ 26633-{\C256;2015}
  7
@ТРАНСПРОЕКТ
 73
     1
 44
1.0
  0
MTEXT
  5
436
330
42A
100
AcDbEntity
  8
$Текст Model
 62
     7
100
AcDbMText
 10
7150.0
 20
-4500.0
 30
0.0
 40
250.0
 41
5700.0
 46
0.0
 71
     4
 72
     5
  1
Бетон B30F300W8
  7
@ТРАНСПРОЕКТ
 73
     1
 44
1.0
  0
MTEXT
  5
437
330
42A
100
AcDbEntity
  8
$Текст Model
 62
     7
100
AcDbMText
 10
17500.0
 20
-4500.0
 30
0.0
 40
250.0
 41
2000.0
 46
0.0
 71
     5
 72
     5
  1
50.71м3
  7
@ТРАНСПРОЕКТ
 73
     1
 44
1.0
  0
LINE
  5
438
330
42A
100
AcDbEntity
  8
$Текст Model
 62
     0
370
    -2
100
AcDbLine
 10
0.0
 20
0.0
 30
0.0
 11
18500.0
 21
0.0
 31
0.0
  0
LINE
  5
439
330
42A
100
AcDbEntity
  8
$Текст Model
 62
     0
370
    35
100
AcDbLine
 10
0.0
 20
-1000.0
 30
0.0
 11
18500.0
 21
-1000.0
 31
0.0
  0
LINE
  5
43A
330
42A
100
AcDbEntity
  8
$Текст Model
 62
     0
370
    35
100
AcDbLine
 10
0.0
 20
-2500.0
 30
0.0
 11
1500.0
 21
-2500.0
 31
0.0
  0
LINE
  5
43B
330
42A
100
AcDbEntity
  8
$Текст Model
  6
Continuous
 62
     7
370
    35
100
AcDbLine
 10
1500.0
 20
-2500.0
 30
0.0
 11
16500.0
 21
-2500.0
 31
0.0
  0
LINE
  5
43C
330
42A
100
AcDbEntity
  8
$Текст Model
 62
     0
370
    35
100
AcDbLine
 10
16500.0
 20
-2500.0
 30
0.0
 11
18500.0
 21
-2500.0
 31
0.0
  0
LINE
  5
43D
330
42A
100
AcDbEntity
  8
$Текст Model
  6
Continuous
 62
     7
370
    13
100
AcDbLine
 10
0.0
 20
-3300.0
 30
0.0
 11
1500.0
 21
-3300.0
 31
0.0
  0
LINE
  5
43E
330
42A
100
AcDbEntity
  8
$Текст Model
 62
     7
370
    -2
100
AcDbLine
 10
1500.0
 20
-3300.0
 30
0.0
 11
16500.0
 21
-3300.0
 31
0.0
  0
LINE
  5
43F
330
42A
100
AcDbEntity
  8
$Текст Model
  6
Continuous
 62
     7
370
    13
100
AcDbLine
 10
16500.0
 20
-3300.0
 30
0.0
 11
18500.0
 21
-3300.0
 31
0.0
  0
LINE
  5
440
330
42A
100
AcDbEntity
  8
$Текст Model
  6
Continuous
 62
     7
370
    13
100
AcDbLine
 10
0.0
 20
-4100.0
 30
0.0
 11
1500.0
 21
-4100.0
 31
0.0
  0
LINE
  5
441
330
42A
100
AcDbEntity
  8
$Текст Model
 62
     7
370
    -2
100
AcDbLine
 10
1500.0
 20
-4100.0
 30
0.0
 11
16500.0
 21
-4100.0
 31
0.0
  0
LINE
  5
442
330
42A
100
AcDbEntity
  8
$Текст Model
  6
Continuous
 62
     7
370
    13
100
AcDbLine
 10
16500.0
 20
-4100.0
 30
0.0
 11
18500.0
 21
-4100.0
 31
0.0
  0
LINE
  5
443
330
42A
100
AcDbEntity
  8
$Текст Model
 62
     0
370
    35
100
AcDbLine
 10
0.0
 20
-4900.0
 30
0.0
 11
18500.0
 21
-4900.0
 31
0.0
  0
LINE
  5
444
330
42A
100
AcDbEntity
  8
$Текст Model
 62
     0
370
    -2
100
AcDbLine
 10
0.0
 20
0.0
 30
0.0
 11
0.0
 21
-1000.0
 31
0.0
  0
LINE
  5
445
330
42A
100
AcDbEntity
  8
$Текст Model
 62
     0
370
    -2
100
AcDbLine
 10
18500.0
 20
0.0
 30
0.0
 11
18500.0
 21
-1000.0
 31
0.0
  0
LINE
  5
446
330
42A
100
AcDbEntity
  8
$Текст Model
 62
     7
370
    35
100
AcDbLine
 10
0.0
 20
-1000.0
 30
0.0
 11
0.0
 21
-2500.0
 31
0.0
  0
LINE
  5
447
330
42A
100
AcDbEntity
  8
$Текст Model
 62
     7
370
    35
100
AcDbLine
 10
1500.0
 20
-1000.0
 30
0.0
 11
1500.0
 21
-2500.0
 31
0.0
  0
LINE
  5
448
330
42A
100
AcDbEntity
  8
$Текст Model
 62
     7
370
    35
100
AcDbLine
 10
7000.0
 20
-1000.0
 30
0.0
 11
7000.0
 21
-3300.0
 31
0.0
  0
LINE
  5
449
330
42A
100
AcDbEntity
  8
$Текст Model
 62
     7
370
    35
100
AcDbLine
 10
13000.0
 20
-1000.0
 30
0.0
 11
13000.0
 21
-4900.0
 31
0.0
  0
LINE
  5
44A
330
42A
100
AcDbEntity
  8
$Текст Model
 62
     7
370
    35
100
AcDbLine
 10
14500.0
 20
-1000.0
 30
0.0
 11
14500.0
 21
-2500.0
 31
0.0
  0
LINE
  5
44B
330
42A
100
AcDbEntity
  8
$Текст Model
 62
     7
370
    35
100
AcDbLine
 10
16500.0
 20
-1000.0
 30
0.0
 11
16500.0
 21
-2500.0
 31
0.0
  0
LINE
  5
44C
330
42A
100
AcDbEntity
  8
$Текст Model
 62
     7
370
    35
100
AcDbLine
 10
18500.0
 20
-1000.0
 30
0.0
 11
18500.0
 21
-2500.0
 31
0.0
  0
LINE
  5
44D
330
42A
100
AcDbEntity
  8
$Текст Model
  6
Continuous
 62
     7
370
    35
100
AcDbLine
 10
0.0
 20
-2500.0
 30
0.0
 11
0.0
 21
-4900.0
 31
0.0
  0
LINE
  5
44E
330
42A
100
AcDbEntity
  8
$Текст Model
  6
Continuous
 62
     7
370
    35
100
AcDbLine
 10
1500.0
 20
-2500.0
 30
0.0
 11
1500.0
 21
-4900.0
 31
0.0
  0
LINE
  5
44F
330
42A
100
AcDbEntity
  8
$Текст Model
  6
Continuous
 62
     7
370
    35
100
AcDbLine
 10
14500.0
 20
-2500.0
 30
0.0
 11
14500.0
 21
-4900.0
 31
0.0
  0
LINE
  5
450
330
42A
100
AcDbEntity
  8
$Текст Model
 62
     0
370
    35
100
AcDbLine
 10
16500.0
 20
-2500.0
 30
0.0
 11
16500.0
 21
-4900.0
 31
0.0
  0
LINE
  5
451
330
42A
100
AcDbEntity
  8
$Текст Model
 62
     0
370
    35
100
AcDbLine
 10
18500.0
 20
-2500.0
 30
0.0
 11
18500.0
 21
-4900.0
 31
0.0
  0
LINE
  5
452
330
42A
100
AcDbEntity
  8
$Текст Model
  6
Continuous
 62
     7
370
    35
100
AcDbLine
 10
7000.0
 20
-3300.0
 30
0.0
 11
7000.0
 21
-4100.0
 31
0.0
  0
LINE
  5
453
330
42A
100
AcDbEntity
  8
$Текст Model
 62
     7
370
    35
100
AcDbLine
 10
7000.0
 20
-4100.0
 30
0.0
 11
7000.0
 21
-4900.0
 31
0.0
  0
ENDBLK
  5
454
330
42A
100
AcDbEntity
  8
0
100
AcDbBlockEnd
  0
BLOCK
  5
456
330
455
100
AcDbEntity
  8
0
100
AcDbBlockBegin
  2
*D34
 70
     1
 10
0.0
 20
0.0
 30
0.0
  3
*D34
  1

  0
LINE
  5
457
330
455
100
AcDbEntity
  8
$Размеры
  6
Continuous
440
 16777216
370
    13
100
AcDbLine
 10
414512.034143632
 20
43724.55683071721
 30
0.0
 11
414512.034143632
 21
43651.70274391941
 31
0.0
  0
LINE
  5
458
330
455
100
AcDbEntity
  8
$Размеры
  6
Continuous
440
 16777216
370
    13
100
AcDbLine
 10
414472.1358480474
 20
43684.65853513272
 30
0.0
 11
414472.1358480474
 21
43651.70274391941
 31
0.0
  0
LINE
  5
459
330
455
100
AcDbEntity
  8
$Размеры
  6
Continuous
440
 16777216
370
    13
100
AcDbLine
 10
414512.034143632
 20
43655.20274391941
 30
0.0
 11
414569.5012943299
 21
43655.20274391941
 31
0.0
  0
LINE
  5
45A
330
455
100
AcDbEntity
  8
$Размеры
  6
Continuous
440
 16777216
370
    13
100
AcDbLine
 10
414512.034143632
 20
43655.20274391941
 30
0.0
 11
414569.5012943299
 21
43655.20274391941
 31
0.0
  0
LINE
  5
45B
330
455
100
AcDbEntity
  8
$Размеры
  6
Continuous
440
 16777216
370
    13
100
AcDbLine
 10
414512.034143632
 20
43655.20274391941
 30
0.0
 11
414472.1358480474
 21
43655.20274391941
 31
0.0
  0
INSERT
  5
45C
330
455
100
AcDbEntity
  8
$Размеры
440
 16777216
 48
100.0
370
    13
100
AcDbBlockReference
  2
_Oblique
 10
414512.034143632
 20
43655.20274391941
 30
0.0
 41
7.5
 42
7.5
 43
7.5
  0
INSERT
  5
45D
330
455
100
AcDbEntity
  8
$Размеры
440
 16777216
 48
100.0
370
    13
100
AcDbBlockReference
  2
_Oblique
 10
414472.1358480474
 20
43655.20274391941
 30
0.0
 41
7.5
 42
7.5
 43
7.5
 50
180.0
  0
MTEXT
  5
45E
330
455
100
AcDbEntity
  8
$Размеры
440
 16777216
 48
100.0
100
AcDbMText
 10
414545.1262943299
 20
43665.20274391941
 30
0.0
 40
12.5
 41
0.0
 46
0.0
 71
     5
 72
     1
  1
\A1;35(28)
  7
@ТРАНСПРОЕКТ
 73
     1
 44
1.0
  0
POINT
  5
45F
330
455
100
AcDbEntity
  8
Defpoints
 62
     0
440
 16777216
 48
100.0
100
AcDbPoint
 10
414512.034143632
 20
43729.55683071721
 30
0.0
  0
POINT
  5
460
330
455
100
AcDbEntity
  8
Defpoints
 62
     0
440
 16777216
 48
100.0
100
AcDbPoint
 10
414472.1358480474
 20
43689.65853513273
 30
0.0
  0
POINT
  5
461
330
455
100
AcDbEntity
  8
Defpoints
 62
     0
440
 16777216
 48
100.0
100
AcDbPoint
 10
414472.1358480474
 20
43655.20274391941
 30
0.0
  0
ENDBLK
  5
462
330
455
100
AcDbEntity
  8
0
100
AcDbBlockEnd
  0
BLOCK
  5
464
330
463
100
AcDbEntity
  8
0
100
AcDbBlockBegin
  2
*D35
 70
     1
 10
0.0
 20
0.0
 30
0.0
  3
*D35
  1

  0
LINE
  5
465
330
463
100
AcDbEntity
  8
$Размеры
  6
Continuous
440
 16777216
370
    13
100
AcDbLine
 10
414477.1358480474
 20
43689.65853513273
 30
0.0
 11
414578.109705507
 21
43689.65853513273
 31
0.0
  0
LINE
  5
466
330
463
100
AcDbEntity
  8
$Размеры
  6
Continuous
440
 16777216
370
    13
100
AcDbLine
 10
414517.034143632
 20
43729.55683071721
 30
0.0
 11
414578.109705507
 21
43729.55683071721
 31
0.0
  0
LINE
  5
467
330
463
100
AcDbEntity
  8
$Размеры
  6
Continuous
440
 16777216
370
    13
100
AcDbLine
 10
414574.6097055069
 20
43729.55683071721
 30
0.0
 11
414574.6097055069
 21
43785.80683071721
 31
0.0
  0
LINE
  5
468
330
463
100
AcDbEntity
  8
$Размеры
  6
Continuous
440
 16777216
370
    13
100
AcDbLine
 10
414574.6097055069
 20
43729.55683071721
 30
0.0
 11
414574.6097055069
 21
43785.80683071721
 31
0.0
  0
LINE
  5
469
330
463
100
AcDbEntity
  8
$Размеры
  6
Continuous
440
 16777216
370
    13
100
AcDbLine
 10
414574.6097055069
 20
43689.65853513273
 30
0.0
 11
414574.6097055069
 21
43729.55683071721
 31
0.0
  0
INSERT
  5
46A
330
463
100
AcDbEntity
  8
$Размеры
440
 16777216
 48
100.0
370
    13
100
AcDbBlockReference
  2
_Oblique
 10
414574.6097055069
 20
43689.65853513273
 30
0.0
 41
7.5
 42
7.5
 43
7.5
 50
270.0
  0
INSERT
  5
46B
330
463
100
AcDbEntity
  8
$Размеры
440
 16777216
 48
100.0
370
    13
100
AcDbBlockReference
  2
_Oblique
 10
414574.6097055069
 20
43729.55683071721
 30
0.0
 41
7.5
 42
7.5
 43
7.5
 50
90.0
  0
MTEXT
  5
46C
330
463
100
AcDbEntity
  8
$Размеры
440
 16777216
 48
100.0
100
AcDbMText
 10
414564.6097055069
 20
43761.43183071721
 30
0.0
 40
12.5
 41
0.0
 46
0.0
 71
     5
 72
     1
  1
\A1;35(28)
  7
@ТРАНСПРОЕКТ
 11
0.0
 21
1.0
 31
0.0
 73
     1
 44
1.0
  0
POINT
  5
46D
330
463
100
AcDbEntity
  8
Defpoints
 62
     0
440
 16777216
 48
100.0
100
AcDbPoint
 10
414472.1358480474
 20
43689.65853513273
 30
0.0
  0
POINT
  5
46E
330
463
100
AcDbEntity
  8
Defpoints
 62
     0
440
 16777216
 48
100.0
100
AcDbPoint
 10
414512.034143632
 20
43729.55683071721
 30
0.0
  0
POINT
  5
46F
330
463
100
AcDbEntity
  8
Defpoints
 62
     0
440
 16777216
 48
100.0
100
AcDbPoint
 10
414574.6097055069
 20
43729.55683071721
 30
0.0
  0
ENDBLK
  5
470
330
463
100
AcDbEntity
  8
0
100
AcDbBlockEnd
  0
BLOCK
  5
472
330
471
100
AcDbEntity
  8
0
100
AcDbBlockBegin
  2
*D36
 70
     1
 10
0.0
 20
0.0
 30
0.0
  3
*D36
  1

  0
LINE
  5
473
330
471
100
AcDbEntity
  8
$Размеры
  6
Continuous
 62
     5
440
 16777216
370
    13
100
AcDbLine
 10
403037.3522775724
 20
47748.93261011849
 30
0.0
 11
403037.3522775724
 21
47471.19845065109
 31
0.0
  0
LINE
  5
474
330
471
100
AcDbEntity
  8
$Размеры
  6
Continuous
 62
     5
440
 16777216
370
    13
100
AcDbLine
 10
408437.3522775724
 20
48078.93112719544
 30
0.0
 11
408437.3522775724
 21
47471.19845065109
 31
0.0
  0
LINE
  5
475
330
471
100
AcDbEntity
  8
$Размеры
  6
Continuous
 62
     5
440
 16777216
370
    13
100
AcDbLine
 10
403037.3522775724
 20
47506.19845065109
 30
0.0
 11
408437.3522775724
 21
47506.19845065109
 31
0.0
  0
INSERT
  5
476
330
471
100
AcDbEntity
  8
$Размеры
 62
     5
440
 16777216
 48
100.0
370
    13
100
AcDbBlockReference
  2
_Oblique
 10
403037.3522775724
 20
47506.19845065109
 30
0.0
 41
75.0
 42
75.0
 43
75.0
 50
180.0
  0
INSERT
  5
477
330
471
100
AcDbEntity
  8
$Размеры
 62
     5
440
 16777216
 48
100.0
370
    13
100
AcDbBlockReference
  2
_Oblique
 10
408437.3522775724
 20
47506.19845065109
 30
0.0
 41
75.0
 42
75.0
 43
75.0
  0
MTEXT
  5
478
330
471
100
AcDbEntity
  8
$Размеры
 62
     5
440
 16777216
 48
100.0
100
AcDbMText
 10
405737.3522775725
 20
47593.69845065109
 30
0.0
 40
125.0
 41
0.0
 46
0.0
 71
     5
 72
     1
  1
\A1;5400
  7
@ТРАНСПРОЕКТ
 73
     1
 44
1.0
  0
POINT
  5
479
330
471
100
AcDbEntity
  8
Defpoints
 62
     0
440
 16777216
 48
100.0
100
AcDbPoint
 10
403037.3522775724
 20
47798.93261011849
 30
0.0
  0
POINT
  5
47A
330
471
100
AcDbEntity
  8
Defpoints
 62
     0
440
 16777216
 48
100.0
100
AcDbPoint
 10
408437.3522775724
 20
48128.93112719544
 30
0.0
  0
POINT
  5
47B
330
471
100
AcDbEntity
  8
Defpoints
 62
     0
440
 16777216
 48
100.0
100
AcDbPoint
 10
408437.3522775724
 20
47506.19845065109
 30
0.0
  0
ENDBLK
  5
47C
330
471
100
AcDbEntity
  8
0
100
AcDbBlockEnd
  0
BLOCK
  5
47E
330
47D
100
AcDbEntity
  8
0
100
AcDbBlockBegin
  2
*D37
 70
     1
 10
0.0
 20
0.0
 30
0.0
  3
*D37
  1

  0
LINE
  5
47F
330
47D
100
AcDbEntity
  8
$Размеры
  6
Continuous
 62
     5
440
 16777216
370
    13
100
AcDbLine
 10
402437.3522775724
 20
51248.93261011849
 30
0.0
 11
402437.3522775724
 21
50760.77462249874
 31
0.0
  0
LINE
  5
480
330
47D
100
AcDbEntity
  8
$Размеры
  6
Continuous
 62
     5
440
 16777216
370
    13
100
AcDbLine
 10
408437.3522775724
 20
51578.93112719544
 30
0.0
 11
408437.3522775724
 21
50760.77462249874
 31
0.0
  0
LINE
  5
481
330
47D
100
AcDbEntity
  8
$Размеры
  6
Continuous
 62
     5
440
 16777216
370
    13
100
AcDbLine
 10
402437.3522775724
 20
50795.77462249874
 30
0.0
 11
408437.3522775724
 21
50795.77462249874
 31
0.0
  0
INSERT
  5
482
330
47D
100
AcDbEntity
  8
$Размеры
 62
     5
440
 16777216
 48
100.0
370
    13
100
AcDbBlockReference
  2
_Oblique
 10
402437.3522775724
 20
50795.77462249874
 30
0.0
 41
75.0
 42
75.0
 43
75.0
 50
180.0
  0
INSERT
  5
483
330
47D
100
AcDbEntity
  8
$Размеры
 62
     5
440
 16777216
 48
100.0
370
    13
100
AcDbBlockReference
  2
_Oblique
 10
408437.3522775724
 20
50795.77462249874
 30
0.0
 41
75.0
 42
75.0
 43
75.0
  0
MTEXT
  5
484
330
47D
100
AcDbEntity
  8
$Размеры
 62
     5
440
 16777216
 48
100.0
100
AcDbMText
 10
405437.3522775724
 20
50883.27462249874
 30
0.0
 40
125.0
 41
0.0
 46
0.0
 71
     5
 72
     1
  1
\A1;6000
  7
@ТРАНСПРОЕКТ
 73
     1
 44
1.0
  0
POINT
  5
485
330
47D
100
AcDbEntity
  8
Defpoints
 62
     0
440
 16777216
 48
100.0
100
AcDbPoint
 10
402437.3522775724
 20
51298.93261011849
 30
0.0
  0
POINT
  5
486
330
47D
100
AcDbEntity
  8
Defpoints
 62
     0
440
 16777216
 48
100.0
100
AcDbPoint
 10
408437.3522775724
 20
51628.93112719544
 30
0.0
  0
POINT
  5
487
330
47D
100
AcDbEntity
  8
Defpoints
 62
     0
440
 16777216
 48
100.0
100
AcDbPoint
 10
408437.3522775724
 20
50795.77462249874
 30
0.0
  0
ENDBLK
  5
488
330
47D
100
AcDbEntity
  8
0
100
AcDbBlockEnd
  0
BLOCK
  5
48A
330
489
100
AcDbEntity
  8
0
100
AcDbBlockBegin
  2
*D38
 70
     1
 10
0.0
 20
0.0
 30
0.0
  3
*D38
  1

  0
LINE
  5
48B
330
489
100
AcDbEntity
  8
$Размеры
  6
Continuous
 62
     5
440
 16777216
370
    13
100
AcDbLine
 10
402437.3522775724
 20
47748.93261011849
 30
0.0
 11
402437.3522775724
 21
47471.19845065109
 31
0.0
  0
LINE
  5
48C
330
489
100
AcDbEntity
  8
$Размеры
  6
Continuous
 62
     5
440
 16777216
370
    13
100
AcDbLine
 10
403037.3522775724
 20
47748.93261011849
 30
0.0
 11
403037.3522775724
 21
47471.19845065109
 31
0.0
  0
LINE
  5
48D
330
489
100
AcDbEntity
  8
$Размеры
  6
Continuous
 62
     5
440
 16777216
370
    13
100
AcDbLine
 10
402437.3522775724
 20
47506.19845065109
 30
0.0
 11
403037.3522775724
 21
47506.19845065109
 31
0.0
  0
INSERT
  5
48E
330
489
100
AcDbEntity
  8
$Размеры
 62
     5
440
 16777216
 48
100.0
370
    13
100
AcDbBlockReference
  2
_Oblique
 10
402437.3522775724
 20
47506.19845065109
 30
0.0
 41
75.0
 42
75.0
 43
75.0
 50
180.0
  0
INSERT
  5
48F
330
489
100
AcDbEntity
  8
$Размеры
 62
     5
440
 16777216
 48
100.0
370
    13
100
AcDbBlockReference
  2
_Oblique
 10
403037.3522775724
 20
47506.19845065109
 30
0.0
 41
75.0
 42
75.0
 43
75.0
  0
MTEXT
  5
490
330
489
100
AcDbEntity
  8
$Размеры
 62
     5
440
 16777216
 48
100.0
100
AcDbMText
 10
402737.3522775724
 20
47593.69845065109
 30
0.0
 40
125.0
 41
0.0
 46
0.0
 71
     5
 72
     1
  1
\A1;600
  7
@ТРАНСПРОЕКТ
 73
     1
 44
1.0
  0
POINT
  5
491
330
489
100
AcDbEntity
  8
Defpoints
 62
     0
440
 16777216
 48
100.0
100
AcDbPoint
 10
402437.3522775724
 20
47798.93261011849
 30
0.0
  0
POINT
  5
492
330
489
100
AcDbEntity
  8
Defpoints
 62
     0
440
 16777216
 48
100.0
100
AcDbPoint
 10
403037.3522775724
 20
47798.93261011849
 30
0.0
  0
POINT
  5
493
330
489
100
AcDbEntity
  8
Defpoints
 62
     0
440
 16777216
 48
100.0
100
AcDbPoint
 10
403037.3522775724
 20
47506.19845065109
 30
0.0
  0
ENDBLK
  5
494
330
489
100
AcDbEntity
  8
0
100
AcDbBlockEnd
  0
BLOCK
  5
496
330
495
100
AcDbEntity
  8
0
100
AcDbBlockBegin
  2
*D39
 70
     1
 10
0.0
 20
0.0
 30
0.0
  3
*D39
  1

  0
LINE
  5
497
330
495
100
AcDbEntity
  8
$Размеры
  6
Continuous
 62
     5
440
 16777216
370
    13
100
AcDbLine
 10
402437.3522775724
 20
51248.93261011849
 30
0.0
 11
402437.3522775724
 21
50971.1984506511
 31
0.0
  0
LINE
  5
498
330
495
100
AcDbEntity
  8
$Размеры
  6
Continuous
 62
     5
440
 16777216
370
    13
100
AcDbLine
 10
403037.3522775724
 20
51248.93261011849
 30
0.0
 11
403037.3522775724
 21
50971.1984506511
 31
0.0
  0
LINE
  5
499
330
495
100
AcDbEntity
  8
$Размеры
  6
Continuous
 62
     5
440
 16777216
370
    13
100
AcDbLine
 10
402437.3522775724
 20
51006.1984506511
 30
0.0
 11
403037.3522775724
 21
51006.1984506511
 31
0.0
  0
INSERT
  5
49A
330
495
100
AcDbEntity
  8
$Размеры
 62
     5
440
 16777216
 48
100.0
370
    13
100
AcDbBlockReference
  2
_Oblique
 10
402437.3522775724
 20
51006.1984506511
 30
0.0
 41
75.0
 42
75.0
 43
75.0
 50
180.0
  0
INSERT
  5
49B
330
495
100
AcDbEntity
  8
$Размеры
 62
     5
440
 16777216
 48
100.0
370
    13
100
AcDbBlockReference
  2
_Oblique
 10
403037.3522775724
 20
51006.1984506511
 30
0.0
 41
75.0
 42
75.0
 43
75.0
  0
MTEXT
  5
49C
330
495
100
AcDbEntity
  8
$Размеры
 62
     5
440
 16777216
 48
100.0
100
AcDbMText
 10
402737.3522775724
 20
51093.6984506511
 30
0.0
 40
125.0
 41
0.0
 46
0.0
 71
     5
 72
     1
  1
\A1;600
  7
@ТРАНСПРОЕКТ
 73
     1
 44
1.0
  0
POINT
  5
49D
330
495
100
AcDbEntity
  8
Defpoints
 62
     0
440
 16777216
 48
100.0
100
AcDbPoint
 10
402437.3522775724
 20
51298.93261011849
 30
0.0
  0
POINT
  5
49E
330
495
100
AcDbEntity
  8
Defpoints
 62
     0
440
 16777216
 48
100.0
100
AcDbPoint
 10
403037.3522775724
 20
51298.93261011849
 30
0.0
  0
POINT
  5
49F
330
495
100
AcDbEntity
  8
Defpoints
 62
     0
440
 16777216
 48
100.0
100
AcDbPoint
 10
403037.3522775724
 20
51006.1984506511
 30
0.0
  0
ENDBLK
  5
4A0
330
495
100
AcDbEntity
  8
0
100
AcDbBlockEnd
  0
BLOCK
  5
4A2
330
4A1
100
AcDbEntity
  8
0
100
AcDbBlockBegin
  2
*D40
 70
     1
 10
0.0
 20
0.0
 30
0.0
  3
*D40
  1

  0
LINE
  5
4A3
330
4A1
100
AcDbEntity
  8
$Размеры
  6
Continuous
 62
     5
440
 16777216
370
    13
100
AcDbLine
 10
402437.3522775724
 20
47748.93261011849
 30
0.0
 11
402437.3522775724
 21
47260.77462249874
 31
0.0
  0
LINE
  5
4A4
330
4A1
100
AcDbEntity
  8
$Размеры
  6
Continuous
 62
     5
440
 16777216
370
    13
100
AcDbLine
 10
408437.3522775724
 20
48078.93112719544
 30
0.0
 11
408437.3522775724
 21
47260.77462249874
 31
0.0
  0
LINE
  5
4A5
330
4A1
100
AcDbEntity
  8
$Размеры
  6
Continuous
 62
     5
440
 16777216
370
    13
100
AcDbLine
 10
402437.3522775724
 20
47295.77462249874
 30
0.0
 11
408437.3522775724
 21
47295.77462249874
 31
0.0
  0
INSERT
  5
4A6
330
4A1
100
AcDbEntity
  8
$Размеры
 62
     5
440
 16777216
 48
100.0
370
    13
100
AcDbBlockReference
  2
_Oblique
 10
402437.3522775724
 20
47295.77462249874
 30
0.0
 41
75.0
 42
75.0
 43
75.0
 50
180.0
  0
INSERT
  5
4A7
330
4A1
100
AcDbEntity
  8
$Размеры
 62
     5
440
 16777216
 48
100.0
370
    13
100
AcDbBlockReference
  2
_Oblique
 10
408437.3522775724
 20
47295.77462249874
 30
0.0
 41
75.0
 42
75.0
 43
75.0
  0
MTEXT
  5
4A8
330
4A1
100
AcDbEntity
  8
$Размеры
 62
     5
440
 16777216
 48
100.0
100
AcDbMText
 10
405437.3522775724
 20
47383.27462249874
 30
0.0
 40
125.0
 41
0.0
 46
0.0
 71
     5
 72
     1
  1
\A1;6000
  7
@ТРАНСПРОЕКТ
 73
     1
 44
1.0
  0
POINT
  5
4A9
330
4A1
100
AcDbEntity
  8
Defpoints
 62
     0
440
 16777216
 48
100.0
100
AcDbPoint
 10
402437.3522775724
 20
47798.93261011849
 30
0.0
  0
POINT
  5
4AA
330
4A1
100
AcDbEntity
  8
Defpoints
 62
     0
440
 16777216
 48
100.0
100
AcDbPoint
 10
408437.3522775724
 20
48128.93112719544
 30
0.0
  0
POINT
  5
4AB
330
4A1
100
AcDbEntity
  8
Defpoints
 62
     0
440
 16777216
 48
100.0
100
AcDbPoint
 10
408437.3522775724
 20
47295.77462249874
 30
0.0
  0
ENDBLK
  5
4AC
330
4A1
100
AcDbEntity
  8
0
100
AcDbBlockEnd
  0
BLOCK
  5
4AE
330
4AD
100
AcDbEntity
  8
0
100
AcDbBlockBegin
  2
*D41
 70
     1
 10
0.0
 20
0.0
 30
0.0
  3
*D41
  1

  0
LINE
  5
4AF
330
4AD
100
AcDbEntity
  8
$Размеры
  6
Continuous
 62
     5
440
 16777216
370
    13
100
AcDbLine
 10
403037.3522775724
 20
51248.93261011849
 30
0.0
 11
403037.3522775724
 21
50971.1984506511
 31
0.0
  0
LINE
  5
4B0
330
4AD
100
AcDbEntity
  8
$Размеры
  6
Continuous
 62
     5
440
 16777216
370
    13
100
AcDbLine
 10
408437.3522775724
 20
51578.93112719544
 30
0.0
 11
408437.3522775724
 21
50971.1984506511
 31
0.0
  0
LINE
  5
4B1
330
4AD
100
AcDbEntity
  8
$Размеры
  6
Continuous
 62
     5
440
 16777216
370
    13
100
AcDbLine
 10
403037.3522775724
 20
51006.1984506511
 30
0.0
 11
408437.3522775724
 21
51006.1984506511
 31
0.0
  0
INSERT
  5
4B2
330
4AD
100
AcDbEntity
  8
$Размеры
 62
     5
440
 16777216
 48
100.0
370
    13
100
AcDbBlockReference
  2
_Oblique
 10
403037.3522775724
 20
51006.1984506511
 30
0.0
 41
75.0
 42
75.0
 43
75.0
 50
180.0
  0
INSERT
  5
4B3
330
4AD
100
AcDbEntity
  8
$Размеры
 62
     5
440
 16777216
 48
100.0
370
    13
100
AcDbBlockReference
  2
_Oblique
 10
408437.3522775724
 20
51006.1984506511
 30
0.0
 41
75.0
 42
75.0
 43
75.0
  0
MTEXT
  5
4B4
330
4AD
100
AcDbEntity
  8
$Размеры
 62
     5
440
 16777216
 48
100.0
100
AcDbMText
 10
405737.3522775725
 20
51093.6984506511
 30
0.0
 40
125.0
 41
0.0
 46
0.0
 71
     5
 72
     1
  1
\A1;5400
  7
@ТРАНСПРОЕКТ
 73
     1
 44
1.0
  0
POINT
  5
4B5
330
4AD
100
AcDbEntity
  8
Defpoints
 62
     0
440
 16777216
 48
100.0
100
AcDbPoint
 10
403037.3522775724
 20
51298.93261011849
 30
0.0
  0
POINT
  5
4B6
330
4AD
100
AcDbEntity
  8
Defpoints
 62
     0
440
 16777216
 48
100.0
100
AcDbPoint
 10
408437.3522775724
 20
51628.93112719544
 30
0.0
  0
POINT
  5
4B7
330
4AD
100
AcDbEntity
  8
Defpoints
 62
     0
440
 16777216
 48
100.0
100
AcDbPoint
 10
408437.3522775724
 20
51006.1984506511
 30
0.0
  0
ENDBLK
  5
4B8
330
4AD
100
AcDbEntity
  8
0
100
AcDbBlockEnd
  0
BLOCK
  5
4BA
330
4B9
100
AcDbEntity
  8
0
100
AcDbBlockBegin
  2
*D42
 70
     1
 10
0.0
 20
0.0
 30
0.0
  3
*D42
  1

  0
LINE
  5
4BB
330
4B9
100
AcDbEntity
  8
$Размеры
  6
Continuous
 62
     5
440
 16777216
370
    13
100
AcDbLine
 10
387787.8062837093
 20
56516.48755900406
 30
0.0
 11
388141.4643537539
 21
56516.48755900406
 31
0.0
  0
LINE
  5
4BC
330
4B9
100
AcDbEntity
  8
$Размеры
  6
Continuous
 62
     5
440
 16777216
370
    13
100
AcDbLine
 10
387762.8046844692
 20
57391.63457829129
 30
0.0
 11
388141.4643537539
 21
57391.63457829129
 31
0.0
  0
LINE
  5
4BD
330
4B9
100
AcDbEntity
  8
$Размеры
  6
Continuous
 62
     5
440
 16777216
370
    13
100
AcDbLine
 10
388106.4643537539
 20
56516.48755900406
 30
0.0
 11
388106.4643537539
 21
57391.63457829129
 31
0.0
  0
INSERT
  5
4BE
330
4B9
100
AcDbEntity
  8
$Размеры
 62
     5
440
 16777216
 48
100.0
370
    13
100
AcDbBlockReference
  2
_Oblique
 10
388106.4643537539
 20
56516.48755900406
 30
0.0
 41
75.0
 42
75.0
 43
75.0
 50
270.0
  0
INSERT
  5
4BF
330
4B9
100
AcDbEntity
  8
$Размеры
 62
     5
440
 16777216
 48
100.0
370
    13
100
AcDbBlockReference
  2
_Oblique
 10
388106.4643537539
 20
57391.63457829129
 30
0.0
 41
75.0
 42
75.0
 43
75.0
 50
90.0
  0
MTEXT
  5
4C0
330
4B9
100
AcDbEntity
  8
$Размеры
 62
     5
440
 16777216
 48
100.0
100
AcDbMText
 10
388018.9643537539
 20
56954.06106864767
 30
0.0
 40
125.0
 41
0.0
 46
0.0
 71
     5
 72
     1
  1
\A1;875
  7
@ТРАНСПРОЕКТ
 11
0.0
 21
1.0
 31
0.0
 73
     1
 44
1.0
  0
POINT
  5
4C1
330
4B9
100
AcDbEntity
  8
Defpoints
 62
     0
440
 16777216
 48
100.0
100
AcDbPoint
 10
387737.8062837093
 20
56516.48755900406
 30
0.0
  0
POINT
  5
4C2
330
4B9
100
AcDbEntity
  8
Defpoints
 62
     0
440
 16777216
 48
100.0
100
AcDbPoint
 10
387712.8046844692
 20
57391.63457829129
 30
0.0
  0
POINT
  5
4C3
330
4B9
100
AcDbEntity
  8
Defpoints
 62
     0
440
 16777216
 48
100.0
100
AcDbPoint
 10
388106.4643537539
 20
57391.63457829129
 30
0.0
  0
ENDBLK
  5
4C4
330
4B9
100
AcDbEntity
  8
0
100
AcDbBlockEnd
  0
BLOCK
  5
4C6
330
4C5
100
AcDbEntity
  8
0
100
AcDbBlockBegin
  2
*D43
 70
     1
 10
0.0
 20
0.0
 30
0.0
  3
*D43
  1

  0
LINE
  5
4C7
330
4C5
100
AcDbEntity
  8
$Размеры
  6
Continuous
 62
     5
440
 16777216
370
    13
100
AcDbLine
 10
377342.8998707959
 20
56510.48759098871
 30
0.0
 11
377124.4205997067
 21
56510.48759098871
 31
0.0
  0
LINE
  5
4C8
330
4C5
100
AcDbEntity
  8
$Размеры
  6
Continuous
 62
     5
440
 16777216
370
    13
100
AcDbLine
 10
377367.8998707958
 20
57391.63457829117
 30
0.0
 11
377124.4205997067
 21
57391.63457829117
 31
0.0
  0
LINE
  5
4C9
330
4C5
100
AcDbEntity
  8
$Размеры
  6
Continuous
 62
     5
440
 16777216
370
    13
100
AcDbLine
 10
377159.4205997067
 20
56510.48759098871
 30
0.0
 11
377159.4205997067
 21
57391.63457829117
 31
0.0
  0
INSERT
  5
4CA
330
4C5
100
AcDbEntity
  8
$Размеры
 62
     5
440
 16777216
 48
100.0
370
    13
100
AcDbBlockReference
  2
_Oblique
 10
377159.4205997067
 20
56510.48759098871
 30
0.0
 41
75.0
 42
75.0
 43
75.0
 50
270.0
  0
INSERT
  5
4CB
330
4C5
100
AcDbEntity
  8
$Размеры
 62
     5
440
 16777216
 48
100.0
370
    13
100
AcDbBlockReference
  2
_Oblique
 10
377159.4205997067
 20
57391.63457829117
 30
0.0
 41
75.0
 42
75.0
 43
75.0
 50
90.0
  0
MTEXT
  5
4CC
330
4C5
100
AcDbEntity
  8
$Размеры
 62
     5
440
 16777216
 48
100.0
100
AcDbMText
 10
377071.9205997067
 20
56951.06108463994
 30
0.0
 40
125.0
 41
0.0
 46
0.0
 71
     5
 72
     1
  1
\A1;881
  7
@ТРАНСПРОЕКТ
 11
0.0
 21
1.0
 31
0.0
 73
     1
 44
1.0
  0
POINT
  5
4CD
330
4C5
100
AcDbEntity
  8
Defpoints
 62
     0
440
 16777216
 48
100.0
100
AcDbPoint
 10
377392.8998707959
 20
56510.48759098871
 30
0.0
  0
POINT
  5
4CE
330
4C5
100
AcDbEntity
  8
Defpoints
 62
     0
440
 16777216
 48
100.0
100
AcDbPoint
 10
377417.8998707959
 20
57391.63457829117
 30
0.0
  0
POINT
  5
4CF
330
4C5
100
AcDbEntity
  8
Defpoints
 62
     0
440
 16777216
 48
100.0
100
AcDbPoint
 10
377159.4205997067
 20
57391.63457829117
 30
0.0
  0
ENDBLK
  5
4D0
330
4C5
100
AcDbEntity
  8
0
100
AcDbBlockEnd
  0
BLOCK
  5
4D2
330
4D1
100
AcDbEntity
  8
0
100
AcDbBlockBegin
  2
*D44
 70
     1
 10
0.0
 20
0.0
 30
0.0
  3
*D44
  1

  0
LINE
  5
4D3
330
4D1
100
AcDbEntity
  8
$Выноски
  6
Continuous
 62
     5
440
 16777216
370
    13
100
AcDbLine
 10
377392.8998707959
 20
47304.63663912444
 30
0.0
 11
377392.8998707959
 21
46876.95708191286
 31
0.0
  0
LINE
  5
4D4
330
4D1
100
AcDbEntity
  8
$Выноски
  6
Continuous
 62
     5
440
 16777216
370
    13
100
AcDbLine
 10
378312.8559123317
 20
47003.52425160593
 30
0.0
 11
378312.8559123317
 21
46876.95708191286
 31
0.0
  0
LINE
  5
4D5
330
4D1
100
AcDbEntity
  8
$Выноски
  6
Continuous
 62
     5
440
 16777216
370
    13
100
AcDbLine
 10
377392.8998707959
 20
46911.95708191286
 30
0.0
 11
378312.8559123317
 21
46911.95708191286
 31
0.0
  0
INSERT
  5
4D6
330
4D1
100
AcDbEntity
  8
$Выноски
 62
     5
440
 16777216
 48
100.0
370
    13
100
AcDbBlockReference
  2
_Oblique
 10
377392.8998707959
 20
46911.95708191286
 30
0.0
 41
75.0
 42
75.0
 43
75.0
 50
180.0
  0
INSERT
  5
4D7
330
4D1
100
AcDbEntity
  8
$Выноски
 62
     5
440
 16777216
 48
100.0
370
    13
100
AcDbBlockReference
  2
_Oblique
 10
378312.8559123317
 20
46911.95708191286
 30
0.0
 41
75.0
 42
75.0
 43
75.0
  0
MTEXT
  5
4D8
330
4D1
100
AcDbEntity
  8
$Выноски
 62
     5
440
 16777216
 48
100.0
100
AcDbMText
 10
377852.8778915638
 20
46999.45708191286
 30
0.0
 40
125.0
 41
0.0
 46
0.0
 71
     5
 72
     1
  1
\A1;920
  7
@ТРАНСПРОЕКТ
 73
     1
 44
1.0
  0
POINT
  5
4D9
330
4D1
100
AcDbEntity
  8
Defpoints
 62
     0
440
 16777216
 48
100.0
100
AcDbPoint
 10
377392.8998707959
 20
47354.63663912444
 30
0.0
  0
POINT
  5
4DA
330
4D1
100
AcDbEntity
  8
Defpoints
 62
     0
440
 16777216
 48
100.0
100
AcDbPoint
 10
378312.8559123317
 20
47053.52425160593
 30
0.0
  0
POINT
  5
4DB
330
4D1
100
AcDbEntity
  8
Defpoints
 62
     0
440
 16777216
 48
100.0
100
AcDbPoint
 10
378312.8559123317
 20
46911.95708191286
 30
0.0
  0
ENDBLK
  5
4DC
330
4D1
100
AcDbEntity
  8
0
100
AcDbBlockEnd
  0
BLOCK
  5
4DE
330
4DD
100
AcDbEntity
  8
0
100
AcDbBlockBegin
  2
*D45
 70
     1
 10
0.0
 20
0.0
 30
0.0
  3
*D45
  1

  0
LINE
  5
4DF
330
4DD
100
AcDbEntity
  8
$Выноски
  6
Continuous
 62
     5
440
 16777216
370
    13
100
AcDbLine
 10
378312.8559123317
 20
47003.52425160593
 30
0.0
 11
378312.8559123317
 21
46876.95708191286
 31
0.0
  0
LINE
  5
4E0
330
4DD
100
AcDbEntity
  8
$Выноски
  6
Continuous
 62
     5
440
 16777216
370
    13
100
AcDbLine
 10
382715.3522776325
 20
47022.45650735098
 30
0.0
 11
382715.3522776325
 21
46876.95708191286
 31
0.0
  0
LINE
  5
4E1
330
4DD
100
AcDbEntity
  8
$Выноски
  6
Continuous
 62
     5
440
 16777216
370
    13
100
AcDbLine
 10
378312.8559123317
 20
46911.95708191286
 30
0.0
 11
382715.3522776325
 21
46911.95708191286
 31
0.0
  0
INSERT
  5
4E2
330
4DD
100
AcDbEntity
  8
$Выноски
 62
     5
440
 16777216
 48
100.0
370
    13
100
AcDbBlockReference
  2
_Oblique
 10
378312.8559123317
 20
46911.95708191286
 30
0.0
 41
75.0
 42
75.0
 43
75.0
 50
180.0
  0
INSERT
  5
4E3
330
4DD
100
AcDbEntity
  8
$Выноски
 62
     5
440
 16777216
 48
100.0
370
    13
100
AcDbBlockReference
  2
_Oblique
 10
382715.3522776325
 20
46911.95708191286
 30
0.0
 41
75.0
 42
75.0
 43
75.0
  0
MTEXT
  5
4E4
330
4DD
100
AcDbEntity
  8
$Выноски
 62
     5
440
 16777216
 48
100.0
100
AcDbMText
 10
380514.1040949821
 20
46999.45708191286
 30
0.0
 40
125.0
 41
0.0
 46
0.0
 71
     5
 72
     1
  1
\A1;12195
  7
@ТРАНСПРОЕКТ
 73
     1
 44
1.0
  0
POINT
  5
4E5
330
4DD
100
AcDbEntity
  8
Defpoints
 62
     0
440
 16777216
 48
100.0
100
AcDbPoint
 10
378312.8559123317
 20
47053.52425160593
 30
0.0
  0
POINT
  5
4E6
330
4DD
100
AcDbEntity
  8
Defpoints
 62
     0
440
 16777216
 48
100.0
100
AcDbPoint
 10
382715.3522776325
 20
47072.45650735098
 30
0.0
  0
POINT
  5
4E7
330
4DD
100
AcDbEntity
  8
Defpoints
 62
     0
440
 16777216
 48
100.0
100
AcDbPoint
 10
382715.3522776325
 20
46911.95708191286
 30
0.0
  0
ENDBLK
  5
4E8
330
4DD
100
AcDbEntity
  8
0
100
AcDbBlockEnd
  0
BLOCK
  5
4EA
330
4E9
100
AcDbEntity
  8
0
100
AcDbBlockBegin
  2
*D46
 70
     1
 10
0.0
 20
0.0
 30
0.0
  3
*D46
  1

  0
LINE
  5
4EB
330
4E9
100
AcDbEntity
  8
$Выноски
  6
Continuous
 62
     5
440
 16777216
370
    13
100
AcDbLine
 10
387117.8486429334
 20
47003.52425160593
 30
0.0
 11
387117.8486429334
 21
46876.95708191286
 31
0.0
  0
LINE
  5
4EC
330
4E9
100
AcDbEntity
  8
$Выноски
  6
Continuous
 62
     5
440
 16777216
370
    13
100
AcDbLine
 10
387737.8046843491
 20
47304.63663912444
 30
0.0
 11
387737.8046843491
 21
46876.95708191286
 31
0.0
  0
LINE
  5
4ED
330
4E9
100
AcDbEntity
  8
$Выноски
  6
Continuous
 62
     5
440
 16777216
370
    13
100
AcDbLine
 10
387117.8486429334
 20
46911.95708191286
 30
0.0
 11
387737.8046843491
 21
46911.95708191286
 31
0.0
  0
INSERT
  5
4EE
330
4E9
100
AcDbEntity
  8
$Выноски
 62
     5
440
 16777216
 48
100.0
370
    13
100
AcDbBlockReference
  2
_Oblique
 10
387117.8486429334
 20
46911.95708191286
 30
0.0
 41
75.0
 42
75.0
 43
75.0
 50
180.0
  0
INSERT
  5
4EF
330
4E9
100
AcDbEntity
  8
$Выноски
 62
     5
440
 16777216
 48
100.0
370
    13
100
AcDbBlockReference
  2
_Oblique
 10
387737.8046843491
 20
46911.95708191286
 30
0.0
 41
75.0
 42
75.0
 43
75.0
  0
MTEXT
  5
4F0
330
4E9
100
AcDbEntity
  8
$Выноски
 62
     5
440
 16777216
 48
100.0
100
AcDbMText
 10
387427.8266636412
 20
46999.45708191286
 30
0.0
 40
125.0
 41
0.0
 46
0.0
 71
     5
 72
     1
  1
\A1;620
  7
@ТРАНСПРОЕКТ
 73
     1
 44
1.0
  0
POINT
  5
4F1
330
4E9
100
AcDbEntity
  8
Defpoints
 62
     0
440
 16777216
 48
100.0
100
AcDbPoint
 10
387117.8486429334
 20
47053.52425160593
 30
0.0
  0
POINT
  5
4F2
330
4E9
100
AcDbEntity
  8
Defpoints
 62
     0
440
 16777216
 48
100.0
100
AcDbPoint
 10
387737.8046843491
 20
47354.63663912444
 30
0.0
  0
POINT
  5
4F3
330
4E9
100
AcDbEntity
  8
Defpoints
 62
     0
440
 16777216
 48
100.0
100
AcDbPoint
 10
387737.8046843491
 20
46911.95708191286
 30
0.0
  0
ENDBLK
  5
4F4
330
4E9
100
AcDbEntity
  8
0
100
AcDbBlockEnd
  0
BLOCK
  5
4F6
330
4F5
100
AcDbEntity
  8
0
100
AcDbBlockBegin
  2
*D47
 70
     1
 10
0.0
 20
0.0
 30
0.0
  3
*D47
  1

  0
LINE
  5
4F7
330
4F5
100
AcDbEntity
  8
$Выноски
  6
Continuous
 62
     5
440
 16777216
370
    13
100
AcDbLine
 10
387117.8486429334
 20
47003.52425160593
 30
0.0
 11
387117.8486429334
 21
46876.95708191286
 31
0.0
  0
LINE
  5
4F8
330
4F5
100
AcDbEntity
  8
$Выноски
  6
Continuous
 62
     5
440
 16777216
370
    13
100
AcDbLine
 10
382715.3522776325
 20
47022.45650735098
 30
0.0
 11
382715.3522776325
 21
46876.95708191286
 31
0.0
  0
LINE
  5
4F9
330
4F5
100
AcDbEntity
  8
$Выноски
  6
Continuous
 62
     5
440
 16777216
370
    13
100
AcDbLine
 10
387117.8486429334
 20
46911.95708191286
 30
0.0
 11
382715.3522776325
 21
46911.95708191286
 31
0.0
  0
INSERT
  5
4FA
330
4F5
100
AcDbEntity
  8
$Выноски
 62
     5
440
 16777216
 48
100.0
370
    13
100
AcDbBlockReference
  2
_Oblique
 10
387117.8486429334
 20
46911.95708191286
 30
0.0
 41
75.0
 42
75.0
 43
75.0
  0
INSERT
  5
4FB
330
4F5
100
AcDbEntity
  8
$Выноски
 62
     5
440
 16777216
 48
100.0
370
    13
100
AcDbBlockReference
  2
_Oblique
 10
382715.3522776325
 20
46911.95708191286
 30
0.0
 41
75.0
 42
75.0
 43
75.0
 50
180.0
  0
MTEXT
  5
4FC
330
4F5
100
AcDbEntity
  8
$Выноски
 62
     5
440
 16777216
 48
100.0
100
AcDbMText
 10
384916.600460283
 20
46999.45708191286
 30
0.0
 40
125.0
 41
0.0
 46
0.0
 71
     5
 72
     1
  1
\A1;12195
  7
@ТРАНСПРОЕКТ
 73
     1
 44
1.0
  0
POINT
  5
4FD
330
4F5
100
AcDbEntity
  8
Defpoints
 62
     0
440
 16777216
 48
100.0
100
AcDbPoint
 10
387117.8486429334
 20
47053.52425160593
 30
0.0
  0
POINT
  5
4FE
330
4F5
100
AcDbEntity
  8
Defpoints
 62
     0
440
 16777216
 48
100.0
100
AcDbPoint
 10
382715.3522776325
 20
47072.45650735098
 30
0.0
  0
POINT
  5
4FF
330
4F5
100
AcDbEntity
  8
Defpoints
 62
     0
440
 16777216
 48
100.0
100
AcDbPoint
 10
382715.3522776325
 20
46911.95708191286
 30
0.0
  0
ENDBLK
  5
500
330
4F5
100
AcDbEntity
  8
0
100
AcDbBlockEnd
  0
BLOCK
  5
502
330
501
100
AcDbEntity
  8
0
100
AcDbBlockBegin
  2
*D48
 70
     1
 10
0.0
 20
0.0
 30
0.0
  3
*D48
  1

  0
LINE
  5
503
330
501
100
AcDbEntity
  8
$Выноски
  6
Continuous
 62
     5
440
 16777216
370
    13
100
AcDbLine
 10
387342.8486429334
 20
47914.63657719149
 30
0.0
 11
388187.6751805499
 21
47914.63657719149
 31
0.0
  0
LINE
  5
504
330
501
100
AcDbEntity
  8
$Выноски
  6
Continuous
 62
     5
440
 16777216
370
    13
100
AcDbLine
 10
387787.8046843491
 20
47354.63663912444
 30
0.0
 11
388187.6751805499
 21
47354.63663912444
 31
0.0
  0
LINE
  5
505
330
501
100
AcDbEntity
  8
$Выноски
  6
Continuous
 62
     5
440
 16777216
370
    13
100
AcDbLine
 10
388152.67518055
 20
47914.63657719149
 30
0.0
 11
388152.67518055
 21
47354.63663912444
 31
0.0
  0
INSERT
  5
506
330
501
100
AcDbEntity
  8
$Выноски
 62
     5
440
 16777216
 48
100.0
370
    13
100
AcDbBlockReference
  2
_Oblique
 10
388152.67518055
 20
47914.63657719149
 30
0.0
 41
75.0
 42
75.0
 43
75.0
 50
90.0
  0
INSERT
  5
507
330
501
100
AcDbEntity
  8
$Выноски
 62
     5
440
 16777216
 48
100.0
370
    13
100
AcDbBlockReference
  2
_Oblique
 10
388152.67518055
 20
47354.63663912444
 30
0.0
 41
75.0
 42
75.0
 43
75.0
 50
270.0
  0
MTEXT
  5
508
330
501
100
AcDbEntity
  8
$Выноски
 62
     5
440
 16777216
 48
100.0
100
AcDbMText
 10
388065.17518055
 20
47634.63660815797
 30
0.0
 40
125.0
 41
0.0
 46
0.0
 71
     5
 72
     1
  1
\A1;560
  7
@ТРАНСПРОЕКТ
 11
0.0
 21
1.0
 31
0.0
 73
     1
 44
1.0
  0
POINT
  5
509
330
501
100
AcDbEntity
  8
Defpoints
 62
     0
440
 16777216
 48
100.0
100
AcDbPoint
 10
387292.8486429334
 20
47914.63657719149
 30
0.0
  0
POINT
  5
50A
330
501
100
AcDbEntity
  8
Defpoints
 62
     0
440
 16777216
 48
100.0
100
AcDbPoint
 10
387737.8046843491
 20
47354.63663912444
 30
0.0
  0
POINT
  5
50B
330
501
100
AcDbEntity
  8
Defpoints
 62
     0
440
 16777216
 48
100.0
100
AcDbPoint
 10
388152.67518055
 20
47354.63663912444
 30
0.0
  0
ENDBLK
  5
50C
330
501
100
AcDbEntity
  8
0
100
AcDbBlockEnd
  0
BLOCK
  5
50E
330
50D
100
AcDbEntity
  8
0
100
AcDbBlockBegin
  2
*D49
 70
     1
 10
0.0
 20
0.0
 30
0.0
  3
*D49
  1

  0
LINE
  5
50F
330
50D
100
AcDbEntity
  8
$Выноски
  6
Continuous
 62
     5
440
 16777216
370
    13
100
AcDbLine
 10
387342.8486429334
 20
47914.63657719149
 30
0.0
 11
388187.6751805499
 21
47914.63657719149
 31
0.0
  0
LINE
  5
510
330
50D
100
AcDbEntity
  8
$Выноски
  6
Continuous
 62
     5
440
 16777216
370
    13
100
AcDbLine
 10
387342.8486429334
 20
51914.63657570929
 30
0.0
 11
388187.6751805499
 21
51914.63657570929
 31
0.0
  0
LINE
  5
511
330
50D
100
AcDbEntity
  8
$Выноски
  6
Continuous
 62
     5
440
 16777216
370
    13
100
AcDbLine
 10
388152.67518055
 20
47914.63657719149
 30
0.0
 11
388152.67518055
 21
51914.63657570929
 31
0.0
  0
INSERT
  5
512
330
50D
100
AcDbEntity
  8
$Выноски
 62
     5
440
 16777216
 48
100.0
370
    13
100
AcDbBlockReference
  2
_Oblique
 10
388152.67518055
 20
47914.63657719149
 30
0.0
 41
75.0
 42
75.0
 43
75.0
 50
270.0
  0
INSERT
  5
513
330
50D
100
AcDbEntity
  8
$Выноски
 62
     5
440
 16777216
 48
100.0
370
    13
100
AcDbBlockReference
  2
_Oblique
 10
388152.67518055
 20
51914.63657570929
 30
0.0
 41
75.0
 42
75.0
 43
75.0
 50
90.0
  0
MTEXT
  5
514
330
50D
100
AcDbEntity
  8
$Выноски
 62
     5
440
 16777216
 48
100.0
100
AcDbMText
 10
388065.17518055
 20
49914.63657645039
 30
0.0
 40
125.0
 41
0.0
 46
0.0
 71
     5
 72
     1
  1
\A1;2х2000=4000
  7
@ТРАНСПРОЕКТ
 11
0.0
 21
1.0
 31
0.0
 73
     1
 44
1.0
  0
POINT
  5
515
330
50D
100
AcDbEntity
  8
Defpoints
 62
     0
440
 16777216
 48
100.0
100
AcDbPoint
 10
387292.8486429334
 20
47914.63657719149
 30
0.0
  0
POINT
  5
516
330
50D
100
AcDbEntity
  8
Defpoints
 62
     0
440
 16777216
 48
100.0
100
AcDbPoint
 10
387292.8486429334
 20
51914.63657570929
 30
0.0
  0
POINT
  5
517
330
50D
100
AcDbEntity
  8
Defpoints
 62
     0
440
 16777216
 48
100.0
100
AcDbPoint
 10
388152.67518055
 20
51914.63657570929
 30
0.0
  0
ENDBLK
  5
518
330
50D
100
AcDbEntity
  8
0
100
AcDbBlockEnd
  0
BLOCK
  5
51A
330
519
100
AcDbEntity
  8
0
100
AcDbBlockBegin
  2
*D50
 70
     1
 10
0.0
 20
0.0
 30
0.0
  3
*D50
  1

  0
LINE
  5
51B
330
519
100
AcDbEntity
  8
$Выноски
  6
Continuous
 62
     5
440
 16777216
370
    13
100
AcDbLine
 10
387342.8486429334
 20
51914.63657570929
 30
0.0
 11
388187.6751805499
 21
51914.63657570929
 31
0.0
  0
LINE
  5
51C
330
519
100
AcDbEntity
  8
$Выноски
  6
Continuous
 62
     5
440
 16777216
370
    13
100
AcDbLine
 10
387787.8046843491
 20
53354.63663912444
 30
0.0
 11
388187.6751805499
 21
53354.63663912444
 31
0.0
  0
LINE
  5
51D
330
519
100
AcDbEntity
  8
$Выноски
  6
Continuous
 62
     5
440
 16777216
370
    13
100
AcDbLine
 10
388152.67518055
 20
51914.63657570929
 30
0.0
 11
388152.67518055
 21
53354.63663912444
 31
0.0
  0
INSERT
  5
51E
330
519
100
AcDbEntity
  8
$Выноски
 62
     5
440
 16777216
 48
100.0
370
    13
100
AcDbBlockReference
  2
_Oblique
 10
388152.67518055
 20
51914.63657570929
 30
0.0
 41
75.0
 42
75.0
 43
75.0
 50
270.0
  0
INSERT
  5
51F
330
519
100
AcDbEntity
  8
$Выноски
 62
     5
440
 16777216
 48
100.0
370
    13
100
AcDbBlockReference
  2
_Oblique
 10
388152.67518055
 20
53354.63663912444
 30
0.0
 41
75.0
 42
75.0
 43
75.0
 50
90.0
  0
MTEXT
  5
520
330
519
100
AcDbEntity
  8
$Выноски
 62
     5
440
 16777216
 48
100.0
100
AcDbMText
 10
388065.17518055
 20
52634.63660741686
 30
0.0
 40
125.0
 41
0.0
 46
0.0
 71
     5
 72
     1
  1
\A1;1440
  7
@ТРАНСПРОЕКТ
 11
0.0
 21
1.0
 31
0.0
 73
     1
 44
1.0
  0
POINT
  5
521
330
519
100
AcDbEntity
  8
Defpoints
 62
     0
440
 16777216
 48
100.0
100
AcDbPoint
 10
387292.8486429334
 20
51914.63657570929
 30
0.0
  0
POINT
  5
522
330
519
100
AcDbEntity
  8
Defpoints
 62
     0
440
 16777216
 48
100.0
100
AcDbPoint
 10
387737.8046843491
 20
53354.63663912444
 30
0.0
  0
POINT
  5
523
330
519
100
AcDbEntity
  8
Defpoints
 62
     0
440
 16777216
 48
100.0
100
AcDbPoint
 10
388152.67518055
 20
53354.63663912444
 30
0.0
  0
ENDBLK
  5
524
330
519
100
AcDbEntity
  8
0
100
AcDbBlockEnd
  0
BLOCK
  5
526
330
525
100
AcDbEntity
  8
0
100
AcDbBlockBegin
  2
*D51
 70
     1
 10
0.0
 20
0.0
 30
0.0
  3
*D51
  1

  0
LINE
  5
527
330
525
100
AcDbEntity
  8
$Размеры
  6
Continuous
 62
     5
440
 16777216
370
    13
100
AcDbLine
 10
402387.3522775724
 20
47798.93261011849
 30
0.0
 11
401957.8499026287
 21
47798.93261011849
 31
0.0
  0
LINE
  5
528
330
525
100
AcDbEntity
  8
$Размеры
  6
Continuous
 62
     5
440
 16777216
370
    13
100
AcDbLine
 10
402387.3522775724
 20
48674.91071062508
 30
0.0
 11
401957.8499026287
 21
48674.91071062508
 31
0.0
  0
LINE
  5
529
330
525
100
AcDbEntity
  8
$Размеры
  6
Continuous
 62
     5
440
 16777216
370
    13
100
AcDbLine
 10
401992.8499026287
 20
47798.93261011849
 30
0.0
 11
401992.8499026287
 21
48674.91071062508
 31
0.0
  0
INSERT
  5
52A
330
525
100
AcDbEntity
  8
$Размеры
 62
     5
440
 16777216
 48
100.0
370
    13
100
AcDbBlockReference
  2
_Oblique
 10
401992.8499026287
 20
47798.93261011849
 30
0.0
 41
75.0
 42
75.0
 43
75.0
 50
270.0
  0
INSERT
  5
52B
330
525
100
AcDbEntity
  8
$Размеры
 62
     5
440
 16777216
 48
100.0
370
    13
100
AcDbBlockReference
  2
_Oblique
 10
401992.8499026287
 20
48674.91071062508
 30
0.0
 41
75.0
 42
75.0
 43
75.0
 50
90.0
  0
MTEXT
  5
52C
330
525
100
AcDbEntity
  8
$Размеры
 62
     5
440
 16777216
 48
100.0
100
AcDbMText
 10
401905.3499026286
 20
48236.92166037178
 30
0.0
 40
125.0
 41
0.0
 46
0.0
 71
     5
 72
     1
  1
\A1;876
  7
@ТРАНСПРОЕКТ
 11
0.0
 21
1.0
 31
0.0
 73
     1
 44
1.0
  0
POINT
  5
52D
330
525
100
AcDbEntity
  8
Defpoints
 62
     0
440
 16777216
 48
100.0
100
AcDbPoint
 10
402437.3522775724
 20
47798.93261011849
 30
0.0
  0
POINT
  5
52E
330
525
100
AcDbEntity
  8
Defpoints
 62
     0
440
 16777216
 48
100.0
100
AcDbPoint
 10
402437.3522775724
 20
48674.91071062508
 30
0.0
  0
POINT
  5
52F
330
525
100
AcDbEntity
  8
Defpoints
 62
     0
440
 16777216
 48
100.0
100
AcDbPoint
 10
401992.8499026287
 20
48674.91071062508
 30
0.0
  0
ENDBLK
  5
530
330
525
100
AcDbEntity
  8
0
100
AcDbBlockEnd
  0
BLOCK
  5
532
330
531
100
AcDbEntity
  8
0
100
AcDbBlockBegin
  2
*D52
 70
     1
 10
0.0
 20
0.0
 30
0.0
  3
*D52
  1

  0
LINE
  5
533
330
531
100
AcDbEntity
  8
$Размеры
  6
Continuous
 62
     5
440
 16777216
370
    13
100
AcDbLine
 10
402387.3522775724
 20
44298.93261011849
 30
0.0
 11
401957.8499026287
 21
44298.93261011849
 31
0.0
  0
LINE
  5
534
330
531
100
AcDbEntity
  8
$Размеры
  6
Continuous
 62
     5
440
 16777216
370
    13
100
AcDbLine
 10
402387.3522775724
 20
44959.38601360257
 30
0.0
 11
401957.8499026287
 21
44959.38601360257
 31
0.0
  0
LINE
  5
535
330
531
100
AcDbEntity
  8
$Размеры
  6
Continuous
 62
     5
440
 16777216
370
    13
100
AcDbLine
 10
401992.8499026287
 20
44298.93261011849
 30
0.0
 11
401992.8499026287
 21
44959.38601360257
 31
0.0
  0
INSERT
  5
536
330
531
100
AcDbEntity
  8
$Размеры
 62
     5
440
 16777216
 48
100.0
370
    13
100
AcDbBlockReference
  2
_Oblique
 10
401992.8499026287
 20
44298.93261011849
 30
0.0
 41
75.0
 42
75.0
 43
75.0
 50
270.0
  0
INSERT
  5
537
330
531
100
AcDbEntity
  8
$Размеры
 62
     5
440
 16777216
 48
100.0
370
    13
100
AcDbBlockReference
  2
_Oblique
 10
401992.8499026287
 20
44959.38601360257
 30
0.0
 41
75.0
 42
75.0
 43
75.0
 50
90.0
  0
MTEXT
  5
538
330
531
100
AcDbEntity
  8
$Размеры
 62
     5
440
 16777216
 48
100.0
100
AcDbMText
 10
401905.3499026286
 20
44629.15931186053
 30
0.0
 40
125.0
 41
0.0
 46
0.0
 71
     5
 72
     1
  1
\A1;660
  7
@ТРАНСПРОЕКТ
 11
0.0
 21
1.0
 31
0.0
 73
     1
 44
1.0
  0
POINT
  5
539
330
531
100
AcDbEntity
  8
Defpoints
 62
     0
440
 16777216
 48
100.0
100
AcDbPoint
 10
402437.3522775724
 20
44298.93261011849
 30
0.0
  0
POINT
  5
53A
330
531
100
AcDbEntity
  8
Defpoints
 62
     0
440
 16777216
 48
100.0
100
AcDbPoint
 10
402437.3522775724
 20
44959.38601360257
 30
0.0
  0
POINT
  5
53B
330
531
100
AcDbEntity
  8
Defpoints
 62
     0
440
 16777216
 48
100.0
100
AcDbPoint
 10
401992.8499026287
 20
44959.38601360257
 30
0.0
  0
ENDBLK
  5
53C
330
531
100
AcDbEntity
  8
0
100
AcDbBlockEnd
  0
BLOCK
  5
53E
330
53D
100
AcDbEntity
  8
0
100
AcDbBlockBegin
  2
*D53
 70
     1
 10
0.0
 20
0.0
 30
0.0
  3
*D53
  1

  0
LINE
  5
53F
330
53D
100
AcDbEntity
  8
$Размеры
  6
Continuous
 62
     5
440
 16777216
370
    13
100
AcDbLine
 10
408487.3522775724
 20
44628.93112719544
 30
0.0
 11
409039.6208023928
 21
44628.93112719544
 31
0.0
  0
LINE
  5
540
330
53D
100
AcDbEntity
  8
$Размеры
  6
Continuous
 62
     5
440
 16777216
370
    13
100
AcDbLine
 10
408485.5501447047
 20
44989.37552025573
 30
0.0
 11
409039.6208023928
 21
44989.37552025573
 31
0.0
  0
LINE
  5
541
330
53D
100
AcDbEntity
  8
$Размеры
  6
Continuous
 62
     5
440
 16777216
370
    13
100
AcDbLine
 10
409004.6208023929
 20
44628.93112719544
 30
0.0
 11
409004.6208023929
 21
44989.37552025573
 31
0.0
  0
INSERT
  5
542
330
53D
100
AcDbEntity
  8
$Размеры
 62
     5
440
 16777216
 48
100.0
370
    13
100
AcDbBlockReference
  2
_Oblique
 10
409004.6208023929
 20
44628.93112719544
 30
0.0
 41
75.0
 42
75.0
 43
75.0
 50
270.0
  0
INSERT
  5
543
330
53D
100
AcDbEntity
  8
$Размеры
 62
     5
440
 16777216
 48
100.0
370
    13
100
AcDbBlockReference
  2
_Oblique
 10
409004.6208023929
 20
44989.37552025573
 30
0.0
 41
75.0
 42
75.0
 43
75.0
 50
90.0
  0
MTEXT
  5
544
330
53D
100
AcDbEntity
  8
$Размеры
 62
     5
440
 16777216
 48
100.0
100
AcDbMText
 10
408917.1208023929
 20
44809.15332372559
 30
0.0
 40
125.0
 41
0.0
 46
0.0
 71
     5
 72
     1
  1
\A1;360
  7
@ТРАНСПРОЕКТ
 11
0.0
 21
1.0
 31
0.0
 73
     1
 44
1.0
  0
POINT
  5
545
330
53D
100
AcDbEntity
  8
Defpoints
 62
     0
440
 16777216
 48
100.0
100
AcDbPoint
 10
408437.3522775724
 20
44628.93112719544
 30
0.0
  0
POINT
  5
546
330
53D
100
AcDbEntity
  8
Defpoints
 62
     0
440
 16777216
 48
100.0
100
AcDbPoint
 10
408435.5501447047
 20
44989.37552025573
 30
0.0
  0
POINT
  5
547
330
53D
100
AcDbEntity
  8
Defpoints
 62
     0
440
 16777216
 48
100.0
100
AcDbPoint
 10
409004.6208023929
 20
44989.37552025573
 30
0.0
  0
ENDBLK
  5
548
330
53D
100
AcDbEntity
  8
0
100
AcDbBlockEnd
  0
BLOCK
  5
54A
330
549
100
AcDbEntity
  8
0
100
AcDbBlockBegin
  2
*D54
 70
     1
 10
0.0
 20
0.0
 30
0.0
  3
*D54
  1

  0
LINE
  5
54B
330
549
100
AcDbEntity
  8
$Размеры
  6
Continuous
 62
     5
440
 16777216
370
    13
100
AcDbLine
 10
408487.3522775724
 20
48128.93112719544
 30
0.0
 11
409039.6208023928
 21
48128.93112719544
 31
0.0
  0
LINE
  5
54C
330
549
100
AcDbEntity
  8
$Размеры
  6
Continuous
 62
     5
440
 16777216
370
    13
100
AcDbLine
 10
408484.4716914154
 20
48704.90383187282
 30
0.0
 11
409039.6208023928
 21
48704.90383187282
 31
0.0
  0
LINE
  5
54D
330
549
100
AcDbEntity
  8
$Размеры
  6
Continuous
 62
     5
440
 16777216
370
    13
100
AcDbLine
 10
409004.6208023929
 20
48128.93112719544
 30
0.0
 11
409004.6208023929
 21
48704.90383187282
 31
0.0
  0
INSERT
  5
54E
330
549
100
AcDbEntity
  8
$Размеры
 62
     5
440
 16777216
 48
100.0
370
    13
100
AcDbBlockReference
  2
_Oblique
 10
409004.6208023929
 20
48128.93112719544
 30
0.0
 41
75.0
 42
75.0
 43
75.0
 50
270.0
  0
INSERT
  5
54F
330
549
100
AcDbEntity
  8
$Размеры
 62
     5
440
 16777216
 48
100.0
370
    13
100
AcDbBlockReference
  2
_Oblique
 10
409004.6208023929
 20
48704.90383187282
 30
0.0
 41
75.0
 42
75.0
 43
75.0
 50
90.0
  0
MTEXT
  5
550
330
549
100
AcDbEntity
  8
$Размеры
 62
     5
440
 16777216
 48
100.0
100
AcDbMText
 10
408917.1208023929
 20
48416.91747953412
 30
0.0
 40
125.0
 41
0.0
 46
0.0
 71
     5
 72
     1
  1
\A1;576
  7
@ТРАНСПРОЕКТ
 11
0.0
 21
1.0
 31
0.0
 73
     1
 44
1.0
  0
POINT
  5
551
330
549
100
AcDbEntity
  8
Defpoints
 62
     0
440
 16777216
 48
100.0
100
AcDbPoint
 10
408437.3522775724
 20
48128.93112719544
 30
0.0
  0
POINT
  5
552
330
549
100
AcDbEntity
  8
Defpoints
 62
     0
440
 16777216
 48
100.0
100
AcDbPoint
 10
408434.4716914153
 20
48704.90383187282
 30
0.0
  0
POINT
  5
553
330
549
100
AcDbEntity
  8
Defpoints
 62
     0
440
 16777216
 48
100.0
100
AcDbPoint
 10
409004.6208023929
 20
48704.90383187282
 30
0.0
  0
ENDBLK
  5
554
330
549
100
AcDbEntity
  8
0
100
AcDbBlockEnd
  0
BLOCK
  5
556
330
555
100
AcDbEntity
  8
0
100
AcDbBlockBegin
  2
*D55
 70
     1
 10
0.0
 20
0.0
 30
0.0
  3
*D55
  1

  0
LINE
  5
557
330
555
100
AcDbEntity
  8
$Размеры
  6
Continuous
 62
     5
440
 16777216
370
    13
100
AcDbLine
 10
402437.3522775724
 20
45009.38601360257
 30
0.0
 11
402437.3522775724
 21
45475.76313553397
 31
0.0
  0
LINE
  5
558
330
555
100
AcDbEntity
  8
$Размеры
  6
Continuous
 62
     5
440
 16777216
370
    13
100
AcDbLine
 10
402997.9393415248
 20
45012.18894892229
 30
0.0
 11
402997.9393415248
 21
45475.76313553397
 31
0.0
  0
LINE
  5
559
330
555
100
AcDbEntity
  8
$Размеры
  6
Continuous
 62
     5
440
 16777216
370
    13
100
AcDbLine
 10
402437.3522775724
 20
45440.76313553397
 30
0.0
 11
402997.9393415248
 21
45440.76313553397
 31
0.0
  0
INSERT
  5
55A
330
555
100
AcDbEntity
  8
$Размеры
 62
     5
440
 16777216
 48
100.0
370
    13
100
AcDbBlockReference
  2
_Oblique
 10
402437.3522775724
 20
45440.76313553397
 30
0.0
 41
75.0
 42
75.0
 43
75.0
 50
180.0
  0
INSERT
  5
55B
330
555
100
AcDbEntity
  8
$Размеры
 62
     5
440
 16777216
 48
100.0
370
    13
100
AcDbBlockReference
  2
_Oblique
 10
402997.9393415248
 20
45440.76313553397
 30
0.0
 41
75.0
 42
75.0
 43
75.0
  0
MTEXT
  5
55C
330
555
100
AcDbEntity
  8
$Размеры
 62
     5
440
 16777216
 48
100.0
100
AcDbMText
 10
402717.6458095486
 20
45528.26313553397
 30
0.0
 40
125.0
 41
0.0
 46
0.0
 71
     5
 72
     1
  1
\A1;560
  7
@ТРАНСПРОЕКТ
 73
     1
 44
1.0
  0
POINT
  5
55D
330
555
100
AcDbEntity
  8
Defpoints
 62
     0
440
 16777216
 48
100.0
100
AcDbPoint
 10
402437.3522775724
 20
44959.38601360257
 30
0.0
  0
POINT
  5
55E
330
555
100
AcDbEntity
  8
Defpoints
 62
     0
440
 16777216
 48
100.0
100
AcDbPoint
 10
402997.9393415248
 20
44962.18894892229
 30
0.0
  0
POINT
  5
55F
330
555
100
AcDbEntity
  8
Defpoints
 62
     0
440
 16777216
 48
100.0
100
AcDbPoint
 10
402997.9393415248
 20
45440.76313553397
 30
0.0
  0
ENDBLK
  5
560
330
555
100
AcDbEntity
  8
0
100
AcDbBlockEnd
  0
BLOCK
  5
562
330
561
100
AcDbEntity
  8
0
100
AcDbBlockBegin
  2
*D56
 70
     1
 10
0.0
 20
0.0
 30
0.0
  3
*D56
  1

  0
LINE
  5
563
330
561
100
AcDbEntity
  8
$Размеры
  6
Continuous
 62
     5
440
 16777216
370
    13
100
AcDbLine
 10
402997.9393415248
 20
45012.18894892229
 30
0.0
 11
402997.9393415248
 21
45475.76313553397
 31
0.0
  0
LINE
  5
564
330
561
100
AcDbEntity
  8
$Размеры
  6
Continuous
 62
     5
440
 16777216
370
    13
100
AcDbLine
 10
406997.6457771
 20
45032.18748110016
 30
0.0
 11
406997.6457771
 21
45475.76313553397
 31
0.0
  0
LINE
  5
565
330
561
100
AcDbEntity
  8
$Размеры
  6
Continuous
 62
     5
440
 16777216
370
    13
100
AcDbLine
 10
402997.9393415248
 20
45440.76313553397
 30
0.0
 11
406997.6457771
 21
45440.76313553397
 31
0.0
  0
INSERT
  5
566
330
561
100
AcDbEntity
  8
$Размеры
 62
     5
440
 16777216
 48
100.0
370
    13
100
AcDbBlockReference
  2
_Oblique
 10
402997.9393415248
 20
45440.76313553397
 30
0.0
 41
75.0
 42
75.0
 43
75.0
 50
180.0
  0
INSERT
  5
567
330
561
100
AcDbEntity
  8
$Размеры
 62
     5
440
 16777216
 48
100.0
370
    13
100
AcDbBlockReference
  2
_Oblique
 10
406997.6457771
 20
45440.76313553397
 30
0.0
 41
75.0
 42
75.0
 43
75.0
  0
MTEXT
  5
568
330
561
100
AcDbEntity
  8
$Размеры
 62
     5
440
 16777216
 48
100.0
100
AcDbMText
 10
404997.7925593124
 20
45528.26313553397
 30
0.0
 40
125.0
 41
0.0
 46
0.0
 71
     5
 72
     1
  1
\A1;2х2000=4000
  7
@ТРАНСПРОЕКТ
 73
     1
 44
1.0
  0
POINT
  5
569
330
561
100
AcDbEntity
  8
Defpoints
 62
     0
440
 16777216
 48
100.0
100
AcDbPoint
 10
402997.9393415248
 20
44962.18894892229
 30
0.0
  0
POINT
  5
56A
330
561
100
AcDbEntity
  8
Defpoints
 62
     0
440
 16777216
 48
100.0
100
AcDbPoint
 10
406997.6457771
 20
44982.18748110017
 30
0.0
  0
POINT
  5
56B
330
561
100
AcDbEntity
  8
Defpoints
 62
     0
440
 16777216
 48
100.0
100
AcDbPoint
 10
406997.6457771
 20
45440.76313553397
 30
0.0
  0
ENDBLK
  5
56C
330
561
100
AcDbEntity
  8
0
100
AcDbBlockEnd
  0
BLOCK
  5
56E
330
56D
100
AcDbEntity
  8
0
100
AcDbBlockBegin
  2
*D57
 70
     1
 10
0.0
 20
0.0
 30
0.0
  3
*D57
  1

  0
LINE
  5
56F
330
56D
100
AcDbEntity
  8
$Размеры
  6
Continuous
 62
     5
440
 16777216
370
    13
100
AcDbLine
 10
406997.6457771
 20
45032.18748110016
 30
0.0
 11
406997.6457771
 21
45475.76313553397
 31
0.0
  0
LINE
  5
570
330
56D
100
AcDbEntity
  8
$Размеры
  6
Continuous
 62
     5
440
 16777216
370
    13
100
AcDbLine
 10
408437.3522811744
 20
45039.37552014757
 30
0.0
 11
408437.3522811744
 21
45475.76313553397
 31
0.0
  0
LINE
  5
571
330
56D
100
AcDbEntity
  8
$Размеры
  6
Continuous
 62
     5
440
 16777216
370
    13
100
AcDbLine
 10
406997.6457771
 20
45440.76313553397
 30
0.0
 11
408437.3522811744
 21
45440.76313553397
 31
0.0
  0
INSERT
  5
572
330
56D
100
AcDbEntity
  8
$Размеры
 62
     5
440
 16777216
 48
100.0
370
    13
100
AcDbBlockReference
  2
_Oblique
 10
406997.6457771
 20
45440.76313553397
 30
0.0
 41
75.0
 42
75.0
 43
75.0
 50
180.0
  0
INSERT
  5
573
330
56D
100
AcDbEntity
  8
$Размеры
 62
     5
440
 16777216
 48
100.0
370
    13
100
AcDbBlockReference
  2
_Oblique
 10
408437.3522811744
 20
45440.76313553397
 30
0.0
 41
75.0
 42
75.0
 43
75.0
  0
MTEXT
  5
574
330
56D
100
AcDbEntity
  8
$Размеры
 62
     5
440
 16777216
 48
100.0
100
AcDbMText
 10
407717.4990291371
 20
45528.26313553397
 30
0.0
 40
125.0
 41
0.0
 46
0.0
 71
     5
 72
     1
  1
\A1;1440
  7
@ТРАНСПРОЕКТ
 73
     1
 44
1.0
  0
POINT
  5
575
330
56D
100
AcDbEntity
  8
Defpoints
 62
     0
440
 16777216
 48
100.0
100
AcDbPoint
 10
406997.6457771
 20
44982.18748110017
 30
0.0
  0
POINT
  5
576
330
56D
100
AcDbEntity
  8
Defpoints
 62
     0
440
 16777216
 48
100.0
100
AcDbPoint
 10
408437.3522811744
 20
44989.37552014758
 30
0.0
  0
POINT
  5
577
330
56D
100
AcDbEntity
  8
Defpoints
 62
     0
440
 16777216
 48
100.0
100
AcDbPoint
 10
408437.3522811744
 20
45440.76313553397
 30
0.0
  0
ENDBLK
  5
578
330
56D
100
AcDbEntity
  8
0
100
AcDbBlockEnd
  0
BLOCK
  5
57A
330
579
100
AcDbEntity
  8
0
100
AcDbBlockBegin
  2
*D58
 70
     1
 10
0.0
 20
0.0
 30
0.0
  3
*D58
  1

  0
LINE
  5
57B
330
579
100
AcDbEntity
  8
$Размеры
  6
Continuous
 62
     5
440
 16777216
370
    13
100
AcDbLine
 10
402437.3522775724
 20
48724.91071062508
 30
0.0
 11
402437.3522775724
 21
49191.28783255649
 31
0.0
  0
LINE
  5
57C
330
579
100
AcDbEntity
  8
$Размеры
  6
Continuous
 62
     5
440
 16777216
370
    13
100
AcDbLine
 10
402997.9393415248
 20
48727.7136459448
 30
0.0
 11
402997.9393415248
 21
49191.28783255649
 31
0.0
  0
LINE
  5
57D
330
579
100
AcDbEntity
  8
$Размеры
  6
Continuous
 62
     5
440
 16777216
370
    13
100
AcDbLine
 10
402437.3522775724
 20
49156.28783255649
 30
0.0
 11
402997.9393415248
 21
49156.28783255649
 31
0.0
  0
INSERT
  5
57E
330
579
100
AcDbEntity
  8
$Размеры
 62
     5
440
 16777216
 48
100.0
370
    13
100
AcDbBlockReference
  2
_Oblique
 10
402437.3522775724
 20
49156.28783255649
 30
0.0
 41
75.0
 42
75.0
 43
75.0
 50
180.0
  0
INSERT
  5
57F
330
579
100
AcDbEntity
  8
$Размеры
 62
     5
440
 16777216
 48
100.0
370
    13
100
AcDbBlockReference
  2
_Oblique
 10
402997.9393415248
 20
49156.28783255649
 30
0.0
 41
75.0
 42
75.0
 43
75.0
  0
MTEXT
  5
580
330
579
100
AcDbEntity
  8
$Размеры
 62
     5
440
 16777216
 48
100.0
100
AcDbMText
 10
402717.6458095486
 20
49243.78783255648
 30
0.0
 40
125.0
 41
0.0
 46
0.0
 71
     5
 72
     1
  1
\A1;560
  7
@ТРАНСПРОЕКТ
 73
     1
 44
1.0
  0
POINT
  5
581
330
579
100
AcDbEntity
  8
Defpoints
 62
     0
440
 16777216
 48
100.0
100
AcDbPoint
 10
402437.3522775724
 20
48674.91071062508
 30
0.0
  0
POINT
  5
582
330
579
100
AcDbEntity
  8
Defpoints
 62
     0
440
 16777216
 48
100.0
100
AcDbPoint
 10
402997.9393415248
 20
48677.7136459448
 30
0.0
  0
POINT
  5
583
330
579
100
AcDbEntity
  8
Defpoints
 62
     0
440
 16777216
 48
100.0
100
AcDbPoint
 10
402997.9393415248
 20
49156.28783255649
 30
0.0
  0
ENDBLK
  5
584
330
579
100
AcDbEntity
  8
0
100
AcDbBlockEnd
  0
BLOCK
  5
586
330
585
100
AcDbEntity
  8
0
100
AcDbBlockBegin
  2
*D59
 70
     1
 10
0.0
 20
0.0
 30
0.0
  3
*D59
  1

  0
LINE
  5
587
330
585
100
AcDbEntity
  8
$Размеры
  6
Continuous
 62
     5
440
 16777216
370
    13
100
AcDbLine
 10
402997.9393415248
 20
48727.7136459448
 30
0.0
 11
402997.9393415248
 21
49191.28783255649
 31
0.0
  0
LINE
  5
588
330
585
100
AcDbEntity
  8
$Размеры
  6
Continuous
 62
     5
440
 16777216
370
    13
100
AcDbLine
 10
406997.6457771
 20
48747.71217812268
 30
0.0
 11
406997.6457771
 21
49191.28783255649
 31
0.0
  0
LINE
  5
589
330
585
100
AcDbEntity
  8
$Размеры
  6
Continuous
 62
     5
440
 16777216
370
    13
100
AcDbLine
 10
402997.9393415248
 20
49156.28783255649
 30
0.0
 11
406997.6457771
 21
49156.28783255649
 31
0.0
  0
INSERT
  5
58A
330
585
100
AcDbEntity
  8
$Размеры
 62
     5
440
 16777216
 48
100.0
370
    13
100
AcDbBlockReference
  2
_Oblique
 10
402997.9393415248
 20
49156.28783255649
 30
0.0
 41
75.0
 42
75.0
 43
75.0
 50
180.0
  0
INSERT
  5
58B
330
585
100
AcDbEntity
  8
$Размеры
 62
     5
440
 16777216
 48
100.0
370
    13
100
AcDbBlockReference
  2
_Oblique
 10
406997.6457771
 20
49156.28783255649
 30
0.0
 41
75.0
 42
75.0
 43
75.0
  0
MTEXT
  5
58C
330
585
100
AcDbEntity
  8
$Размеры
 62
     5
440
 16777216
 48
100.0
100
AcDbMText
 10
404997.7925593124
 20
49243.78783255648
 30
0.0
 40
125.0
 41
0.0
 46
0.0
 71
     5
 72
     1
  1
\A1;2х2000=4000
  7
@ТРАНСПРОЕКТ
 73
     1
 44
1.0
  0
POINT
  5
58D
330
585
100
AcDbEntity
  8
Defpoints
 62
     0
440
 16777216
 48
100.0
100
AcDbPoint
 10
402997.9393415248
 20
48677.7136459448
 30
0.0
  0
POINT
  5
58E
330
585
100
AcDbEntity
  8
Defpoints
 62
     0
440
 16777216
 48
100.0
100
AcDbPoint
 10
406997.6457771
 20
48697.71217812268
 30
0.0
  0
POINT
  5
58F
330
585
100
AcDbEntity
  8
Defpoints
 62
     0
440
 16777216
 48
100.0
100
AcDbPoint
 10
406997.6457771
 20
49156.28783255649
 30
0.0
  0
ENDBLK
  5
590
330
585
100
AcDbEntity
  8
0
100
AcDbBlockEnd
  0
BLOCK
  5
592
330
591
100
AcDbEntity
  8
0
100
AcDbBlockBegin
  2
*D60
 70
     1
 10
0.0
 20
0.0
 30
0.0
  3
*D60
  1

  0
LINE
  5
593
330
591
100
AcDbEntity
  8
$Размеры
  6
Continuous
 62
     5
440
 16777216
370
    13
100
AcDbLine
 10
406997.6457771
 20
48747.71217812268
 30
0.0
 11
406997.6457771
 21
49191.28783255649
 31
0.0
  0
LINE
  5
594
330
591
100
AcDbEntity
  8
$Размеры
  6
Continuous
 62
     5
440
 16777216
370
    13
100
AcDbLine
 10
408437.3522811744
 20
48754.90021717009
 30
0.0
 11
408437.3522811744
 21
49191.28783255649
 31
0.0
  0
LINE
  5
595
330
591
100
AcDbEntity
  8
$Размеры
  6
Continuous
 62
     5
440
 16777216
370
    13
100
AcDbLine
 10
406997.6457771
 20
49156.28783255649
 30
0.0
 11
408437.3522811744
 21
49156.28783255649
 31
0.0
  0
INSERT
  5
596
330
591
100
AcDbEntity
  8
$Размеры
 62
     5
440
 16777216
 48
100.0
370
    13
100
AcDbBlockReference
  2
_Oblique
 10
406997.6457771
 20
49156.28783255649
 30
0.0
 41
75.0
 42
75.0
 43
75.0
 50
180.0
  0
INSERT
  5
597
330
591
100
AcDbEntity
  8
$Размеры
 62
     5
440
 16777216
 48
100.0
370
    13
100
AcDbBlockReference
  2
_Oblique
 10
408437.3522811744
 20
49156.28783255649
 30
0.0
 41
75.0
 42
75.0
 43
75.0
  0
MTEXT
  5
598
330
591
100
AcDbEntity
  8
$Размеры
 62
     5
440
 16777216
 48
100.0
100
AcDbMText
 10
407717.4990291371
 20
49243.78783255648
 30
0.0
 40
125.0
 41
0.0
 46
0.0
 71
     5
 72
     1
  1
\A1;1440
  7
@ТРАНСПРОЕКТ
 73
     1
 44
1.0
  0
POINT
  5
599
330
591
100
AcDbEntity
  8
Defpoints
 62
     0
440
 16777216
 48
100.0
100
AcDbPoint
 10
406997.6457771
 20
48697.71217812268
 30
0.0
  0
POINT
  5
59A
330
591
100
AcDbEntity
  8
Defpoints
 62
     0
440
 16777216
 48
100.0
100
AcDbPoint
 10
408437.3522811744
 20
48704.90021717009
 30
0.0
  0
POINT
  5
59B
330
591
100
AcDbEntity
  8
Defpoints
 62
     0
440
 16777216
 48
100.0
100
AcDbPoint
 10
408437.3522811744
 20
49156.28783255649
 30
0.0
  0
ENDBLK
  5
59C
330
591
100
AcDbEntity
  8
0
100
AcDbBlockEnd
  0
BLOCK
  5
59E
330
59D
100
AcDbEntity
  8
0
100
AcDbBlockBegin
  2
*D61
 70
     1
 10
0.0
 20
0.0
 30
0.0
  3
*D61
  1

  0
LINE
  5
59F
330
59D
100
AcDbEntity
  8
$Размеры
  6
Continuous
 62
     5
440
 16777216
370
    13
100
AcDbLine
 10
402387.3522775724
 20
48674.91071062508
 30
0.0
 11
402209.2575837315
 21
48674.91071062508
 31
0.0
  0
LINE
  5
5A0
330
59D
100
AcDbEntity
  8
$Размеры
  6
Continuous
 62
     5
440
 16777216
370
    13
100
AcDbLine
 10
402387.3522775724
 20
49156.28783255649
 30
0.0
 11
402209.2575837315
 21
49156.28783255649
 31
0.0
  0
LINE
  5
5A1
330
59D
100
AcDbEntity
  8
$Размеры
  6
Continuous
 62
     5
440
 16777216
370
    13
100
AcDbLine
 10
402244.2575837315
 20
48674.91071062508
 30
0.0
 11
402244.2575837315
 21
49156.28783255649
 31
0.0
  0
INSERT
  5
5A2
330
59D
100
AcDbEntity
  8
$Размеры
 62
     5
440
 16777216
 48
100.0
370
    13
100
AcDbBlockReference
  2
_Oblique
 10
402244.2575837315
 20
48674.91071062508
 30
0.0
 41
75.0
 42
75.0
 43
75.0
 50
270.0
  0
INSERT
  5
5A3
330
59D
100
AcDbEntity
  8
$Размеры
 62
     5
440
 16777216
 48
100.0
370
    13
100
AcDbBlockReference
  2
_Oblique
 10
402244.2575837315
 20
49156.28783255649
 30
0.0
 41
75.0
 42
75.0
 43
75.0
 50
90.0
  0
MTEXT
  5
5A4
330
59D
100
AcDbEntity
  8
$Размеры
 62
     5
440
 16777216
 48
100.0
100
AcDbMText
 10
402156.7575837315
 20
48915.59927159078
 30
0.0
 40
125.0
 41
0.0
 46
0.0
 71
     5
 72
     1
  1
\A1;481
  7
@ТРАНСПРОЕКТ
 11
0.0
 21
1.0
 31
0.0
 73
     1
 44
1.0
  0
POINT
  5
5A5
330
59D
100
AcDbEntity
  8
Defpoints
 62
     0
440
 16777216
 48
100.0
100
AcDbPoint
 10
402437.3522775724
 20
48674.91071062508
 30
0.0
  0
POINT
  5
5A6
330
59D
100
AcDbEntity
  8
Defpoints
 62
     0
440
 16777216
 48
100.0
100
AcDbPoint
 10
402437.3522775724
 20
49156.28783255649
 30
0.0
  0
POINT
  5
5A7
330
59D
100
AcDbEntity
  8
Defpoints
 62
     0
440
 16777216
 48
100.0
100
AcDbPoint
 10
402244.2575837315
 20
49156.28783255649
 30
0.0
  0
ENDBLK
  5
5A8
330
59D
100
AcDbEntity
  8
0
100
AcDbBlockEnd
  0
BLOCK
  5
5AA
330
5A9
100
AcDbEntity
  8
0
100
AcDbBlockBegin
  2
*D62
 70
     1
 10
0.0
 20
0.0
 30
0.0
  3
*D62
  1

  0
LINE
  5
5AB
330
5A9
100
AcDbEntity
  8
$Размеры
  6
Continuous
 62
     5
440
 16777216
370
    13
100
AcDbLine
 10
370520.3083190575
 20
69614.43458158496
 30
0.0
 11
370520.3083190575
 21
70607.08905019002
 31
0.0
  0
LINE
  5
5AC
330
5A9
100
AcDbEntity
  8
$Размеры
  6
Continuous
 62
     5
440
 16777216
370
    13
100
AcDbLine
 10
382715.3522776325
 20
70476.16661337178
 30
0.0
 11
382715.3522776325
 21
70607.08905019002
 31
0.0
  0
LINE
  5
5AD
330
5A9
100
AcDbEntity
  8
$Размеры
  6
Continuous
 62
     5
440
 16777216
370
    13
100
AcDbLine
 10
370520.3083190575
 20
70572.08905019002
 30
0.0
 11
382715.3522776325
 21
70572.08905019002
 31
0.0
  0
INSERT
  5
5AE
330
5A9
100
AcDbEntity
  8
$Размеры
 62
     5
440
 16777216
 48
100.0
370
    13
100
AcDbBlockReference
  2
_Oblique
 10
370520.3083190575
 20
70572.08905019002
 30
0.0
 41
75.0
 42
75.0
 43
75.0
 50
180.0
  0
INSERT
  5
5AF
330
5A9
100
AcDbEntity
  8
$Размеры
 62
     5
440
 16777216
 48
100.0
370
    13
100
AcDbBlockReference
  2
_Oblique
 10
382715.3522776325
 20
70572.08905019002
 30
0.0
 41
75.0
 42
75.0
 43
75.0
  0
MTEXT
  5
5B0
330
5A9
100
AcDbEntity
  8
$Размеры
 62
     5
440
 16777216
 48
100.0
100
AcDbMText
 10
376617.830298345
 20
70659.58905019003
 30
0.0
 40
125.0
 41
0.0
 46
0.0
 71
     5
 72
     1
  1
\A1;12195
  7
@ТРАНСПРОЕКТ
 73
     1
 44
1.0
  0
POINT
  5
5B1
330
5A9
100
AcDbEntity
  8
Defpoints
 62
     0
440
 16777216
 48
100.0
100
AcDbPoint
 10
370520.3083190575
 20
69564.43458158497
 30
0.0
  0
POINT
  5
5B2
330
5A9
100
AcDbEntity
  8
Defpoints
 62
     0
440
 16777216
 48
100.0
100
AcDbPoint
 10
382715.3522776325
 20
70426.16661337178
 30
0.0
  0
POINT
  5
5B3
330
5A9
100
AcDbEntity
  8
Defpoints
 62
     0
440
 16777216
 48
100.0
100
AcDbPoint
 10
382715.3522776325
 20
70572.08905019002
 30
0.0
  0
ENDBLK
  5
5B4
330
5A9
100
AcDbEntity
  8
0
100
AcDbBlockEnd
  0
BLOCK
  5
5B6
330
5B5
100
AcDbEntity
  8
0
100
AcDbBlockBegin
  2
*D63
 70
     1
 10
0.0
 20
0.0
 30
0.0
  3
*D63
  1

  0
LINE
  5
5B7
330
5B5
100
AcDbEntity
  8
$Размеры
  6
Continuous
 62
     5
440
 16777216
370
    13
100
AcDbLine
 10
382715.3522776325
 20
69865.63458158596
 30
0.0
 11
382715.3522776325
 21
70607.08905019002
 31
0.0
  0
LINE
  5
5B8
330
5B5
100
AcDbEntity
  8
$Размеры
  6
Continuous
 62
     5
440
 16777216
370
    13
100
AcDbLine
 10
394910.3962361061
 20
69614.43458158496
 30
0.0
 11
394910.3962361061
 21
70607.08905019002
 31
0.0
  0
LINE
  5
5B9
330
5B5
100
AcDbEntity
  8
$Размеры
  6
Continuous
 62
     5
440
 16777216
370
    13
100
AcDbLine
 10
382715.3522776325
 20
70572.08905019002
 30
0.0
 11
394910.3962361061
 21
70572.08905019002
 31
0.0
  0
INSERT
  5
5BA
330
5B5
100
AcDbEntity
  8
$Размеры
 62
     5
440
 16777216
 48
100.0
370
    13
100
AcDbBlockReference
  2
_Oblique
 10
382715.3522776325
 20
70572.08905019002
 30
0.0
 41
75.0
 42
75.0
 43
75.0
 50
180.0
  0
INSERT
  5
5BB
330
5B5
100
AcDbEntity
  8
$Размеры
 62
     5
440
 16777216
 48
100.0
370
    13
100
AcDbBlockReference
  2
_Oblique
 10
394910.3962361061
 20
70572.08905019002
 30
0.0
 41
75.0
 42
75.0
 43
75.0
  0
MTEXT
  5
5BC
330
5B5
100
AcDbEntity
  8
$Размеры
 62
     5
440
 16777216
 48
100.0
100
AcDbMText
 10
388812.8742568693
 20
70659.58905019003
 30
0.0
 40
125.0
 41
0.0
 46
0.0
 71
     5
 72
     1
  1
\A1;12195
  7
@ТРАНСПРОЕКТ
 73
     1
 44
1.0
  0
POINT
  5
5BD
330
5B5
100
AcDbEntity
  8
Defpoints
 62
     0
440
 16777216
 48
100.0
100
AcDbPoint
 10
382715.3522776325
 20
69815.63458158596
 30
0.0
  0
POINT
  5
5BE
330
5B5
100
AcDbEntity
  8
Defpoints
 62
     0
440
 16777216
 48
100.0
100
AcDbPoint
 10
394910.3962361061
 20
69564.43458158497
 30
0.0
  0
POINT
  5
5BF
330
5B5
100
AcDbEntity
  8
Defpoints
 62
     0
440
 16777216
 48
100.0
100
AcDbPoint
 10
394910.3962361061
 20
70572.08905019002
 30
0.0
  0
ENDBLK
  5
5C0
330
5B5
100
AcDbEntity
  8
0
100
AcDbBlockEnd
  0
BLOCK
  5
5C2
330
5C1
100
AcDbEntity
  8
0
100
AcDbBlockBegin
  2
*D64
 70
     1
 10
0.0
 20
0.0
 30
0.0
  3
*D64
  1

  0
LINE
  5
5C3
330
5C1
100
AcDbEntity
  8
$Размеры
  6
Continuous
 62
     5
440
 16777216
370
    13
100
AcDbLine
 10
370520.3083190575
 20
70160.7618158875
 30
0.0
 11
370520.3083190575
 21
70607.08905019002
 31
0.0
  0
LINE
  5
5C4
330
5C1
100
AcDbEntity
  8
$Размеры
  6
Continuous
 62
     5
440
 16777216
370
    13
100
AcDbLine
 10
369600.3522775725
 20
69617.05790425671
 30
0.0
 11
369600.3522775725
 21
70607.08905019002
 31
0.0
  0
LINE
  5
5C5
330
5C1
100
AcDbEntity
  8
$Размеры
  6
Continuous
 62
     5
440
 16777216
370
    13
100
AcDbLine
 10
370520.3083190575
 20
70572.08905019002
 30
0.0
 11
369600.3522775725
 21
70572.08905019002
 31
0.0
  0
INSERT
  5
5C6
330
5C1
100
AcDbEntity
  8
$Размеры
 62
     5
440
 16777216
 48
100.0
370
    13
100
AcDbBlockReference
  2
_Oblique
 10
370520.3083190575
 20
70572.08905019002
 30
0.0
 41
75.0
 42
75.0
 43
75.0
  0
INSERT
  5
5C7
330
5C1
100
AcDbEntity
  8
$Размеры
 62
     5
440
 16777216
 48
100.0
370
    13
100
AcDbBlockReference
  2
_Oblique
 10
369600.3522775725
 20
70572.08905019002
 30
0.0
 41
75.0
 42
75.0
 43
75.0
 50
180.0
  0
MTEXT
  5
5C8
330
5C1
100
AcDbEntity
  8
$Размеры
 62
     5
440
 16777216
 48
100.0
100
AcDbMText
 10
370060.330298315
 20
70659.58905019003
 30
0.0
 40
125.0
 41
0.0
 46
0.0
 71
     5
 72
     1
  1
\A1;920
  7
@ТРАНСПРОЕКТ
 73
     1
 44
1.0
  0
POINT
  5
5C9
330
5C1
100
AcDbEntity
  8
Defpoints
 62
     0
440
 16777216
 48
100.0
100
AcDbPoint
 10
370520.3083190575
 20
70110.7618158875
 30
0.0
  0
POINT
  5
5CA
330
5C1
100
AcDbEntity
  8
Defpoints
 62
     0
440
 16777216
 48
100.0
100
AcDbPoint
 10
369600.3522775725
 20
69567.05790425671
 30
0.0
  0
POINT
  5
5CB
330
5C1
100
AcDbEntity
  8
Defpoints
 62
     0
440
 16777216
 48
100.0
100
AcDbPoint
 10
369600.3522775725
 20
70572.08905019002
 30
0.0
  0
ENDBLK
  5
5CC
330
5C1
100
AcDbEntity
  8
0
100
AcDbBlockEnd
  0
BLOCK
  5
5CE
330
5CD
100
AcDbEntity
  8
0
100
AcDbBlockBegin
  2
*D65
 70
     1
 10
0.0
 20
0.0
 30
0.0
  3
*D65
  1

  0
LINE
  5
5CF
330
5CD
100
AcDbEntity
  8
$Размеры
  6
Continuous
 62
     5
440
 16777216
370
    13
100
AcDbLine
 10
394910.3962361061
 20
69778.91970107981
 30
0.0
 11
394910.3962361061
 21
70607.08905019002
 31
0.0
  0
LINE
  5
5D0
330
5CD
100
AcDbEntity
  8
$Размеры
  6
Continuous
 62
     5
440
 16777216
370
    13
100
AcDbLine
 10
395530.3522775725
 20
69798.58958208465
 30
0.0
 11
395530.3522775725
 21
70607.08905019002
 31
0.0
  0
LINE
  5
5D1
330
5CD
100
AcDbEntity
  8
$Размеры
  6
Continuous
 62
     5
440
 16777216
370
    13
100
AcDbLine
 10
394910.3962361061
 20
70572.08905019002
 30
0.0
 11
395530.3522775725
 21
70572.08905019002
 31
0.0
  0
INSERT
  5
5D2
330
5CD
100
AcDbEntity
  8
$Размеры
 62
     5
440
 16777216
 48
100.0
370
    13
100
AcDbBlockReference
  2
_Oblique
 10
394910.3962361061
 20
70572.08905019002
 30
0.0
 41
75.0
 42
75.0
 43
75.0
 50
180.0
  0
INSERT
  5
5D3
330
5CD
100
AcDbEntity
  8
$Размеры
 62
     5
440
 16777216
 48
100.0
370
    13
100
AcDbBlockReference
  2
_Oblique
 10
395530.3522775725
 20
70572.08905019002
 30
0.0
 41
75.0
 42
75.0
 43
75.0
  0
MTEXT
  5
5D4
330
5CD
100
AcDbEntity
  8
$Размеры
 62
     5
440
 16777216
 48
100.0
100
AcDbMText
 10
395220.3742568393
 20
70659.58905019003
 30
0.0
 40
125.0
 41
0.0
 46
0.0
 71
     5
 72
     1
  1
\A1;620
  7
@ТРАНСПРОЕКТ
 73
     1
 44
1.0
  0
POINT
  5
5D5
330
5CD
100
AcDbEntity
  8
Defpoints
 62
     0
440
 16777216
 48
100.0
100
AcDbPoint
 10
394910.3962361061
 20
69728.91970107981
 30
0.0
  0
POINT
  5
5D6
330
5CD
100
AcDbEntity
  8
Defpoints
 62
     0
440
 16777216
 48
100.0
100
AcDbPoint
 10
395530.3522775725
 20
69748.58958208464
 30
0.0
  0
POINT
  5
5D7
330
5CD
100
AcDbEntity
  8
Defpoints
 62
     0
440
 16777216
 48
100.0
100
AcDbPoint
 10
395530.3522775725
 20
70572.08905019002
 30
0.0
  0
ENDBLK
  5
5D8
330
5CD
100
AcDbEntity
  8
0
100
AcDbBlockEnd
  0
BLOCK
  5
5DA
330
5D9
100
AcDbEntity
  8
0
100
AcDbBlockBegin
  2
*D66
 70
     1
 10
0.0
 20
0.0
 30
0.0
  3
*D66
  1

  0
LINE
  5
5DB
330
5D9
100
AcDbEntity
  8
$Размеры
  6
Continuous
 62
     5
440
 16777216
370
    13
100
AcDbLine
 10
382990.3522776326
 20
69815.63458158596
 30
0.0
 11
383346.2856696637
 21
69815.63458158596
 31
0.0
  0
LINE
  5
5DC
330
5D9
100
AcDbEntity
  8
$Размеры
  6
Continuous
 62
     5
440
 16777216
370
    13
100
AcDbLine
 10
383015.3522776326
 20
69450.56258878435
 30
0.0
 11
383346.2856696637
 21
69450.56258878435
 31
0.0
  0
LINE
  5
5DD
330
5D9
100
AcDbEntity
  8
$Размеры
  6
Continuous
 62
     5
440
 16777216
370
    13
100
AcDbLine
 10
383311.2856696637
 20
69815.63458158596
 30
0.0
 11
383311.2856696637
 21
69450.56258878435
 31
0.0
  0
INSERT
  5
5DE
330
5D9
100
AcDbEntity
  8
$Размеры
 62
     5
440
 16777216
 48
100.0
370
    13
100
AcDbBlockReference
  2
_Oblique
 10
383311.2856696637
 20
69815.63458158596
 30
0.0
 41
75.0
 42
75.0
 43
75.0
 50
90.0
  0
INSERT
  5
5DF
330
5D9
100
AcDbEntity
  8
$Размеры
 62
     5
440
 16777216
 48
100.0
370
    13
100
AcDbBlockReference
  2
_Oblique
 10
383311.2856696637
 20
69450.56258878435
 30
0.0
 41
75.0
 42
75.0
 43
75.0
 50
270.0
  0
MTEXT
  5
5E0
330
5D9
100
AcDbEntity
  8
$Размеры
 62
     5
440
 16777216
 48
100.0
100
AcDbMText
 10
383223.7856696636
 20
69633.09858518516
 30
0.0
 40
125.0
 41
0.0
 46
0.0
 71
     5
 72
     1
  1
\A1;365
  7
@ТРАНСПРОЕКТ
 11
0.0
 21
1.0
 31
0.0
 73
     1
 44
1.0
  0
POINT
  5
5E1
330
5D9
100
AcDbEntity
  8
Defpoints
 62
     0
440
 16777216
 48
100.0
100
AcDbPoint
 10
382940.3522776325
 20
69815.63458158596
 30
0.0
  0
POINT
  5
5E2
330
5D9
100
AcDbEntity
  8
Defpoints
 62
     0
440
 16777216
 48
100.0
100
AcDbPoint
 10
382965.3522776325
 20
69450.56258878435
 30
0.0
  0
POINT
  5
5E3
330
5D9
100
AcDbEntity
  8
Defpoints
 62
     0
440
 16777216
 48
100.0
100
AcDbPoint
 10
383311.2856696637
 20
69450.56258878435
 30
0.0
  0
ENDBLK
  5
5E4
330
5D9
100
AcDbEntity
  8
0
100
AcDbBlockEnd
  0
BLOCK
  5
5E6
330
5E5
100
AcDbEntity
  8
0
100
AcDbBlockBegin
  2
*D67
 70
     1
 10
0.0
 20
0.0
 30
0.0
  3
*D67
  1

  0
LINE
  5
5E7
330
5E5
100
AcDbEntity
  8
$Размеры
  6
Continuous
 62
     5
440
 16777216
370
    13
100
AcDbLine
 10
405262.8957498513
 20
51301.24285529352
 30
0.0
 11
405062.8957498513
 21
51301.24285529352
 31
0.0
  0
LINE
  5
5E8
330
5E5
100
AcDbEntity
  8
$Размеры
  6
Continuous
 62
     5
440
 16777216
370
    13
100
AcDbLine
 10
405062.8957498513
 20
51301.24285529352
 30
0.0
 11
404862.1607952688
 21
51365.56419312801
 31
0.0
  0
LINE
  5
5E9
330
5E5
100
AcDbEntity
  8
$Размеры
  6
Continuous
 62
     5
440
 16777216
370
    13
100
AcDbLine
 10
404887.3522775724
 20
51298.93261011849
 30
0.0
 11
404898.0761108522
 21
51298.93261011849
 31
0.0
  0
ARC
  5
5EA
330
5E5
100
AcDbEntity
  8
$Размеры
  6
Continuous
 62
     5
440
 16777216
370
    13
100
AcDbCircle
 10
402437.3522741774
 20
51298.93261011849
 30
0.0
 40
2425.723836674837
100
AcDbArc
 50
0.5905044942276103
 51
2.557577485392646
  0
SOLID
  5
5EB
330
5E5
100
AcDbEntity
  8
$Размеры
 62
     5
440
 16777216
 48
100.0
100
AcDbTrace
 10
404858.7806719819
 20
51323.91080693137
 30
0.0
 11
404867.113894671
 21
51323.95374943994
 31
0.0
 12
404863.0761108522
 22
51298.93261011849
 32
0.0
 13
404863.0761108522
 23
51298.93261011849
 33
0.0
  0
SOLID
  5
5EC
330
5E5
100
AcDbEntity
  8
$Размеры
 62
     5
440
 16777216
 48
100.0
100
AcDbTrace
 10
404864.8213096004
 20
51407.38385215456
 30
0.0
 11
404856.4983040113
 21
51406.96909631397
 31
0.0
 12
404859.415539284
 22
51432.14549100174
 32
0.0
 13
404859.415539284
 23
51432.14549100174
 33
0.0
  0
MTEXT
  5
5ED
330
5E5
100
AcDbEntity
  8
$Размеры
 62
     5
440
 16777216
 48
100.0
100
AcDbMText
 10
405162.8957498513
 20
51388.74285529352
 30
0.0
 40
125.0
 41
0.0
 46
0.0
 71
     5
 72
     1
  1
\A1;3%%d
  7
@ТРАНСПРОЕКТ
 73
     1
 44
1.0
  0
POINT
  5
5EE
330
5E5
100
AcDbEntity
  8
Defpoints
 62
     0
440
 16777216
 48
100.0
100
AcDbPoint
 10
404862.6692897117
 20
51343.35676989541
 30
0.0
  0
POINT
  5
5EF
330
5E5
100
AcDbEntity
  8
Defpoints
 62
     0
440
 16777216
 48
100.0
100
AcDbPoint
 10
403037.3522775724
 20
51298.93261011849
 30
0.0
  0
POINT
  5
5F0
330
5E5
100
AcDbEntity
  8
Defpoints
 62
     0
440
 16777216
 48
100.0
100
AcDbPoint
 10
403072.2727466139
 20
51333.8530791597
 30
0.0
  0
POINT
  5
5F1
330
5E5
100
AcDbEntity
  8
Defpoints
 62
     0
440
 16777216
 48
100.0
100
AcDbPoint
 10
408437.3522775724
 20
51628.93112719544
 30
0.0
  0
POINT
  5
5F2
330
5E5
100
AcDbEntity
  8
Defpoints
 62
     0
440
 16777216
 48
100.0
100
AcDbPoint
 10
404837.3522775724
 20
51298.93261011849
 30
0.0
  0
ENDBLK
  5
5F3
330
5E5
100
AcDbEntity
  8
0
100
AcDbBlockEnd
  0
BLOCK
  5
5F5
330
5F4
100
AcDbEntity
  8
0
100
AcDbBlockBegin
  2
*D68
 70
     1
 10
0.0
 20
0.0
 30
0.0
  3
*D68
  1

  0
LINE
  5
5F6
330
5F4
100
AcDbEntity
  8
$Размеры
  6
Continuous
 62
     5
440
 16777216
370
    13
100
AcDbLine
 10
405262.8957498508
 20
47801.24285529352
 30
0.0
 11
405062.8957498508
 21
47801.24285529352
 31
0.0
  0
LINE
  5
5F7
330
5F4
100
AcDbEntity
  8
$Размеры
  6
Continuous
 62
     5
440
 16777216
370
    13
100
AcDbLine
 10
405062.8957498508
 20
47801.24285529352
 30
0.0
 11
404862.1607952685
 21
47865.564193128
 31
0.0
  0
LINE
  5
5F8
330
5F4
100
AcDbEntity
  8
$Размеры
  6
Continuous
 62
     5
440
 16777216
370
    13
100
AcDbLine
 10
404887.3522775724
 20
47798.93261011849
 30
0.0
 11
404898.0761108517
 21
47798.93261011849
 31
0.0
  0
ARC
  5
5F9
330
5F4
100
AcDbEntity
  8
$Размеры
  6
Continuous
 62
     5
440
 16777216
370
    13
100
AcDbCircle
 10
402437.3522741774
 20
47798.93261011849
 30
0.0
 40
2425.723836674372
100
AcDbArc
 50
0.5905044942276103
 51
2.557577485392646
  0
SOLID
  5
5FA
330
5F4
100
AcDbEntity
  8
$Размеры
 62
     5
440
 16777216
 48
100.0
100
AcDbTrace
 10
404858.7806719814
 20
47823.91080693138
 30
0.0
 11
404867.1138946706
 21
47823.95374943995
 31
0.0
 12
404863.0761108517
 22
47798.93261011849
 32
0.0
 13
404863.0761108517
 23
47798.93261011849
 33
0.0
  0
SOLID
  5
5FB
330
5F4
100
AcDbEntity
  8
$Размеры
 62
     5
440
 16777216
 48
100.0
100
AcDbTrace
 10
404864.8213096
 20
47907.38385215453
 30
0.0
 11
404856.4983040107
 21
47906.96909631395
 31
0.0
 12
404859.4155392836
 22
47932.14549100171
 32
0.0
 13
404859.4155392836
 23
47932.14549100171
 33
0.0
  0
MTEXT
  5
5FC
330
5F4
100
AcDbEntity
  8
$Размеры
 62
     5
440
 16777216
 48
100.0
100
AcDbMText
 10
405162.8957498508
 20
47888.74285529352
 30
0.0
 40
125.0
 41
0.0
 46
0.0
 71
     5
 72
     1
  1
\A1;3%%d
  7
@ТРАНСПРОЕКТ
 73
     1
 44
1.0
  0
POINT
  5
5FD
330
5F4
100
AcDbEntity
  8
Defpoints
 62
     0
440
 16777216
 48
100.0
100
AcDbPoint
 10
404862.6692897112
 20
47843.35676989541
 30
0.0
  0
POINT
  5
5FE
330
5F4
100
AcDbEntity
  8
Defpoints
 62
     0
440
 16777216
 48
100.0
100
AcDbPoint
 10
403037.3522775724
 20
47798.93261011849
 30
0.0
  0
POINT
  5
5FF
330
5F4
100
AcDbEntity
  8
Defpoints
 62
     0
440
 16777216
 48
100.0
100
AcDbPoint
 10
403072.2727466139
 20
47833.8530791597
 30
0.0
  0
POINT
  5
600
330
5F4
100
AcDbEntity
  8
Defpoints
 62
     0
440
 16777216
 48
100.0
100
AcDbPoint
 10
408437.3522775724
 20
48128.93112719544
 30
0.0
  0
POINT
  5
601
330
5F4
100
AcDbEntity
  8
Defpoints
 62
     0
440
 16777216
 48
100.0
100
AcDbPoint
 10
404837.3522775724
 20
47798.93261011849
 30
0.0
  0
ENDBLK
  5
602
330
5F4
100
AcDbEntity
  8
0
100
AcDbBlockEnd
  0
BLOCK
  5
604
330
603
100
AcDbEntity
  8
0
100
AcDbBlockBegin
  2
*D69
 70
     1
 10
0.0
 20
0.0
 30
0.0
  3
*D69
  1

  0
LINE
  5
605
330
603
100
AcDbEntity
  8
$Размеры
  6
Continuous
 62
     5
440
 16777216
370
    13
100
AcDbLine
 10
405262.8957498508
 20
44301.2428552934
 30
0.0
 11
405062.8957498508
 21
44301.2428552934
 31
0.0
  0
LINE
  5
606
330
603
100
AcDbEntity
  8
$Размеры
  6
Continuous
 62
     5
440
 16777216
370
    13
100
AcDbLine
 10
405062.8957498508
 20
44301.2428552934
 30
0.0
 11
404862.1607952685
 21
44365.564193128
 31
0.0
  0
LINE
  5
607
330
603
100
AcDbEntity
  8
$Размеры
  6
Continuous
 62
     5
440
 16777216
370
    13
100
AcDbLine
 10
404887.3522775724
 20
44298.93261011849
 30
0.0
 11
404898.0761108517
 21
44298.93261011849
 31
0.0
  0
ARC
  5
608
330
603
100
AcDbEntity
  8
$Размеры
  6
Continuous
 62
     5
440
 16777216
370
    13
100
AcDbCircle
 10
402437.3522741774
 20
44298.93261011849
 30
0.0
 40
2425.723836674372
100
AcDbArc
 50
0.5905044942276103
 51
2.557577485392646
  0
SOLID
  5
609
330
603
100
AcDbEntity
  8
$Размеры
 62
     5
440
 16777216
 48
100.0
100
AcDbTrace
 10
404858.7806719814
 20
44323.91080693137
 30
0.0
 11
404867.1138946706
 21
44323.95374943994
 31
0.0
 12
404863.0761108517
 22
44298.93261011849
 32
0.0
 13
404863.0761108517
 23
44298.93261011849
 33
0.0
  0
SOLID
  5
60A
330
603
100
AcDbEntity
  8
$Размеры
 62
     5
440
 16777216
 48
100.0
100
AcDbTrace
 10
404864.8213096
 20
44407.38385215453
 30
0.0
 11
404856.4983040107
 21
44406.96909631395
 31
0.0
 12
404859.4155392836
 22
44432.14549100171
 32
0.0
 13
404859.4155392836
 23
44432.14549100171
 33
0.0
  0
MTEXT
  5
60B
330
603
100
AcDbEntity
  8
$Размеры
 62
     5
440
 16777216
 48
100.0
100
AcDbMText
 10
405162.8957498508
 20
44388.7428552934
 30
0.0
 40
125.0
 41
0.0
 46
0.0
 71
     5
 72
     1
  1
\A1;3%%d
  7
@ТРАНСПРОЕКТ
 73
     1
 44
1.0
  0
POINT
  5
60C
330
603
100
AcDbEntity
  8
Defpoints
 62
     0
440
 16777216
 48
100.0
100
AcDbPoint
 10
404862.6692897112
 20
44343.3567698954
 30
0.0
  0
POINT
  5
60D
330
603
100
AcDbEntity
  8
Defpoints
 62
     0
440
 16777216
 48
100.0
100
AcDbPoint
 10
403037.3522775724
 20
44298.93261011849
 30
0.0
  0
POINT
  5
60E
330
603
100
AcDbEntity
  8
Defpoints
 62
     0
440
 16777216
 48
100.0
100
AcDbPoint
 10
403072.2727466139
 20
44333.85307915971
 30
0.0
  0
POINT
  5
60F
330
603
100
AcDbEntity
  8
Defpoints
 62
     0
440
 16777216
 48
100.0
100
AcDbPoint
 10
408437.3522775724
 20
44628.93112719544
 30
0.0
  0
POINT
  5
610
330
603
100
AcDbEntity
  8
Defpoints
 62
     0
440
 16777216
 48
100.0
100
AcDbPoint
 10
404837.3522775724
 20
44298.93261011849
 30
0.0
  0
ENDBLK
  5
611
330
603
100
AcDbEntity
  8
0
100
AcDbBlockEnd
  0
BLOCK
  5
613
330
612
100
AcDbEntity
  8
0
100
AcDbBlockBegin
  2
*D70
 70
     1
 10
0.0
 20
0.0
 30
0.0
  3
*D70
  1

  0
LINE
  5
614
330
612
100
AcDbEntity
  8
$Размеры
  6
Continuous
 62
     5
440
 16777216
370
    13
100
AcDbLine
 10
369706.5888032445
 20
69774.34958208466
 30
0.0
 11
369115.6186208191
 21
69774.34958208466
 31
0.0
  0
LINE
  5
615
330
612
100
AcDbEntity
  8
$Размеры
  6
Continuous
 62
     5
440
 16777216
370
    13
100
AcDbLine
 10
369550.3522775724
 20
68893.20259478219
 30
0.0
 11
369115.6186208191
 21
68893.20259478219
 31
0.0
  0
LINE
  5
616
330
612
100
AcDbEntity
  8
$Размеры
  6
Continuous
 62
     5
440
 16777216
370
    13
100
AcDbLine
 10
369150.6186208191
 20
69774.34958208466
 30
0.0
 11
369150.6186208191
 21
68893.20259478219
 31
0.0
  0
INSERT
  5
617
330
612
100
AcDbEntity
  8
$Размеры
 62
     5
440
 16777216
 48
100.0
370
    13
100
AcDbBlockReference
  2
_Oblique
 10
369150.6186208191
 20
69774.34958208466
 30
0.0
 41
75.0
 42
75.0
 43
75.0
 50
90.0
  0
INSERT
  5
618
330
612
100
AcDbEntity
  8
$Размеры
 62
     5
440
 16777216
 48
100.0
370
    13
100
AcDbBlockReference
  2
_Oblique
 10
369150.6186208191
 20
68893.20259478219
 30
0.0
 41
75.0
 42
75.0
 43
75.0
 50
270.0
  0
MTEXT
  5
619
330
612
100
AcDbEntity
  8
$Размеры
 62
     5
440
 16777216
 48
100.0
100
AcDbMText
 10
369063.1186208192
 20
69333.77608843342
 30
0.0
 40
125.0
 41
0.0
 46
0.0
 71
     5
 72
     1
  1
\A1;881
  7
@ТРАНСПРОЕКТ
 11
0.0
 21
1.0
 31
0.0
 73
     1
 44
1.0
  0
POINT
  5
61A
330
612
100
AcDbEntity
  8
Defpoints
 62
     0
440
 16777216
 48
100.0
100
AcDbPoint
 10
369756.5888032445
 20
69774.34958208466
 30
0.0
  0
POINT
  5
61B
330
612
100
AcDbEntity
  8
Defpoints
 62
     0
440
 16777216
 48
100.0
100
AcDbPoint
 10
369600.3522775725
 20
68893.20259478219
 30
0.0
  0
POINT
  5
61C
330
612
100
AcDbEntity
  8
Defpoints
 62
     0
440
 16777216
 48
100.0
100
AcDbPoint
 10
369150.6186208191
 20
68893.20259478219
 30
0.0
  0
ENDBLK
  5
61D
330
612
100
AcDbEntity
  8
0
100
AcDbBlockEnd
  0
BLOCK
  5
61F
330
61E
100
AcDbEntity
  8
0
100
AcDbBlockBegin
  2
*D71
 70
     1
 10
0.0
 20
0.0
 30
0.0
  3
*D71
  1

  0
LINE
  5
620
330
61E
100
AcDbEntity
  8
$Размеры
  6
Continuous
 62
     5
440
 16777216
370
    13
100
AcDbLine
 10
395555.3522776926
 20
69774.34958208466
 30
0.0
 11
395916.5732142359
 21
69774.34958208466
 31
0.0
  0
LINE
  5
621
330
61E
100
AcDbEntity
  8
$Размеры
  6
Continuous
 62
     5
440
 16777216
370
    13
100
AcDbLine
 10
395580.3538769327
 20
68899.20256279744
 30
0.0
 11
395916.5732142359
 21
68899.20256279744
 31
0.0
  0
LINE
  5
622
330
61E
100
AcDbEntity
  8
$Размеры
  6
Continuous
 62
     5
440
 16777216
370
    13
100
AcDbLine
 10
395881.573214236
 20
69774.34958208466
 30
0.0
 11
395881.573214236
 21
68899.20256279744
 31
0.0
  0
INSERT
  5
623
330
61E
100
AcDbEntity
  8
$Размеры
 62
     5
440
 16777216
 48
100.0
370
    13
100
AcDbBlockReference
  2
_Oblique
 10
395881.573214236
 20
69774.34958208466
 30
0.0
 41
75.0
 42
75.0
 43
75.0
 50
90.0
  0
INSERT
  5
624
330
61E
100
AcDbEntity
  8
$Размеры
 62
     5
440
 16777216
 48
100.0
370
    13
100
AcDbBlockReference
  2
_Oblique
 10
395881.573214236
 20
68899.20256279744
 30
0.0
 41
75.0
 42
75.0
 43
75.0
 50
270.0
  0
MTEXT
  5
625
330
61E
100
AcDbEntity
  8
$Размеры
 62
     5
440
 16777216
 48
100.0
100
AcDbMText
 10
395794.0732142359
 20
69336.77607244105
 30
0.0
 40
125.0
 41
0.0
 46
0.0
 71
     5
 72
     1
  1
\A1;875
  7
@ТРАНСПРОЕКТ
 11
0.0
 21
1.0
 31
0.0
 73
     1
 44
1.0
  0
POINT
  5
626
330
61E
100
AcDbEntity
  8
Defpoints
 62
     0
440
 16777216
 48
100.0
100
AcDbPoint
 10
395505.3522776926
 20
69774.34958208466
 30
0.0
  0
POINT
  5
627
330
61E
100
AcDbEntity
  8
Defpoints
 62
     0
440
 16777216
 48
100.0
100
AcDbPoint
 10
395530.3538769327
 20
68899.20256279744
 30
0.0
  0
POINT
  5
628
330
61E
100
AcDbEntity
  8
Defpoints
 62
     0
440
 16777216
 48
100.0
100
AcDbPoint
 10
395881.573214236
 20
68899.20256279744
 30
0.0
  0
ENDBLK
  5
629
330
61E
100
AcDbEntity
  8
0
100
AcDbBlockEnd
  0
BLOCK
  5
62B
330
62A
100
AcDbEntity
  8
0
100
AcDbBlockBegin
  2
*D72
 70
     1
 10
0.0
 20
0.0
 30
0.0
  3
*D72
  1

  0
LINE
  5
62C
330
62A
100
AcDbEntity
  8
$Размеры
  6
Continuous
440
 16777216
 48
50.0
370
    13
100
AcDbLine
 10
373091.8693869432
 20
57404.59929475126
 30
0.0
 11
373091.8693869432
 21
57640.12167851006
 31
0.0
  0
LINE
  5
62D
330
62A
100
AcDbEntity
  8
$Размеры
  6
Continuous
440
 16777216
 48
50.0
370
    13
100
AcDbLine
 10
373066.8693869433
 20
57379.59929475127
 30
0.0
 11
373066.8693869433
 21
57640.12167851006
 31
0.0
  0
LINE
  5
62E
330
62A
100
AcDbEntity
  8
$Размеры
  6
Continuous
440
 16777216
 48
50.0
370
    13
100
AcDbLine
 10
373066.8693869433
 20
57622.62167851006
 30
0.0
 11
372923.1193869433
 21
57622.62167851006
 31
0.0
  0
LINE
  5
62F
330
62A
100
AcDbEntity
  8
$Размеры
  6
Continuous
440
 16777216
 48
50.0
370
    13
100
AcDbLine
 10
373091.8693869432
 20
57622.62167851006
 30
0.0
 11
373129.3693869433
 21
57622.62167851006
 31
0.0
  0
INSERT
  5
630
330
62A
100
AcDbEntity
  8
$Размеры
440
 16777216
 48
100.0
370
    13
100
AcDbBlockReference
  2
_Oblique
 10
373091.8693869432
 20
57622.62167851006
 30
0.0
 41
37.5
 42
37.5
 43
37.5
 50
180.0
  0
INSERT
  5
631
330
62A
100
AcDbEntity
  8
$Размеры
440
 16777216
 48
100.0
370
    13
100
AcDbBlockReference
  2
_Oblique
 10
373066.8693869433
 20
57622.62167851006
 30
0.0
 41
37.5
 42
37.5
 43
37.5
  0
MTEXT
  5
632
330
62A
100
AcDbEntity
  8
$Размеры
440
 16777216
 48
100.0
100
AcDbMText
 10
372938.7443869433
 20
57666.37167851006
 30
0.0
 40
62.5
 41
0.0
 46
0.0
 71
     5
 72
     1
  1
\A1;25
  7
@ТРАНСПРОЕКТ
 73
     1
 44
1.0
  0
POINT
  5
633
330
62A
100
AcDbEntity
  8
Defpoints
 62
     0
440
 16777216
 48
100.0
100
AcDbPoint
 10
373091.8693869432
 20
57379.59929475127
 30
0.0
  0
POINT
  5
634
330
62A
100
AcDbEntity
  8
Defpoints
 62
     0
440
 16777216
 48
100.0
100
AcDbPoint
 10
373066.8693869433
 20
57354.59929475126
 30
0.0
  0
POINT
  5
635
330
62A
100
AcDbEntity
  8
Defpoints
 62
     0
440
 16777216
 48
100.0
100
AcDbPoint
 10
373066.8693869433
 20
57622.62167851006
 30
0.0
  0
ENDBLK
  5
636
330
62A
100
AcDbEntity
  8
0
100
AcDbBlockEnd
  0
BLOCK
  5
638
330
637
100
AcDbEntity
  8
0
100
AcDbBlockBegin
  2
*D73
 70
     1
 10
0.0
 20
0.0
 30
0.0
  3
*D73
  1

  0
LINE
  5
639
330
637
100
AcDbEntity
  8
$Размеры
  6
Continuous
440
 16777216
 48
50.0
370
    13
100
AcDbLine
 10
373091.8693869432
 20
57404.59929475126
 30
0.0
 11
373091.8693869432
 21
57640.12167851006
 31
0.0
  0
LINE
  5
63A
330
637
100
AcDbEntity
  8
$Размеры
  6
Continuous
440
 16777216
 48
50.0
370
    13
100
AcDbLine
 10
373591.8693869432
 20
57404.59929475126
 30
0.0
 11
373591.8693869432
 21
57640.12167851006
 31
0.0
  0
LINE
  5
63B
330
637
100
AcDbEntity
  8
$Размеры
  6
Continuous
440
 16777216
 48
50.0
370
    13
100
AcDbLine
 10
373091.8693869432
 20
57622.62167851006
 30
0.0
 11
373591.8693869432
 21
57622.62167851006
 31
0.0
  0
INSERT
  5
63C
330
637
100
AcDbEntity
  8
$Размеры
440
 16777216
 48
100.0
370
    13
100
AcDbBlockReference
  2
_Oblique
 10
373091.8693869432
 20
57622.62167851006
 30
0.0
 41
37.5
 42
37.5
 43
37.5
 50
180.0
  0
INSERT
  5
63D
330
637
100
AcDbEntity
  8
$Размеры
440
 16777216
 48
100.0
370
    13
100
AcDbBlockReference
  2
_Oblique
 10
373591.8693869432
 20
57622.62167851006
 30
0.0
 41
37.5
 42
37.5
 43
37.5
  0
MTEXT
  5
63E
330
637
100
AcDbEntity
  8
$Размеры
440
 16777216
 48
100.0
100
AcDbMText
 10
373341.8693869432
 20
57666.37167851006
 30
0.0
 40
62.5
 41
0.0
 46
0.0
 71
     5
 72
     1
  1
\A1;500
  7
@ТРАНСПРОЕКТ
 73
     1
 44
1.0
  0
POINT
  5
63F
330
637
100
AcDbEntity
  8
Defpoints
 62
     0
440
 16777216
 48
100.0
100
AcDbPoint
 10
373091.8693869432
 20
57379.59929475127
 30
0.0
  0
POINT
  5
640
330
637
100
AcDbEntity
  8
Defpoints
 62
     0
440
 16777216
 48
100.0
100
AcDbPoint
 10
373591.8693869432
 20
57379.59929475127
 30
0.0
  0
POINT
  5
641
330
637
100
AcDbEntity
  8
Defpoints
 62
     0
440
 16777216
 48
100.0
100
AcDbPoint
 10
373591.8693869432
 20
57622.62167851006
 30
0.0
  0
ENDBLK
  5
642
330
637
100
AcDbEntity
  8
0
100
AcDbBlockEnd
  0
BLOCK
  5
644
330
643
100
AcDbEntity
  8
0
100
AcDbBlockBegin
  2
*D74
 70
     1
 10
0.0
 20
0.0
 30
0.0
  3
*D74
  1

  0
LINE
  5
645
330
643
100
AcDbEntity
  8
$Размеры
  6
Continuous
440
 16777216
 48
50.0
370
    13
100
AcDbLine
 10
373591.8693869432
 20
57404.59929475126
 30
0.0
 11
373591.8693869432
 21
57640.12167851006
 31
0.0
  0
LINE
  5
646
330
643
100
AcDbEntity
  8
$Размеры
  6
Continuous
440
 16777216
 48
50.0
370
    13
100
AcDbLine
 10
373616.8693869433
 20
57379.59929475127
 30
0.0
 11
373616.8693869433
 21
57640.12167851006
 31
0.0
  0
INSERT
  5
647
330
643
100
AcDbEntity
  8
$Размеры
440
 16777216
 48
100.0
370
    13
100
AcDbBlockReference
  2
_Oblique
 10
373591.8693869432
 20
57622.62167851006
 30
0.0
 41
37.5
 42
37.5
 43
37.5
  0
INSERT
  5
648
330
643
100
AcDbEntity
  8
$Размеры
440
 16777216
 48
100.0
370
    13
100
AcDbBlockReference
  2
_Oblique
 10
373616.8693869433
 20
57622.62167851006
 30
0.0
 41
37.5
 42
37.5
 43
37.5
 50
180.0
  0
MTEXT
  5
649
330
643
100
AcDbEntity
  8
$Размеры
440
 16777216
 48
100.0
100
AcDbMText
 10
373550.6373035826
 20
57800.82473754657
 30
0.0
 40
62.5
 41
0.0
 46
0.0
 71
     5
 72
     1
  1
\A1;25
  7
@ТРАНСПРОЕКТ
 73
     1
 44
1.0
  0
POINT
  5
64A
330
643
100
AcDbEntity
  8
Defpoints
 62
     0
440
 16777216
 48
100.0
100
AcDbPoint
 10
373591.8693869432
 20
57379.59929475127
 30
0.0
  0
POINT
  5
64B
330
643
100
AcDbEntity
  8
Defpoints
 62
     0
440
 16777216
 48
100.0
100
AcDbPoint
 10
373616.8693869433
 20
57354.59929475126
 30
0.0
  0
POINT
  5
64C
330
643
100
AcDbEntity
  8
Defpoints
 62
     0
440
 16777216
 48
100.0
100
AcDbPoint
 10
373616.8693869433
 20
57622.62167851006
 30
0.0
  0
ENDBLK
  5
64D
330
643
100
AcDbEntity
  8
0
100
AcDbBlockEnd
  0
BLOCK
  5
64F
330
64E
100
AcDbEntity
  8
0
100
AcDbBlockBegin
  2
*D75
 70
     1
 10
0.0
 20
0.0
 30
0.0
  3
*D75
  1

  0
LINE
  5
650
330
64E
100
AcDbEntity
  8
$Размеры
  6
Continuous
440
 16777216
 48
50.0
370
    13
100
AcDbLine
 10
373596.8693869433
 20
57269.80553770271
 30
0.0
 11
373596.8693869433
 21
57230.2360174659
 31
0.0
  0
LINE
  5
651
330
64E
100
AcDbEntity
  8
$Размеры
  6
Continuous
440
 16777216
 48
50.0
370
    13
100
AcDbLine
 10
373616.8693869433
 20
57269.80553770271
 30
0.0
 11
373616.8693869433
 21
57230.2360174659
 31
0.0
  0
LINE
  5
652
330
64E
100
AcDbEntity
  8
$Размеры
  6
Continuous
440
 16777216
 48
50.0
370
    13
100
AcDbLine
 10
373596.8693869433
 20
57247.73601746591
 30
0.0
 11
373410.3709746797
 21
57247.73601746591
 31
0.0
  0
LINE
  5
653
330
64E
100
AcDbEntity
  8
$Размеры
  6
Continuous
440
 16777216
 48
50.0
370
    13
100
AcDbLine
 10
373596.8693869433
 20
57247.73601746591
 30
0.0
 11
373559.3693869433
 21
57247.73601746591
 31
0.0
  0
LINE
  5
654
330
64E
100
AcDbEntity
  8
$Размеры
  6
Continuous
440
 16777216
 48
50.0
370
    13
100
AcDbLine
 10
373616.8693869433
 20
57247.73601746591
 30
0.0
 11
373654.3693869432
 21
57247.73601746591
 31
0.0
  0
INSERT
  5
655
330
64E
100
AcDbEntity
  8
$Размеры
440
 16777216
 48
100.0
370
    13
100
AcDbBlockReference
  2
_Oblique
 10
373596.8693869433
 20
57247.73601746591
 30
0.0
 41
37.5
 42
37.5
 43
37.5
  0
INSERT
  5
656
330
64E
100
AcDbEntity
  8
$Размеры
440
 16777216
 48
100.0
370
    13
100
AcDbBlockReference
  2
_Oblique
 10
373616.8693869433
 20
57247.73601746591
 30
0.0
 41
37.5
 42
37.5
 43
37.5
 50
180.0
  0
MTEXT
  5
657
330
64E
100
AcDbEntity
  8
$Размеры
440
 16777216
 48
100.0
100
AcDbMText
 10
373463.4959746797
 20
57291.4860174659
 30
0.0
 40
62.5
 41
0.0
 46
0.0
 71
     5
 72
     1
  1
\A1;20
  7
@ТРАНСПРОЕКТ
 73
     1
 44
1.0
  0
POINT
  5
658
330
64E
100
AcDbEntity
  8
Defpoints
 62
     0
440
 16777216
 48
100.0
100
AcDbPoint
 10
373596.8693869433
 20
57294.80553770271
 30
0.0
  0
POINT
  5
659
330
64E
100
AcDbEntity
  8
Defpoints
 62
     0
440
 16777216
 48
100.0
100
AcDbPoint
 10
373616.8693869433
 20
57294.80553770271
 30
0.0
  0
POINT
  5
65A
330
64E
100
AcDbEntity
  8
Defpoints
 62
     0
440
 16777216
 48
100.0
100
AcDbPoint
 10
373616.8693869433
 20
57247.73601746591
 30
0.0
  0
ENDBLK
  5
65B
330
64E
100
AcDbEntity
  8
0
100
AcDbBlockEnd
  0
BLOCK
  5
65D
330
65C
100
AcDbEntity
  8
0
100
AcDbBlockBegin
  2
*D76
 70
     1
 10
0.0
 20
0.0
 30
0.0
  3
*D76
  1

  0
LINE
  5
65E
330
65C
100
AcDbEntity
  8
$Размеры
  6
Continuous
440
 16777216
 48
50.0
370
    13
100
AcDbLine
 10
373621.8693869432
 20
57144.68429425157
 30
0.0
 11
373621.8693869432
 21
56917.77647254833
 31
0.0
  0
LINE
  5
65F
330
65C
100
AcDbEntity
  8
$Размеры
  6
Continuous
440
 16777216
 48
50.0
370
    13
100
AcDbLine
 10
373596.8693869433
 20
57169.68429425157
 30
0.0
 11
373596.8693869433
 21
56917.77647254833
 31
0.0
  0
LINE
  5
660
330
65C
100
AcDbEntity
  8
$Размеры
  6
Continuous
440
 16777216
 48
50.0
370
    13
100
AcDbLine
 10
373596.8693869433
 20
56935.27647254834
 30
0.0
 11
373453.1193869432
 21
56935.27647254834
 31
0.0
  0
LINE
  5
661
330
65C
100
AcDbEntity
  8
$Размеры
  6
Continuous
440
 16777216
 48
50.0
370
    13
100
AcDbLine
 10
373621.8693869432
 20
56935.27647254834
 30
0.0
 11
373659.3693869433
 21
56935.27647254834
 31
0.0
  0
INSERT
  5
662
330
65C
100
AcDbEntity
  8
$Размеры
440
 16777216
 48
100.0
370
    13
100
AcDbBlockReference
  2
_Oblique
 10
373621.8693869432
 20
56935.27647254834
 30
0.0
 41
37.5
 42
37.5
 43
37.5
 50
180.0
  0
INSERT
  5
663
330
65C
100
AcDbEntity
  8
$Размеры
440
 16777216
 48
100.0
370
    13
100
AcDbBlockReference
  2
_Oblique
 10
373596.8693869433
 20
56935.27647254834
 30
0.0
 41
37.5
 42
37.5
 43
37.5
  0
MTEXT
  5
664
330
65C
100
AcDbEntity
  8
$Размеры
440
 16777216
 48
100.0
100
AcDbMText
 10
373468.7443869432
 20
56979.02647254833
 30
0.0
 40
62.5
 41
0.0
 46
0.0
 71
     5
 72
     1
  1
\A1;25
  7
@ТРАНСПРОЕКТ
 73
     1
 44
1.0
  0
POINT
  5
665
330
65C
100
AcDbEntity
  8
Defpoints
 62
     0
440
 16777216
 48
100.0
100
AcDbPoint
 10
373621.8693869432
 20
57169.68429425157
 30
0.0
  0
POINT
  5
666
330
65C
100
AcDbEntity
  8
Defpoints
 62
     0
440
 16777216
 48
100.0
100
AcDbPoint
 10
373596.8693869433
 20
57194.68429425157
 30
0.0
  0
POINT
  5
667
330
65C
100
AcDbEntity
  8
Defpoints
 62
     0
440
 16777216
 48
100.0
100
AcDbPoint
 10
373596.8693869433
 20
56935.27647254834
 30
0.0
  0
ENDBLK
  5
668
330
65C
100
AcDbEntity
  8
0
100
AcDbBlockEnd
  0
BLOCK
  5
66A
330
669
100
AcDbEntity
  8
0
100
AcDbBlockBegin
  2
*D77
 70
     1
 10
0.0
 20
0.0
 30
0.0
  3
*D77
  1

  0
LINE
  5
66B
330
669
100
AcDbEntity
  8
$Размеры
  6
Continuous
440
 16777216
 48
50.0
370
    13
100
AcDbLine
 10
373616.8693869433
 20
57379.59929475127
 30
0.0
 11
373616.8693869433
 21
57640.12167851006
 31
0.0
  0
LINE
  5
66C
330
669
100
AcDbEntity
  8
$Размеры
  6
Continuous
440
 16777216
 48
50.0
370
    13
100
AcDbLine
 10
374211.8693872431
 20
57194.68429425157
 30
0.0
 11
374211.8693872431
 21
57640.12167851006
 31
0.0
  0
LINE
  5
66D
330
669
100
AcDbEntity
  8
$Размеры
  6
Continuous
440
 16777216
 48
50.0
370
    13
100
AcDbLine
 10
373616.8693869433
 20
57622.62167851006
 30
0.0
 11
374211.8693872431
 21
57622.62167851006
 31
0.0
  0
INSERT
  5
66E
330
669
100
AcDbEntity
  8
$Размеры
440
 16777216
 48
100.0
370
    13
100
AcDbBlockReference
  2
_Oblique
 10
373616.8693869433
 20
57622.62167851006
 30
0.0
 41
37.5
 42
37.5
 43
37.5
 50
180.0
  0
INSERT
  5
66F
330
669
100
AcDbEntity
  8
$Размеры
440
 16777216
 48
100.0
370
    13
100
AcDbBlockReference
  2
_Oblique
 10
374211.8693872431
 20
57622.62167851006
 30
0.0
 41
37.5
 42
37.5
 43
37.5
  0
MTEXT
  5
670
330
669
100
AcDbEntity
  8
$Размеры
440
 16777216
 48
100.0
100
AcDbMText
 10
373914.3693870932
 20
57666.37167851006
 30
0.0
 40
62.5
 41
0.0
 46
0.0
 71
     5
 72
     1
  1
\A1;595
  7
@ТРАНСПРОЕКТ
 73
     1
 44
1.0
  0
POINT
  5
671
330
669
100
AcDbEntity
  8
Defpoints
 62
     0
440
 16777216
 48
100.0
100
AcDbPoint
 10
373616.8693869433
 20
57354.59929475126
 30
0.0
  0
POINT
  5
672
330
669
100
AcDbEntity
  8
Defpoints
 62
     0
440
 16777216
 48
100.0
100
AcDbPoint
 10
374211.8693872431
 20
57169.68429425157
 30
0.0
  0
POINT
  5
673
330
669
100
AcDbEntity
  8
Defpoints
 62
     0
440
 16777216
 48
100.0
100
AcDbPoint
 10
374211.8693872431
 20
57622.62167851006
 30
0.0
  0
ENDBLK
  5
674
330
669
100
AcDbEntity
  8
0
100
AcDbBlockEnd
  0
BLOCK
  5
676
330
675
100
AcDbEntity
  8
0
100
AcDbBlockBegin
  2
*D78
 70
     1
 10
0.0
 20
0.0
 30
0.0
  3
*D78
  1

  0
LINE
  5
677
330
675
100
AcDbEntity
  8
$Размеры
  6
Continuous
440
 16777216
 48
50.0
370
    13
100
AcDbLine
 10
374211.8693872431
 20
57194.68429425157
 30
0.0
 11
374211.8693872431
 21
57640.12167851006
 31
0.0
  0
LINE
  5
678
330
675
100
AcDbEntity
  8
$Размеры
  6
Continuous
440
 16777216
 48
50.0
370
    13
100
AcDbLine
 10
374236.8693872432
 20
57169.68429425157
 30
0.0
 11
374236.8693872432
 21
57640.12167851006
 31
0.0
  0
LINE
  5
679
330
675
100
AcDbEntity
  8
$Размеры
  6
Continuous
440
 16777216
 48
50.0
370
    13
100
AcDbLine
 10
374236.8693872432
 20
57622.62167851006
 30
0.0
 11
374380.6193872431
 21
57622.62167851006
 31
0.0
  0
LINE
  5
67A
330
675
100
AcDbEntity
  8
$Размеры
  6
Continuous
440
 16777216
 48
50.0
370
    13
100
AcDbLine
 10
374211.8693872431
 20
57622.62167851006
 30
0.0
 11
374174.3693872431
 21
57622.62167851006
 31
0.0
  0
INSERT
  5
67B
330
675
100
AcDbEntity
  8
$Размеры
440
 16777216
 48
100.0
370
    13
100
AcDbBlockReference
  2
_Oblique
 10
374211.8693872431
 20
57622.62167851006
 30
0.0
 41
37.5
 42
37.5
 43
37.5
  0
INSERT
  5
67C
330
675
100
AcDbEntity
  8
$Размеры
440
 16777216
 48
100.0
370
    13
100
AcDbBlockReference
  2
_Oblique
 10
374236.8693872432
 20
57622.62167851006
 30
0.0
 41
37.5
 42
37.5
 43
37.5
 50
180.0
  0
MTEXT
  5
67D
330
675
100
AcDbEntity
  8
$Размеры
440
 16777216
 48
100.0
100
AcDbMText
 10
374364.9943872431
 20
57666.37167851006
 30
0.0
 40
62.5
 41
0.0
 46
0.0
 71
     5
 72
     1
  1
\A1;25
  7
@ТРАНСПРОЕКТ
 73
     1
 44
1.0
  0
POINT
  5
67E
330
675
100
AcDbEntity
  8
Defpoints
 62
     0
440
 16777216
 48
100.0
100
AcDbPoint
 10
374211.8693872431
 20
57169.68429425157
 30
0.0
  0
POINT
  5
67F
330
675
100
AcDbEntity
  8
Defpoints
 62
     0
440
 16777216
 48
100.0
100
AcDbPoint
 10
374236.8693872432
 20
57144.68429425157
 30
0.0
  0
POINT
  5
680
330
675
100
AcDbEntity
  8
Defpoints
 62
     0
440
 16777216
 48
100.0
100
AcDbPoint
 10
374236.8693872432
 20
57622.62167851006
 30
0.0
  0
ENDBLK
  5
681
330
675
100
AcDbEntity
  8
0
100
AcDbBlockEnd
  0
BLOCK
  5
683
330
682
100
AcDbEntity
  8
0
100
AcDbBlockBegin
  2
*D79
 70
     1
 10
0.0
 20
0.0
 30
0.0
  3
*D79
  1

  0
LINE
  5
684
330
682
100
AcDbEntity
  8
$Размеры
  6
Continuous
440
 16777216
 48
50.0
370
    13
100
AcDbLine
 10
374236.8693872432
 20
57169.68429425157
 30
0.0
 11
374394.2475120013
 21
57169.68429425157
 31
0.0
  0
LINE
  5
685
330
682
100
AcDbEntity
  8
$Размеры
  6
Continuous
440
 16777216
 48
50.0
370
    13
100
AcDbLine
 10
374261.8693872432
 20
57144.68429425157
 30
0.0
 11
374394.2475120013
 21
57144.68429425157
 31
0.0
  0
LINE
  5
686
330
682
100
AcDbEntity
  8
$Размеры
  6
Continuous
440
 16777216
 48
50.0
370
    13
100
AcDbLine
 10
374376.7475120013
 20
57144.68429425157
 30
0.0
 11
374376.7475120013
 21
57000.93429425157
 31
0.0
  0
LINE
  5
687
330
682
100
AcDbEntity
  8
$Размеры
  6
Continuous
440
 16777216
 48
50.0
370
    13
100
AcDbLine
 10
374376.7475120013
 20
57169.68429425157
 30
0.0
 11
374376.7475120013
 21
57207.18429425157
 31
0.0
  0
INSERT
  5
688
330
682
100
AcDbEntity
  8
$Размеры
440
 16777216
 48
100.0
370
    13
100
AcDbBlockReference
  2
_Oblique
 10
374376.7475120013
 20
57169.68429425157
 30
0.0
 41
37.5
 42
37.5
 43
37.5
 50
270.0
  0
INSERT
  5
689
330
682
100
AcDbEntity
  8
$Размеры
440
 16777216
 48
100.0
370
    13
100
AcDbBlockReference
  2
_Oblique
 10
374376.7475120013
 20
57144.68429425157
 30
0.0
 41
37.5
 42
37.5
 43
37.5
 50
90.0
  0
MTEXT
  5
68A
330
682
100
AcDbEntity
  8
$Размеры
440
 16777216
 48
100.0
100
AcDbMText
 10
374332.9975120012
 20
57016.55929425157
 30
0.0
 40
62.5
 41
0.0
 46
0.0
 71
     5
 72
     1
  1
\A1;25
  7
@ТРАНСПРОЕКТ
 11
0.0
 21
1.0
 31
0.0
 73
     1
 44
1.0
  0
POINT
  5
68B
330
682
100
AcDbEntity
  8
Defpoints
 62
     0
440
 16777216
 48
100.0
100
AcDbPoint
 10
374211.8693872431
 20
57169.68429425157
 30
0.0
  0
POINT
  5
68C
330
682
100
AcDbEntity
  8
Defpoints
 62
     0
440
 16777216
 48
100.0
100
AcDbPoint
 10
374236.8693872432
 20
57144.68429425157
 30
0.0
  0
POINT
  5
68D
330
682
100
AcDbEntity
  8
Defpoints
 62
     0
440
 16777216
 48
100.0
100
AcDbPoint
 10
374376.7475120013
 20
57144.68429425157
 30
0.0
  0
ENDBLK
  5
68E
330
682
100
AcDbEntity
  8
0
100
AcDbBlockEnd
  0
BLOCK
  5
690
330
68F
100
AcDbEntity
  8
0
100
AcDbBlockBegin
  2
*D80
 70
     1
 10
0.0
 20
0.0
 30
0.0
  3
*D80
  1

  0
LINE
  5
691
330
68F
100
AcDbEntity
  8
$Размеры
  6
Continuous
440
 16777216
 48
50.0
370
    13
100
AcDbLine
 10
373646.8693869433
 20
57169.68429425157
 30
0.0
 11
373825.9524432553
 21
57169.68429425157
 31
0.0
  0
LINE
  5
692
330
68F
100
AcDbEntity
  8
$Размеры
  6
Continuous
440
 16777216
 48
50.0
370
    13
100
AcDbLine
 10
373621.8693869432
 20
57194.68429425157
 30
0.0
 11
373825.9524432553
 21
57194.68429425157
 31
0.0
  0
LINE
  5
693
330
68F
100
AcDbEntity
  8
$Размеры
  6
Continuous
440
 16777216
 48
50.0
370
    13
100
AcDbLine
 10
373808.4524432553
 20
57169.68429425157
 30
0.0
 11
373808.4524432553
 21
56962.31246972464
 31
0.0
  0
LINE
  5
694
330
68F
100
AcDbEntity
  8
$Размеры
  6
Continuous
440
 16777216
 48
50.0
370
    13
100
AcDbLine
 10
373808.4524432553
 20
57169.68429425157
 30
0.0
 11
373808.4524432553
 21
56962.31246972464
 31
0.0
  0
LINE
  5
695
330
68F
100
AcDbEntity
  8
$Размеры
  6
Continuous
440
 16777216
 48
50.0
370
    13
100
AcDbLine
 10
373808.4524432553
 20
57169.68429425157
 30
0.0
 11
373808.4524432553
 21
57194.68429425157
 31
0.0
  0
INSERT
  5
696
330
68F
100
AcDbEntity
  8
$Размеры
440
 16777216
 48
100.0
370
    13
100
AcDbBlockReference
  2
_Oblique
 10
373808.4524432553
 20
57169.68429425157
 30
0.0
 41
37.5
 42
37.5
 43
37.5
 50
270.0
  0
INSERT
  5
697
330
68F
100
AcDbEntity
  8
$Размеры
440
 16777216
 48
100.0
370
    13
100
AcDbBlockReference
  2
_Oblique
 10
373808.4524432553
 20
57194.68429425157
 30
0.0
 41
37.5
 42
37.5
 43
37.5
 50
90.0
  0
MTEXT
  5
698
330
68F
100
AcDbEntity
  8
$Размеры
440
 16777216
 48
100.0
100
AcDbMText
 10
373764.7024432553
 20
57015.43746972465
 30
0.0
 40
62.5
 41
0.0
 46
0.0
 71
     5
 72
     1
  1
\A1;25
  7
@ТРАНСПРОЕКТ
 11
0.0
 21
1.0
 31
0.0
 73
     1
 44
1.0
  0
POINT
  5
699
330
68F
100
AcDbEntity
  8
Defpoints
 62
     0
440
 16777216
 48
100.0
100
AcDbPoint
 10
373621.8693869432
 20
57169.68429425157
 30
0.0
  0
POINT
  5
69A
330
68F
100
AcDbEntity
  8
Defpoints
 62
     0
440
 16777216
 48
100.0
100
AcDbPoint
 10
373596.8693869433
 20
57194.68429425157
 30
0.0
  0
POINT
  5
69B
330
68F
100
AcDbEntity
  8
Defpoints
 62
     0
440
 16777216
 48
100.0
100
AcDbPoint
 10
373808.4524432553
 20
57194.68429425157
 30
0.0
  0
ENDBLK
  5
69C
330
68F
100
AcDbEntity
  8
0
100
AcDbBlockEnd
  0
BLOCK
  5
69E
330
69D
100
AcDbEntity
  8
0
100
AcDbBlockBegin
  2
*D81
 70
     1
 10
0.0
 20
0.0
 30
0.0
  3
*D81
  1

  0
LINE
  5
69F
330
69D
100
AcDbEntity
  8
$Размеры
  6
Continuous
440
 16777216
 48
50.0
370
    13
100
AcDbLine
 10
375176.4664383351
 20
57091.19985531605
 30
0.0
 11
374997.0377218558
 21
57091.19985531605
 31
0.0
  0
LINE
  5
6A0
330
69D
100
AcDbEntity
  8
$Размеры
  6
Continuous
440
 16777216
 48
50.0
370
    13
100
AcDbLine
 10
375151.4664383351
 20
57066.19985531604
 30
0.0
 11
374997.0377218558
 21
57066.19985531604
 31
0.0
  0
LINE
  5
6A1
330
69D
100
AcDbEntity
  8
$Размеры
  6
Continuous
440
 16777216
 48
50.0
370
    13
100
AcDbLine
 10
375014.5377218558
 20
57066.19985531604
 30
0.0
 11
375014.5377218558
 21
56922.44985531604
 31
0.0
  0
LINE
  5
6A2
330
69D
100
AcDbEntity
  8
$Размеры
  6
Continuous
440
 16777216
 48
50.0
370
    13
100
AcDbLine
 10
375014.5377218558
 20
57091.19985531605
 30
0.0
 11
375014.5377218558
 21
57128.69985531605
 31
0.0
  0
INSERT
  5
6A3
330
69D
100
AcDbEntity
  8
$Размеры
440
 16777216
 48
100.0
370
    13
100
AcDbBlockReference
  2
_Oblique
 10
375014.5377218558
 20
57091.19985531605
 30
0.0
 41
37.5
 42
37.5
 43
37.5
 50
270.0
  0
INSERT
  5
6A4
330
69D
100
AcDbEntity
  8
$Размеры
440
 16777216
 48
100.0
370
    13
100
AcDbBlockReference
  2
_Oblique
 10
375014.5377218558
 20
57066.19985531604
 30
0.0
 41
37.5
 42
37.5
 43
37.5
 50
90.0
  0
MTEXT
  5
6A5
330
69D
100
AcDbEntity
  8
$Размеры
440
 16777216
 48
100.0
100
AcDbMText
 10
374970.7877218558
 20
56938.07485531604
 30
0.0
 40
62.5
 41
0.0
 46
0.0
 71
     5
 72
     1
  1
\A1;25
  7
@ТРАНСПРОЕКТ
 11
0.0
 21
1.0
 31
0.0
 73
     1
 44
1.0
  0
POINT
  5
6A6
330
69D
100
AcDbEntity
  8
Defpoints
 62
     0
440
 16777216
 48
100.0
100
AcDbPoint
 10
375201.4664383351
 20
57091.19985531605
 30
0.0
  0
POINT
  5
6A7
330
69D
100
AcDbEntity
  8
Defpoints
 62
     0
440
 16777216
 48
100.0
100
AcDbPoint
 10
375176.4664383351
 20
57066.19985531604
 30
0.0
  0
POINT
  5
6A8
330
69D
100
AcDbEntity
  8
Defpoints
 62
     0
440
 16777216
 48
100.0
100
AcDbPoint
 10
375014.5377218558
 20
57066.19985531604
 30
0.0
  0
ENDBLK
  5
6A9
330
69D
100
AcDbEntity
  8
0
100
AcDbBlockEnd
  0
BLOCK
  5
6AB
330
6AA
100
AcDbEntity
  8
0
100
AcDbBlockBegin
  2
*D82
 70
     1
 10
0.0
 20
0.0
 30
0.0
  3
*D82
  1

  0
LINE
  5
6AC
330
6AA
100
AcDbEntity
  8
$Размеры
  6
Continuous
440
 16777216
 48
50.0
370
    13
100
AcDbLine
 10
375821.4664385875
 20
57325.35485581572
 30
0.0
 11
375821.4664385875
 21
57526.44240154777
 31
0.0
  0
LINE
  5
6AD
330
6AA
100
AcDbEntity
  8
$Размеры
  6
Continuous
440
 16777216
 48
50.0
370
    13
100
AcDbLine
 10
375796.4664385875
 20
57300.35485581573
 30
0.0
 11
375796.4664385875
 21
57526.44240154777
 31
0.0
  0
INSERT
  5
6AE
330
6AA
100
AcDbEntity
  8
$Размеры
440
 16777216
 48
100.0
370
    13
100
AcDbBlockReference
  2
_Oblique
 10
375821.4664385875
 20
57508.94240154776
 30
0.0
 41
37.5
 42
37.5
 43
37.5
 50
180.0
  0
INSERT
  5
6AF
330
6AA
100
AcDbEntity
  8
$Размеры
440
 16777216
 48
100.0
370
    13
100
AcDbBlockReference
  2
_Oblique
 10
375796.4664385875
 20
57508.94240154776
 30
0.0
 41
37.5
 42
37.5
 43
37.5
  0
MTEXT
  5
6B0
330
6AA
100
AcDbEntity
  8
$Размеры
440
 16777216
 48
100.0
100
AcDbMText
 10
375862.2092059657
 20
57710.73055062474
 30
0.0
 40
62.5
 41
0.0
 46
0.0
 71
     5
 72
     1
  1
\A1;25
  7
@ТРАНСПРОЕКТ
 73
     1
 44
1.0
  0
POINT
  5
6B1
330
6AA
100
AcDbEntity
  8
Defpoints
 62
     0
440
 16777216
 48
100.0
100
AcDbPoint
 10
375821.4664385875
 20
57300.35485581573
 30
0.0
  0
POINT
  5
6B2
330
6AA
100
AcDbEntity
  8
Defpoints
 62
     0
440
 16777216
 48
100.0
100
AcDbPoint
 10
375796.4664385875
 20
57275.35485581572
 30
0.0
  0
POINT
  5
6B3
330
6AA
100
AcDbEntity
  8
Defpoints
 62
     0
440
 16777216
 48
100.0
100
AcDbPoint
 10
375796.4664385875
 20
57508.94240154776
 30
0.0
  0
ENDBLK
  5
6B4
330
6AA
100
AcDbEntity
  8
0
100
AcDbBlockEnd
  0
BLOCK
  5
6B6
330
6B5
100
AcDbEntity
  8
0
100
AcDbBlockBegin
  2
*D83
 70
     1
 10
0.0
 20
0.0
 30
0.0
  3
*D83
  1

  0
LINE
  5
6B7
330
6B5
100
AcDbEntity
  8
$Размеры
  6
Continuous
440
 16777216
 48
50.0
370
    13
100
AcDbLine
 10
375821.4664385875
 20
57325.35485581572
 30
0.0
 11
375821.4664385875
 21
57526.44240154777
 31
0.0
  0
LINE
  5
6B8
330
6B5
100
AcDbEntity
  8
$Размеры
  6
Continuous
440
 16777216
 48
50.0
370
    13
100
AcDbLine
 10
376021.4664385149
 20
57325.35485581572
 30
0.0
 11
376021.4664385149
 21
57526.44240154777
 31
0.0
  0
LINE
  5
6B9
330
6B5
100
AcDbEntity
  8
$Размеры
  6
Continuous
440
 16777216
 48
50.0
370
    13
100
AcDbLine
 10
375821.4664385875
 20
57508.94240154776
 30
0.0
 11
376021.4664385149
 21
57508.94240154776
 31
0.0
  0
INSERT
  5
6BA
330
6B5
100
AcDbEntity
  8
$Размеры
440
 16777216
 48
100.0
370
    13
100
AcDbBlockReference
  2
_Oblique
 10
375821.4664385875
 20
57508.94240154776
 30
0.0
 41
37.5
 42
37.5
 43
37.5
 50
180.0
  0
INSERT
  5
6BB
330
6B5
100
AcDbEntity
  8
$Размеры
440
 16777216
 48
100.0
370
    13
100
AcDbBlockReference
  2
_Oblique
 10
376021.4664385149
 20
57508.94240154776
 30
0.0
 41
37.5
 42
37.5
 43
37.5
  0
MTEXT
  5
6BC
330
6B5
100
AcDbEntity
  8
$Размеры
440
 16777216
 48
100.0
100
AcDbMText
 10
375921.4664385512
 20
57552.69240154776
 30
0.0
 40
62.5
 41
0.0
 46
0.0
 71
     5
 72
     1
  1
\A1;200
  7
@ТРАНСПРОЕКТ
 73
     1
 44
1.0
  0
POINT
  5
6BD
330
6B5
100
AcDbEntity
  8
Defpoints
 62
     0
440
 16777216
 48
100.0
100
AcDbPoint
 10
375821.4664385875
 20
57300.35485581573
 30
0.0
  0
POINT
  5
6BE
330
6B5
100
AcDbEntity
  8
Defpoints
 62
     0
440
 16777216
 48
100.0
100
AcDbPoint
 10
376021.4664385149
 20
57300.35485581573
 30
0.0
  0
POINT
  5
6BF
330
6B5
100
AcDbEntity
  8
Defpoints
 62
     0
440
 16777216
 48
100.0
100
AcDbPoint
 10
376021.4664385149
 20
57508.94240154776
 30
0.0
  0
ENDBLK
  5
6C0
330
6B5
100
AcDbEntity
  8
0
100
AcDbBlockEnd
  0
BLOCK
  5
6C2
330
6C1
100
AcDbEntity
  8
0
100
AcDbBlockBegin
  2
*D84
 70
     1
 10
0.0
 20
0.0
 30
0.0
  3
*D84
  1

  0
LINE
  5
6C3
330
6C1
100
AcDbEntity
  8
$Размеры
  6
Continuous
440
 16777216
 48
50.0
370
    13
100
AcDbLine
 10
376021.4664385149
 20
57325.35485581572
 30
0.0
 11
376021.4664385149
 21
57526.44240154777
 31
0.0
  0
LINE
  5
6C4
330
6C1
100
AcDbEntity
  8
$Размеры
  6
Continuous
440
 16777216
 48
50.0
370
    13
100
AcDbLine
 10
376046.4664385148
 20
57300.35485581573
 30
0.0
 11
376046.4664385148
 21
57526.44240154777
 31
0.0
  0
LINE
  5
6C5
330
6C1
100
AcDbEntity
  8
$Размеры
  6
Continuous
440
 16777216
 48
50.0
370
    13
100
AcDbLine
 10
376046.4664385148
 20
57508.94240154776
 30
0.0
 11
376190.2164385148
 21
57508.94240154776
 31
0.0
  0
LINE
  5
6C6
330
6C1
100
AcDbEntity
  8
$Размеры
  6
Continuous
440
 16777216
 48
50.0
370
    13
100
AcDbLine
 10
376021.4664385149
 20
57508.94240154776
 30
0.0
 11
375983.9664385149
 21
57508.94240154776
 31
0.0
  0
INSERT
  5
6C7
330
6C1
100
AcDbEntity
  8
$Размеры
440
 16777216
 48
100.0
370
    13
100
AcDbBlockReference
  2
_Oblique
 10
376021.4664385149
 20
57508.94240154776
 30
0.0
 41
37.5
 42
37.5
 43
37.5
  0
INSERT
  5
6C8
330
6C1
100
AcDbEntity
  8
$Размеры
440
 16777216
 48
100.0
370
    13
100
AcDbBlockReference
  2
_Oblique
 10
376046.4664385148
 20
57508.94240154776
 30
0.0
 41
37.5
 42
37.5
 43
37.5
 50
180.0
  0
MTEXT
  5
6C9
330
6C1
100
AcDbEntity
  8
$Размеры
440
 16777216
 48
100.0
100
AcDbMText
 10
376174.5914385148
 20
57552.69240154776
 30
0.0
 40
62.5
 41
0.0
 46
0.0
 71
     5
 72
     1
  1
\A1;25
  7
@ТРАНСПРОЕКТ
 73
     1
 44
1.0
  0
POINT
  5
6CA
330
6C1
100
AcDbEntity
  8
Defpoints
 62
     0
440
 16777216
 48
100.0
100
AcDbPoint
 10
376021.4664385149
 20
57300.35485581573
 30
0.0
  0
POINT
  5
6CB
330
6C1
100
AcDbEntity
  8
Defpoints
 62
     0
440
 16777216
 48
100.0
100
AcDbPoint
 10
376046.4664385148
 20
57275.35485581572
 30
0.0
  0
POINT
  5
6CC
330
6C1
100
AcDbEntity
  8
Defpoints
 62
     0
440
 16777216
 48
100.0
100
AcDbPoint
 10
376046.4664385148
 20
57508.94240154776
 30
0.0
  0
ENDBLK
  5
6CD
330
6C1
100
AcDbEntity
  8
0
100
AcDbBlockEnd
  0
BLOCK
  5
6CF
330
6CE
100
AcDbEntity
  8
0
100
AcDbBlockBegin
  2
*D85
 70
     1
 10
0.0
 20
0.0
 30
0.0
  3
*D85
  1

  0
LINE
  5
6D0
330
6CE
100
AcDbEntity
  8
$Размеры
  6
Continuous
440
 16777216
 48
50.0
370
    13
100
AcDbLine
 10
375816.466438635
 20
57191.32109876718
 30
0.0
 11
375816.466438635
 21
57135.09973586102
 31
0.0
  0
LINE
  5
6D1
330
6CE
100
AcDbEntity
  8
$Размеры
  6
Continuous
440
 16777216
 48
50.0
370
    13
100
AcDbLine
 10
375796.466438635
 20
57191.32109876718
 30
0.0
 11
375796.466438635
 21
57135.09973586102
 31
0.0
  0
LINE
  5
6D2
330
6CE
100
AcDbEntity
  8
$Размеры
  6
Continuous
440
 16777216
 48
50.0
370
    13
100
AcDbLine
 10
375816.466438635
 20
57152.59973586102
 30
0.0
 11
376002.9648508986
 21
57152.59973586102
 31
0.0
  0
LINE
  5
6D3
330
6CE
100
AcDbEntity
  8
$Размеры
  6
Continuous
440
 16777216
 48
50.0
370
    13
100
AcDbLine
 10
375816.466438635
 20
57152.59973586102
 30
0.0
 11
375853.966438635
 21
57152.59973586102
 31
0.0
  0
LINE
  5
6D4
330
6CE
100
AcDbEntity
  8
$Размеры
  6
Continuous
440
 16777216
 48
50.0
370
    13
100
AcDbLine
 10
375796.466438635
 20
57152.59973586102
 30
0.0
 11
375758.966438635
 21
57152.59973586102
 31
0.0
  0
INSERT
  5
6D5
330
6CE
100
AcDbEntity
  8
$Размеры
440
 16777216
 48
100.0
370
    13
100
AcDbBlockReference
  2
_Oblique
 10
375816.466438635
 20
57152.59973586102
 30
0.0
 41
37.5
 42
37.5
 43
37.5
 50
180.0
  0
INSERT
  5
6D6
330
6CE
100
AcDbEntity
  8
$Размеры
440
 16777216
 48
100.0
370
    13
100
AcDbBlockReference
  2
_Oblique
 10
375796.466438635
 20
57152.59973586102
 30
0.0
 41
37.5
 42
37.5
 43
37.5
  0
MTEXT
  5
6D7
330
6CE
100
AcDbEntity
  8
$Размеры
440
 16777216
 48
100.0
100
AcDbMText
 10
375949.8398508986
 20
57196.34973586102
 30
0.0
 40
62.5
 41
0.0
 46
0.0
 71
     5
 72
     1
  1
\A1;20
  7
@ТРАНСПРОЕКТ
 73
     1
 44
1.0
  0
POINT
  5
6D8
330
6CE
100
AcDbEntity
  8
Defpoints
 62
     0
440
 16777216
 48
100.0
100
AcDbPoint
 10
375816.466438635
 20
57216.32109876718
 30
0.0
  0
POINT
  5
6D9
330
6CE
100
AcDbEntity
  8
Defpoints
 62
     0
440
 16777216
 48
100.0
100
AcDbPoint
 10
375796.466438635
 20
57216.32109876718
 30
0.0
  0
POINT
  5
6DA
330
6CE
100
AcDbEntity
  8
Defpoints
 62
     0
440
 16777216
 48
100.0
100
AcDbPoint
 10
375796.466438635
 20
57152.59973586102
 30
0.0
  0
ENDBLK
  5
6DB
330
6CE
100
AcDbEntity
  8
0
100
AcDbBlockEnd
  0
BLOCK
  5
6DD
330
6DC
100
AcDbEntity
  8
0
100
AcDbBlockBegin
  2
*D86
 70
     1
 10
0.0
 20
0.0
 30
0.0
  3
*D86
  1

  0
LINE
  5
6DE
330
6DC
100
AcDbEntity
  8
$Размеры
  6
Continuous
440
 16777216
370
    13
100
AcDbLine
 10
373641.8693869433
 20
57354.59929475126
 30
0.0
 11
373825.9524432553
 21
57354.59929475126
 31
0.0
  0
LINE
  5
6DF
330
6DC
100
AcDbEntity
  8
$Размеры
  6
Continuous
440
 16777216
370
    13
100
AcDbLine
 10
373616.8693869433
 20
57379.59929475127
 30
0.0
 11
373825.9524432553
 21
57379.59929475127
 31
0.0
  0
LINE
  5
6E0
330
6DC
100
AcDbEntity
  8
$Размеры
  6
Continuous
440
 16777216
370
    13
100
AcDbLine
 10
373808.4524432553
 20
57379.59929475127
 30
0.0
 11
373808.4524432553
 21
57523.34929475126
 31
0.0
  0
LINE
  5
6E1
330
6DC
100
AcDbEntity
  8
$Размеры
  6
Continuous
440
 16777216
370
    13
100
AcDbLine
 10
373808.4524432553
 20
57354.59929475126
 30
0.0
 11
373808.4524432553
 21
57317.09929475126
 31
0.0
  0
INSERT
  5
6E2
330
6DC
100
AcDbEntity
  8
$Размеры
440
 16777216
 48
100.0
370
    13
100
AcDbBlockReference
  2
_Oblique
 10
373808.4524432553
 20
57354.59929475126
 30
0.0
 41
37.5
 42
37.5
 43
37.5
 50
90.0
  0
INSERT
  5
6E3
330
6DC
100
AcDbEntity
  8
$Размеры
440
 16777216
 48
100.0
370
    13
100
AcDbBlockReference
  2
_Oblique
 10
373808.4524432553
 20
57379.59929475127
 30
0.0
 41
37.5
 42
37.5
 43
37.5
 50
270.0
  0
MTEXT
  5
6E4
330
6DC
100
AcDbEntity
  8
$Размеры
440
 16777216
 48
100.0
100
AcDbMText
 10
373764.7024432553
 20
57507.72429475127
 30
0.0
 40
62.5
 41
0.0
 46
0.0
 71
     5
 72
     1
  1
\A1;25
  7
@ТРАНСПРОЕКТ
 11
0.0
 21
1.0
 31
0.0
 73
     1
 44
1.0
  0
POINT
  5
6E5
330
6DC
100
AcDbEntity
  8
Defpoints
 62
     0
440
 16777216
 48
100.0
100
AcDbPoint
 10
373616.8693869433
 20
57354.59929475126
 30
0.0
  0
POINT
  5
6E6
330
6DC
100
AcDbEntity
  8
Defpoints
 62
     0
440
 16777216
 48
100.0
100
AcDbPoint
 10
373591.8693869432
 20
57379.59929475127
 30
0.0
  0
POINT
  5
6E7
330
6DC
100
AcDbEntity
  8
Defpoints
 62
     0
440
 16777216
 48
100.0
100
AcDbPoint
 10
373808.4524432553
 20
57379.59929475127
 30
0.0
  0
ENDBLK
  5
6E8
330
6DC
100
AcDbEntity
  8
0
100
AcDbBlockEnd
  0
BLOCK
  5
6EA
330
6E9
100
AcDbEntity
  8
0
100
AcDbBlockBegin
  2
*D87
 70
     1
 10
0.0
 20
0.0
 30
0.0
  3
*D87
  1

  0
LINE
  5
6EB
330
6E9
100
AcDbEntity
  8
$Размеры
  6
Continuous
440
 16777216
370
    13
100
AcDbLine
 10
373931.5620872743
 20
57431.12678644674
 30
0.0
 11
373931.5620872743
 21
57324.87678644674
 31
0.0
  0
LINE
  5
6EC
330
6E9
100
AcDbEntity
  8
$Размеры
  6
Continuous
440
 16777216
370
    13
100
AcDbLine
 10
373931.5620872743
 20
57324.87678644674
 30
0.0
 11
373808.4524432553
 21
57324.70241622698
 31
0.0
  0
LINE
  5
6ED
330
6E9
100
AcDbEntity
  8
$Размеры
  6
Continuous
440
 16777216
370
    13
100
AcDbLine
 10
373641.8693869433
 20
57294.80553770271
 30
0.0
 11
373825.9524432553
 21
57294.80553770271
 31
0.0
  0
LINE
  5
6EE
330
6E9
100
AcDbEntity
  8
$Размеры
  6
Continuous
440
 16777216
370
    13
100
AcDbLine
 10
373641.8693869433
 20
57354.59929475126
 30
0.0
 11
373825.9524432553
 21
57354.59929475126
 31
0.0
  0
LINE
  5
6EF
330
6E9
100
AcDbEntity
  8
$Размеры
  6
Continuous
440
 16777216
370
    13
100
AcDbLine
 10
373808.4524432553
 20
57294.80553770271
 30
0.0
 11
373808.4524432553
 21
57354.59929475126
 31
0.0
  0
INSERT
  5
6F0
330
6E9
100
AcDbEntity
  8
$Размеры
440
 16777216
 48
100.0
370
    13
100
AcDbBlockReference
  2
_Oblique
 10
373808.4524432553
 20
57294.80553770271
 30
0.0
 41
37.5
 42
37.5
 43
37.5
 50
270.0
  0
INSERT
  5
6F1
330
6E9
100
AcDbEntity
  8
$Размеры
440
 16777216
 48
100.0
370
    13
100
AcDbBlockReference
  2
_Oblique
 10
373808.4524432553
 20
57354.59929475126
 30
0.0
 41
37.5
 42
37.5
 43
37.5
 50
90.0
  0
MTEXT
  5
6F2
330
6E9
100
AcDbEntity
  8
$Размеры
440
 16777216
 48
100.0
100
AcDbMText
 10
373887.8120872744
 20
57378.00178644675
 30
0.0
 40
62.5
 41
0.0
 46
0.0
 71
     5
 72
     1
  1
\A1;60
  7
@ТРАНСПРОЕКТ
 11
0.0
 21
1.0
 31
0.0
 73
     1
 44
1.0
  0
POINT
  5
6F3
330
6E9
100
AcDbEntity
  8
Defpoints
 62
     0
440
 16777216
 48
100.0
100
AcDbPoint
 10
373616.8693869433
 20
57294.80553770271
 30
0.0
  0
POINT
  5
6F4
330
6E9
100
AcDbEntity
  8
Defpoints
 62
     0
440
 16777216
 48
100.0
100
AcDbPoint
 10
373616.8693869433
 20
57354.59929475126
 30
0.0
  0
POINT
  5
6F5
330
6E9
100
AcDbEntity
  8
Defpoints
 62
     0
440
 16777216
 48
100.0
100
AcDbPoint
 10
373808.4524432553
 20
57354.59929475126
 30
0.0
  0
ENDBLK
  5
6F6
330
6E9
100
AcDbEntity
  8
0
100
AcDbBlockEnd
  0
BLOCK
  5
6F8
330
6F7
100
AcDbEntity
  8
0
100
AcDbBlockBegin
  2
*D88
 70
     1
 10
0.0
 20
0.0
 30
0.0
  3
*D88
  1

  0
LINE
  5
6F9
330
6F7
100
AcDbEntity
  8
$Размеры
  6
Continuous
440
 16777216
370
    13
100
AcDbLine
 10
374074.6295133617
 20
57382.13886118828
 30
0.0
 11
374074.6295133617
 21
57244.63886118828
 31
0.0
  0
LINE
  5
6FA
330
6F7
100
AcDbEntity
  8
$Размеры
  6
Continuous
440
 16777216
370
    13
100
AcDbLine
 10
374074.6295133617
 20
57244.63886118828
 30
0.0
 11
373808.4524432553
 21
57244.74491597714
 31
0.0
  0
LINE
  5
6FB
330
6F7
100
AcDbEntity
  8
$Размеры
  6
Continuous
440
 16777216
370
    13
100
AcDbLine
 10
373641.8693869433
 20
57294.80553770271
 30
0.0
 11
373825.9524432553
 21
57294.80553770271
 31
0.0
  0
LINE
  5
6FC
330
6F7
100
AcDbEntity
  8
$Размеры
  6
Continuous
440
 16777216
370
    13
100
AcDbLine
 10
373621.8693869432
 20
57194.68429425157
 30
0.0
 11
373825.9524432553
 21
57194.68429425157
 31
0.0
  0
LINE
  5
6FD
330
6F7
100
AcDbEntity
  8
$Размеры
  6
Continuous
440
 16777216
370
    13
100
AcDbLine
 10
373808.4524432553
 20
57294.80553770271
 30
0.0
 11
373808.4524432553
 21
57194.68429425157
 31
0.0
  0
INSERT
  5
6FE
330
6F7
100
AcDbEntity
  8
$Размеры
440
 16777216
 48
100.0
370
    13
100
AcDbBlockReference
  2
_Oblique
 10
373808.4524432553
 20
57294.80553770271
 30
0.0
 41
37.5
 42
37.5
 43
37.5
 50
90.0
  0
INSERT
  5
6FF
330
6F7
100
AcDbEntity
  8
$Размеры
440
 16777216
 48
100.0
370
    13
100
AcDbBlockReference
  2
_Oblique
 10
373808.4524432553
 20
57194.68429425157
 30
0.0
 41
37.5
 42
37.5
 43
37.5
 50
270.0
  0
MTEXT
  5
700
330
6F7
100
AcDbEntity
  8
$Размеры
440
 16777216
 48
100.0
100
AcDbMText
 10
374030.8795133617
 20
57313.38886118828
 30
0.0
 40
62.5
 41
0.0
 46
0.0
 71
     5
 72
     1
  1
\A1;100
  7
@ТРАНСПРОЕКТ
 11
0.0
 21
1.0
 31
0.0
 73
     1
 44
1.0
  0
POINT
  5
701
330
6F7
100
AcDbEntity
  8
Defpoints
 62
     0
440
 16777216
 48
100.0
100
AcDbPoint
 10
373616.8693869433
 20
57294.80553770271
 30
0.0
  0
POINT
  5
702
330
6F7
100
AcDbEntity
  8
Defpoints
 62
     0
440
 16777216
 48
100.0
100
AcDbPoint
 10
373596.8693869433
 20
57194.68429425157
 30
0.0
  0
POINT
  5
703
330
6F7
100
AcDbEntity
  8
Defpoints
 62
     0
440
 16777216
 48
100.0
100
AcDbPoint
 10
373808.4524432553
 20
57194.68429425157
 30
0.0
  0
ENDBLK
  5
704
330
6F7
100
AcDbEntity
  8
0
100
AcDbBlockEnd
  0
BLOCK
  5
706
330
705
100
AcDbEntity
  8
0
100
AcDbBlockBegin
  2
*D89
 70
     1
 10
0.0
 20
0.0
 30
0.0
  3
*D89
  1

  0
LINE
  5
707
330
705
100
AcDbEntity
  8
$Размеры
  6
Continuous
440
 16777216
370
    13
100
AcDbLine
 10
375796.4664385875
 20
57300.35485581573
 30
0.0
 11
375796.4664385875
 21
57526.44240154777
 31
0.0
  0
LINE
  5
708
330
705
100
AcDbEntity
  8
$Размеры
  6
Continuous
440
 16777216
370
    13
100
AcDbLine
 10
375201.4664383351
 20
57116.19985531604
 30
0.0
 11
375201.4664383351
 21
57526.44240154777
 31
0.0
  0
LINE
  5
709
330
705
100
AcDbEntity
  8
$Размеры
  6
Continuous
440
 16777216
370
    13
100
AcDbLine
 10
375796.4664385875
 20
57508.94240154776
 30
0.0
 11
375201.4664383351
 21
57508.94240154776
 31
0.0
  0
INSERT
  5
70A
330
705
100
AcDbEntity
  8
$Размеры
440
 16777216
 48
100.0
370
    13
100
AcDbBlockReference
  2
_Oblique
 10
375796.4664385875
 20
57508.94240154776
 30
0.0
 41
37.5
 42
37.5
 43
37.5
  0
INSERT
  5
70B
330
705
100
AcDbEntity
  8
$Размеры
440
 16777216
 48
100.0
370
    13
100
AcDbBlockReference
  2
_Oblique
 10
375201.4664383351
 20
57508.94240154776
 30
0.0
 41
37.5
 42
37.5
 43
37.5
 50
180.0
  0
MTEXT
  5
70C
330
705
100
AcDbEntity
  8
$Размеры
440
 16777216
 48
100.0
100
AcDbMText
 10
375498.9664384613
 20
57552.69240154776
 30
0.0
 40
62.5
 41
0.0
 46
0.0
 71
     5
 72
     1
  1
\A1;595
  7
@ТРАНСПРОЕКТ
 73
     1
 44
1.0
  0
POINT
  5
70D
330
705
100
AcDbEntity
  8
Defpoints
 62
     0
440
 16777216
 48
100.0
100
AcDbPoint
 10
375796.4664385875
 20
57275.35485581572
 30
0.0
  0
POINT
  5
70E
330
705
100
AcDbEntity
  8
Defpoints
 62
     0
440
 16777216
 48
100.0
100
AcDbPoint
 10
375201.4664383351
 20
57091.19985531605
 30
0.0
  0
POINT
  5
70F
330
705
100
AcDbEntity
  8
Defpoints
 62
     0
440
 16777216
 48
100.0
100
AcDbPoint
 10
375201.4664383351
 20
57508.94240154776
 30
0.0
  0
ENDBLK
  5
710
330
705
100
AcDbEntity
  8
0
100
AcDbBlockEnd
  0
BLOCK
  5
712
330
711
100
AcDbEntity
  8
0
100
AcDbBlockBegin
  2
*D90
 70
     1
 10
0.0
 20
0.0
 30
0.0
  3
*D90
  1

  0
LINE
  5
713
330
711
100
AcDbEntity
  8
$Размеры
  6
Continuous
440
 16777216
370
    13
100
AcDbLine
 10
375201.4664383351
 20
57116.19985531604
 30
0.0
 11
375201.4664383351
 21
57526.44240154777
 31
0.0
  0
LINE
  5
714
330
711
100
AcDbEntity
  8
$Размеры
  6
Continuous
440
 16777216
370
    13
100
AcDbLine
 10
375176.4664383351
 20
57091.19985531605
 30
0.0
 11
375176.4664383351
 21
57526.44240154777
 31
0.0
  0
LINE
  5
715
330
711
100
AcDbEntity
  8
$Размеры
  6
Continuous
440
 16777216
370
    13
100
AcDbLine
 10
375176.4664383351
 20
57508.94240154776
 30
0.0
 11
375032.7164383351
 21
57508.94240154776
 31
0.0
  0
LINE
  5
716
330
711
100
AcDbEntity
  8
$Размеры
  6
Continuous
440
 16777216
370
    13
100
AcDbLine
 10
375201.4664383351
 20
57508.94240154776
 30
0.0
 11
375238.9664383351
 21
57508.94240154776
 31
0.0
  0
INSERT
  5
717
330
711
100
AcDbEntity
  8
$Размеры
440
 16777216
 48
100.0
370
    13
100
AcDbBlockReference
  2
_Oblique
 10
375201.4664383351
 20
57508.94240154776
 30
0.0
 41
37.5
 42
37.5
 43
37.5
 50
180.0
  0
INSERT
  5
718
330
711
100
AcDbEntity
  8
$Размеры
440
 16777216
 48
100.0
370
    13
100
AcDbBlockReference
  2
_Oblique
 10
375176.4664383351
 20
57508.94240154776
 30
0.0
 41
37.5
 42
37.5
 43
37.5
  0
MTEXT
  5
719
330
711
100
AcDbEntity
  8
$Размеры
440
 16777216
 48
100.0
100
AcDbMText
 10
375048.3414383352
 20
57552.69240154776
 30
0.0
 40
62.5
 41
0.0
 46
0.0
 71
     5
 72
     1
  1
\A1;25
  7
@ТРАНСПРОЕКТ
 73
     1
 44
1.0
  0
POINT
  5
71A
330
711
100
AcDbEntity
  8
Defpoints
 62
     0
440
 16777216
 48
100.0
100
AcDbPoint
 10
375201.4664383351
 20
57091.19985531605
 30
0.0
  0
POINT
  5
71B
330
711
100
AcDbEntity
  8
Defpoints
 62
     0
440
 16777216
 48
100.0
100
AcDbPoint
 10
375176.4664383351
 20
57066.19985531604
 30
0.0
  0
POINT
  5
71C
330
711
100
AcDbEntity
  8
Defpoints
 62
     0
440
 16777216
 48
100.0
100
AcDbPoint
 10
375176.4664383351
 20
57508.94240154776
 30
0.0
  0
ENDBLK
  5
71D
330
711
100
AcDbEntity
  8
0
100
AcDbBlockEnd
  0
BLOCK
  5
71F
330
71E
100
AcDbEntity
  8
0
100
AcDbBlockBegin
  2
*D91
 70
     1
 10
0.0
 20
0.0
 30
0.0
  3
*D91
  1

  0
LINE
  5
720
330
71E
100
AcDbEntity
  8
$Размеры
  6
Continuous
440
 16777216
 48
50.0
370
    13
100
AcDbLine
 10
373066.8693869433
 20
57379.59929475127
 30
0.0
 11
372922.7908638276
 21
57379.59929475127
 31
0.0
  0
LINE
  5
721
330
71E
100
AcDbEntity
  8
$Размеры
  6
Continuous
440
 16777216
 48
50.0
370
    13
100
AcDbLine
 10
373041.8693869432
 20
57354.59929475126
 30
0.0
 11
372922.7908638276
 21
57354.59929475126
 31
0.0
  0
LINE
  5
722
330
71E
100
AcDbEntity
  8
$Размеры
  6
Continuous
440
 16777216
 48
50.0
370
    13
100
AcDbLine
 10
372940.2908638275
 20
57354.59929475126
 30
0.0
 11
372940.2908638275
 21
57210.84929475126
 31
0.0
  0
LINE
  5
723
330
71E
100
AcDbEntity
  8
$Размеры
  6
Continuous
440
 16777216
 48
50.0
370
    13
100
AcDbLine
 10
372940.2908638275
 20
57379.59929475127
 30
0.0
 11
372940.2908638275
 21
57417.09929475126
 31
0.0
  0
INSERT
  5
724
330
71E
100
AcDbEntity
  8
$Размеры
440
 16777216
 48
100.0
370
    13
100
AcDbBlockReference
  2
_Oblique
 10
372940.2908638275
 20
57379.59929475127
 30
0.0
 41
37.5
 42
37.5
 43
37.5
 50
270.0
  0
INSERT
  5
725
330
71E
100
AcDbEntity
  8
$Размеры
440
 16777216
 48
100.0
370
    13
100
AcDbBlockReference
  2
_Oblique
 10
372940.2908638275
 20
57354.59929475126
 30
0.0
 41
37.5
 42
37.5
 43
37.5
 50
90.0
  0
MTEXT
  5
726
330
71E
100
AcDbEntity
  8
$Размеры
440
 16777216
 48
100.0
100
AcDbMText
 10
372896.5408638276
 20
57226.47429475126
 30
0.0
 40
62.5
 41
0.0
 46
0.0
 71
     5
 72
     1
  1
\A1;25
  7
@ТРАНСПРОЕКТ
 11
0.0
 21
1.0
 31
0.0
 73
     1
 44
1.0
  0
POINT
  5
727
330
71E
100
AcDbEntity
  8
Defpoints
 62
     0
440
 16777216
 48
100.0
100
AcDbPoint
 10
373091.8693869432
 20
57379.59929475127
 30
0.0
  0
POINT
  5
728
330
71E
100
AcDbEntity
  8
Defpoints
 62
     0
440
 16777216
 48
100.0
100
AcDbPoint
 10
373066.8693869433
 20
57354.59929475126
 30
0.0
  0
POINT
  5
729
330
71E
100
AcDbEntity
  8
Defpoints
 62
     0
440
 16777216
 48
100.0
100
AcDbPoint
 10
372940.2908638275
 20
57354.59929475126
 30
0.0
  0
ENDBLK
  5
72A
330
71E
100
AcDbEntity
  8
0
100
AcDbBlockEnd
  0
BLOCK
  5
72C
330
72B
100
AcDbEntity
  8
0
100
AcDbBlockBegin
  2
*D92
 70
     1
 10
0.0
 20
0.0
 30
0.0
  3
*D92
  1

  0
LINE
  5
72D
330
72B
100
AcDbEntity
  8
$Размеры
  6
Continuous
440
 16777216
370
    13
100
AcDbLine
 10
375771.466438635
 20
57276.11485581573
 30
0.0
 11
375511.3496102698
 21
57276.11485581573
 31
0.0
  0
LINE
  5
72E
330
72B
100
AcDbEntity
  8
$Размеры
  6
Continuous
440
 16777216
370
    13
100
AcDbLine
 10
375796.466438635
 20
57301.11485581574
 30
0.0
 11
375511.3496102698
 21
57301.11485581574
 31
0.0
  0
LINE
  5
72F
330
72B
100
AcDbEntity
  8
$Размеры
  6
Continuous
440
 16777216
370
    13
100
AcDbLine
 10
375528.8496102698
 20
57301.11485581574
 30
0.0
 11
375528.8496102698
 21
57444.86485581574
 31
0.0
  0
LINE
  5
730
330
72B
100
AcDbEntity
  8
$Размеры
  6
Continuous
440
 16777216
370
    13
100
AcDbLine
 10
375528.8496102698
 20
57276.11485581573
 30
0.0
 11
375528.8496102698
 21
57238.61485581573
 31
0.0
  0
INSERT
  5
731
330
72B
100
AcDbEntity
  8
$Размеры
440
 16777216
 48
100.0
370
    13
100
AcDbBlockReference
  2
_Oblique
 10
375528.8496102698
 20
57276.11485581573
 30
0.0
 41
37.5
 42
37.5
 43
37.5
 50
90.0
  0
INSERT
  5
732
330
72B
100
AcDbEntity
  8
$Размеры
440
 16777216
 48
100.0
370
    13
100
AcDbBlockReference
  2
_Oblique
 10
375528.8496102698
 20
57301.11485581574
 30
0.0
 41
37.5
 42
37.5
 43
37.5
 50
270.0
  0
MTEXT
  5
733
330
72B
100
AcDbEntity
  8
$Размеры
440
 16777216
 48
100.0
100
AcDbMText
 10
375485.0996102697
 20
57429.23985581573
 30
0.0
 40
62.5
 41
0.0
 46
0.0
 71
     5
 72
     1
  1
\A1;25
  7
@ТРАНСПРОЕКТ
 11
0.0
 21
1.0
 31
0.0
 73
     1
 44
1.0
  0
POINT
  5
734
330
72B
100
AcDbEntity
  8
Defpoints
 62
     0
440
 16777216
 48
100.0
100
AcDbPoint
 10
375796.466438635
 20
57276.11485581573
 30
0.0
  0
POINT
  5
735
330
72B
100
AcDbEntity
  8
Defpoints
 62
     0
440
 16777216
 48
100.0
100
AcDbPoint
 10
375821.466438635
 20
57301.11485581574
 30
0.0
  0
POINT
  5
736
330
72B
100
AcDbEntity
  8
Defpoints
 62
     0
440
 16777216
 48
100.0
100
AcDbPoint
 10
375528.8496102698
 20
57301.11485581574
 30
0.0
  0
ENDBLK
  5
737
330
72B
100
AcDbEntity
  8
0
100
AcDbBlockEnd
  0
BLOCK
  5
739
330
738
100
AcDbEntity
  8
0
100
AcDbBlockBegin
  2
*D93
 70
     1
 10
0.0
 20
0.0
 30
0.0
  3
*D93
  1

  0
LINE
  5
73A
330
738
100
AcDbEntity
  8
$Размеры
  6
Continuous
440
 16777216
370
    13
100
AcDbLine
 10
375409.3739462744
 20
57352.53237680959
 30
0.0
 11
375409.3739462744
 21
57246.28237680959
 31
0.0
  0
LINE
  5
73B
330
738
100
AcDbEntity
  8
$Размеры
  6
Continuous
440
 16777216
370
    13
100
AcDbLine
 10
375409.3739462744
 20
57246.28237680959
 30
0.0
 11
375528.8496102698
 21
57246.21797729146
 31
0.0
  0
LINE
  5
73C
330
738
100
AcDbEntity
  8
$Размеры
  6
Continuous
440
 16777216
370
    13
100
AcDbLine
 10
375771.466438635
 20
57276.11485581573
 30
0.0
 11
375511.3496102698
 21
57276.11485581573
 31
0.0
  0
LINE
  5
73D
330
738
100
AcDbEntity
  8
$Размеры
  6
Continuous
440
 16777216
370
    13
100
AcDbLine
 10
375771.466438635
 20
57216.32109876718
 30
0.0
 11
375511.3496102698
 21
57216.32109876718
 31
0.0
  0
LINE
  5
73E
330
738
100
AcDbEntity
  8
$Размеры
  6
Continuous
440
 16777216
370
    13
100
AcDbLine
 10
375528.8496102698
 20
57276.11485581573
 30
0.0
 11
375528.8496102698
 21
57216.32109876718
 31
0.0
  0
INSERT
  5
73F
330
738
100
AcDbEntity
  8
$Размеры
440
 16777216
 48
100.0
370
    13
100
AcDbBlockReference
  2
_Oblique
 10
375528.8496102698
 20
57276.11485581573
 30
0.0
 41
37.5
 42
37.5
 43
37.5
 50
90.0
  0
INSERT
  5
740
330
738
100
AcDbEntity
  8
$Размеры
440
 16777216
 48
100.0
370
    13
100
AcDbBlockReference
  2
_Oblique
 10
375528.8496102698
 20
57216.32109876718
 30
0.0
 41
37.5
 42
37.5
 43
37.5
 50
270.0
  0
MTEXT
  5
741
330
738
100
AcDbEntity
  8
$Размеры
440
 16777216
 48
100.0
100
AcDbMText
 10
375365.6239462744
 20
57299.40737680959
 30
0.0
 40
62.5
 41
0.0
 46
0.0
 71
     5
 72
     1
  1
\A1;60
  7
@ТРАНСПРОЕКТ
 11
0.0
 21
1.0
 31
0.0
 73
     1
 44
1.0
  0
POINT
  5
742
330
738
100
AcDbEntity
  8
Defpoints
 62
     0
440
 16777216
 48
100.0
100
AcDbPoint
 10
375796.466438635
 20
57276.11485581573
 30
0.0
  0
POINT
  5
743
330
738
100
AcDbEntity
  8
Defpoints
 62
     0
440
 16777216
 48
100.0
100
AcDbPoint
 10
375796.466438635
 20
57216.32109876718
 30
0.0
  0
POINT
  5
744
330
738
100
AcDbEntity
  8
Defpoints
 62
     0
440
 16777216
 48
100.0
100
AcDbPoint
 10
375528.8496102698
 20
57216.32109876718
 30
0.0
  0
ENDBLK
  5
745
330
738
100
AcDbEntity
  8
0
100
AcDbBlockEnd
  0
BLOCK
  5
747
330
746
100
AcDbEntity
  8
0
100
AcDbBlockBegin
  2
*D94
 70
     1
 10
0.0
 20
0.0
 30
0.0
  3
*D94
  1

  0
LINE
  5
748
330
746
100
AcDbEntity
  8
$Размеры
  6
Continuous
440
 16777216
370
    13
100
AcDbLine
 10
375319.2049275168
 20
57303.82693443129
 30
0.0
 11
375319.2049275168
 21
57166.32693443129
 31
0.0
  0
LINE
  5
749
330
746
100
AcDbEntity
  8
$Размеры
  6
Continuous
440
 16777216
370
    13
100
AcDbLine
 10
375319.2049275168
 20
57166.32693443129
 30
0.0
 11
375528.8496102698
 21
57166.26047704162
 31
0.0
  0
LINE
  5
74A
330
746
100
AcDbEntity
  8
$Размеры
  6
Continuous
440
 16777216
370
    13
100
AcDbLine
 10
375771.466438635
 20
57216.32109876718
 30
0.0
 11
375511.3496102698
 21
57216.32109876718
 31
0.0
  0
LINE
  5
74B
330
746
100
AcDbEntity
  8
$Размеры
  6
Continuous
440
 16777216
370
    13
100
AcDbLine
 10
375791.466438635
 20
57116.19985531604
 30
0.0
 11
375511.3496102698
 21
57116.19985531604
 31
0.0
  0
LINE
  5
74C
330
746
100
AcDbEntity
  8
$Размеры
  6
Continuous
440
 16777216
370
    13
100
AcDbLine
 10
375528.8496102698
 20
57216.32109876718
 30
0.0
 11
375528.8496102698
 21
57116.19985531604
 31
0.0
  0
INSERT
  5
74D
330
746
100
AcDbEntity
  8
$Размеры
440
 16777216
 48
100.0
370
    13
100
AcDbBlockReference
  2
_Oblique
 10
375528.8496102698
 20
57216.32109876718
 30
0.0
 41
37.5
 42
37.5
 43
37.5
 50
90.0
  0
INSERT
  5
74E
330
746
100
AcDbEntity
  8
$Размеры
440
 16777216
 48
100.0
370
    13
100
AcDbBlockReference
  2
_Oblique
 10
375528.8496102698
 20
57116.19985531604
 30
0.0
 41
37.5
 42
37.5
 43
37.5
 50
270.0
  0
MTEXT
  5
74F
330
746
100
AcDbEntity
  8
$Размеры
440
 16777216
 48
100.0
100
AcDbMText
 10
375275.4549275169
 20
57235.07693443129
 30
0.0
 40
62.5
 41
0.0
 46
0.0
 71
     5
 72
     1
  1
\A1;100
  7
@ТРАНСПРОЕКТ
 11
0.0
 21
1.0
 31
0.0
 73
     1
 44
1.0
  0
POINT
  5
750
330
746
100
AcDbEntity
  8
Defpoints
 62
     0
440
 16777216
 48
100.0
100
AcDbPoint
 10
375796.466438635
 20
57216.32109876718
 30
0.0
  0
POINT
  5
751
330
746
100
AcDbEntity
  8
Defpoints
 62
     0
440
 16777216
 48
100.0
100
AcDbPoint
 10
375816.466438635
 20
57116.19985531604
 30
0.0
  0
POINT
  5
752
330
746
100
AcDbEntity
  8
Defpoints
 62
     0
440
 16777216
 48
100.0
100
AcDbPoint
 10
375528.8496102698
 20
57116.19985531604
 30
0.0
  0
ENDBLK
  5
753
330
746
100
AcDbEntity
  8
0
100
AcDbBlockEnd
  0
BLOCK
  5
755
330
754
100
AcDbEntity
  8
0
100
AcDbBlockBegin
  2
*D95
 70
     1
 10
0.0
 20
0.0
 30
0.0
  3
*D95
  1

  0
LINE
  5
756
330
754
100
AcDbEntity
  8
$Размеры
  6
Continuous
440
 16777216
370
    13
100
AcDbLine
 10
375791.466438635
 20
57116.19985531604
 30
0.0
 11
375511.3496102698
 21
57116.19985531604
 31
0.0
  0
LINE
  5
757
330
754
100
AcDbEntity
  8
$Размеры
  6
Continuous
440
 16777216
370
    13
100
AcDbLine
 10
375766.4664386387
 20
57091.19985531605
 30
0.0
 11
375511.3496102698
 21
57091.19985531605
 31
0.0
  0
LINE
  5
758
330
754
100
AcDbEntity
  8
$Размеры
  6
Continuous
440
 16777216
370
    13
100
AcDbLine
 10
375528.8496102698
 20
57091.19985531605
 30
0.0
 11
375528.8496102698
 21
56883.82803078912
 31
0.0
  0
LINE
  5
759
330
754
100
AcDbEntity
  8
$Размеры
  6
Continuous
440
 16777216
370
    13
100
AcDbLine
 10
375528.8496102698
 20
57091.19985531605
 30
0.0
 11
375528.8496102698
 21
56883.82803078912
 31
0.0
  0
LINE
  5
75A
330
754
100
AcDbEntity
  8
$Размеры
  6
Continuous
440
 16777216
370
    13
100
AcDbLine
 10
375528.8496102698
 20
57116.19985531604
 30
0.0
 11
375528.8496102698
 21
57091.19985531605
 31
0.0
  0
INSERT
  5
75B
330
754
100
AcDbEntity
  8
$Размеры
440
 16777216
 48
100.0
370
    13
100
AcDbBlockReference
  2
_Oblique
 10
375528.8496102698
 20
57116.19985531604
 30
0.0
 41
37.5
 42
37.5
 43
37.5
 50
90.0
  0
INSERT
  5
75C
330
754
100
AcDbEntity
  8
$Размеры
440
 16777216
 48
100.0
370
    13
100
AcDbBlockReference
  2
_Oblique
 10
375528.8496102698
 20
57091.19985531605
 30
0.0
 41
37.5
 42
37.5
 43
37.5
 50
270.0
  0
MTEXT
  5
75D
330
754
100
AcDbEntity
  8
$Размеры
440
 16777216
 48
100.0
100
AcDbMText
 10
375485.0996102697
 20
56936.95303078912
 30
0.0
 40
62.5
 41
0.0
 46
0.0
 71
     5
 72
     1
  1
\A1;25
  7
@ТРАНСПРОЕКТ
 11
0.0
 21
1.0
 31
0.0
 73
     1
 44
1.0
  0
POINT
  5
75E
330
754
100
AcDbEntity
  8
Defpoints
 62
     0
440
 16777216
 48
100.0
100
AcDbPoint
 10
375816.466438635
 20
57116.19985531604
 30
0.0
  0
POINT
  5
75F
330
754
100
AcDbEntity
  8
Defpoints
 62
     0
440
 16777216
 48
100.0
100
AcDbPoint
 10
375791.4664386387
 20
57091.19985531605
 30
0.0
  0
POINT
  5
760
330
754
100
AcDbEntity
  8
Defpoints
 62
     0
440
 16777216
 48
100.0
100
AcDbPoint
 10
375528.8496102698
 20
57091.19985531605
 30
0.0
  0
ENDBLK
  5
761
330
754
100
AcDbEntity
  8
0
100
AcDbBlockEnd
  0
BLOCK
  5
763
330
762
100
AcDbEntity
  8
0
100
AcDbBlockBegin
  2
*D96
 70
     1
 10
0.0
 20
0.0
 30
0.0
  3
*D96
  1

  0
LINE
  5
764
330
762
100
AcDbEntity
  8
$Размеры
  6
Continuous
440
 16777216
370
    13
100
AcDbLine
 10
376046.466438635
 20
57301.11485581574
 30
0.0
 11
376258.402057444
 21
57301.11485581574
 31
0.0
  0
LINE
  5
765
330
762
100
AcDbEntity
  8
$Размеры
  6
Continuous
440
 16777216
370
    13
100
AcDbLine
 10
376071.4664385149
 20
57276.11485581573
 30
0.0
 11
376258.402057444
 21
57276.11485581573
 31
0.0
  0
LINE
  5
766
330
762
100
AcDbEntity
  8
$Размеры
  6
Continuous
440
 16777216
370
    13
100
AcDbLine
 10
376240.902057444
 20
57301.11485581574
 30
0.0
 11
376240.902057444
 21
57450.11326807954
 31
0.0
  0
LINE
  5
767
330
762
100
AcDbEntity
  8
$Размеры
  6
Continuous
440
 16777216
370
    13
100
AcDbLine
 10
376240.902057444
 20
57301.11485581574
 30
0.0
 11
376240.902057444
 21
57450.11326807954
 31
0.0
  0
LINE
  5
768
330
762
100
AcDbEntity
  8
$Размеры
  6
Continuous
440
 16777216
370
    13
100
AcDbLine
 10
376240.902057444
 20
57301.11485581574
 30
0.0
 11
376240.902057444
 21
57276.11485581573
 31
0.0
  0
INSERT
  5
769
330
762
100
AcDbEntity
  8
$Размеры
440
 16777216
 48
100.0
370
    13
100
AcDbBlockReference
  2
_Oblique
 10
376240.902057444
 20
57301.11485581574
 30
0.0
 41
37.5
 42
37.5
 43
37.5
 50
90.0
  0
INSERT
  5
76A
330
762
100
AcDbEntity
  8
$Размеры
440
 16777216
 48
100.0
370
    13
100
AcDbBlockReference
  2
_Oblique
 10
376240.902057444
 20
57276.11485581573
 30
0.0
 41
37.5
 42
37.5
 43
37.5
 50
270.0
  0
MTEXT
  5
76B
330
762
100
AcDbEntity
  8
$Размеры
440
 16777216
 48
100.0
100
AcDbMText
 10
376197.1520574439
 20
57396.98826807955
 30
0.0
 40
62.5
 41
0.0
 46
0.0
 71
     5
 72
     1
  1
\A1;25
  7
@ТРАНСПРОЕКТ
 11
0.0
 21
1.0
 31
0.0
 73
     1
 44
1.0
  0
POINT
  5
76C
330
762
100
AcDbEntity
  8
Defpoints
 62
     0
440
 16777216
 48
100.0
100
AcDbPoint
 10
376021.466438635
 20
57301.11485581574
 30
0.0
  0
POINT
  5
76D
330
762
100
AcDbEntity
  8
Defpoints
 62
     0
440
 16777216
 48
100.0
100
AcDbPoint
 10
376046.4664385148
 20
57276.11485581573
 30
0.0
  0
POINT
  5
76E
330
762
100
AcDbEntity
  8
Defpoints
 62
     0
440
 16777216
 48
100.0
100
AcDbPoint
 10
376240.902057444
 20
57276.11485581573
 30
0.0
  0
ENDBLK
  5
76F
330
762
100
AcDbEntity
  8
0
100
AcDbBlockEnd
  0
BLOCK
  5
771
330
770
100
AcDbEntity
  8
0
100
AcDbBlockBegin
  2
*D97
 70
     1
 10
0.0
 20
0.0
 30
0.0
  3
*D97
  1

  0
LINE
  5
772
330
770
100
AcDbEntity
  8
$Размеры
  6
Continuous
440
 16777216
 48
50.0
370
    13
100
AcDbLine
 10
375791.4664386387
 20
57066.19985531604
 30
0.0
 11
375791.4664386387
 21
56878.3174503763
 31
0.0
  0
LINE
  5
773
330
770
100
AcDbEntity
  8
$Размеры
  6
Continuous
440
 16777216
 48
50.0
370
    13
100
AcDbLine
 10
375816.466438635
 20
57091.19985531605
 30
0.0
 11
375816.466438635
 21
56878.3174503763
 31
0.0
  0
LINE
  5
774
330
770
100
AcDbEntity
  8
$Размеры
  6
Continuous
440
 16777216
 48
50.0
370
    13
100
AcDbLine
 10
375816.466438635
 20
56895.81745037631
 30
0.0
 11
375960.2164386349
 21
56895.81745037631
 31
0.0
  0
LINE
  5
775
330
770
100
AcDbEntity
  8
$Размеры
  6
Continuous
440
 16777216
 48
50.0
370
    13
100
AcDbLine
 10
375791.4664386387
 20
56895.81745037631
 30
0.0
 11
375753.9664386387
 21
56895.81745037631
 31
0.0
  0
INSERT
  5
776
330
770
100
AcDbEntity
  8
$Размеры
440
 16777216
 48
100.0
370
    13
100
AcDbBlockReference
  2
_Oblique
 10
375791.4664386387
 20
56895.81745037631
 30
0.0
 41
37.5
 42
37.5
 43
37.5
  0
INSERT
  5
777
330
770
100
AcDbEntity
  8
$Размеры
440
 16777216
 48
100.0
370
    13
100
AcDbBlockReference
  2
_Oblique
 10
375816.466438635
 20
56895.81745037631
 30
0.0
 41
37.5
 42
37.5
 43
37.5
 50
180.0
  0
MTEXT
  5
778
330
770
100
AcDbEntity
  8
$Размеры
440
 16777216
 48
100.0
100
AcDbMText
 10
375944.591438635
 20
56939.5674503763
 30
0.0
 40
62.5
 41
0.0
 46
0.0
 71
     5
 72
     1
  1
\A1;25
  7
@ТРАНСПРОЕКТ
 73
     1
 44
1.0
  0
POINT
  5
779
330
770
100
AcDbEntity
  8
Defpoints
 62
     0
440
 16777216
 48
100.0
100
AcDbPoint
 10
375791.4664386387
 20
57091.19985531605
 30
0.0
  0
POINT
  5
77A
330
770
100
AcDbEntity
  8
Defpoints
 62
     0
440
 16777216
 48
100.0
100
AcDbPoint
 10
375816.466438635
 20
57116.19985531604
 30
0.0
  0
POINT
  5
77B
330
770
100
AcDbEntity
  8
Defpoints
 62
     0
440
 16777216
 48
100.0
100
AcDbPoint
 10
375816.466438635
 20
56895.81745037631
 30
0.0
  0
ENDBLK
  5
77C
330
770
100
AcDbEntity
  8
0
100
AcDbBlockEnd
  0
BLOCK
  5
A1D
330
A1C
100
AcDbEntity
  8
0
100
AcDbBlockBegin
  2
*D100
 70
     1
 10
0.0
 20
0.0
 30
0.0
  3
*D100
  1

  0
LINE
  5
EAD
330
A1C
100
AcDbEntity
  8
$Размеры
  6
Continuous
 62
     5
440
 16777216
370
    13
100
AcDbLine
 10
36747.85151249364
 20
31882.24939852164
 30
0.0
 11
36747.85151249364
 21
32436.81741171787
 31
0.0
  0
LINE
  5
EAE
330
A1C
100
AcDbEntity
  8
$Размеры
  6
Continuous
 62
     5
440
 16777216
370
    13
100
AcDbLine
 10
49562.85151243356
 20
31815.20439902032
 30
0.0
 11
49562.85151243356
 21
32436.81741171787
 31
0.0
  0
LINE
  5
EAF
330
A1C
100
AcDbEntity
  8
$Размеры
  6
Continuous
 62
     5
440
 16777216
370
    13
100
AcDbLine
 10
36747.85151249364
 20
32401.81741171787
 30
0.0
 11
49562.85151243356
 21
32401.81741171787
 31
0.0
  0
INSERT
  5
EB0
330
A1C
100
AcDbEntity
  8
$Размеры
 62
     5
440
 16777216
370
    13
100
AcDbBlockReference
  2
_Oblique
 10
36747.85151249364
 20
32401.81741171787
 30
0.0
 41
75.0
 42
75.0
 43
75.0
 50
180.0
  0
INSERT
  5
EB1
330
A1C
100
AcDbEntity
  8
$Размеры
 62
     5
440
 16777216
370
    13
100
AcDbBlockReference
  2
_Oblique
 10
49562.85151243356
 20
32401.81741171787
 30
0.0
 41
75.0
 42
75.0
 43
75.0
  0
MTEXT
  5
EB2
330
A1C
100
AcDbEntity
  8
$Размеры
 62
     5
440
 16777216
100
AcDbMText
 10
43155.3515124636
 20
32489.31741171787
 30
0.0
 40
125.0
 41
0.0
 46
0.0
 71
     5
 72
     1
  1
\A1;12815
  7
@ТРАНСПРОЕКТ
 73
     1
 44
1.0
  0
POINT
  5
EB3
330
A1C
100
AcDbEntity
  8
Defpoints
 62
     0
440
 16777216
100
AcDbPoint
 10
36747.85151249364
 20
31832.24939852165
 30
0.0
  0
POINT
  5
EB4
330
A1C
100
AcDbEntity
  8
Defpoints
 62
     0
440
 16777216
100
AcDbPoint
 10
49562.85151243356
 20
31765.20439902033
 30
0.0
  0
POINT
  5
EB5
330
A1C
100
AcDbEntity
  8
Defpoints
 62
     0
440
 16777216
100
AcDbPoint
 10
49562.85151243356
 20
32401.81741171787
 30
0.0
  0
ENDBLK
  5
A1E
330
A1C
100
AcDbEntity
  8
0
100
AcDbBlockEnd
  0
BLOCK
  5
A29
330
A28
100
AcDbEntity
  8
0
100
AcDbBlockBegin
  2
*D101
 70
     1
 10
0.0
 20
0.0
 30
0.0
  3
*D101
  1

  0
LINE
  5
EB6
330
A28
100
AcDbEntity
  8
$Размеры
  6
Continuous
 62
     5
440
 16777216
370
    13
100
AcDbLine
 10
36747.85151249364
 20
31882.24939852164
 30
0.0
 11
36747.85151249364
 21
32436.81741171787
 31
0.0
  0
LINE
  5
EB7
330
A28
100
AcDbEntity
  8
$Размеры
  6
Continuous
 62
     5
440
 16777216
370
    13
100
AcDbLine
 10
23632.85151243357
 20
31815.96439902033
 30
0.0
 11
23632.85151243357
 21
32436.81741171787
 31
0.0
  0
LINE
  5
EB8
330
A28
100
AcDbEntity
  8
$Размеры
  6
Continuous
 62
     5
440
 16777216
370
    13
100
AcDbLine
 10
36747.85151249364
 20
32401.81741171787
 30
0.0
 11
23632.85151243357
 21
32401.81741171787
 31
0.0
  0
INSERT
  5
EB9
330
A28
100
AcDbEntity
  8
$Размеры
 62
     5
440
 16777216
370
    13
100
AcDbBlockReference
  2
_Oblique
 10
36747.85151249364
 20
32401.81741171787
 30
0.0
 41
75.0
 42
75.0
 43
75.0
  0
INSERT
  5
EBA
330
A28
100
AcDbEntity
  8
$Размеры
 62
     5
440
 16777216
370
    13
100
AcDbBlockReference
  2
_Oblique
 10
23632.85151243357
 20
32401.81741171787
 30
0.0
 41
75.0
 42
75.0
 43
75.0
 50
180.0
  0
MTEXT
  5
EBB
330
A28
100
AcDbEntity
  8
$Размеры
 62
     5
440
 16777216
100
AcDbMText
 10
30190.3515124636
 20
32489.31741171787
 30
0.0
 40
125.0
 41
0.0
 46
0.0
 71
     5
 72
     1
  1
\A1;13115
  7
@ТРАНСПРОЕКТ
 73
     1
 44
1.0
  0
POINT
  5
EBC
330
A28
100
AcDbEntity
  8
Defpoints
 62
     0
440
 16777216
100
AcDbPoint
 10
36747.85151249364
 20
31832.24939852165
 30
0.0
  0
POINT
  5
EBD
330
A28
100
AcDbEntity
  8
Defpoints
 62
     0
440
 16777216
100
AcDbPoint
 10
23632.85151243357
 20
31765.96439902033
 30
0.0
  0
POINT
  5
EBE
330
A28
100
AcDbEntity
  8
Defpoints
 62
     0
440
 16777216
100
AcDbPoint
 10
23632.85151243357
 20
32401.81741171787
 30
0.0
  0
ENDBLK
  5
A2A
330
A28
100
AcDbEntity
  8
0
100
AcDbBlockEnd
  0
BLOCK
  5
A35
330
A34
100
AcDbEntity
  8
0
100
AcDbBlockBegin
  2
*D102
 70
     1
 10
0.0
 20
0.0
 30
0.0
  3
*D102
  1

  0
LINE
  5
EBF
330
A34
100
AcDbEntity
  8
$Выноски
  6
Continuous
 62
     5
440
 16777216
370
    13
100
AcDbLine
 10
31425.39910565697
 20
16859.81741171787
 30
0.0
 11
31425.39910565697
 21
16080.32247913271
 31
0.0
  0
LINE
  5
EC0
330
A34
100
AcDbEntity
  8
$Выноски
  6
Continuous
 62
     5
440
 16777216
370
    13
100
AcDbLine
 10
41770.30391921017
 20
16859.81741171787
 30
0.0
 11
41770.30391921017
 21
16080.32247913271
 31
0.0
  0
LINE
  5
EC1
330
A34
100
AcDbEntity
  8
$Выноски
  6
Continuous
 62
     5
440
 16777216
370
    13
100
AcDbLine
 10
31425.39910565697
 20
16115.32247913271
 30
0.0
 11
41770.30391921017
 21
16115.32247913271
 31
0.0
  0
INSERT
  5
EC2
330
A34
100
AcDbEntity
  8
$Выноски
 62
     5
440
 16777216
370
    13
100
AcDbBlockReference
  2
_Oblique
 10
31425.39910565697
 20
16115.32247913271
 30
0.0
 41
75.0
 42
75.0
 43
75.0
 50
180.0
  0
INSERT
  5
EC3
330
A34
100
AcDbEntity
  8
$Выноски
 62
     5
440
 16777216
370
    13
100
AcDbBlockReference
  2
_Oblique
 10
41770.30391921017
 20
16115.32247913271
 30
0.0
 41
75.0
 42
75.0
 43
75.0
  0
MTEXT
  5
EC4
330
A34
100
AcDbEntity
  8
$Выноски
 62
     5
440
 16777216
100
AcDbMText
 10
36747.85151249364
 20
16202.82247913271
 30
0.0
 40
125.0
 41
0.0
 46
0.0
 71
     5
 72
     1
  1
\A1;25930\P
  7
@ТРАНСПРОЕКТ
 73
     1
 44
1.0
  0
POINT
  5
EC5
330
A34
100
AcDbEntity
  8
Defpoints
 62
     0
440
 16777216
100
AcDbPoint
 10
31425.39910565697
 20
16909.81741171787
 30
0.0
  0
POINT
  5
EC6
330
A34
100
AcDbEntity
  8
Defpoints
 62
     0
440
 16777216
100
AcDbPoint
 10
41770.30391921017
 20
16909.81741171787
 30
0.0
  0
POINT
  5
EC7
330
A34
100
AcDbEntity
  8
Defpoints
 62
     0
440
 16777216
100
AcDbPoint
 10
41770.30391921017
 20
16115.32247913271
 30
0.0
  0
ENDBLK
  5
A36
330
A34
100
AcDbEntity
  8
0
100
AcDbBlockEnd
  0
BLOCK
  5
A41
330
A40
100
AcDbEntity
  8
0
100
AcDbBlockBegin
  2
*D103
 70
     1
 10
0.0
 20
0.0
 30
0.0
  3
*D103
  1

  0
LINE
  5
EC8
330
A40
100
AcDbEntity
  8
$Размеры
  6
Continuous
 62
     5
440
 16777216
370
    13
100
AcDbLine
 10
56419.8515124336
 20
17354.11338271192
 30
0.0
 11
56246.9954894102
 21
17354.11338271192
 31
0.0
  0
LINE
  5
EC9
330
A40
100
AcDbEntity
  8
$Размеры
  6
Continuous
 62
     5
440
 16777216
370
    13
100
AcDbLine
 10
56419.8515124336
 20
17654.566786196
 30
0.0
 11
56246.9954894102
 21
17654.566786196
 31
0.0
  0
LINE
  5
ECA
330
A40
100
AcDbEntity
  8
$Размеры
  6
Continuous
 62
     5
440
 16777216
370
    13
100
AcDbLine
 10
56281.99548941021
 20
17654.566786196
 30
0.0
 11
56281.99548941021
 21
17354.11338271192
 31
0.0
  0
LINE
  5
ECB
330
A40
100
AcDbEntity
  8
$Размеры
  6
Continuous
 62
     5
440
 16777216
370
    13
100
AcDbLine
 10
56281.99548941021
 20
17354.11338271192
 30
0.0
 11
56281.99548941021
 21
16958.11973365803
 31
0.0
  0
INSERT
  5
ECC
330
A40
100
AcDbEntity
  8
$Размеры
 62
     5
440
 16777216
370
    13
100
AcDbBlockReference
  2
_Oblique
 10
56281.99548941021
 20
17654.566786196
 30
0.0
 41
75.0
 42
75.0
 43
75.0
 50
90.0
  0
INSERT
  5
ECD
330
A40
100
AcDbEntity
  8
$Размеры
 62
     5
440
 16777216
370
    13
100
AcDbBlockReference
  2
_Oblique
 10
56281.99548941021
 20
17354.11338271192
 30
0.0
 41
75.0
 42
75.0
 43
75.0
 50
270.0
  0
MTEXT
  5
ECE
330
A40
100
AcDbEntity
  8
$Размеры
 62
     5
440
 16777216
100
AcDbMText
 10
56194.4954894102
 20
17118.61655818496
 30
0.0
 40
125.0
 41
0.0
 46
0.0
 71
     5
 72
     1
  1
\A1;300
  7
@ТРАНСПРОЕКТ
 11
0.0000000000000001
 21
1.0
 31
0.0
 73
     1
 44
1.0
  0
POINT
  5
ECF
330
A40
100
AcDbEntity
  8
Defpoints
 62
     0
440
 16777216
100
AcDbPoint
 10
56469.85151243359
 20
17354.11338271192
 30
0.0
  0
POINT
  5
ED0
330
A40
100
AcDbEntity
  8
Defpoints
 62
     0
440
 16777216
100
AcDbPoint
 10
56469.85151243359
 20
17654.566786196
 30
0.0
  0
POINT
  5
ED1
330
A40
100
AcDbEntity
  8
Defpoints
 62
     0
440
 16777216
100
AcDbPoint
 10
56281.99548941021
 20
17654.566786196
 30
0.0
  0
ENDBLK
  5
A42
330
A40
100
AcDbEntity
  8
0
100
AcDbBlockEnd
  0
BLOCK
  5
A4E
330
A4D
100
AcDbEntity
  8
0
100
AcDbBlockBegin
  2
*D104
 70
     1
 10
0.0
 20
0.0
 30
0.0
  3
*D104
  1

  0
LINE
  5
ED2
330
A4D
100
AcDbEntity
  8
$Размеры
  6
Continuous
 62
     5
440
 16777216
370
    13
100
AcDbLine
 10
56419.8515124336
 20
17654.566786196
 30
0.0
 11
56246.9954894102
 21
17654.566786196
 31
0.0
  0
LINE
  5
ED3
330
A4D
100
AcDbEntity
  8
$Размеры
  6
Continuous
 62
     5
440
 16777216
370
    13
100
AcDbLine
 10
56419.8515124336
 20
18230.09148321851
 30
0.0
 11
56246.9954894102
 21
18230.09148321851
 31
0.0
  0
LINE
  5
ED4
330
A4D
100
AcDbEntity
  8
$Размеры
  6
Continuous
 62
     5
440
 16777216
370
    13
100
AcDbLine
 10
56281.99548941021
 20
17654.566786196
 30
0.0
 11
56281.99548941021
 21
18230.09148321851
 31
0.0
  0
INSERT
  5
ED5
330
A4D
100
AcDbEntity
  8
$Размеры
 62
     5
440
 16777216
370
    13
100
AcDbBlockReference
  2
_Oblique
 10
56281.99548941021
 20
17654.566786196
 30
0.0
 41
75.0
 42
75.0
 43
75.0
 50
270.0
  0
INSERT
  5
ED6
330
A4D
100
AcDbEntity
  8
$Размеры
 62
     5
440
 16777216
370
    13
100
AcDbBlockReference
  2
_Oblique
 10
56281.99548941021
 20
18230.09148321851
 30
0.0
 41
75.0
 42
75.0
 43
75.0
 50
90.0
  0
MTEXT
  5
ED7
330
A4D
100
AcDbEntity
  8
$Размеры
 62
     5
440
 16777216
100
AcDbMText
 10
56194.4954894102
 20
17942.3291347076
 30
0.0
 40
125.0
 41
0.0
 46
0.0
 71
     5
 72
     1
  1
\A1;576
  7
@ТРАНСПРОЕКТ
 11
0.0000000000000001
 21
1.0
 31
0.0
 73
     1
 44
1.0
  0
POINT
  5
ED8
330
A4D
100
AcDbEntity
  8
Defpoints
 62
     0
440
 16777216
100
AcDbPoint
 10
56469.85151243359
 20
17654.566786196
 30
0.0
  0
POINT
  5
ED9
330
A4D
100
AcDbEntity
  8
Defpoints
 62
     0
440
 16777216
100
AcDbPoint
 10
56469.85151243359
 20
18230.09148321851
 30
0.0
  0
POINT
  5
EDA
330
A4D
100
AcDbEntity
  8
Defpoints
 62
     0
440
 16777216
100
AcDbPoint
 10
56281.99548941021
 20
18230.09148321851
 30
0.0
  0
ENDBLK
  5
A4F
330
A4D
100
AcDbEntity
  8
0
100
AcDbBlockEnd
  0
BLOCK
  5
A5A
330
A59
100
AcDbEntity
  8
0
100
AcDbBlockBegin
  2
*D105
 70
     1
 10
0.0
 20
0.0
 30
0.0
  3
*D105
  1

  0
LINE
  5
EDB
330
A59
100
AcDbEntity
  8
$Размеры
  6
Continuous
 62
     5
440
 16777216
370
    13
100
AcDbLine
 10
56419.8515124336
 20
13854.11338271192
 30
0.0
 11
56246.99548941021
 21
13854.11338271192
 31
0.0
  0
LINE
  5
EDC
330
A59
100
AcDbEntity
  8
$Размеры
  6
Continuous
 62
     5
440
 16777216
370
    13
100
AcDbLine
 10
56419.8515124336
 20
14154.566786196
 30
0.0
 11
56246.99548941021
 21
14154.566786196
 31
0.0
  0
LINE
  5
EDD
330
A59
100
AcDbEntity
  8
$Размеры
  6
Continuous
 62
     5
440
 16777216
370
    13
100
AcDbLine
 10
56281.99548941021
 20
14154.566786196
 30
0.0
 11
56281.99548941021
 21
13854.11338271192
 31
0.0
  0
LINE
  5
EDE
330
A59
100
AcDbEntity
  8
$Размеры
  6
Continuous
 62
     5
440
 16777216
370
    13
100
AcDbLine
 10
56281.99548941021
 20
13854.11338271192
 30
0.0
 11
56281.99548941021
 21
13380.11347168407
 31
0.0
  0
INSERT
  5
EDF
330
A59
100
AcDbEntity
  8
$Размеры
 62
     5
440
 16777216
370
    13
100
AcDbBlockReference
  2
_Oblique
 10
56281.99548941021
 20
14154.566786196
 30
0.0
 41
75.0
 42
75.0
 43
75.0
 50
90.0
  0
INSERT
  5
EE0
330
A59
100
AcDbEntity
  8
$Размеры
 62
     5
440
 16777216
370
    13
100
AcDbBlockReference
  2
_Oblique
 10
56281.99548941021
 20
13854.11338271192
 30
0.0
 41
75.0
 42
75.0
 43
75.0
 50
270.0
  0
MTEXT
  5
EE1
330
A59
100
AcDbEntity
  8
$Размеры
 62
     5
440
 16777216
100
AcDbMText
 10
56194.4954894102
 20
13540.610296211
 30
0.0
 40
125.0
 41
0.0
 46
0.0
 71
     5
 72
     1
  1
\A1;300
  7
@ТРАНСПРОЕКТ
 11
0.0000000000000001
 21
1.0
 31
0.0
 73
     1
 44
1.0
  0
POINT
  5
EE2
330
A59
100
AcDbEntity
  8
Defpoints
 62
     0
440
 16777216
100
AcDbPoint
 10
56469.85151243359
 20
13854.11338271192
 30
0.0
  0
POINT
  5
EE3
330
A59
100
AcDbEntity
  8
Defpoints
 62
     0
440
 16777216
100
AcDbPoint
 10
56469.85151243359
 20
14154.566786196
 30
0.0
  0
POINT
  5
EE4
330
A59
100
AcDbEntity
  8
Defpoints
 62
     0
440
 16777216
100
AcDbPoint
 10
56281.99548941021
 20
14154.566786196
 30
0.0
  0
ENDBLK
  5
A5B
330
A59
100
AcDbEntity
  8
0
100
AcDbBlockEnd
  0
BLOCK
  5
A67
330
A66
100
AcDbEntity
  8
0
100
AcDbBlockBegin
  2
*D106
 70
     1
 10
0.0
 20
0.0
 30
0.0
  3
*D106
  1

  0
LINE
  5
EE5
330
A66
100
AcDbEntity
  8
$Размеры
  6
Continuous
 62
     5
440
 16777216
370
    13
100
AcDbLine
 10
56419.8515124336
 20
14514.566786196
 30
0.0
 11
56246.99548941021
 21
14514.566786196
 31
0.0
  0
LINE
  5
EE6
330
A66
100
AcDbEntity
  8
$Размеры
  6
Continuous
 62
     5
440
 16777216
370
    13
100
AcDbLine
 10
56419.8515124336
 20
14154.566786196
 30
0.0
 11
56246.99548941021
 21
14154.566786196
 31
0.0
  0
LINE
  5
EE7
330
A66
100
AcDbEntity
  8
$Размеры
  6
Continuous
 62
     5
440
 16777216
370
    13
100
AcDbLine
 10
56281.99548941021
 20
14514.566786196
 30
0.0
 11
56281.99548941021
 21
14154.566786196
 31
0.0
  0
INSERT
  5
EE8
330
A66
100
AcDbEntity
  8
$Размеры
 62
     5
440
 16777216
370
    13
100
AcDbBlockReference
  2
_Oblique
 10
56281.99548941021
 20
14514.566786196
 30
0.0
 41
75.0
 42
75.0
 43
75.0
 50
90.0
  0
INSERT
  5
EE9
330
A66
100
AcDbEntity
  8
$Размеры
 62
     5
440
 16777216
370
    13
100
AcDbBlockReference
  2
_Oblique
 10
56281.99548941021
 20
14154.566786196
 30
0.0
 41
75.0
 42
75.0
 43
75.0
 50
270.0
  0
MTEXT
  5
EEA
330
A66
100
AcDbEntity
  8
$Размеры
 62
     5
440
 16777216
100
AcDbMText
 10
56194.4954894102
 20
14334.56678619599
 30
0.0
 40
125.0
 41
0.0
 46
0.0
 71
     5
 72
     1
  1
\A1;360
  7
@ТРАНСПРОЕКТ
 11
0.0000000000000001
 21
1.0
 31
0.0
 73
     1
 44
1.0
  0
POINT
  5
EEB
330
A66
100
AcDbEntity
  8
Defpoints
 62
     0
440
 16777216
100
AcDbPoint
 10
56469.85151243359
 20
14514.566786196
 30
0.0
  0
POINT
  5
EEC
330
A66
100
AcDbEntity
  8
Defpoints
 62
     0
440
 16777216
100
AcDbPoint
 10
56469.85151243359
 20
14154.566786196
 30
0.0
  0
POINT
  5
EED
330
A66
100
AcDbEntity
  8
Defpoints
 62
     0
440
 16777216
100
AcDbPoint
 10
56281.99548941021
 20
14154.566786196
 30
0.0
  0
ENDBLK
  5
A68
330
A66
100
AcDbEntity
  8
0
100
AcDbBlockEnd
  0
BLOCK
  5
A73
330
A72
100
AcDbEntity
  8
0
100
AcDbBlockBegin
  2
*D107
 70
     1
 10
0.0
 20
0.0
 30
0.0
  3
*D107
  1

  0
LINE
  5
EEE
330
A72
100
AcDbEntity
  8
$Размеры
  6
Continuous
 62
     5
440
 16777216
370
    13
100
AcDbLine
 10
62519.8515124336
 20
14184.11189978888
 30
0.0
 11
62818.27650526966
 21
14184.11189978888
 31
0.0
  0
LINE
  5
EEF
330
A72
100
AcDbEntity
  8
$Размеры
  6
Continuous
 62
     5
440
 16777216
370
    13
100
AcDbLine
 10
62519.8515124336
 20
14484.56530327295
 30
0.0
 11
62818.27650526966
 21
14484.56530327295
 31
0.0
  0
LINE
  5
EF0
330
A72
100
AcDbEntity
  8
$Размеры
  6
Continuous
 62
     5
440
 16777216
370
    13
100
AcDbLine
 10
62783.27650526966
 20
14484.56530327295
 30
0.0
 11
62783.27650526966
 21
14184.11189978888
 31
0.0
  0
LINE
  5
EF1
330
A72
100
AcDbEntity
  8
$Размеры
  6
Continuous
 62
     5
440
 16777216
370
    13
100
AcDbLine
 10
62783.27650526966
 20
14184.11189978888
 30
0.0
 11
62783.27650526966
 21
13788.11825073498
 31
0.0
  0
INSERT
  5
EF2
330
A72
100
AcDbEntity
  8
$Размеры
 62
     5
440
 16777216
370
    13
100
AcDbBlockReference
  2
_Oblique
 10
62783.27650526966
 20
14484.56530327295
 30
0.0
 41
75.0
 42
75.0
 43
75.0
 50
90.0
  0
INSERT
  5
EF3
330
A72
100
AcDbEntity
  8
$Размеры
 62
     5
440
 16777216
370
    13
100
AcDbBlockReference
  2
_Oblique
 10
62783.27650526966
 20
14184.11189978888
 30
0.0
 41
75.0
 42
75.0
 43
75.0
 50
270.0
  0
MTEXT
  5
EF4
330
A72
100
AcDbEntity
  8
$Размеры
 62
     5
440
 16777216
100
AcDbMText
 10
62695.77650526965
 20
13948.61507526191
 30
0.0
 40
125.0
 41
0.0
 46
0.0
 71
     5
 72
     1
  1
\A1;300
  7
@ТРАНСПРОЕКТ
 11
0.0000000000000001
 21
1.0
 31
0.0
 73
     1
 44
1.0
  0
POINT
  5
EF5
330
A72
100
AcDbEntity
  8
Defpoints
 62
     0
440
 16777216
100
AcDbPoint
 10
62469.85151243359
 20
14184.11189978888
 30
0.0
  0
POINT
  5
EF6
330
A72
100
AcDbEntity
  8
Defpoints
 62
     0
440
 16777216
100
AcDbPoint
 10
62469.85151243359
 20
14484.56530327295
 30
0.0
  0
POINT
  5
EF7
330
A72
100
AcDbEntity
  8
Defpoints
 62
     0
440
 16777216
100
AcDbPoint
 10
62783.27650526966
 20
14484.56530327295
 30
0.0
  0
ENDBLK
  5
A74
330
A72
100
AcDbEntity
  8
0
100
AcDbBlockEnd
  0
BLOCK
  5
A80
330
A7F
100
AcDbEntity
  8
0
100
AcDbBlockBegin
  2
*D108
 70
     1
 10
0.0
 20
0.0
 30
0.0
  3
*D108
  1

  0
LINE
  5
EF8
330
A7F
100
AcDbEntity
  8
$Размеры
  6
Continuous
 62
     5
440
 16777216
370
    13
100
AcDbLine
 10
62519.85151603595
 20
14544.56530308599
 30
0.0
 11
62818.27650545639
 21
14544.56530308599
 31
0.0
  0
LINE
  5
EF9
330
A7F
100
AcDbEntity
  8
$Размеры
  6
Continuous
 62
     5
440
 16777216
370
    13
100
AcDbLine
 10
62519.8515124336
 20
14484.56530308599
 30
0.0
 11
62818.27650545639
 21
14484.56530308599
 31
0.0
  0
LINE
  5
EFA
330
A7F
100
AcDbEntity
  8
$Размеры
  6
Continuous
 62
     5
440
 16777216
370
    13
100
AcDbLine
 10
62783.27650545639
 20
14484.56530308599
 30
0.0
 11
62783.27650545639
 21
14544.56530308599
 31
0.0
  0
LINE
  5
EFB
330
A7F
100
AcDbEntity
  8
$Размеры
  6
Continuous
 62
     5
440
 16777216
370
    13
100
AcDbLine
 10
62783.27650545639
 20
14544.56530308599
 30
0.0
 11
62783.27650545639
 21
14974.31043525024
 31
0.0
  0
INSERT
  5
EFC
330
A7F
100
AcDbEntity
  8
$Размеры
 62
     5
440
 16777216
370
    13
100
AcDbBlockReference
  2
_Oblique
 10
62783.27650545639
 20
14484.56530308599
 30
0.0
 41
75.0
 42
75.0
 43
75.0
 50
270.0
  0
INSERT
  5
EFD
330
A7F
100
AcDbEntity
  8
$Размеры
 62
     5
440
 16777216
370
    13
100
AcDbBlockReference
  2
_Oblique
 10
62783.27650545639
 20
14544.56530308599
 30
0.0
 41
75.0
 42
75.0
 43
75.0
 50
90.0
  0
MTEXT
  5
EFE
330
A7F
100
AcDbEntity
  8
$Размеры
 62
     5
440
 16777216
100
AcDbMText
 10
62695.77650545637
 20
14857.56361072327
 30
0.0
 40
125.0
 41
0.0
 46
0.0
 71
     5
 72
     1
  1
\A1;60
  7
@ТРАНСПРОЕКТ
 11
0.0000000000000001
 21
1.0
 31
0.0
 73
     1
 44
1.0
  0
POINT
  5
EFF
330
A7F
100
AcDbEntity
  8
Defpoints
 62
     0
440
 16777216
100
AcDbPoint
 10
62469.85151603595
 20
14544.56530308599
 30
0.0
  0
POINT
  5
F00
330
A7F
100
AcDbEntity
  8
Defpoints
 62
     0
440
 16777216
100
AcDbPoint
 10
62469.85151243359
 20
14484.56530308599
 30
0.0
  0
POINT
  5
F01
330
A7F
100
AcDbEntity
  8
Defpoints
 62
     0
440
 16777216
100
AcDbPoint
 10
62783.27650545639
 20
14484.56530308599
 30
0.0
  0
ENDBLK
  5
A81
330
A7F
100
AcDbEntity
  8
0
100
AcDbBlockEnd
  0
BLOCK
  5
A8D
330
A8C
100
AcDbEntity
  8
0
100
AcDbBlockBegin
  2
*D109
 70
     1
 10
0.0
 20
0.0
 30
0.0
  3
*D109
  1

  0
LINE
  5
F02
330
A8C
100
AcDbEntity
  8
$Размеры
  6
Continuous
 62
     5
440
 16777216
370
    13
100
AcDbLine
 10
62519.8515124336
 20
17984.56530308599
 30
0.0
 11
62818.2765052697
 21
17984.56530308599
 31
0.0
  0
LINE
  5
F03
330
A8C
100
AcDbEntity
  8
$Размеры
  6
Continuous
 62
     5
440
 16777216
370
    13
100
AcDbLine
 10
62519.8515124336
 20
17684.11189978887
 30
0.0
 11
62818.2765052697
 21
17684.11189978887
 31
0.0
  0
LINE
  5
F04
330
A8C
100
AcDbEntity
  8
$Размеры
  6
Continuous
 62
     5
440
 16777216
370
    13
100
AcDbLine
 10
62783.2765052697
 20
17984.56530308599
 30
0.0
 11
62783.2765052697
 21
17684.11189978887
 31
0.0
  0
LINE
  5
F05
330
A8C
100
AcDbEntity
  8
$Размеры
  6
Continuous
 62
     5
440
 16777216
370
    13
100
AcDbLine
 10
62783.2765052697
 20
17684.11189978887
 30
0.0
 11
62783.2765052697
 21
17288.11825073499
 31
0.0
  0
INSERT
  5
F06
330
A8C
100
AcDbEntity
  8
$Размеры
 62
     5
440
 16777216
370
    13
100
AcDbBlockReference
  2
_Oblique
 10
62783.2765052697
 20
17984.56530308599
 30
0.0
 41
75.0
 42
75.0
 43
75.0
 50
90.0
  0
INSERT
  5
F07
330
A8C
100
AcDbEntity
  8
$Размеры
 62
     5
440
 16777216
370
    13
100
AcDbBlockReference
  2
_Oblique
 10
62783.2765052697
 20
17684.11189978887
 30
0.0
 41
75.0
 42
75.0
 43
75.0
 50
270.0
  0
MTEXT
  5
F08
330
A8C
100
AcDbEntity
  8
$Размеры
 62
     5
440
 16777216
100
AcDbMText
 10
62695.7765052697
 20
17448.61507526191
 30
0.0
 40
125.0
 41
0.0
 46
0.0
 71
     5
 72
     1
  1
\A1;300
  7
@ТРАНСПРОЕКТ
 11
0.0000000000000001
 21
1.0
 31
0.0
 73
     1
 44
1.0
  0
POINT
  5
F09
330
A8C
100
AcDbEntity
  8
Defpoints
 62
     0
440
 16777216
100
AcDbPoint
 10
62469.85151243359
 20
17984.56530308599
 30
0.0
  0
POINT
  5
F0A
330
A8C
100
AcDbEntity
  8
Defpoints
 62
     0
440
 16777216
100
AcDbPoint
 10
62469.85151243359
 20
17684.11189978887
 30
0.0
  0
POINT
  5
F0B
330
A8C
100
AcDbEntity
  8
Defpoints
 62
     0
440
 16777216
100
AcDbPoint
 10
62783.2765052697
 20
17684.11189978887
 30
0.0
  0
ENDBLK
  5
A8E
330
A8C
100
AcDbEntity
  8
0
100
AcDbBlockEnd
  0
BLOCK
  5
A9A
330
A99
100
AcDbEntity
  8
0
100
AcDbBlockBegin
  2
*D110
 70
     1
 10
0.0
 20
0.0
 30
0.0
  3
*D110
  1

  0
LINE
  5
F0C
330
A99
100
AcDbEntity
  8
$Размеры
  6
Continuous
 62
     5
440
 16777216
370
    13
100
AcDbLine
 10
62519.8515124336
 20
18260.09901101111
 30
0.0
 11
62818.27650526965
 21
18260.09901101111
 31
0.0
  0
LINE
  5
F0D
330
A99
100
AcDbEntity
  8
$Размеры
  6
Continuous
 62
     5
440
 16777216
370
    13
100
AcDbLine
 10
62519.8515124336
 20
17984.56530308599
 30
0.0
 11
62818.27650526965
 21
17984.56530308599
 31
0.0
  0
LINE
  5
F0E
330
A99
100
AcDbEntity
  8
$Размеры
  6
Continuous
 62
     5
440
 16777216
370
    13
100
AcDbLine
 10
62783.27650526965
 20
17984.56530308599
 30
0.0
 11
62783.27650526965
 21
18260.09901101111
 31
0.0
  0
LINE
  5
F0F
330
A99
100
AcDbEntity
  8
$Размеры
  6
Continuous
 62
     5
440
 16777216
370
    13
100
AcDbLine
 10
62783.27650526965
 20
18260.09901101111
 30
0.0
 11
62783.27650526965
 21
18656.09266006534
 31
0.0
  0
INSERT
  5
F10
330
A99
100
AcDbEntity
  8
$Размеры
 62
     5
440
 16777216
370
    13
100
AcDbBlockReference
  2
_Oblique
 10
62783.27650526965
 20
17984.56530308599
 30
0.0
 41
75.0
 42
75.0
 43
75.0
 50
270.0
  0
INSERT
  5
F11
330
A99
100
AcDbEntity
  8
$Размеры
 62
     5
440
 16777216
370
    13
100
AcDbBlockReference
  2
_Oblique
 10
62783.27650526965
 20
18260.09901101111
 30
0.0
 41
75.0
 42
75.0
 43
75.0
 50
90.0
  0
MTEXT
  5
F12
330
A99
100
AcDbEntity
  8
$Размеры
 62
     5
440
 16777216
100
AcDbMText
 10
62695.77650526965
 20
18495.59583553838
 30
0.0
 40
125.0
 41
0.0
 46
0.0
 71
     5
 72
     1
  1
\A1;276
  7
@ТРАНСПРОЕКТ
 11
0.0000000000000001
 21
1.0
 31
0.0
 73
     1
 44
1.0
  0
POINT
  5
F13
330
A99
100
AcDbEntity
  8
Defpoints
 62
     0
440
 16777216
100
AcDbPoint
 10
62469.85151243359
 20
18260.09901101111
 30
0.0
  0
POINT
  5
F14
330
A99
100
AcDbEntity
  8
Defpoints
 62
     0
440
 16777216
100
AcDbPoint
 10
62469.85151243359
 20
17984.56530308599
 30
0.0
  0
POINT
  5
F15
330
A99
100
AcDbEntity
  8
Defpoints
 62
     0
440
 16777216
100
AcDbPoint
 10
62783.27650526965
 20
17984.56530308599
 30
0.0
  0
ENDBLK
  5
A9B
330
A99
100
AcDbEntity
  8
0
100
AcDbBlockEnd
  0
BLOCK
  5
AA7
330
AA6
100
AcDbEntity
  8
0
100
AcDbBlockBegin
  2
*D111
 70
     1
 10
0.0
 20
0.0
 30
0.0
  3
*D111
  1

  0
LINE
  5
F16
330
AA6
100
AcDbEntity
  8
$Размеры
  6
Continuous
 62
     5
440
 16777216
370
    13
100
AcDbLine
 10
31425.39910565697
 20
26971.8153508846
 30
0.0
 11
31425.39910565697
 21
27444.87393874096
 31
0.0
  0
LINE
  5
F17
330
AA6
100
AcDbEntity
  8
$Размеры
  6
Continuous
 62
     5
440
 16777216
370
    13
100
AcDbLine
 10
31975.39910565696
 20
26971.8153508846
 30
0.0
 11
31975.39910565696
 21
27444.87393874096
 31
0.0
  0
LINE
  5
F18
330
AA6
100
AcDbEntity
  8
$Размеры
  6
Continuous
 62
     5
440
 16777216
370
    13
100
AcDbLine
 10
31425.39910565697
 20
27409.87393874096
 30
0.0
 11
31975.39910565696
 21
27409.87393874096
 31
0.0
  0
INSERT
  5
F19
330
AA6
100
AcDbEntity
  8
$Размеры
 62
     5
440
 16777216
370
    13
100
AcDbBlockReference
  2
_Oblique
 10
31425.39910565697
 20
27409.87393874096
 30
0.0
 41
75.0
 42
75.0
 43
75.0
 50
180.0
  0
INSERT
  5
F1A
330
AA6
100
AcDbEntity
  8
$Размеры
 62
     5
440
 16777216
370
    13
100
AcDbBlockReference
  2
_Oblique
 10
31975.39910565696
 20
27409.87393874096
 30
0.0
 41
75.0
 42
75.0
 43
75.0
  0
MTEXT
  5
F1B
330
AA6
100
AcDbEntity
  8
$Размеры
 62
     5
440
 16777216
100
AcDbMText
 10
31700.39910565697
 20
27497.37393874096
 30
0.0
 40
125.0
 41
0.0
 46
0.0
 71
     5
 72
     1
  1
\A1;550
  7
@ТРАНСПРОЕКТ
 73
     1
 44
1.0
  0
POINT
  5
F1C
330
AA6
100
AcDbEntity
  8
Defpoints
 62
     0
440
 16777216
100
AcDbPoint
 10
31425.39910565697
 20
26921.8153508846
 30
0.0
  0
POINT
  5
F1D
330
AA6
100
AcDbEntity
  8
Defpoints
 62
     0
440
 16777216
100
AcDbPoint
 10
31975.39910565696
 20
26921.8153508846
 30
0.0
  0
POINT
  5
F1E
330
AA6
100
AcDbEntity
  8
Defpoints
 62
     0
440
 16777216
100
AcDbPoint
 10
31975.39910565696
 20
27409.87393874096
 30
0.0
  0
ENDBLK
  5
AA8
330
AA6
100
AcDbEntity
  8
0
100
AcDbBlockEnd
  0
BLOCK
  5
AB3
330
AB2
100
AcDbEntity
  8
0
100
AcDbBlockBegin
  2
*D112
 70
     1
 10
0.0
 20
0.0
 30
0.0
  3
*D112
  1

  0
LINE
  5
F1F
330
AB2
100
AcDbEntity
  8
$Размеры
  6
Continuous
 62
     5
440
 16777216
370
    13
100
AcDbLine
 10
31975.39910565696
 20
26971.8153508846
 30
0.0
 11
31975.39910565696
 21
27444.87393874096
 31
0.0
  0
LINE
  5
F20
330
AB2
100
AcDbEntity
  8
$Размеры
  6
Continuous
 62
     5
440
 16777216
370
    13
100
AcDbLine
 10
32595.39910595685
 20
26761.90035038491
 30
0.0
 11
32595.39910595685
 21
27444.87393874096
 31
0.0
  0
LINE
  5
F21
330
AB2
100
AcDbEntity
  8
$Размеры
  6
Continuous
 62
     5
440
 16777216
370
    13
100
AcDbLine
 10
31975.39910565696
 20
27409.87393874096
 30
0.0
 11
32595.39910595685
 21
27409.87393874096
 31
0.0
  0
INSERT
  5
F22
330
AB2
100
AcDbEntity
  8
$Размеры
 62
     5
440
 16777216
370
    13
100
AcDbBlockReference
  2
_Oblique
 10
31975.39910565696
 20
27409.87393874096
 30
0.0
 41
75.0
 42
75.0
 43
75.0
 50
180.0
  0
INSERT
  5
F23
330
AB2
100
AcDbEntity
  8
$Размеры
 62
     5
440
 16777216
370
    13
100
AcDbBlockReference
  2
_Oblique
 10
32595.39910595685
 20
27409.87393874096
 30
0.0
 41
75.0
 42
75.0
 43
75.0
  0
MTEXT
  5
F24
330
AB2
100
AcDbEntity
  8
$Размеры
 62
     5
440
 16777216
100
AcDbMText
 10
32285.39910580691
 20
27497.37393874096
 30
0.0
 40
125.0
 41
0.0
 46
0.0
 71
     5
 72
     1
  1
\A1;620
  7
@ТРАНСПРОЕКТ
 73
     1
 44
1.0
  0
POINT
  5
F25
330
AB2
100
AcDbEntity
  8
Defpoints
 62
     0
440
 16777216
100
AcDbPoint
 10
31975.39910565696
 20
26921.8153508846
 30
0.0
  0
POINT
  5
F26
330
AB2
100
AcDbEntity
  8
Defpoints
 62
     0
440
 16777216
100
AcDbPoint
 10
32595.39910595685
 20
26711.90035038491
 30
0.0
  0
POINT
  5
F27
330
AB2
100
AcDbEntity
  8
Defpoints
 62
     0
440
 16777216
100
AcDbPoint
 10
32595.39910595685
 20
27409.87393874096
 30
0.0
  0
ENDBLK
  5
AB4
330
AB2
100
AcDbEntity
  8
0
100
AcDbBlockEnd
  0
BLOCK
  5
ABF
330
ABE
100
AcDbEntity
  8
0
100
AcDbBlockBegin
  2
*D113
 70
     1
 10
0.0
 20
0.0
 30
0.0
  3
*D113
  1

  0
LINE
  5
F28
330
ABE
100
AcDbEntity
  8
$Размеры
  6
Continuous
 62
     5
440
 16777216
370
    13
100
AcDbLine
 10
32595.39910595685
 20
26761.90035038491
 30
0.0
 11
32595.39910595685
 21
27444.87393874107
 31
0.0
  0
LINE
  5
F29
330
ABE
100
AcDbEntity
  8
$Размеры
  6
Continuous
 62
     5
440
 16777216
370
    13
100
AcDbLine
 10
36497.85151249364
 20
26857.24939852164
 30
0.0
 11
36497.85151249364
 21
27444.87393874107
 31
0.0
  0
LINE
  5
F2A
330
ABE
100
AcDbEntity
  8
$Размеры
  6
Continuous
 62
     5
440
 16777216
370
    13
100
AcDbLine
 10
32595.39910595685
 20
27409.87393874108
 30
0.0
 11
36497.85151249364
 21
27409.87393874108
 31
0.0
  0
INSERT
  5
F2B
330
ABE
100
AcDbEntity
  8
$Размеры
 62
     5
440
 16777216
370
    13
100
AcDbBlockReference
  2
_Oblique
 10
32595.39910595685
 20
27409.87393874108
 30
0.0
 41
75.0
 42
75.0
 43
75.0
 50
180.0
  0
INSERT
  5
F2C
330
ABE
100
AcDbEntity
  8
$Размеры
 62
     5
440
 16777216
370
    13
100
AcDbBlockReference
  2
_Oblique
 10
36497.85151249364
 20
27409.87393874108
 30
0.0
 41
75.0
 42
75.0
 43
75.0
  0
MTEXT
  5
F2D
330
ABE
100
AcDbEntity
  8
$Размеры
 62
     5
440
 16777216
100
AcDbMText
 10
34546.62530922524
 20
27497.37393874108
 30
0.0
 40
125.0
 41
0.0
 46
0.0
 71
     5
 72
     1
  1
\A1;11695
  7
@ТРАНСПРОЕКТ
 73
     1
 44
1.0
  0
POINT
  5
F2E
330
ABE
100
AcDbEntity
  8
Defpoints
 62
     0
440
 16777216
100
AcDbPoint
 10
32595.39910595685
 20
26711.90035038491
 30
0.0
  0
POINT
  5
F2F
330
ABE
100
AcDbEntity
  8
Defpoints
 62
     0
440
 16777216
100
AcDbPoint
 10
36497.85151249364
 20
26807.24939852164
 30
0.0
  0
POINT
  5
F30
330
ABE
100
AcDbEntity
  8
Defpoints
 62
     0
440
 16777216
100
AcDbPoint
 10
36497.85151249364
 20
27409.87393874108
 30
0.0
  0
ENDBLK
  5
AC0
330
ABE
100
AcDbEntity
  8
0
100
AcDbBlockEnd
  0
BLOCK
  5
ACB
330
ACA
100
AcDbEntity
  8
0
100
AcDbBlockBegin
  2
*D114
 70
     1
 10
0.0
 20
0.0
 30
0.0
  3
*D114
  1

  0
LINE
  5
F31
330
ACA
100
AcDbEntity
  8
$Размеры
  6
Continuous
 62
     5
440
 16777216
370
    13
100
AcDbLine
 10
36497.85151249364
 20
26857.24939852164
 30
0.0
 11
36497.85151249364
 21
27444.87393874107
 31
0.0
  0
LINE
  5
F32
330
ACA
100
AcDbEntity
  8
$Размеры
  6
Continuous
 62
     5
440
 16777216
370
    13
100
AcDbLine
 10
36997.85151249364
 20
26857.24939852164
 30
0.0
 11
36997.85151249364
 21
27444.87393874107
 31
0.0
  0
LINE
  5
F33
330
ACA
100
AcDbEntity
  8
$Размеры
  6
Continuous
 62
     5
440
 16777216
370
    13
100
AcDbLine
 10
36497.85151249364
 20
27409.87393874108
 30
0.0
 11
36997.85151249364
 21
27409.87393874108
 31
0.0
  0
INSERT
  5
F34
330
ACA
100
AcDbEntity
  8
$Размеры
 62
     5
440
 16777216
370
    13
100
AcDbBlockReference
  2
_Oblique
 10
36497.85151249364
 20
27409.87393874108
 30
0.0
 41
75.0
 42
75.0
 43
75.0
 50
180.0
  0
INSERT
  5
F35
330
ACA
100
AcDbEntity
  8
$Размеры
 62
     5
440
 16777216
370
    13
100
AcDbBlockReference
  2
_Oblique
 10
36997.85151249364
 20
27409.87393874108
 30
0.0
 41
75.0
 42
75.0
 43
75.0
  0
MTEXT
  5
F36
330
ACA
100
AcDbEntity
  8
$Размеры
 62
     5
440
 16777216
100
AcDbMText
 10
36747.85151249364
 20
27497.37393874108
 30
0.0
 40
125.0
 41
0.0
 46
0.0
 71
     5
 72
     1
  1
\A1;500
  7
@ТРАНСПРОЕКТ
 73
     1
 44
1.0
  0
POINT
  5
F37
330
ACA
100
AcDbEntity
  8
Defpoints
 62
     0
440
 16777216
100
AcDbPoint
 10
36497.85151249364
 20
26807.24939852164
 30
0.0
  0
POINT
  5
F38
330
ACA
100
AcDbEntity
  8
Defpoints
 62
     0
440
 16777216
100
AcDbPoint
 10
36997.85151249364
 20
26807.24939852164
 30
0.0
  0
POINT
  5
F39
330
ACA
100
AcDbEntity
  8
Defpoints
 62
     0
440
 16777216
100
AcDbPoint
 10
36997.85151249364
 20
27409.87393874108
 30
0.0
  0
ENDBLK
  5
ACC
330
ACA
100
AcDbEntity
  8
0
100
AcDbBlockEnd
  0
BLOCK
  5
AD7
330
AD6
100
AcDbEntity
  8
0
100
AcDbBlockBegin
  2
*D115
 70
     1
 10
0.0
 20
0.0
 30
0.0
  3
*D115
  1

  0
LINE
  5
F3A
330
AD6
100
AcDbEntity
  8
$Размеры
  6
Continuous
 62
     5
440
 16777216
370
    13
100
AcDbLine
 10
36997.85151249364
 20
26882.24939852164
 30
0.0
 11
36997.85151249364
 21
27444.87393874107
 31
0.0
  0
LINE
  5
F3B
330
AD6
100
AcDbEntity
  8
$Размеры
  6
Continuous
 62
     5
440
 16777216
370
    13
100
AcDbLine
 10
40900.30391903042
 20
26761.90035038503
 30
0.0
 11
40900.30391903042
 21
27444.87393874107
 31
0.0
  0
LINE
  5
F3C
330
AD6
100
AcDbEntity
  8
$Размеры
  6
Continuous
 62
     5
440
 16777216
370
    13
100
AcDbLine
 10
36997.85151249364
 20
27409.87393874108
 30
0.0
 11
40900.30391903042
 21
27409.87393874108
 31
0.0
  0
INSERT
  5
F3D
330
AD6
100
AcDbEntity
  8
$Размеры
 62
     5
440
 16777216
370
    13
100
AcDbBlockReference
  2
_Oblique
 10
36997.85151249364
 20
27409.87393874108
 30
0.0
 41
75.0
 42
75.0
 43
75.0
 50
180.0
  0
INSERT
  5
F3E
330
AD6
100
AcDbEntity
  8
$Размеры
 62
     5
440
 16777216
370
    13
100
AcDbBlockReference
  2
_Oblique
 10
40900.30391903042
 20
27409.87393874108
 30
0.0
 41
75.0
 42
75.0
 43
75.0
  0
MTEXT
  5
F3F
330
AD6
100
AcDbEntity
  8
$Размеры
 62
     5
440
 16777216
100
AcDbMText
 10
38949.07771576203
 20
27497.37393874108
 30
0.0
 40
125.0
 41
0.0
 46
0.0
 71
     5
 72
     1
  1
\A1;11695
  7
@ТРАНСПРОЕКТ
 73
     1
 44
1.0
  0
POINT
  5
F40
330
AD6
100
AcDbEntity
  8
Defpoints
 62
     0
440
 16777216
100
AcDbPoint
 10
36997.85151249364
 20
26832.24939852165
 30
0.0
  0
POINT
  5
F41
330
AD6
100
AcDbEntity
  8
Defpoints
 62
     0
440
 16777216
100
AcDbPoint
 10
40900.30391903042
 20
26711.90035038502
 30
0.0
  0
POINT
  5
F42
330
AD6
100
AcDbEntity
  8
Defpoints
 62
     0
440
 16777216
100
AcDbPoint
 10
40900.30391903042
 20
27409.87393874108
 30
0.0
  0
ENDBLK
  5
AD8
330
AD6
100
AcDbEntity
  8
0
100
AcDbBlockEnd
  0
BLOCK
  5
AE3
330
AE2
100
AcDbEntity
  8
0
100
AcDbBlockBegin
  2
*D116
 70
     1
 10
0.0
 20
0.0
 30
0.0
  3
*D116
  1

  0
LINE
  5
F43
330
AE2
100
AcDbEntity
  8
$Размеры
  6
Continuous
 62
     5
440
 16777216
370
    13
100
AcDbLine
 10
41770.30391921017
 20
26971.05535088471
 30
0.0
 11
41770.30391921017
 21
27444.87393874107
 31
0.0
  0
LINE
  5
F44
330
AE2
100
AcDbEntity
  8
$Размеры
  6
Continuous
 62
     5
440
 16777216
370
    13
100
AcDbLine
 10
41520.30391933031
 20
26971.81535088472
 30
0.0
 11
41520.30391933031
 21
27444.87393874107
 31
0.0
  0
LINE
  5
F45
330
AE2
100
AcDbEntity
  8
$Размеры
  6
Continuous
 62
     5
440
 16777216
370
    13
100
AcDbLine
 10
41770.30391921017
 20
27409.87393874108
 30
0.0
 11
41520.30391933031
 21
27409.87393874108
 31
0.0
  0
INSERT
  5
F46
330
AE2
100
AcDbEntity
  8
$Размеры
 62
     5
440
 16777216
370
    13
100
AcDbBlockReference
  2
_Oblique
 10
41770.30391921017
 20
27409.87393874108
 30
0.0
 41
75.0
 42
75.0
 43
75.0
  0
INSERT
  5
F47
330
AE2
100
AcDbEntity
  8
$Размеры
 62
     5
440
 16777216
370
    13
100
AcDbBlockReference
  2
_Oblique
 10
41520.30391933031
 20
27409.87393874108
 30
0.0
 41
75.0
 42
75.0
 43
75.0
 50
180.0
  0
MTEXT
  5
F48
330
AE2
100
AcDbEntity
  8
$Размеры
 62
     5
440
 16777216
100
AcDbMText
 10
41645.30391927024
 20
27497.37393874108
 30
0.0
 40
125.0
 41
0.0
 46
0.0
 71
     5
 72
     1
  1
\A1;250
  7
@ТРАНСПРОЕКТ
 73
     1
 44
1.0
  0
POINT
  5
F49
330
AE2
100
AcDbEntity
  8
Defpoints
 62
     0
440
 16777216
100
AcDbPoint
 10
41770.30391921017
 20
26921.05535088471
 30
0.0
  0
POINT
  5
F4A
330
AE2
100
AcDbEntity
  8
Defpoints
 62
     0
440
 16777216
100
AcDbPoint
 10
41520.30391933031
 20
26921.81535088472
 30
0.0
  0
POINT
  5
F4B
330
AE2
100
AcDbEntity
  8
Defpoints
 62
     0
440
 16777216
100
AcDbPoint
 10
41520.30391933031
 20
27409.87393874108
 30
0.0
  0
ENDBLK
  5
AE4
330
AE2
100
AcDbEntity
  8
0
100
AcDbBlockEnd
  0
BLOCK
  5
AEF
330
AEE
100
AcDbEntity
  8
0
100
AcDbBlockBegin
  2
*D117
 70
     1
 10
0.0
 20
0.0
 30
0.0
  3
*D117
  1

  0
LINE
  5
F4C
330
AEE
100
AcDbEntity
  8
$Размеры
  6
Continuous
 62
     5
440
 16777216
370
    13
100
AcDbLine
 10
41520.30391933031
 20
26971.81535088472
 30
0.0
 11
41520.30391933031
 21
27444.87393874107
 31
0.0
  0
LINE
  5
F4D
330
AEE
100
AcDbEntity
  8
$Размеры
  6
Continuous
 62
     5
440
 16777216
370
    13
100
AcDbLine
 10
40900.30391903042
 20
26761.90035038503
 30
0.0
 11
40900.30391903042
 21
27444.87393874107
 31
0.0
  0
LINE
  5
F4E
330
AEE
100
AcDbEntity
  8
$Размеры
  6
Continuous
 62
     5
440
 16777216
370
    13
100
AcDbLine
 10
41520.30391933031
 20
27409.87393874108
 30
0.0
 11
40900.30391903042
 21
27409.87393874108
 31
0.0
  0
INSERT
  5
F4F
330
AEE
100
AcDbEntity
  8
$Размеры
 62
     5
440
 16777216
370
    13
100
AcDbBlockReference
  2
_Oblique
 10
41520.30391933031
 20
27409.87393874108
 30
0.0
 41
75.0
 42
75.0
 43
75.0
  0
INSERT
  5
F50
330
AEE
100
AcDbEntity
  8
$Размеры
 62
     5
440
 16777216
370
    13
100
AcDbBlockReference
  2
_Oblique
 10
40900.30391903042
 20
27409.87393874108
 30
0.0
 41
75.0
 42
75.0
 43
75.0
 50
180.0
  0
MTEXT
  5
F51
330
AEE
100
AcDbEntity
  8
$Размеры
 62
     5
440
 16777216
100
AcDbMText
 10
41210.30391918036
 20
27497.37393874108
 30
0.0
 40
125.0
 41
0.0
 46
0.0
 71
     5
 72
     1
  1
\A1;620
  7
@ТРАНСПРОЕКТ
 73
     1
 44
1.0
  0
POINT
  5
F52
330
AEE
100
AcDbEntity
  8
Defpoints
 62
     0
440
 16777216
100
AcDbPoint
 10
41520.30391933031
 20
26921.81535088472
 30
0.0
  0
POINT
  5
F53
330
AEE
100
AcDbEntity
  8
Defpoints
 62
     0
440
 16777216
100
AcDbPoint
 10
40900.30391903042
 20
26711.90035038502
 30
0.0
  0
POINT
  5
F54
330
AEE
100
AcDbEntity
  8
Defpoints
 62
     0
440
 16777216
100
AcDbPoint
 10
40900.30391903042
 20
27409.87393874108
 30
0.0
  0
ENDBLK
  5
AF0
330
AEE
100
AcDbEntity
  8
0
100
AcDbBlockEnd
  0
BLOCK
  5
AFB
330
AFA
100
AcDbEntity
  8
0
100
AcDbBlockBegin
  2
*D118
 70
     1
 10
0.0
 20
0.0
 30
0.0
  3
*D118
  1

  0
LINE
  5
F55
330
AFA
100
AcDbEntity
  8
$Размеры
  6
Continuous
 62
     5
440
 16777216
370
    13
100
AcDbLine
 10
31425.39910565697
 20
26015.66836358214
 30
0.0
 11
31425.39910565697
 21
25707.53614972745
 31
0.0
  0
LINE
  5
F56
330
AFA
100
AcDbEntity
  8
$Размеры
  6
Continuous
 62
     5
440
 16777216
370
    13
100
AcDbLine
 10
36747.85151249364
 20
25864.82678072309
 30
0.0
 11
36747.85151249364
 21
25707.53614972745
 31
0.0
  0
LINE
  5
F57
330
AFA
100
AcDbEntity
  8
$Размеры
  6
Continuous
 62
     5
440
 16777216
370
    13
100
AcDbLine
 10
31425.39910565697
 20
25742.53614972744
 30
0.0
 11
36747.85151249364
 21
25742.53614972744
 31
0.0
  0
INSERT
  5
F58
330
AFA
100
AcDbEntity
  8
$Размеры
 62
     5
440
 16777216
370
    13
100
AcDbBlockReference
  2
_Oblique
 10
31425.39910565697
 20
25742.53614972744
 30
0.0
 41
75.0
 42
75.0
 43
75.0
 50
180.0
  0
INSERT
  5
F59
330
AFA
100
AcDbEntity
  8
$Размеры
 62
     5
440
 16777216
370
    13
100
AcDbBlockReference
  2
_Oblique
 10
36747.85151249364
 20
25742.53614972744
 30
0.0
 41
75.0
 42
75.0
 43
75.0
  0
MTEXT
  5
F5A
330
AFA
100
AcDbEntity
  8
$Размеры
 62
     5
440
 16777216
100
AcDbMText
 10
34086.6253090753
 20
25830.03614972744
 30
0.0
 40
125.0
 41
0.0
 46
0.0
 71
     5
 72
     1
  1
\A1;13115
  7
@ТРАНСПРОЕКТ
 73
     1
 44
1.0
  0
POINT
  5
F5B
330
AFA
100
AcDbEntity
  8
Defpoints
 62
     0
440
 16777216
100
AcDbPoint
 10
31425.39910565697
 20
26065.66836358214
 30
0.0
  0
POINT
  5
F5C
330
AFA
100
AcDbEntity
  8
Defpoints
 62
     0
440
 16777216
100
AcDbPoint
 10
36747.85151249364
 20
25914.82678072309
 30
0.0
  0
POINT
  5
F5D
330
AFA
100
AcDbEntity
  8
Defpoints
 62
     0
440
 16777216
100
AcDbPoint
 10
36747.85151249364
 20
25742.53614972744
 30
0.0
  0
ENDBLK
  5
AFC
330
AFA
100
AcDbEntity
  8
0
100
AcDbBlockEnd
  0
BLOCK
  5
B07
330
B06
100
AcDbEntity
  8
0
100
AcDbBlockBegin
  2
*D119
 70
     1
 10
0.0
 20
0.0
 30
0.0
  3
*D119
  1

  0
LINE
  5
F5E
330
B06
100
AcDbEntity
  8
$Размеры
  6
Continuous
 62
     5
440
 16777216
370
    13
100
AcDbLine
 10
41770.30551857042
 20
26021.6683315975
 30
0.0
 11
41770.30551857042
 21
25707.53614972745
 31
0.0
  0
LINE
  5
F5F
330
B06
100
AcDbEntity
  8
$Размеры
  6
Continuous
 62
     5
440
 16777216
370
    13
100
AcDbLine
 10
36747.85151249364
 20
25864.82678072309
 30
0.0
 11
36747.85151249364
 21
25707.53614972745
 31
0.0
  0
LINE
  5
F60
330
B06
100
AcDbEntity
  8
$Размеры
  6
Continuous
 62
     5
440
 16777216
370
    13
100
AcDbLine
 10
41770.30551857042
 20
25742.53614972744
 30
0.0
 11
36747.85151249364
 21
25742.53614972744
 31
0.0
  0
INSERT
  5
F61
330
B06
100
AcDbEntity
  8
$Размеры
 62
     5
440
 16777216
370
    13
100
AcDbBlockReference
  2
_Oblique
 10
41770.30551857042
 20
25742.53614972744
 30
0.0
 41
75.0
 42
75.0
 43
75.0
  0
INSERT
  5
F62
330
B06
100
AcDbEntity
  8
$Размеры
 62
     5
440
 16777216
370
    13
100
AcDbBlockReference
  2
_Oblique
 10
36747.85151249364
 20
25742.53614972744
 30
0.0
 41
75.0
 42
75.0
 43
75.0
 50
180.0
  0
MTEXT
  5
F63
330
B06
100
AcDbEntity
  8
$Размеры
 62
     5
440
 16777216
100
AcDbMText
 10
39259.07851553203
 20
25830.03614972744
 30
0.0
 40
125.0
 41
0.0
 46
0.0
 71
     5
 72
     1
  1
\A1;12815
  7
@ТРАНСПРОЕКТ
 73
     1
 44
1.0
  0
POINT
  5
F64
330
B06
100
AcDbEntity
  8
Defpoints
 62
     0
440
 16777216
100
AcDbPoint
 10
41770.30551857042
 20
26071.66833159749
 30
0.0
  0
POINT
  5
F65
330
B06
100
AcDbEntity
  8
Defpoints
 62
     0
440
 16777216
100
AcDbPoint
 10
36747.85151249364
 20
25914.82678072309
 30
0.0
  0
POINT
  5
F66
330
B06
100
AcDbEntity
  8
Defpoints
 62
     0
440
 16777216
100
AcDbPoint
 10
36747.85151249364
 20
25742.53614972744
 30
0.0
  0
ENDBLK
  5
B08
330
B06
100
AcDbEntity
  8
0
100
AcDbBlockEnd
  0
BLOCK
  5
B13
330
B12
100
AcDbEntity
  8
0
100
AcDbBlockBegin
  2
*D120
 70
     1
 10
0.0
 20
0.0
 30
0.0
  3
*D120
  1

  0
LINE
  5
F67
330
B12
100
AcDbEntity
  8
$Размеры
  6
Continuous
 62
     5
440
 16777216
370
    13
100
AcDbLine
 10
32669.90890987832
 20
26389.61855366784
 30
0.0
 11
32937.32777615274
 21
26389.61855366784
 31
0.0
  0
LINE
  5
F68
330
B12
100
AcDbEntity
  8
$Размеры
  6
Continuous
 62
     5
440
 16777216
370
    13
100
AcDbLine
 10
32620.39910595686
 20
26736.90035038493
 30
0.0
 11
32937.32777615274
 21
26736.90035038493
 31
0.0
  0
LINE
  5
F69
330
B12
100
AcDbEntity
  8
$Размеры
  6
Continuous
 62
     5
440
 16777216
370
    13
100
AcDbLine
 10
32902.32777615274
 20
26389.61855366784
 30
0.0
 11
32902.32777615274
 21
26736.90035038493
 31
0.0
  0
INSERT
  5
F6A
330
B12
100
AcDbEntity
  8
$Размеры
 62
     5
440
 16777216
370
    13
100
AcDbBlockReference
  2
_Oblique
 10
32902.32777615274
 20
26389.61855366784
 30
0.0
 41
75.0
 42
75.0
 43
75.0
 50
270.0
  0
INSERT
  5
F6B
330
B12
100
AcDbEntity
  8
$Размеры
 62
     5
440
 16777216
370
    13
100
AcDbBlockReference
  2
_Oblique
 10
32902.32777615274
 20
26736.90035038493
 30
0.0
 41
75.0
 42
75.0
 43
75.0
 50
90.0
  0
MTEXT
  5
F6C
330
B12
100
AcDbEntity
  8
$Размеры
 62
     5
440
 16777216
100
AcDbMText
 10
32814.82777615274
 20
26563.25945202636
 30
0.0
 40
125.0
 41
0.0
 46
0.0
 71
     5
 72
     1
  1
\A1;347
  7
@ТРАНСПРОЕКТ
 11
0.0000000000000001
 21
1.0
 31
0.0
 73
     1
 44
1.0
  0
POINT
  5
F6D
330
B12
100
AcDbEntity
  8
Defpoints
 62
     0
440
 16777216
100
AcDbPoint
 10
32619.90890987831
 20
26389.61855366784
 30
0.0
  0
POINT
  5
F6E
330
B12
100
AcDbEntity
  8
Defpoints
 62
     0
440
 16777216
100
AcDbPoint
 10
32570.39910595687
 20
26736.90035038493
 30
0.0
  0
POINT
  5
F6F
330
B12
100
AcDbEntity
  8
Defpoints
 62
     0
440
 16777216
100
AcDbPoint
 10
32902.32777615274
 20
26736.90035038493
 30
0.0
  0
ENDBLK
  5
B14
330
B12
100
AcDbEntity
  8
0
100
AcDbBlockEnd
  0
BLOCK
  5
B1F
330
B1E
100
AcDbEntity
  8
0
100
AcDbBlockBegin
  2
*D121
 70
     1
 10
0.0
 20
0.0
 30
0.0
  3
*D121
  1

  0
LINE
  5
F70
330
B1E
100
AcDbEntity
  8
$Размеры
  6
Continuous
 62
     5
440
 16777216
370
    13
100
AcDbLine
 10
37072.85151249366
 20
26466.67740572004
 30
0.0
 11
37590.49737921134
 21
26466.67740572004
 31
0.0
  0
LINE
  5
F71
330
B1E
100
AcDbEntity
  8
$Размеры
  6
Continuous
 62
     5
440
 16777216
370
    13
100
AcDbLine
 10
37022.85151249365
 20
26832.24939852166
 30
0.0
 11
37590.49737921134
 21
26832.24939852166
 31
0.0
  0
LINE
  5
F72
330
B1E
100
AcDbEntity
  8
$Размеры
  6
Continuous
 62
     5
440
 16777216
370
    13
100
AcDbLine
 10
37555.49737921135
 20
26466.67740572004
 30
0.0
 11
37555.49737921135
 21
26832.24939852166
 31
0.0
  0
INSERT
  5
F73
330
B1E
100
AcDbEntity
  8
$Размеры
 62
     5
440
 16777216
370
    13
100
AcDbBlockReference
  2
_Oblique
 10
37555.49737921135
 20
26466.67740572004
 30
0.0
 41
75.0
 42
75.0
 43
75.0
 50
270.0
  0
INSERT
  5
F74
330
B1E
100
AcDbEntity
  8
$Размеры
 62
     5
440
 16777216
370
    13
100
AcDbBlockReference
  2
_Oblique
 10
37555.49737921135
 20
26832.24939852166
 30
0.0
 41
75.0
 42
75.0
 43
75.0
 50
90.0
  0
MTEXT
  5
F75
330
B1E
100
AcDbEntity
  8
$Размеры
 62
     5
440
 16777216
100
AcDbMText
 10
37467.99737921135
 20
26649.46340212083
 30
0.0
 40
125.0
 41
0.0
 46
0.0
 71
     5
 72
     1
  1
\A1;366
  7
@ТРАНСПРОЕКТ
 11
0.0000000000000001
 21
1.0
 31
0.0
 73
     1
 44
1.0
  0
POINT
  5
F76
330
B1E
100
AcDbEntity
  8
Defpoints
 62
     0
440
 16777216
100
AcDbPoint
 10
37022.85151249365
 20
26466.67740572004
 30
0.0
  0
POINT
  5
F77
330
B1E
100
AcDbEntity
  8
Defpoints
 62
     0
440
 16777216
100
AcDbPoint
 10
36972.85151249365
 20
26832.24939852166
 30
0.0
  0
POINT
  5
F78
330
B1E
100
AcDbEntity
  8
Defpoints
 62
     0
440
 16777216
100
AcDbPoint
 10
37555.49737921135
 20
26832.24939852166
 30
0.0
  0
ENDBLK
  5
B20
330
B1E
100
AcDbEntity
  8
0
100
AcDbBlockEnd
  0
BLOCK
  5
B2B
330
B2A
100
AcDbEntity
  8
0
100
AcDbBlockBegin
  2
*D122
 70
     1
 10
0.0
 20
0.0
 30
0.0
  3
*D122
  1

  0
LINE
  5
F79
330
B2A
100
AcDbEntity
  8
$Размеры
  6
Continuous
 62
     5
440
 16777216
370
    13
100
AcDbLine
 10
40825.30391903044
 20
26389.62835758952
 30
0.0
 11
40460.36319595865
 21
26389.62835758952
 31
0.0
  0
LINE
  5
F7A
330
B2A
100
AcDbEntity
  8
$Размеры
  6
Continuous
 62
     5
440
 16777216
370
    13
100
AcDbLine
 10
40875.30391903044
 20
26736.90035038504
 30
0.0
 11
40460.36319595865
 21
26736.90035038504
 31
0.0
  0
LINE
  5
F7B
330
B2A
100
AcDbEntity
  8
$Размеры
  6
Continuous
 62
     5
440
 16777216
370
    13
100
AcDbLine
 10
40495.36319595865
 20
26389.62835758952
 30
0.0
 11
40495.36319595865
 21
26736.90035038504
 31
0.0
  0
INSERT
  5
F7C
330
B2A
100
AcDbEntity
  8
$Размеры
 62
     5
440
 16777216
370
    13
100
AcDbBlockReference
  2
_Oblique
 10
40495.36319595865
 20
26389.62835758952
 30
0.0
 41
75.0
 42
75.0
 43
75.0
 50
270.0
  0
INSERT
  5
F7D
330
B2A
100
AcDbEntity
  8
$Размеры
 62
     5
440
 16777216
370
    13
100
AcDbBlockReference
  2
_Oblique
 10
40495.36319595865
 20
26736.90035038504
 30
0.0
 41
75.0
 42
75.0
 43
75.0
 50
90.0
  0
MTEXT
  5
F7E
330
B2A
100
AcDbEntity
  8
$Размеры
 62
     5
440
 16777216
100
AcDbMText
 10
40407.86319595865
 20
26563.26435398726
 30
0.0
 40
125.0
 41
0.0
 46
0.0
 71
     5
 72
     1
  1
\A1;347
  7
@ТРАНСПРОЕКТ
 11
0.0000000000000001
 21
1.0
 31
0.0
 73
     1
 44
1.0
  0
POINT
  5
F7F
330
B2A
100
AcDbEntity
  8
Defpoints
 62
     0
440
 16777216
100
AcDbPoint
 10
40875.30391903044
 20
26389.62835758952
 30
0.0
  0
POINT
  5
F80
330
B2A
100
AcDbEntity
  8
Defpoints
 62
     0
440
 16777216
100
AcDbPoint
 10
40925.30391903044
 20
26736.90035038504
 30
0.0
  0
POINT
  5
F81
330
B2A
100
AcDbEntity
  8
Defpoints
 62
     0
440
 16777216
100
AcDbPoint
 10
40495.36319595865
 20
26736.90035038504
 30
0.0
  0
ENDBLK
  5
B2C
330
B2A
100
AcDbEntity
  8
0
100
AcDbBlockEnd
  0
BLOCK
  5
B37
330
B36
100
AcDbEntity
  8
0
100
AcDbBlockBegin
  2
*D123
 70
     1
 10
0.0
 20
0.0
 30
0.0
  3
*D123
  1

  0
LINE
  5
F82
330
B36
100
AcDbEntity
  8
$Размеры
  6
Continuous
 62
     5
440
 16777216
370
    13
100
AcDbLine
 10
56469.85151243357
 20
13804.11338271192
 30
0.0
 11
56469.85151243357
 21
13526.37922324452
 31
0.0
  0
LINE
  5
F83
330
B36
100
AcDbEntity
  8
$Размеры
  6
Continuous
 62
     5
440
 16777216
370
    13
100
AcDbLine
 10
57069.85151243356
 20
13804.11338271192
 30
0.0
 11
57069.85151243356
 21
13526.37922324452
 31
0.0
  0
LINE
  5
F84
330
B36
100
AcDbEntity
  8
$Размеры
  6
Continuous
 62
     5
440
 16777216
370
    13
100
AcDbLine
 10
56469.85151243357
 20
13561.37922324452
 30
0.0
 11
57069.85151243356
 21
13561.37922324452
 31
0.0
  0
INSERT
  5
F85
330
B36
100
AcDbEntity
  8
$Размеры
 62
     5
440
 16777216
370
    13
100
AcDbBlockReference
  2
_Oblique
 10
56469.85151243357
 20
13561.37922324452
 30
0.0
 41
75.0
 42
75.0
 43
75.0
 50
180.0
  0
INSERT
  5
F86
330
B36
100
AcDbEntity
  8
$Размеры
 62
     5
440
 16777216
370
    13
100
AcDbBlockReference
  2
_Oblique
 10
57069.85151243356
 20
13561.37922324452
 30
0.0
 41
75.0
 42
75.0
 43
75.0
  0
MTEXT
  5
F87
330
B36
100
AcDbEntity
  8
$Размеры
 62
     5
440
 16777216
100
AcDbMText
 10
56769.85151243356
 20
13648.87922324452
 30
0.0
 40
125.0
 41
0.0
 46
0.0
 71
     5
 72
     1
  1
\A1;600
  7
@ТРАНСПРОЕКТ
 73
     1
 44
1.0
  0
POINT
  5
F88
330
B36
100
AcDbEntity
  8
Defpoints
 62
     0
440
 16777216
100
AcDbPoint
 10
56469.85151243357
 20
13854.11338271192
 30
0.0
  0
POINT
  5
F89
330
B36
100
AcDbEntity
  8
Defpoints
 62
     0
440
 16777216
100
AcDbPoint
 10
57069.85151243356
 20
13854.11338271192
 30
0.0
  0
POINT
  5
F8A
330
B36
100
AcDbEntity
  8
Defpoints
 62
     0
440
 16777216
100
AcDbPoint
 10
57069.85151243356
 20
13561.37922324452
 30
0.0
  0
ENDBLK
  5
B38
330
B36
100
AcDbEntity
  8
0
100
AcDbBlockEnd
  0
BLOCK
  5
B43
330
B42
100
AcDbEntity
  8
0
100
AcDbBlockBegin
  2
*D124
 70
     1
 10
0.0
 20
0.0
 30
0.0
  3
*D124
  1

  0
LINE
  5
F8B
330
B42
100
AcDbEntity
  8
$Размеры
  6
Continuous
 62
     5
440
 16777216
370
    13
100
AcDbLine
 10
57069.85151243356
 20
13804.11338271192
 30
0.0
 11
57069.85151243356
 21
13526.37922324452
 31
0.0
  0
LINE
  5
F8C
330
B42
100
AcDbEntity
  8
$Размеры
  6
Continuous
 62
     5
440
 16777216
370
    13
100
AcDbLine
 10
62469.85151243356
 20
14134.11189978887
 30
0.0
 11
62469.85151243356
 21
13526.37922324452
 31
0.0
  0
LINE
  5
F8D
330
B42
100
AcDbEntity
  8
$Размеры
  6
Continuous
 62
     5
440
 16777216
370
    13
100
AcDbLine
 10
57069.85151243356
 20
13561.37922324452
 30
0.0
 11
62469.85151243356
 21
13561.37922324452
 31
0.0
  0
INSERT
  5
F8E
330
B42
100
AcDbEntity
  8
$Размеры
 62
     5
440
 16777216
370
    13
100
AcDbBlockReference
  2
_Oblique
 10
57069.85151243356
 20
13561.37922324452
 30
0.0
 41
75.0
 42
75.0
 43
75.0
 50
180.0
  0
INSERT
  5
F8F
330
B42
100
AcDbEntity
  8
$Размеры
 62
     5
440
 16777216
370
    13
100
AcDbBlockReference
  2
_Oblique
 10
62469.85151243356
 20
13561.37922324452
 30
0.0
 41
75.0
 42
75.0
 43
75.0
  0
MTEXT
  5
F90
330
B42
100
AcDbEntity
  8
$Размеры
 62
     5
440
 16777216
100
AcDbMText
 10
59769.85151243357
 20
13648.87922324452
 30
0.0
 40
125.0
 41
0.0
 46
0.0
 71
     5
 72
     1
  1
\A1;5400
  7
@ТРАНСПРОЕКТ
 73
     1
 44
1.0
  0
POINT
  5
F91
330
B42
100
AcDbEntity
  8
Defpoints
 62
     0
440
 16777216
100
AcDbPoint
 10
57069.85151243356
 20
13854.11338271192
 30
0.0
  0
POINT
  5
F92
330
B42
100
AcDbEntity
  8
Defpoints
 62
     0
440
 16777216
100
AcDbPoint
 10
62469.85151243356
 20
14184.11189978887
 30
0.0
  0
POINT
  5
F93
330
B42
100
AcDbEntity
  8
Defpoints
 62
     0
440
 16777216
100
AcDbPoint
 10
62469.85151243356
 20
13561.37922324452
 30
0.0
  0
ENDBLK
  5
B44
330
B42
100
AcDbEntity
  8
0
100
AcDbBlockEnd
  0
BLOCK
  5
B4F
330
B4E
100
AcDbEntity
  8
0
100
AcDbBlockBegin
  2
*D125
 70
     1
 10
0.0
 20
0.0
 30
0.0
  3
*D125
  1

  0
LINE
  5
F94
330
B4E
100
AcDbEntity
  8
$Размеры
  6
Continuous
 62
     5
440
 16777216
370
    13
100
AcDbLine
 10
56469.85151243357
 20
13804.11338271192
 30
0.0
 11
56469.85151243357
 21
13315.95539509217
 31
0.0
  0
LINE
  5
F95
330
B4E
100
AcDbEntity
  8
$Размеры
  6
Continuous
 62
     5
440
 16777216
370
    13
100
AcDbLine
 10
62469.85151243356
 20
14134.11189978887
 30
0.0
 11
62469.85151243356
 21
13315.95539509217
 31
0.0
  0
LINE
  5
F96
330
B4E
100
AcDbEntity
  8
$Размеры
  6
Continuous
 62
     5
440
 16777216
370
    13
100
AcDbLine
 10
56469.85151243357
 20
13350.95539509217
 30
0.0
 11
62469.85151243356
 21
13350.95539509217
 31
0.0
  0
INSERT
  5
F97
330
B4E
100
AcDbEntity
  8
$Размеры
 62
     5
440
 16777216
370
    13
100
AcDbBlockReference
  2
_Oblique
 10
56469.85151243357
 20
13350.95539509217
 30
0.0
 41
75.0
 42
75.0
 43
75.0
 50
180.0
  0
INSERT
  5
F98
330
B4E
100
AcDbEntity
  8
$Размеры
 62
     5
440
 16777216
370
    13
100
AcDbBlockReference
  2
_Oblique
 10
62469.85151243356
 20
13350.95539509217
 30
0.0
 41
75.0
 42
75.0
 43
75.0
  0
MTEXT
  5
F99
330
B4E
100
AcDbEntity
  8
$Размеры
 62
     5
440
 16777216
100
AcDbMText
 10
59469.85151243357
 20
13438.45539509217
 30
0.0
 40
125.0
 41
0.0
 46
0.0
 71
     5
 72
     1
  1
\A1;6000
  7
@ТРАНСПРОЕКТ
 73
     1
 44
1.0
  0
POINT
  5
F9A
330
B4E
100
AcDbEntity
  8
Defpoints
 62
     0
440
 16777216
100
AcDbPoint
 10
56469.85151243357
 20
13854.11338271192
 30
0.0
  0
POINT
  5
F9B
330
B4E
100
AcDbEntity
  8
Defpoints
 62
     0
440
 16777216
100
AcDbPoint
 10
62469.85151243356
 20
14184.11189978887
 30
0.0
  0
POINT
  5
F9C
330
B4E
100
AcDbEntity
  8
Defpoints
 62
     0
440
 16777216
100
AcDbPoint
 10
62469.85151243356
 20
13350.95539509217
 30
0.0
  0
ENDBLK
  5
B50
330
B4E
100
AcDbEntity
  8
0
100
AcDbBlockEnd
  0
BLOCK
  5
B84
330
B5A
100
AcDbEntity
  8
0
100
AcDbBlockBegin
  2
*T126
 70
     1
 10
0.0
 20
0.0
 30
0.0
  3
*T126
  1

  0
MTEXT
  5
B5B
330
B5A
100
AcDbEntity
  8
$Текст Model
 62
     7
440
 16777216
100
AcDbMText
 10
9250.0
 20
-500.0
 30
0.0
 40
300.0
 41
18200.0
 46
0.0
 71
     5
 72
     5
  1
Спецификация
  7
@ТРАНСПРОЕКТ
 73
     1
 44
1.0
  0
MTEXT
  5
B5C
330
B5A
100
AcDbEntity
  8
$Текст Model
 62
     7
440
 16777216
100
AcDbMText
 10
750.0
 20
-1750.0
 30
0.0
 40
250.0
 41
1200.0
 46
0.0
 71
     5
 72
     5
  1
Поз.
  7
@ТРАНСПРОЕКТ
 73
     1
 44
1.0
  0
MTEXT
  5
B5D
330
B5A
100
AcDbEntity
  8
$Текст Model
 62
     7
440
 16777216
100
AcDbMText
 10
4250.0
 20
-1750.0
 30
0.0
 40
250.0
 41
5200.0
 46
0.0
 71
     5
 72
     5
  1
Обозначение
  7
@ТРАНСПРОЕКТ
 73
     1
 44
1.0
  0
MTEXT
  5
B5E
330
B5A
100
AcDbEntity
  8
$Текст Model
 62
     7
440
 16777216
100
AcDbMText
 10
10000.0
 20
-1750.0
 30
0.0
 40
250.0
 41
5700.0
 46
0.0
 71
     5
 72
     5
  1
Наименование
  7
@ТРАНСПРОЕКТ
 73
     1
 44
1.0
  0
MTEXT
  5
B5F
330
B5A
100
AcDbEntity
  8
$Текст Model
 62
     7
440
 16777216
100
AcDbMText
 10
13750.0
 20
-1750.0
 30
0.0
 40
250.0
 41
1500.0
 46
0.0
 71
     5
 72
     5
  1
Кол.
  7
@ТРАНСПРОЕКТ
 73
     1
 44
1.0
  0
MTEXT
  5
B60
330
B5A
100
AcDbEntity
  8
$Текст Model
 62
     7
440
 16777216
100
AcDbMText
 10
15500.0
 20
-1750.0
 30
0.0
 40
250.0
 41
2000.0
 46
0.0
 71
     5
 72
     5
  1
Масса    ед. кг
  7
@ТРАНСПРОЕКТ
 73
     1
 44
1.0
  0
MTEXT
  5
B61
330
B5A
100
AcDbEntity
  8
$Текст Model
 62
     7
440
 16777216
100
AcDbMText
 10
17500.0
 20
-1750.0
 30
0.0
 40
250.0
 41
2000.0
 46
0.0
 71
     5
 72
     5
  1
Примечание
  7
@ТРАНСПРОЕКТ
 73
     1
 44
1.0
  0
MTEXT
  5
B62
330
B5A
100
AcDbEntity
  8
$Текст Model
 62
     7
440
 16777216
100
AcDbMText
 10
10000.0
 20
-2900.0
 30
0.0
 40
250.0
 41
5700.0
 46
0.0
 71
     5
 72
     5
  1
Переходная плита Пп-1
  7
@ТРАНСПРОЕКТ
 73
     1
 44
1.0
  0
MTEXT
  5
B63
330
B5A
100
AcDbEntity
  8
$Текст Model
 62
     7
440
 16777216
100
AcDbMText
 10
10000.0
 20
-3700.0
 30
0.0
 40
250.0
 41
5700.0
 46
0.0
 71
     5
 72
     5
  1
Материалы
  7
@ТРАНСПРОЕКТ
 73
     1
 44
1.0
  0
MTEXT
  5
B64
330
B5A
100
AcDbEntity
  8
$Текст Model
 62
     7
440
 16777216
100
AcDbMText
 10
4250.0
 20
-4500.0
 30
0.0
 40
250.0
 41
5500.0
 46
0.0
 71
     5
 72
     5
  1
ГОСТ 26633-{\C256;2015}
  7
@ТРАНСПРОЕКТ
 73
     1
 44
1.0
  0
MTEXT
  5
B65
330
B5A
100
AcDbEntity
  8
$Текст Model
 62
     7
440
 16777216
100
AcDbMText
 10
7150.0
 20
-4500.0
 30
0.0
 40
250.0
 41
5700.0
 46
0.0
 71
     4
 72
     5
  1
Бетон B30F300W8
  7
@ТРАНСПРОЕКТ
 73
     1
 44
1.0
  0
MTEXT
  5
B66
330
B5A
100
AcDbEntity
  8
$Текст Model
 62
     7
440
 16777216
100
AcDbMText
 10
17500.0
 20
-4500.0
 30
0.0
 40
250.0
 41
2000.0
 46
0.0
 71
     5
 72
     5
  1
50.71м3
  7
@ТРАНСПРОЕКТ
 73
     1
 44
1.0
  0
LINE
  5
B67
330
B5A
100
AcDbEntity
  8
$Текст Model
 62
     0
440
 16777216
370
    -2
100
AcDbLine
 10
0.0
 20
0.0
 30
0.0
 11
18500.0
 21
0.0
 31
0.0
  0
LINE
  5
B68
330
B5A
100
AcDbEntity
  8
$Текст Model
 62
     0
440
 16777216
370
    35
100
AcDbLine
 10
0.0
 20
-1000.0
 30
0.0
 11
18500.0
 21
-1000.0
 31
0.0
  0
LINE
  5
B69
330
B5A
100
AcDbEntity
  8
$Текст Model
 62
     0
440
 16777216
370
    35
100
AcDbLine
 10
0.0
 20
-2500.0
 30
0.0
 11
1500.0
 21
-2500.0
 31
0.0
  0
LINE
  5
B6A
330
B5A
100
AcDbEntity
  8
$Текст Model
  6
Continuous
 62
     7
440
 16777216
370
    35
100
AcDbLine
 10
1500.0
 20
-2500.0
 30
0.0
 11
16500.0
 21
-2500.0
 31
0.0
  0
LINE
  5
B6B
330
B5A
100
AcDbEntity
  8
$Текст Model
 62
     0
440
 16777216
370
    35
100
AcDbLine
 10
16500.0
 20
-2500.0
 30
0.0
 11
18500.0
 21
-2500.0
 31
0.0
  0
LINE
  5
B6C
330
B5A
100
AcDbEntity
  8
$Текст Model
  6
Continuous
 62
     7
440
 16777216
370
    13
100
AcDbLine
 10
0.0
 20
-3300.0
 30
0.0
 11
1500.0
 21
-3300.0
 31
0.0
  0
LINE
  5
B6D
330
B5A
100
AcDbEntity
  8
$Текст Model
 62
     7
440
 16777216
370
    -2
100
AcDbLine
 10
1500.0
 20
-3300.0
 30
0.0
 11
16500.0
 21
-3300.0
 31
0.0
  0
LINE
  5
B6E
330
B5A
100
AcDbEntity
  8
$Текст Model
  6
Continuous
 62
     7
440
 16777216
370
    13
100
AcDbLine
 10
16500.0
 20
-3300.0
 30
0.0
 11
18500.0
 21
-3300.0
 31
0.0
  0
LINE
  5
B6F
330
B5A
100
AcDbEntity
  8
$Текст Model
  6
Continuous
 62
     7
440
 16777216
370
    13
100
AcDbLine
 10
0.0
 20
-4100.0
 30
0.0
 11
1500.0
 21
-4100.0
 31
0.0
  0
LINE
  5
B70
330
B5A
100
AcDbEntity
  8
$Текст Model
 62
     7
440
 16777216
370
    -2
100
AcDbLine
 10
1500.0
 20
-4100.0
 30
0.0
 11
16500.0
 21
-4100.0
 31
0.0
  0
LINE
  5
B71
330
B5A
100
AcDbEntity
  8
$Текст Model
  6
Continuous
 62
     7
440
 16777216
370
    13
100
AcDbLine
 10
16500.0
 20
-4100.0
 30
0.0
 11
18500.0
 21
-4100.0
 31
0.0
  0
LINE
  5
B72
330
B5A
100
AcDbEntity
  8
$Текст Model
 62
     0
440
 16777216
370
    35
100
AcDbLine
 10
0.0
 20
-4900.0
 30
0.0
 11
18500.0
 21
-4900.0
 31
0.0
  0
LINE
  5
B73
330
B5A
100
AcDbEntity
  8
$Текст Model
 62
     0
440
 16777216
370
    -2
100
AcDbLine
 10
0.0
 20
0.0
 30
0.0
 11
0.0
 21
-1000.0
 31
0.0
  0
LINE
  5
B74
330
B5A
100
AcDbEntity
  8
$Текст Model
 62
     7
440
 16777216
370
    35
100
AcDbLine
 10
0.0
 20
-1000.0
 30
0.0
 11
0.0
 21
-2500.0
 31
0.0
  0
LINE
  5
B75
330
B5A
100
AcDbEntity
  8
$Текст Model
  6
Continuous
 62
     7
440
 16777216
370
    35
100
AcDbLine
 10
0.0
 20
-2500.0
 30
0.0
 11
0.0
 21
-4900.0
 31
0.0
  0
LINE
  5
B76
330
B5A
100
AcDbEntity
  8
$Текст Model
 62
     7
440
 16777216
370
    35
100
AcDbLine
 10
1500.0
 20
-1000.0
 30
0.0
 11
1500.0
 21
-2500.0
 31
0.0
  0
LINE
  5
B77
330
B5A
100
AcDbEntity
  8
$Текст Model
  6
Continuous
 62
     7
440
 16777216
370
    35
100
AcDbLine
 10
1500.0
 20
-2500.0
 30
0.0
 11
1500.0
 21
-4900.0
 31
0.0
  0
LINE
  5
B78
330
B5A
100
AcDbEntity
  8
$Текст Model
 62
     7
440
 16777216
370
    35
100
AcDbLine
 10
7000.0
 20
-1000.0
 30
0.0
 11
7000.0
 21
-3300.0
 31
0.0
  0
LINE
  5
B79
330
B5A
100
AcDbEntity
  8
$Текст Model
  6
Continuous
 62
     7
440
 16777216
370
    35
100
AcDbLine
 10
7000.0
 20
-3300.0
 30
0.0
 11
7000.0
 21
-4100.0
 31
0.0
  0
LINE
  5
B7A
330
B5A
100
AcDbEntity
  8
$Текст Model
 62
     7
440
 16777216
370
    35
100
AcDbLine
 10
7000.0
 20
-4100.0
 30
0.0
 11
7000.0
 21
-4900.0
 31
0.0
  0
LINE
  5
B7B
330
B5A
100
AcDbEntity
  8
$Текст Model
 62
     7
440
 16777216
370
    35
100
AcDbLine
 10
13000.0
 20
-1000.0
 30
0.0
 11
13000.0
 21
-4900.0
 31
0.0
  0
LINE
  5
B7C
330
B5A
100
AcDbEntity
  8
$Текст Model
 62
     7
440
 16777216
370
    35
100
AcDbLine
 10
14500.0
 20
-1000.0
 30
0.0
 11
14500.0
 21
-2500.0
 31
0.0
  0
LINE
  5
B7D
330
B5A
100
AcDbEntity
  8
$Текст Model
  6
Continuous
 62
     7
440
 16777216
370
    35
100
AcDbLine
 10
14500.0
 20
-2500.0
 30
0.0
 11
14500.0
 21
-4900.0
 31
0.0
  0
LINE
  5
B7E
330
B5A
100
AcDbEntity
  8
$Текст Model
 62
     7
440
 16777216
370
    35
100
AcDbLine
 10
16500.0
 20
-1000.0
 30
0.0
 11
16500.0
 21
-2500.0
 31
0.0
  0
LINE
  5
B7F
330
B5A
100
AcDbEntity
  8
$Текст Model
 62
     0
440
 16777216
370
    35
100
AcDbLine
 10
16500.0
 20
-2500.0
 30
0.0
 11
16500.0
 21
-4900.0
 31
0.0
  0
LINE
  5
B80
330
B5A
100
AcDbEntity
  8
$Текст Model
 62
     0
440
 16777216
370
    -2
100
AcDbLine
 10
18500.0
 20
0.0
 30
0.0
 11
18500.0
 21
-1000.0
 31
0.0
  0
LINE
  5
B81
330
B5A
100
AcDbEntity
  8
$Текст Model
 62
     7
440
 16777216
370
    35
100
AcDbLine
 10
18500.0
 20
-1000.0
 30
0.0
 11
18500.0
 21
-2500.0
 31
0.0
  0
LINE
  5
B82
330
B5A
100
AcDbEntity
  8
$Текст Model
 62
     0
440
 16777216
370
    35
100
AcDbLine
 10
18500.0
 20
-2500.0
 30
0.0
 11
18500.0
 21
-4900.0
 31
0.0
  0
LINE
  5
B83
330
B5A
100
AcDbEntity
  8
Defpoints
 62
     8
440
 16777216
 60
     1
370
     0
100
AcDbLine
 10
0.0
 20
0.0
 30
0.0
 11
0.0
 21
0.0
 31
0.0
  0
ENDBLK
  5
B85
330
B5A
100
AcDbEntity
  8
0
100
AcDbBlockEnd
  0
BLOCK
  5
B87
330
B86
100
AcDbEntity
  8
0
100
AcDbBlockBegin
  2
*D127
 70
     1
 10
0.0
 20
0.0
 30
0.0
  3
*D127
  1

  0
LINE
  5
F9D
330
B86
100
AcDbEntity
  8
$Размеры
  6
Continuous
440
 16777216
370
    13
100
AcDbLine
 10
68544.53337849311
 20
13279.73760331064
 30
0.0
 11
68544.53337849311
 21
13206.88351651284
 31
0.0
  0
LINE
  5
F9E
330
B86
100
AcDbEntity
  8
$Размеры
  6
Continuous
440
 16777216
370
    13
100
AcDbLine
 10
68504.63508290851
 20
13239.83930772616
 30
0.0
 11
68504.63508290851
 21
13206.88351651284
 31
0.0
  0
LINE
  5
F9F
330
B86
100
AcDbEntity
  8
$Размеры
  6
Continuous
440
 16777216
370
    13
100
AcDbLine
 10
68504.63508290851
 20
13210.38351651284
 30
0.0
 11
68544.53337849311
 21
13210.38351651284
 31
0.0
  0
LINE
  5
FA0
330
B86
100
AcDbEntity
  8
$Размеры
  6
Continuous
440
 16777216
370
    13
100
AcDbLine
 10
68544.53337849311
 20
13210.38351651284
 30
0.0
 11
68603.21767988904
 21
13210.38351651284
 31
0.0
  0
INSERT
  5
FA1
330
B86
100
AcDbEntity
  8
$Размеры
440
 16777216
370
    13
100
AcDbBlockReference
  2
_Oblique
 10
68504.63508290851
 20
13210.38351651284
 30
0.0
 41
7.5
 42
7.5
 43
7.5
 50
180.0
  0
INSERT
  5
FA2
330
B86
100
AcDbEntity
  8
$Размеры
440
 16777216
370
    13
100
AcDbBlockReference
  2
_Oblique
 10
68544.53337849311
 20
13210.38351651284
 30
0.0
 41
7.5
 42
7.5
 43
7.5
  0
MTEXT
  5
FA3
330
B86
100
AcDbEntity
  8
$Размеры
440
 16777216
100
AcDbMText
 10
68577.62552919107
 20
13220.38351651284
 30
0.0
 40
12.5
 41
0.0
 46
0.0
 71
     5
 72
     1
  1
\A1;35(28)
  7
@ТРАНСПРОЕКТ
 73
     1
 44
1.0
  0
POINT
  5
FA4
330
B86
100
AcDbEntity
  8
Defpoints
 62
     0
440
 16777216
100
AcDbPoint
 10
68544.53337849311
 20
13284.73760331064
 30
0.0
  0
POINT
  5
FA5
330
B86
100
AcDbEntity
  8
Defpoints
 62
     0
440
 16777216
100
AcDbPoint
 10
68504.63508290851
 20
13244.83930772615
 30
0.0
  0
POINT
  5
FA6
330
B86
100
AcDbEntity
  8
Defpoints
 62
     0
440
 16777216
100
AcDbPoint
 10
68504.63508290851
 20
13210.38351651284
 30
0.0
  0
ENDBLK
  5
B88
330
B86
100
AcDbEntity
  8
0
100
AcDbBlockEnd
  0
BLOCK
  5
B94
330
B93
100
AcDbEntity
  8
0
100
AcDbBlockBegin
  2
*D128
 70
     1
 10
0.0
 20
0.0
 30
0.0
  3
*D128
  1

  0
LINE
  5
FA7
330
B93
100
AcDbEntity
  8
$Размеры
  6
Continuous
440
 16777216
370
    13
100
AcDbLine
 10
68509.63508290854
 20
13244.83930772616
 30
0.0
 11
68610.60894036818
 21
13244.83930772616
 31
0.0
  0
LINE
  5
FA8
330
B93
100
AcDbEntity
  8
$Размеры
  6
Continuous
440
 16777216
370
    13
100
AcDbLine
 10
68549.53337849314
 20
13284.73760331065
 30
0.0
 11
68610.60894036818
 21
13284.73760331065
 31
0.0
  0
LINE
  5
FA9
330
B93
100
AcDbEntity
  8
$Размеры
  6
Continuous
440
 16777216
370
    13
100
AcDbLine
 10
68607.10894036818
 20
13244.83930772616
 30
0.0
 11
68607.10894036818
 21
13284.73760331065
 31
0.0
  0
LINE
  5
FAA
330
B93
100
AcDbEntity
  8
$Размеры
  6
Continuous
440
 16777216
370
    13
100
AcDbLine
 10
68607.10894036818
 20
13284.73760331065
 30
0.0
 11
68607.10894036818
 21
13343.42190470657
 31
0.0
  0
INSERT
  5
FAB
330
B93
100
AcDbEntity
  8
$Размеры
440
 16777216
370
    13
100
AcDbBlockReference
  2
_Oblique
 10
68607.10894036818
 20
13244.83930772616
 30
0.0
 41
7.5
 42
7.5
 43
7.5
 50
270.0
  0
INSERT
  5
FAC
330
B93
100
AcDbEntity
  8
$Размеры
440
 16777216
370
    13
100
AcDbBlockReference
  2
_Oblique
 10
68607.10894036818
 20
13284.73760331065
 30
0.0
 41
7.5
 42
7.5
 43
7.5
 50
90.0
  0
MTEXT
  5
FAD
330
B93
100
AcDbEntity
  8
$Размеры
440
 16777216
100
AcDbMText
 10
68597.10894036817
 20
13317.82975400859
 30
0.0
 40
12.5
 41
0.0
 46
0.0
 71
     5
 72
     1
  1
\A1;35(28)
  7
@ТРАНСПРОЕКТ
 11
0.0000000000000001
 21
1.0
 31
0.0
 73
     1
 44
1.0
  0
POINT
  5
FAE
330
B93
100
AcDbEntity
  8
Defpoints
 62
     0
440
 16777216
100
AcDbPoint
 10
68504.63508290854
 20
13244.83930772616
 30
0.0
  0
POINT
  5
FAF
330
B93
100
AcDbEntity
  8
Defpoints
 62
     0
440
 16777216
100
AcDbPoint
 10
68544.53337849314
 20
13284.73760331065
 30
0.0
  0
POINT
  5
FB0
330
B93
100
AcDbEntity
  8
Defpoints
 62
     0
440
 16777216
100
AcDbPoint
 10
68607.10894036818
 20
13284.73760331065
 30
0.0
  0
ENDBLK
  5
B95
330
B93
100
AcDbEntity
  8
0
100
AcDbBlockEnd
  0
BLOCK
  5
BA1
330
BA0
100
AcDbEntity
  8
0
100
AcDbBlockBegin
  2
*D129
 70
     1
 10
0.0
 20
0.0
 30
0.0
  3
*D129
  1

  0
LINE
  5
FB1
330
BA0
100
AcDbEntity
  8
$Размеры
  6
Continuous
 62
     5
440
 16777216
370
    13
100
AcDbLine
 10
57069.85151243356
 20
17304.11338271192
 30
0.0
 11
57069.85151243356
 21
17026.37922324452
 31
0.0
  0
LINE
  5
FB2
330
BA0
100
AcDbEntity
  8
$Размеры
  6
Continuous
 62
     5
440
 16777216
370
    13
100
AcDbLine
 10
62469.85151243356
 20
17634.11189978887
 30
0.0
 11
62469.85151243356
 21
17026.37922324452
 31
0.0
  0
LINE
  5
FB3
330
BA0
100
AcDbEntity
  8
$Размеры
  6
Continuous
 62
     5
440
 16777216
370
    13
100
AcDbLine
 10
57069.85151243356
 20
17061.37922324453
 30
0.0
 11
62469.85151243356
 21
17061.37922324453
 31
0.0
  0
INSERT
  5
FB4
330
BA0
100
AcDbEntity
  8
$Размеры
 62
     5
440
 16777216
370
    13
100
AcDbBlockReference
  2
_Oblique
 10
57069.85151243356
 20
17061.37922324453
 30
0.0
 41
75.0
 42
75.0
 43
75.0
 50
180.0
  0
INSERT
  5
FB5
330
BA0
100
AcDbEntity
  8
$Размеры
 62
     5
440
 16777216
370
    13
100
AcDbBlockReference
  2
_Oblique
 10
62469.85151243356
 20
17061.37922324453
 30
0.0
 41
75.0
 42
75.0
 43
75.0
  0
MTEXT
  5
FB6
330
BA0
100
AcDbEntity
  8
$Размеры
 62
     5
440
 16777216
100
AcDbMText
 10
59769.85151243357
 20
17148.87922324452
 30
0.0
 40
125.0
 41
0.0
 46
0.0
 71
     5
 72
     1
  1
\A1;5400
  7
@ТРАНСПРОЕКТ
 73
     1
 44
1.0
  0
POINT
  5
FB7
330
BA0
100
AcDbEntity
  8
Defpoints
 62
     0
440
 16777216
100
AcDbPoint
 10
57069.85151243356
 20
17354.11338271192
 30
0.0
  0
POINT
  5
FB8
330
BA0
100
AcDbEntity
  8
Defpoints
 62
     0
440
 16777216
100
AcDbPoint
 10
62469.85151243356
 20
17684.11189978887
 30
0.0
  0
POINT
  5
FB9
330
BA0
100
AcDbEntity
  8
Defpoints
 62
     0
440
 16777216
100
AcDbPoint
 10
62469.85151243356
 20
17061.37922324453
 30
0.0
  0
ENDBLK
  5
BA2
330
BA0
100
AcDbEntity
  8
0
100
AcDbBlockEnd
  0
BLOCK
  5
BAD
330
BAC
100
AcDbEntity
  8
0
100
AcDbBlockBegin
  2
*D130
 70
     1
 10
0.0
 20
0.0
 30
0.0
  3
*D130
  1

  0
LINE
  5
FBA
330
BAC
100
AcDbEntity
  8
$Размеры
  6
Continuous
 62
     5
440
 16777216
370
    13
100
AcDbLine
 10
56469.85151243357
 20
20804.11338271192
 30
0.0
 11
56469.85151243357
 21
20315.95539509217
 31
0.0
  0
LINE
  5
FBB
330
BAC
100
AcDbEntity
  8
$Размеры
  6
Continuous
 62
     5
440
 16777216
370
    13
100
AcDbLine
 10
62469.85151243356
 20
21134.11189978887
 30
0.0
 11
62469.85151243356
 21
20315.95539509217
 31
0.0
  0
LINE
  5
FBC
330
BAC
100
AcDbEntity
  8
$Размеры
  6
Continuous
 62
     5
440
 16777216
370
    13
100
AcDbLine
 10
56469.85151243357
 20
20350.95539509217
 30
0.0
 11
62469.85151243356
 21
20350.95539509217
 31
0.0
  0
INSERT
  5
FBD
330
BAC
100
AcDbEntity
  8
$Размеры
 62
     5
440
 16777216
370
    13
100
AcDbBlockReference
  2
_Oblique
 10
56469.85151243357
 20
20350.95539509217
 30
0.0
 41
75.0
 42
75.0
 43
75.0
 50
180.0
  0
INSERT
  5
FBE
330
BAC
100
AcDbEntity
  8
$Размеры
 62
     5
440
 16777216
370
    13
100
AcDbBlockReference
  2
_Oblique
 10
62469.85151243356
 20
20350.95539509217
 30
0.0
 41
75.0
 42
75.0
 43
75.0
  0
MTEXT
  5
FBF
330
BAC
100
AcDbEntity
  8
$Размеры
 62
     5
440
 16777216
100
AcDbMText
 10
59469.85151243357
 20
20438.45539509217
 30
0.0
 40
125.0
 41
0.0
 46
0.0
 71
     5
 72
     1
  1
\A1;6000
  7
@ТРАНСПРОЕКТ
 73
     1
 44
1.0
  0
POINT
  5
FC0
330
BAC
100
AcDbEntity
  8
Defpoints
 62
     0
440
 16777216
100
AcDbPoint
 10
56469.85151243357
 20
20854.11338271192
 30
0.0
  0
POINT
  5
FC1
330
BAC
100
AcDbEntity
  8
Defpoints
 62
     0
440
 16777216
100
AcDbPoint
 10
62469.85151243356
 20
21184.11189978887
 30
0.0
  0
POINT
  5
FC2
330
BAC
100
AcDbEntity
  8
Defpoints
 62
     0
440
 16777216
100
AcDbPoint
 10
62469.85151243356
 20
20350.95539509217
 30
0.0
  0
ENDBLK
  5
BAE
330
BAC
100
AcDbEntity
  8
0
100
AcDbBlockEnd
  0
BLOCK
  5
BB9
330
BB8
100
AcDbEntity
  8
0
100
AcDbBlockBegin
  2
*D131
 70
     1
 10
0.0
 20
0.0
 30
0.0
  3
*D131
  1

  0
LINE
  5
FC3
330
BB8
100
AcDbEntity
  8
$Размеры
  6
Continuous
 62
     5
440
 16777216
370
    13
100
AcDbLine
 10
56469.85151243357
 20
17304.11338271192
 30
0.0
 11
56469.85151243357
 21
17026.37922324452
 31
0.0
  0
LINE
  5
FC4
330
BB8
100
AcDbEntity
  8
$Размеры
  6
Continuous
 62
     5
440
 16777216
370
    13
100
AcDbLine
 10
57069.85151243356
 20
17304.11338271192
 30
0.0
 11
57069.85151243356
 21
17026.37922324452
 31
0.0
  0
LINE
  5
FC5
330
BB8
100
AcDbEntity
  8
$Размеры
  6
Continuous
 62
     5
440
 16777216
370
    13
100
AcDbLine
 10
56469.85151243357
 20
17061.37922324453
 30
0.0
 11
57069.85151243356
 21
17061.37922324453
 31
0.0
  0
INSERT
  5
FC6
330
BB8
100
AcDbEntity
  8
$Размеры
 62
     5
440
 16777216
370
    13
100
AcDbBlockReference
  2
_Oblique
 10
56469.85151243357
 20
17061.37922324453
 30
0.0
 41
75.0
 42
75.0
 43
75.0
 50
180.0
  0
INSERT
  5
FC7
330
BB8
100
AcDbEntity
  8
$Размеры
 62
     5
440
 16777216
370
    13
100
AcDbBlockReference
  2
_Oblique
 10
57069.85151243356
 20
17061.37922324453
 30
0.0
 41
75.0
 42
75.0
 43
75.0
  0
MTEXT
  5
FC8
330
BB8
100
AcDbEntity
  8
$Размеры
 62
     5
440
 16777216
100
AcDbMText
 10
56769.85151243356
 20
17148.87922324452
 30
0.0
 40
125.0
 41
0.0
 46
0.0
 71
     5
 72
     1
  1
\A1;600
  7
@ТРАНСПРОЕКТ
 73
     1
 44
1.0
  0
POINT
  5
FC9
330
BB8
100
AcDbEntity
  8
Defpoints
 62
     0
440
 16777216
100
AcDbPoint
 10
56469.85151243357
 20
17354.11338271192
 30
0.0
  0
POINT
  5
FCA
330
BB8
100
AcDbEntity
  8
Defpoints
 62
     0
440
 16777216
100
AcDbPoint
 10
57069.85151243356
 20
17354.11338271192
 30
0.0
  0
POINT
  5
FCB
330
BB8
100
AcDbEntity
  8
Defpoints
 62
     0
440
 16777216
100
AcDbPoint
 10
57069.85151243356
 20
17061.37922324453
 30
0.0
  0
ENDBLK
  5
BBA
330
BB8
100
AcDbEntity
  8
0
100
AcDbBlockEnd
  0
BLOCK
  5
BC5
330
BC4
100
AcDbEntity
  8
0
100
AcDbBlockBegin
  2
*D132
 70
     1
 10
0.0
 20
0.0
 30
0.0
  3
*D132
  1

  0
LINE
  5
FCC
330
BC4
100
AcDbEntity
  8
$Размеры
  6
Continuous
 62
     5
440
 16777216
370
    13
100
AcDbLine
 10
56469.85151243357
 20
20804.11338271192
 30
0.0
 11
56469.85151243357
 21
20526.37922324453
 31
0.0
  0
LINE
  5
FCD
330
BC4
100
AcDbEntity
  8
$Размеры
  6
Continuous
 62
     5
440
 16777216
370
    13
100
AcDbLine
 10
57069.85151243356
 20
20804.11338271192
 30
0.0
 11
57069.85151243356
 21
20526.37922324453
 31
0.0
  0
LINE
  5
FCE
330
BC4
100
AcDbEntity
  8
$Размеры
  6
Continuous
 62
     5
440
 16777216
370
    13
100
AcDbLine
 10
56469.85151243357
 20
20561.37922324453
 30
0.0
 11
57069.85151243356
 21
20561.37922324453
 31
0.0
  0
INSERT
  5
FCF
330
BC4
100
AcDbEntity
  8
$Размеры
 62
     5
440
 16777216
370
    13
100
AcDbBlockReference
  2
_Oblique
 10
56469.85151243357
 20
20561.37922324453
 30
0.0
 41
75.0
 42
75.0
 43
75.0
 50
180.0
  0
INSERT
  5
FD0
330
BC4
100
AcDbEntity
  8
$Размеры
 62
     5
440
 16777216
370
    13
100
AcDbBlockReference
  2
_Oblique
 10
57069.85151243356
 20
20561.37922324453
 30
0.0
 41
75.0
 42
75.0
 43
75.0
  0
MTEXT
  5
FD1
330
BC4
100
AcDbEntity
  8
$Размеры
 62
     5
440
 16777216
100
AcDbMText
 10
56769.85151243356
 20
20648.87922324453
 30
0.0
 40
125.0
 41
0.0
 46
0.0
 71
     5
 72
     1
  1
\A1;600
  7
@ТРАНСПРОЕКТ
 73
     1
 44
1.0
  0
POINT
  5
FD2
330
BC4
100
AcDbEntity
  8
Defpoints
 62
     0
440
 16777216
100
AcDbPoint
 10
56469.85151243357
 20
20854.11338271192
 30
0.0
  0
POINT
  5
FD3
330
BC4
100
AcDbEntity
  8
Defpoints
 62
     0
440
 16777216
100
AcDbPoint
 10
57069.85151243356
 20
20854.11338271192
 30
0.0
  0
POINT
  5
FD4
330
BC4
100
AcDbEntity
  8
Defpoints
 62
     0
440
 16777216
100
AcDbPoint
 10
57069.85151243356
 20
20561.37922324453
 30
0.0
  0
ENDBLK
  5
BC6
330
BC4
100
AcDbEntity
  8
0
100
AcDbBlockEnd
  0
BLOCK
  5
BD1
330
BD0
100
AcDbEntity
  8
0
100
AcDbBlockBegin
  2
*D133
 70
     1
 10
0.0
 20
0.0
 30
0.0
  3
*D133
  1

  0
LINE
  5
FD5
330
BD0
100
AcDbEntity
  8
$Размеры
  6
Continuous
 62
     5
440
 16777216
370
    13
100
AcDbLine
 10
56469.85151243357
 20
17304.11338271192
 30
0.0
 11
56469.85151243357
 21
16815.95539509217
 31
0.0
  0
LINE
  5
FD6
330
BD0
100
AcDbEntity
  8
$Размеры
  6
Continuous
 62
     5
440
 16777216
370
    13
100
AcDbLine
 10
62469.85151243356
 20
17634.11189978887
 30
0.0
 11
62469.85151243356
 21
16815.95539509217
 31
0.0
  0
LINE
  5
FD7
330
BD0
100
AcDbEntity
  8
$Размеры
  6
Continuous
 62
     5
440
 16777216
370
    13
100
AcDbLine
 10
56469.85151243357
 20
16850.95539509217
 30
0.0
 11
62469.85151243356
 21
16850.95539509217
 31
0.0
  0
INSERT
  5
FD8
330
BD0
100
AcDbEntity
  8
$Размеры
 62
     5
440
 16777216
370
    13
100
AcDbBlockReference
  2
_Oblique
 10
56469.85151243357
 20
16850.95539509217
 30
0.0
 41
75.0
 42
75.0
 43
75.0
 50
180.0
  0
INSERT
  5
FD9
330
BD0
100
AcDbEntity
  8
$Размеры
 62
     5
440
 16777216
370
    13
100
AcDbBlockReference
  2
_Oblique
 10
62469.85151243356
 20
16850.95539509217
 30
0.0
 41
75.0
 42
75.0
 43
75.0
  0
MTEXT
  5
FDA
330
BD0
100
AcDbEntity
  8
$Размеры
 62
     5
440
 16777216
100
AcDbMText
 10
59469.85151243357
 20
16938.45539509217
 30
0.0
 40
125.0
 41
0.0
 46
0.0
 71
     5
 72
     1
  1
\A1;6000
  7
@ТРАНСПРОЕКТ
 73
     1
 44
1.0
  0
POINT
  5
FDB
330
BD0
100
AcDbEntity
  8
Defpoints
 62
     0
440
 16777216
100
AcDbPoint
 10
56469.85151243357
 20
17354.11338271192
 30
0.0
  0
POINT
  5
FDC
330
BD0
100
AcDbEntity
  8
Defpoints
 62
     0
440
 16777216
100
AcDbPoint
 10
62469.85151243356
 20
17684.11189978887
 30
0.0
  0
POINT
  5
FDD
330
BD0
100
AcDbEntity
  8
Defpoints
 62
     0
440
 16777216
100
AcDbPoint
 10
62469.85151243356
 20
16850.95539509217
 30
0.0
  0
ENDBLK
  5
BD2
330
BD0
100
AcDbEntity
  8
0
100
AcDbBlockEnd
  0
BLOCK
  5
BDD
330
BDC
100
AcDbEntity
  8
0
100
AcDbBlockBegin
  2
*D134
 70
     1
 10
0.0
 20
0.0
 30
0.0
  3
*D134
  1

  0
LINE
  5
FDE
330
BDC
100
AcDbEntity
  8
$Размеры
  6
Continuous
 62
     5
440
 16777216
370
    13
100
AcDbLine
 10
57069.85151243356
 20
20804.11338271192
 30
0.0
 11
57069.85151243356
 21
20526.37922324453
 31
0.0
  0
LINE
  5
FDF
330
BDC
100
AcDbEntity
  8
$Размеры
  6
Continuous
 62
     5
440
 16777216
370
    13
100
AcDbLine
 10
62469.85151243356
 20
21134.11189978887
 30
0.0
 11
62469.85151243356
 21
20526.37922324453
 31
0.0
  0
LINE
  5
FE0
330
BDC
100
AcDbEntity
  8
$Размеры
  6
Continuous
 62
     5
440
 16777216
370
    13
100
AcDbLine
 10
57069.85151243356
 20
20561.37922324453
 30
0.0
 11
62469.85151243356
 21
20561.37922324453
 31
0.0
  0
INSERT
  5
FE1
330
BDC
100
AcDbEntity
  8
$Размеры
 62
     5
440
 16777216
370
    13
100
AcDbBlockReference
  2
_Oblique
 10
57069.85151243356
 20
20561.37922324453
 30
0.0
 41
75.0
 42
75.0
 43
75.0
 50
180.0
  0
INSERT
  5
FE2
330
BDC
100
AcDbEntity
  8
$Размеры
 62
     5
440
 16777216
370
    13
100
AcDbBlockReference
  2
_Oblique
 10
62469.85151243356
 20
20561.37922324453
 30
0.0
 41
75.0
 42
75.0
 43
75.0
  0
MTEXT
  5
FE3
330
BDC
100
AcDbEntity
  8
$Размеры
 62
     5
440
 16777216
100
AcDbMText
 10
59769.85151243357
 20
20648.87922324453
 30
0.0
 40
125.0
 41
0.0
 46
0.0
 71
     5
 72
     1
  1
\A1;5400
  7
@ТРАНСПРОЕКТ
 73
     1
 44
1.0
  0
POINT
  5
FE4
330
BDC
100
AcDbEntity
  8
Defpoints
 62
     0
440
 16777216
100
AcDbPoint
 10
57069.85151243356
 20
20854.11338271192
 30
0.0
  0
POINT
  5
FE5
330
BDC
100
AcDbEntity
  8
Defpoints
 62
     0
440
 16777216
100
AcDbPoint
 10
62469.85151243356
 20
21184.11189978887
 30
0.0
  0
POINT
  5
FE6
330
BDC
100
AcDbEntity
  8
Defpoints
 62
     0
440
 16777216
100
AcDbPoint
 10
62469.85151243356
 20
20561.37922324453
 30
0.0
  0
ENDBLK
  5
BDE
330
BDC
100
AcDbEntity
  8
0
100
AcDbBlockEnd
  0
BLOCK
  5
BE9
330
BE8
100
AcDbEntity
  8
0
100
AcDbBlockBegin
  2
*D135
 70
     1
 10
0.0
 20
0.0
 30
0.0
  3
*D135
  1

  0
LINE
  5
FE7
330
BE8
100
AcDbEntity
  8
$Размеры
  6
Continuous
 62
     5
440
 16777216
370
    13
100
AcDbLine
 10
41820.30551857044
 20
26071.66833159751
 30
0.0
 11
42173.96358861504
 21
26071.66833159751
 31
0.0
  0
LINE
  5
FE8
330
BE8
100
AcDbEntity
  8
$Размеры
  6
Continuous
 62
     5
440
 16777216
370
    13
100
AcDbLine
 10
41795.30391933032
 20
26946.81535088473
 30
0.0
 11
42173.96358861504
 21
26946.81535088473
 31
0.0
  0
LINE
  5
FE9
330
BE8
100
AcDbEntity
  8
$Размеры
  6
Continuous
 62
     5
440
 16777216
370
    13
100
AcDbLine
 10
42138.96358861505
 20
26071.66833159751
 30
0.0
 11
42138.96358861505
 21
26946.81535088473
 31
0.0
  0
INSERT
  5
FEA
330
BE8
100
AcDbEntity
  8
$Размеры
 62
     5
440
 16777216
370
    13
100
AcDbBlockReference
  2
_Oblique
 10
42138.96358861505
 20
26071.66833159751
 30
0.0
 41
75.0
 42
75.0
 43
75.0
 50
270.0
  0
INSERT
  5
FEB
330
BE8
100
AcDbEntity
  8
$Размеры
 62
     5
440
 16777216
370
    13
100
AcDbBlockReference
  2
_Oblique
 10
42138.96358861505
 20
26946.81535088473
 30
0.0
 41
75.0
 42
75.0
 43
75.0
 50
90.0
  0
MTEXT
  5
FEC
330
BE8
100
AcDbEntity
  8
$Размеры
 62
     5
440
 16777216
100
AcDbMText
 10
42051.46358861505
 20
26509.2418412411
 30
0.0
 40
125.0
 41
0.0
 46
0.0
 71
     5
 72
     1
  1
\A1;875
  7
@ТРАНСПРОЕКТ
 11
0.0000000000000001
 21
1.0
 31
0.0
 73
     1
 44
1.0
  0
POINT
  5
FED
330
BE8
100
AcDbEntity
  8
Defpoints
 62
     0
440
 16777216
100
AcDbPoint
 10
41770.30551857044
 20
26071.66833159751
 30
0.0
  0
POINT
  5
FEE
330
BE8
100
AcDbEntity
  8
Defpoints
 62
     0
440
 16777216
100
AcDbPoint
 10
41745.30391933032
 20
26946.81535088473
 30
0.0
  0
POINT
  5
FEF
330
BE8
100
AcDbEntity
  8
Defpoints
 62
     0
440
 16777216
100
AcDbPoint
 10
42138.96358861505
 20
26946.81535088473
 30
0.0
  0
ENDBLK
  5
BEA
330
BE8
100
AcDbEntity
  8
0
100
AcDbBlockEnd
  0
BLOCK
  5
BF5
330
BF4
100
AcDbEntity
  8
0
100
AcDbBlockBegin
  2
*D136
 70
     1
 10
0.0
 20
0.0
 30
0.0
  3
*D136
  1

  0
LINE
  5
FF0
330
BF4
100
AcDbEntity
  8
$Размеры
  6
Continuous
 62
     5
440
 16777216
370
    13
100
AcDbLine
 10
31375.39910565698
 20
26065.66836358215
 30
0.0
 11
31156.9198345678
 21
26065.66836358215
 31
0.0
  0
LINE
  5
FF1
330
BF4
100
AcDbEntity
  8
$Размеры
  6
Continuous
 62
     5
440
 16777216
370
    13
100
AcDbLine
 10
31400.39910565698
 20
26946.81535088462
 30
0.0
 11
31156.9198345678
 21
26946.81535088462
 31
0.0
  0
LINE
  5
FF2
330
BF4
100
AcDbEntity
  8
$Размеры
  6
Continuous
 62
     5
440
 16777216
370
    13
100
AcDbLine
 10
31191.9198345678
 20
26065.66836358215
 30
0.0
 11
31191.9198345678
 21
26946.81535088462
 31
0.0
  0
INSERT
  5
FF3
330
BF4
100
AcDbEntity
  8
$Размеры
 62
     5
440
 16777216
370
    13
100
AcDbBlockReference
  2
_Oblique
 10
31191.9198345678
 20
26065.66836358215
 30
0.0
 41
75.0
 42
75.0
 43
75.0
 50
270.0
  0
INSERT
  5
FF4
330
BF4
100
AcDbEntity
  8
$Размеры
 62
     5
440
 16777216
370
    13
100
AcDbBlockReference
  2
_Oblique
 10
31191.9198345678
 20
26946.81535088462
 30
0.0
 41
75.0
 42
75.0
 43
75.0
 50
90.0
  0
MTEXT
  5
FF5
330
BF4
100
AcDbEntity
  8
$Размеры
 62
     5
440
 16777216
100
AcDbMText
 10
31104.4198345678
 20
26506.24185723337
 30
0.0
 40
125.0
 41
0.0
 46
0.0
 71
     5
 72
     1
  1
\A1;881
  7
@ТРАНСПРОЕКТ
 11
0.0000000000000001
 21
1.0
 31
0.0
 73
     1
 44
1.0
  0
POINT
  5
FF6
330
BF4
100
AcDbEntity
  8
Defpoints
 62
     0
440
 16777216
100
AcDbPoint
 10
31425.39910565698
 20
26065.66836358215
 30
0.0
  0
POINT
  5
FF7
330
BF4
100
AcDbEntity
  8
Defpoints
 62
     0
440
 16777216
100
AcDbPoint
 10
31450.39910565698
 20
26946.81535088462
 30
0.0
  0
POINT
  5
FF8
330
BF4
100
AcDbEntity
  8
Defpoints
 62
     0
440
 16777216
100
AcDbPoint
 10
31191.9198345678
 20
26946.81535088462
 30
0.0
  0
ENDBLK
  5
BF6
330
BF4
100
AcDbEntity
  8
0
100
AcDbBlockEnd
  0
BLOCK
  5
C01
330
C00
100
AcDbEntity
  8
0
100
AcDbBlockBegin
  2
*D137
 70
     1
 10
0.0
 20
0.0
 30
0.0
  3
*D137
  1

  0
LINE
  5
FF9
330
C00
100
AcDbEntity
  8
$Выноски
  6
Continuous
 62
     5
440
 16777216
370
    13
100
AcDbLine
 10
31425.39910565697
 20
16859.81741171787
 30
0.0
 11
31425.39910565697
 21
16432.13785450629
 31
0.0
  0
LINE
  5
FFA
330
C00
100
AcDbEntity
  8
$Выноски
  6
Continuous
 62
     5
440
 16777216
370
    13
100
AcDbLine
 10
32345.35514719279
 20
16558.70502419936
 30
0.0
 11
32345.35514719279
 21
16432.13785450629
 31
0.0
  0
LINE
  5
FFB
330
C00
100
AcDbEntity
  8
$Выноски
  6
Continuous
 62
     5
440
 16777216
370
    13
100
AcDbLine
 10
31425.39910565697
 20
16467.13785450629
 30
0.0
 11
32345.35514719279
 21
16467.13785450629
 31
0.0
  0
INSERT
  5
FFC
330
C00
100
AcDbEntity
  8
$Выноски
 62
     5
440
 16777216
370
    13
100
AcDbBlockReference
  2
_Oblique
 10
31425.39910565697
 20
16467.13785450629
 30
0.0
 41
75.0
 42
75.0
 43
75.0
 50
180.0
  0
INSERT
  5
FFD
330
C00
100
AcDbEntity
  8
$Выноски
 62
     5
440
 16777216
370
    13
100
AcDbBlockReference
  2
_Oblique
 10
32345.35514719279
 20
16467.13785450629
 30
0.0
 41
75.0
 42
75.0
 43
75.0
  0
MTEXT
  5
FFE
330
C00
100
AcDbEntity
  8
$Выноски
 62
     5
440
 16777216
100
AcDbMText
 10
31885.37712642488
 20
16554.63785450629
 30
0.0
 40
125.0
 41
0.0
 46
0.0
 71
     5
 72
     1
  1
\A1;920
  7
@ТРАНСПРОЕКТ
 73
     1
 44
1.0
  0
POINT
  5
FFF
330
C00
100
AcDbEntity
  8
Defpoints
 62
     0
440
 16777216
100
AcDbPoint
 10
31425.39910565697
 20
16909.81741171787
 30
0.0
  0
POINT
  5
1000
330
C00
100
AcDbEntity
  8
Defpoints
 62
     0
440
 16777216
100
AcDbPoint
 10
32345.35514719279
 20
16608.70502419935
 30
0.0
  0
POINT
  5
1001
330
C00
100
AcDbEntity
  8
Defpoints
 62
     0
440
 16777216
100
AcDbPoint
 10
32345.35514719279
 20
16467.13785450629
 30
0.0
  0
ENDBLK
  5
C02
330
C00
100
AcDbEntity
  8
0
100
AcDbBlockEnd
  0
BLOCK
  5
C0D
330
C0C
100
AcDbEntity
  8
0
100
AcDbBlockBegin
  2
*D138
 70
     1
 10
0.0
 20
0.0
 30
0.0
  3
*D138
  1

  0
LINE
  5
1002
330
C0C
100
AcDbEntity
  8
$Выноски
  6
Continuous
 62
     5
440
 16777216
370
    13
100
AcDbLine
 10
32345.35514719279
 20
16558.70502419936
 30
0.0
 11
32345.35514719279
 21
16432.13785450629
 31
0.0
  0
LINE
  5
1003
330
C0C
100
AcDbEntity
  8
$Выноски
  6
Continuous
 62
     5
440
 16777216
370
    13
100
AcDbLine
 10
36747.85151249364
 20
16577.63727994441
 30
0.0
 11
36747.85151249364
 21
16432.13785450629
 31
0.0
  0
LINE
  5
1004
330
C0C
100
AcDbEntity
  8
$Выноски
  6
Continuous
 62
     5
440
 16777216
370
    13
100
AcDbLine
 10
32345.35514719279
 20
16467.13785450629
 30
0.0
 11
36747.85151249364
 21
16467.13785450629
 31
0.0
  0
INSERT
  5
1005
330
C0C
100
AcDbEntity
  8
$Выноски
 62
     5
440
 16777216
370
    13
100
AcDbBlockReference
  2
_Oblique
 10
32345.35514719279
 20
16467.13785450629
 30
0.0
 41
75.0
 42
75.0
 43
75.0
 50
180.0
  0
INSERT
  5
1006
330
C0C
100
AcDbEntity
  8
$Выноски
 62
     5
440
 16777216
370
    13
100
AcDbBlockReference
  2
_Oblique
 10
36747.85151249364
 20
16467.13785450629
 30
0.0
 41
75.0
 42
75.0
 43
75.0
  0
MTEXT
  5
1007
330
C0C
100
AcDbEntity
  8
$Выноски
 62
     5
440
 16777216
100
AcDbMText
 10
34546.60332984322
 20
16554.63785450629
 30
0.0
 40
125.0
 41
0.0
 46
0.0
 71
     5
 72
     1
  1
\A1;12195
  7
@ТРАНСПРОЕКТ
 73
     1
 44
1.0
  0
POINT
  5
1008
330
C0C
100
AcDbEntity
  8
Defpoints
 62
     0
440
 16777216
100
AcDbPoint
 10
32345.35514719279
 20
16608.70502419935
 30
0.0
  0
POINT
  5
1009
330
C0C
100
AcDbEntity
  8
Defpoints
 62
     0
440
 16777216
100
AcDbPoint
 10
36747.85151249364
 20
16627.6372799444
 30
0.0
  0
POINT
  5
100A
330
C0C
100
AcDbEntity
  8
Defpoints
 62
     0
440
 16777216
100
AcDbPoint
 10
36747.85151249364
 20
16467.13785450629
 30
0.0
  0
ENDBLK
  5
C0E
330
C0C
100
AcDbEntity
  8
0
100
AcDbBlockEnd
  0
BLOCK
  5
C19
330
C18
100
AcDbEntity
  8
0
100
AcDbBlockBegin
  2
*D139
 70
     1
 10
0.0
 20
0.0
 30
0.0
  3
*D139
  1

  0
LINE
  5
100B
330
C18
100
AcDbEntity
  8
$Выноски
  6
Continuous
 62
     5
440
 16777216
370
    13
100
AcDbLine
 10
41150.34787779448
 20
16558.70502419936
 30
0.0
 11
41150.34787779448
 21
16432.13785450629
 31
0.0
  0
LINE
  5
100C
330
C18
100
AcDbEntity
  8
$Выноски
  6
Continuous
 62
     5
440
 16777216
370
    13
100
AcDbLine
 10
41770.30391921017
 20
16859.81741171787
 30
0.0
 11
41770.30391921017
 21
16432.13785450629
 31
0.0
  0
LINE
  5
100D
330
C18
100
AcDbEntity
  8
$Выноски
  6
Continuous
 62
     5
440
 16777216
370
    13
100
AcDbLine
 10
41150.34787779448
 20
16467.13785450629
 30
0.0
 11
41770.30391921017
 21
16467.13785450629
 31
0.0
  0
INSERT
  5
100E
330
C18
100
AcDbEntity
  8
$Выноски
 62
     5
440
 16777216
370
    13
100
AcDbBlockReference
  2
_Oblique
 10
41150.34787779448
 20
16467.13785450629
 30
0.0
 41
75.0
 42
75.0
 43
75.0
 50
180.0
  0
INSERT
  5
100F
330
C18
100
AcDbEntity
  8
$Выноски
 62
     5
440
 16777216
370
    13
100
AcDbBlockReference
  2
_Oblique
 10
41770.30391921017
 20
16467.13785450629
 30
0.0
 41
75.0
 42
75.0
 43
75.0
  0
MTEXT
  5
1010
330
C18
100
AcDbEntity
  8
$Выноски
 62
     5
440
 16777216
100
AcDbMText
 10
41460.32589850232
 20
16554.63785450629
 30
0.0
 40
125.0
 41
0.0
 46
0.0
 71
     5
 72
     1
  1
\A1;620
  7
@ТРАНСПРОЕКТ
 73
     1
 44
1.0
  0
POINT
  5
1011
330
C18
100
AcDbEntity
  8
Defpoints
 62
     0
440
 16777216
100
AcDbPoint
 10
41150.34787779448
 20
16608.70502419935
 30
0.0
  0
POINT
  5
1012
330
C18
100
AcDbEntity
  8
Defpoints
 62
     0
440
 16777216
100
AcDbPoint
 10
41770.30391921017
 20
16909.81741171787
 30
0.0
  0
POINT
  5
1013
330
C18
100
AcDbEntity
  8
Defpoints
 62
     0
440
 16777216
100
AcDbPoint
 10
41770.30391921017
 20
16467.13785450629
 30
0.0
  0
ENDBLK
  5
C1A
330
C18
100
AcDbEntity
  8
0
100
AcDbBlockEnd
  0
BLOCK
  5
C25
330
C24
100
AcDbEntity
  8
0
100
AcDbBlockBegin
  2
*D140
 70
     1
 10
0.0
 20
0.0
 30
0.0
  3
*D140
  1

  0
LINE
  5
1014
330
C24
100
AcDbEntity
  8
$Выноски
  6
Continuous
 62
     5
440
 16777216
370
    13
100
AcDbLine
 10
41150.34787779448
 20
16558.70502419936
 30
0.0
 11
41150.34787779448
 21
16432.13785450629
 31
0.0
  0
LINE
  5
1015
330
C24
100
AcDbEntity
  8
$Выноски
  6
Continuous
 62
     5
440
 16777216
370
    13
100
AcDbLine
 10
36747.85151249364
 20
16577.63727994441
 30
0.0
 11
36747.85151249364
 21
16432.13785450629
 31
0.0
  0
LINE
  5
1016
330
C24
100
AcDbEntity
  8
$Выноски
  6
Continuous
 62
     5
440
 16777216
370
    13
100
AcDbLine
 10
41150.34787779448
 20
16467.13785450629
 30
0.0
 11
36747.85151249364
 21
16467.13785450629
 31
0.0
  0
INSERT
  5
1017
330
C24
100
AcDbEntity
  8
$Выноски
 62
     5
440
 16777216
370
    13
100
AcDbBlockReference
  2
_Oblique
 10
41150.34787779448
 20
16467.13785450629
 30
0.0
 41
75.0
 42
75.0
 43
75.0
  0
INSERT
  5
1018
330
C24
100
AcDbEntity
  8
$Выноски
 62
     5
440
 16777216
370
    13
100
AcDbBlockReference
  2
_Oblique
 10
36747.85151249364
 20
16467.13785450629
 30
0.0
 41
75.0
 42
75.0
 43
75.0
 50
180.0
  0
MTEXT
  5
1019
330
C24
100
AcDbEntity
  8
$Выноски
 62
     5
440
 16777216
100
AcDbMText
 10
38949.09969514406
 20
16554.63785450629
 30
0.0
 40
125.0
 41
0.0
 46
0.0
 71
     5
 72
     1
  1
\A1;12195
  7
@ТРАНСПРОЕКТ
 73
     1
 44
1.0
  0
POINT
  5
101A
330
C24
100
AcDbEntity
  8
Defpoints
 62
     0
440
 16777216
100
AcDbPoint
 10
41150.34787779448
 20
16608.70502419935
 30
0.0
  0
POINT
  5
101B
330
C24
100
AcDbEntity
  8
Defpoints
 62
     0
440
 16777216
100
AcDbPoint
 10
36747.85151249364
 20
16627.6372799444
 30
0.0
  0
POINT
  5
101C
330
C24
100
AcDbEntity
  8
Defpoints
 62
     0
440
 16777216
100
AcDbPoint
 10
36747.85151249364
 20
16467.13785450629
 30
0.0
  0
ENDBLK
  5
C26
330
C24
100
AcDbEntity
  8
0
100
AcDbBlockEnd
  0
BLOCK
  5
C31
330
C30
100
AcDbEntity
  8
0
100
AcDbBlockBegin
  2
*D141
 70
     1
 10
0.0
 20
0.0
 30
0.0
  3
*D141
  1

  0
LINE
  5
101D
330
C30
100
AcDbEntity
  8
$Выноски
  6
Continuous
 62
     5
440
 16777216
370
    13
100
AcDbLine
 10
41375.3478777945
 20
17469.81734978493
 30
0.0
 11
42220.17441541106
 21
17469.81734978493
 31
0.0
  0
LINE
  5
101E
330
C30
100
AcDbEntity
  8
$Выноски
  6
Continuous
 62
     5
440
 16777216
370
    13
100
AcDbLine
 10
41820.30391921018
 20
16909.81741171788
 30
0.0
 11
42220.17441541106
 21
16909.81741171788
 31
0.0
  0
LINE
  5
101F
330
C30
100
AcDbEntity
  8
$Выноски
  6
Continuous
 62
     5
440
 16777216
370
    13
100
AcDbLine
 10
42185.17441541106
 20
17469.81734978493
 30
0.0
 11
42185.17441541106
 21
16909.81741171788
 31
0.0
  0
INSERT
  5
1020
330
C30
100
AcDbEntity
  8
$Выноски
 62
     5
440
 16777216
370
    13
100
AcDbBlockReference
  2
_Oblique
 10
42185.17441541106
 20
17469.81734978493
 30
0.0
 41
75.0
 42
75.0
 43
75.0
 50
90.0
  0
INSERT
  5
1021
330
C30
100
AcDbEntity
  8
$Выноски
 62
     5
440
 16777216
370
    13
100
AcDbBlockReference
  2
_Oblique
 10
42185.17441541106
 20
16909.81741171788
 30
0.0
 41
75.0
 42
75.0
 43
75.0
 50
270.0
  0
MTEXT
  5
1022
330
C30
100
AcDbEntity
  8
$Выноски
 62
     5
440
 16777216
100
AcDbMText
 10
42097.67441541106
 20
17189.81738075138
 30
0.0
 40
125.0
 41
0.0
 46
0.0
 71
     5
 72
     1
  1
\A1;560
  7
@ТРАНСПРОЕКТ
 11
0.0000000000000001
 21
1.0
 31
0.0
 73
     1
 44
1.0
  0
POINT
  5
1023
330
C30
100
AcDbEntity
  8
Defpoints
 62
     0
440
 16777216
100
AcDbPoint
 10
41325.3478777945
 20
17469.81734978493
 30
0.0
  0
POINT
  5
1024
330
C30
100
AcDbEntity
  8
Defpoints
 62
     0
440
 16777216
100
AcDbPoint
 10
41770.30391921018
 20
16909.81741171788
 30
0.0
  0
POINT
  5
1025
330
C30
100
AcDbEntity
  8
Defpoints
 62
     0
440
 16777216
100
AcDbPoint
 10
42185.17441541106
 20
16909.81741171788
 30
0.0
  0
ENDBLK
  5
C32
330
C30
100
AcDbEntity
  8
0
100
AcDbBlockEnd
  0
BLOCK
  5
C3D
330
C3C
100
AcDbEntity
  8
0
100
AcDbBlockBegin
  2
*D142
 70
     1
 10
0.0
 20
0.0
 30
0.0
  3
*D142
  1

  0
LINE
  5
1026
330
C3C
100
AcDbEntity
  8
$Выноски
  6
Continuous
 62
     5
440
 16777216
370
    13
100
AcDbLine
 10
41375.3478777945
 20
17469.81734978493
 30
0.0
 11
42220.17441541106
 21
17469.81734978493
 31
0.0
  0
LINE
  5
1027
330
C3C
100
AcDbEntity
  8
$Выноски
  6
Continuous
 62
     5
440
 16777216
370
    13
100
AcDbLine
 10
41375.3478777945
 20
21469.81734830273
 30
0.0
 11
42220.17441541106
 21
21469.81734830273
 31
0.0
  0
LINE
  5
1028
330
C3C
100
AcDbEntity
  8
$Выноски
  6
Continuous
 62
     5
440
 16777216
370
    13
100
AcDbLine
 10
42185.17441541106
 20
17469.81734978493
 30
0.0
 11
42185.17441541106
 21
21469.81734830273
 31
0.0
  0
INSERT
  5
1029
330
C3C
100
AcDbEntity
  8
$Выноски
 62
     5
440
 16777216
370
    13
100
AcDbBlockReference
  2
_Oblique
 10
42185.17441541106
 20
17469.81734978493
 30
0.0
 41
75.0
 42
75.0
 43
75.0
 50
270.0
  0
INSERT
  5
102A
330
C3C
100
AcDbEntity
  8
$Выноски
 62
     5
440
 16777216
370
    13
100
AcDbBlockReference
  2
_Oblique
 10
42185.17441541106
 20
21469.81734830273
 30
0.0
 41
75.0
 42
75.0
 43
75.0
 50
90.0
  0
MTEXT
  5
102B
330
C3C
100
AcDbEntity
  8
$Выноски
 62
     5
440
 16777216
100
AcDbMText
 10
42097.67441541106
 20
19469.81734904381
 30
0.0
 40
125.0
 41
0.0
 46
0.0
 71
     5
 72
     1
  1
\A1;2х2000=4000
  7
@ТРАНСПРОЕКТ
 11
0.0000000000000001
 21
1.0
 31
0.0
 73
     1
 44
1.0
  0
POINT
  5
102C
330
C3C
100
AcDbEntity
  8
Defpoints
 62
     0
440
 16777216
100
AcDbPoint
 10
41325.3478777945
 20
17469.81734978493
 30
0.0
  0
POINT
  5
102D
330
C3C
100
AcDbEntity
  8
Defpoints
 62
     0
440
 16777216
100
AcDbPoint
 10
41325.3478777945
 20
21469.81734830273
 30
0.0
  0
POINT
  5
102E
330
C3C
100
AcDbEntity
  8
Defpoints
 62
     0
440
 16777216
100
AcDbPoint
 10
42185.17441541106
 20
21469.81734830273
 30
0.0
  0
ENDBLK
  5
C3E
330
C3C
100
AcDbEntity
  8
0
100
AcDbBlockEnd
  0
BLOCK
  5
C49
330
C48
100
AcDbEntity
  8
0
100
AcDbBlockBegin
  2
*D143
 70
     1
 10
0.0
 20
0.0
 30
0.0
  3
*D143
  1

  0
LINE
  5
102F
330
C48
100
AcDbEntity
  8
$Выноски
  6
Continuous
 62
     5
440
 16777216
370
    13
100
AcDbLine
 10
41375.3478777945
 20
21469.81734830273
 30
0.0
 11
42220.17441541106
 21
21469.81734830273
 31
0.0
  0
LINE
  5
1030
330
C48
100
AcDbEntity
  8
$Выноски
  6
Continuous
 62
     5
440
 16777216
370
    13
100
AcDbLine
 10
41820.30391921018
 20
22909.81741171788
 30
0.0
 11
42220.17441541106
 21
22909.81741171788
 31
0.0
  0
LINE
  5
1031
330
C48
100
AcDbEntity
  8
$Выноски
  6
Continuous
 62
     5
440
 16777216
370
    13
100
AcDbLine
 10
42185.17441541106
 20
21469.81734830273
 30
0.0
 11
42185.17441541106
 21
22909.81741171788
 31
0.0
  0
INSERT
  5
1032
330
C48
100
AcDbEntity
  8
$Выноски
 62
     5
440
 16777216
370
    13
100
AcDbBlockReference
  2
_Oblique
 10
42185.17441541106
 20
21469.81734830273
 30
0.0
 41
75.0
 42
75.0
 43
75.0
 50
270.0
  0
INSERT
  5
1033
330
C48
100
AcDbEntity
  8
$Выноски
 62
     5
440
 16777216
370
    13
100
AcDbBlockReference
  2
_Oblique
 10
42185.17441541106
 20
22909.81741171788
 30
0.0
 41
75.0
 42
75.0
 43
75.0
 50
90.0
  0
MTEXT
  5
1034
330
C48
100
AcDbEntity
  8
$Выноски
 62
     5
440
 16777216
100
AcDbMText
 10
42097.67441541106
 20
22189.81738001029
 30
0.0
 40
125.0
 41
0.0
 46
0.0
 71
     5
 72
     1
  1
\A1;1440
  7
@ТРАНСПРОЕКТ
 11
0.0000000000000001
 21
1.0
 31
0.0
 73
     1
 44
1.0
  0
POINT
  5
1035
330
C48
100
AcDbEntity
  8
Defpoints
 62
     0
440
 16777216
100
AcDbPoint
 10
41325.3478777945
 20
21469.81734830273
 30
0.0
  0
POINT
  5
1036
330
C48
100
AcDbEntity
  8
Defpoints
 62
     0
440
 16777216
100
AcDbPoint
 10
41770.30391921018
 20
22909.81741171788
 30
0.0
  0
POINT
  5
1037
330
C48
100
AcDbEntity
  8
Defpoints
 62
     0
440
 16777216
100
AcDbPoint
 10
42185.17441541106
 20
22909.81741171788
 30
0.0
  0
ENDBLK
  5
C4A
330
C48
100
AcDbEntity
  8
0
100
AcDbBlockEnd
  0
BLOCK
  5
C55
330
C54
100
AcDbEntity
  8
0
100
AcDbBlockBegin
  2
*D144
 70
     1
 10
0.0
 20
0.0
 30
0.0
  3
*D144
  1

  0
LINE
  5
1038
330
C54
100
AcDbEntity
  8
$Размеры
  6
Continuous
 62
     5
440
 16777216
370
    13
100
AcDbLine
 10
56419.8515124336
 20
17354.11338271192
 30
0.0
 11
55990.34913748981
 21
17354.11338271192
 31
0.0
  0
LINE
  5
1039
330
C54
100
AcDbEntity
  8
$Размеры
  6
Continuous
 62
     5
440
 16777216
370
    13
100
AcDbLine
 10
56419.8515124336
 20
18230.09148321851
 30
0.0
 11
55990.34913748981
 21
18230.09148321851
 31
0.0
  0
LINE
  5
103A
330
C54
100
AcDbEntity
  8
$Размеры
  6
Continuous
 62
     5
440
 16777216
370
    13
100
AcDbLine
 10
56025.34913748981
 20
17354.11338271192
 30
0.0
 11
56025.34913748981
 21
18230.09148321851
 31
0.0
  0
INSERT
  5
103B
330
C54
100
AcDbEntity
  8
$Размеры
 62
     5
440
 16777216
370
    13
100
AcDbBlockReference
  2
_Oblique
 10
56025.34913748981
 20
17354.11338271192
 30
0.0
 41
75.0
 42
75.0
 43
75.0
 50
270.0
  0
INSERT
  5
103C
330
C54
100
AcDbEntity
  8
$Размеры
 62
     5
440
 16777216
370
    13
100
AcDbBlockReference
  2
_Oblique
 10
56025.34913748981
 20
18230.09148321851
 30
0.0
 41
75.0
 42
75.0
 43
75.0
 50
90.0
  0
MTEXT
  5
103D
330
C54
100
AcDbEntity
  8
$Размеры
 62
     5
440
 16777216
100
AcDbMText
 10
55937.8491374898
 20
17792.1024329652
 30
0.0
 40
125.0
 41
0.0
 46
0.0
 71
     5
 72
     1
  1
\A1;876
  7
@ТРАНСПРОЕКТ
 11
0.0000000000000001
 21
1.0
 31
0.0
 73
     1
 44
1.0
  0
POINT
  5
103E
330
C54
100
AcDbEntity
  8
Defpoints
 62
     0
440
 16777216
100
AcDbPoint
 10
56469.85151243359
 20
17354.11338271192
 30
0.0
  0
POINT
  5
103F
330
C54
100
AcDbEntity
  8
Defpoints
 62
     0
440
 16777216
100
AcDbPoint
 10
56469.85151243359
 20
18230.09148321851
 30
0.0
  0
POINT
  5
1040
330
C54
100
AcDbEntity
  8
Defpoints
 62
     0
440
 16777216
100
AcDbPoint
 10
56025.34913748981
 20
18230.09148321851
 30
0.0
  0
ENDBLK
  5
C56
330
C54
100
AcDbEntity
  8
0
100
AcDbBlockEnd
  0
BLOCK
  5
C61
330
C60
100
AcDbEntity
  8
0
100
AcDbBlockBegin
  2
*D145
 70
     1
 10
0.0
 20
0.0
 30
0.0
  3
*D145
  1

  0
LINE
  5
1041
330
C60
100
AcDbEntity
  8
$Размеры
  6
Continuous
 62
     5
440
 16777216
370
    13
100
AcDbLine
 10
56419.8515124336
 20
13854.11338271192
 30
0.0
 11
55990.34913748981
 21
13854.11338271192
 31
0.0
  0
LINE
  5
1042
330
C60
100
AcDbEntity
  8
$Размеры
  6
Continuous
 62
     5
440
 16777216
370
    13
100
AcDbLine
 10
56419.8515124336
 20
14514.566786196
 30
0.0
 11
55990.34913748981
 21
14514.566786196
 31
0.0
  0
LINE
  5
1043
330
C60
100
AcDbEntity
  8
$Размеры
  6
Continuous
 62
     5
440
 16777216
370
    13
100
AcDbLine
 10
56025.34913748981
 20
13854.11338271192
 30
0.0
 11
56025.34913748981
 21
14514.566786196
 31
0.0
  0
INSERT
  5
1044
330
C60
100
AcDbEntity
  8
$Размеры
 62
     5
440
 16777216
370
    13
100
AcDbBlockReference
  2
_Oblique
 10
56025.34913748981
 20
13854.11338271192
 30
0.0
 41
75.0
 42
75.0
 43
75.0
 50
270.0
  0
INSERT
  5
1045
330
C60
100
AcDbEntity
  8
$Размеры
 62
     5
440
 16777216
370
    13
100
AcDbBlockReference
  2
_Oblique
 10
56025.34913748981
 20
14514.566786196
 30
0.0
 41
75.0
 42
75.0
 43
75.0
 50
90.0
  0
MTEXT
  5
1046
330
C60
100
AcDbEntity
  8
$Размеры
 62
     5
440
 16777216
100
AcDbMText
 10
55937.84913748979
 20
14184.34008445394
 30
0.0
 40
125.0
 41
0.0
 46
0.0
 71
     5
 72
     1
  1
\A1;660
  7
@ТРАНСПРОЕКТ
 11
0.0000000000000001
 21
1.0
 31
0.0
 73
     1
 44
1.0
  0
POINT
  5
1047
330
C60
100
AcDbEntity
  8
Defpoints
 62
     0
440
 16777216
100
AcDbPoint
 10
56469.85151243359
 20
13854.11338271192
 30
0.0
  0
POINT
  5
1048
330
C60
100
AcDbEntity
  8
Defpoints
 62
     0
440
 16777216
100
AcDbPoint
 10
56469.85151243359
 20
14514.566786196
 30
0.0
  0
POINT
  5
1049
330
C60
100
AcDbEntity
  8
Defpoints
 62
     0
440
 16777216
100
AcDbPoint
 10
56025.34913748981
 20
14514.566786196
 30
0.0
  0
ENDBLK
  5
C62
330
C60
100
AcDbEntity
  8
0
100
AcDbBlockEnd
  0
BLOCK
  5
C6D
330
C6C
100
AcDbEntity
  8
0
100
AcDbBlockBegin
  2
*D146
 70
     1
 10
0.0
 20
0.0
 30
0.0
  3
*D146
  1

  0
LINE
  5
104A
330
C6C
100
AcDbEntity
  8
$Размеры
  6
Continuous
 62
     5
440
 16777216
370
    13
100
AcDbLine
 10
62519.8515124336
 20
14184.11189978888
 30
0.0
 11
63072.12003725408
 21
14184.11189978888
 31
0.0
  0
LINE
  5
104B
330
C6C
100
AcDbEntity
  8
$Размеры
  6
Continuous
 62
     5
440
 16777216
370
    13
100
AcDbLine
 10
62518.04937956586
 20
14544.55629284916
 30
0.0
 11
63072.12003725408
 21
14544.55629284916
 31
0.0
  0
LINE
  5
104C
330
C6C
100
AcDbEntity
  8
$Размеры
  6
Continuous
 62
     5
440
 16777216
370
    13
100
AcDbLine
 10
63037.12003725408
 20
14184.11189978888
 30
0.0
 11
63037.12003725408
 21
14544.55629284916
 31
0.0
  0
INSERT
  5
104D
330
C6C
100
AcDbEntity
  8
$Размеры
 62
     5
440
 16777216
370
    13
100
AcDbBlockReference
  2
_Oblique
 10
63037.12003725408
 20
14184.11189978888
 30
0.0
 41
75.0
 42
75.0
 43
75.0
 50
270.0
  0
INSERT
  5
104E
330
C6C
100
AcDbEntity
  8
$Размеры
 62
     5
440
 16777216
370
    13
100
AcDbBlockReference
  2
_Oblique
 10
63037.12003725408
 20
14544.55629284916
 30
0.0
 41
75.0
 42
75.0
 43
75.0
 50
90.0
  0
MTEXT
  5
104F
330
C6C
100
AcDbEntity
  8
$Размеры
 62
     5
440
 16777216
100
AcDbMText
 10
62949.62003725406
 20
14364.334096319
 30
0.0
 40
125.0
 41
0.0
 46
0.0
 71
     5
 72
     1
  1
\A1;360
  7
@ТРАНСПРОЕКТ
 11
0.0000000000000001
 21
1.0
 31
0.0
 73
     1
 44
1.0
  0
POINT
  5
1050
330
C6C
100
AcDbEntity
  8
Defpoints
 62
     0
440
 16777216
100
AcDbPoint
 10
62469.85151243359
 20
14184.11189978888
 30
0.0
  0
POINT
  5
1051
330
C6C
100
AcDbEntity
  8
Defpoints
 62
     0
440
 16777216
100
AcDbPoint
 10
62468.04937956586
 20
14544.55629284916
 30
0.0
  0
POINT
  5
1052
330
C6C
100
AcDbEntity
  8
Defpoints
 62
     0
440
 16777216
100
AcDbPoint
 10
63037.12003725408
 20
14544.55629284916
 30
0.0
  0
ENDBLK
  5
C6E
330
C6C
100
AcDbEntity
  8
0
100
AcDbBlockEnd
  0
BLOCK
  5
C79
330
C78
100
AcDbEntity
  8
0
100
AcDbBlockBegin
  2
*D147
 70
     1
 10
0.0
 20
0.0
 30
0.0
  3
*D147
  1

  0
LINE
  5
1053
330
C78
100
AcDbEntity
  8
$Размеры
  6
Continuous
 62
     5
440
 16777216
370
    13
100
AcDbLine
 10
62519.8515124336
 20
17684.11189978887
 30
0.0
 11
63072.12003725408
 21
17684.11189978887
 31
0.0
  0
LINE
  5
1054
330
C78
100
AcDbEntity
  8
$Размеры
  6
Continuous
 62
     5
440
 16777216
370
    13
100
AcDbLine
 10
62516.97092627651
 20
18260.08460446625
 30
0.0
 11
63072.12003725408
 21
18260.08460446625
 31
0.0
  0
LINE
  5
1055
330
C78
100
AcDbEntity
  8
$Размеры
  6
Continuous
 62
     5
440
 16777216
370
    13
100
AcDbLine
 10
63037.12003725408
 20
17684.11189978887
 30
0.0
 11
63037.12003725408
 21
18260.08460446625
 31
0.0
  0
INSERT
  5
1056
330
C78
100
AcDbEntity
  8
$Размеры
 62
     5
440
 16777216
370
    13
100
AcDbBlockReference
  2
_Oblique
 10
63037.12003725408
 20
17684.11189978887
 30
0.0
 41
75.0
 42
75.0
 43
75.0
 50
270.0
  0
INSERT
  5
1057
330
C78
100
AcDbEntity
  8
$Размеры
 62
     5
440
 16777216
370
    13
100
AcDbBlockReference
  2
_Oblique
 10
63037.12003725408
 20
18260.08460446625
 30
0.0
 41
75.0
 42
75.0
 43
75.0
 50
90.0
  0
MTEXT
  5
1058
330
C78
100
AcDbEntity
  8
$Размеры
 62
     5
440
 16777216
100
AcDbMText
 10
62949.62003725407
 20
17972.09825212754
 30
0.0
 40
125.0
 41
0.0
 46
0.0
 71
     5
 72
     1
  1
\A1;576
  7
@ТРАНСПРОЕКТ
 11
0.0000000000000001
 21
1.0
 31
0.0
 73
     1
 44
1.0
  0
POINT
  5
1059
330
C78
100
AcDbEntity
  8
Defpoints
 62
     0
440
 16777216
100
AcDbPoint
 10
62469.85151243359
 20
17684.11189978887
 30
0.0
  0
POINT
  5
105A
330
C78
100
AcDbEntity
  8
Defpoints
 62
     0
440
 16777216
100
AcDbPoint
 10
62466.97092627651
 20
18260.08460446625
 30
0.0
  0
POINT
  5
105B
330
C78
100
AcDbEntity
  8
Defpoints
 62
     0
440
 16777216
100
AcDbPoint
 10
63037.12003725408
 20
18260.08460446625
 30
0.0
  0
ENDBLK
  5
C7A
330
C78
100
AcDbEntity
  8
0
100
AcDbBlockEnd
  0
BLOCK
  5
C85
330
C84
100
AcDbEntity
  8
0
100
AcDbBlockBegin
  2
*D148
 70
     1
 10
0.0
 20
0.0
 30
0.0
  3
*D148
  1

  0
LINE
  5
105C
330
C84
100
AcDbEntity
  8
$Размеры
  6
Continuous
 62
     5
440
 16777216
370
    13
100
AcDbLine
 10
56469.85151243357
 20
14564.56678619599
 30
0.0
 11
56469.85151243357
 21
15030.9439081274
 31
0.0
  0
LINE
  5
105D
330
C84
100
AcDbEntity
  8
$Размеры
  6
Continuous
 62
     5
440
 16777216
370
    13
100
AcDbLine
 10
57030.43857638592
 20
14567.36972151571
 30
0.0
 11
57030.43857638592
 21
15030.9439081274
 31
0.0
  0
LINE
  5
105E
330
C84
100
AcDbEntity
  8
$Размеры
  6
Continuous
 62
     5
440
 16777216
370
    13
100
AcDbLine
 10
56469.85151243357
 20
14995.9439081274
 30
0.0
 11
57030.43857638592
 21
14995.9439081274
 31
0.0
  0
INSERT
  5
105F
330
C84
100
AcDbEntity
  8
$Размеры
 62
     5
440
 16777216
370
    13
100
AcDbBlockReference
  2
_Oblique
 10
56469.85151243357
 20
14995.9439081274
 30
0.0
 41
75.0
 42
75.0
 43
75.0
 50
180.0
  0
INSERT
  5
1060
330
C84
100
AcDbEntity
  8
$Размеры
 62
     5
440
 16777216
370
    13
100
AcDbBlockReference
  2
_Oblique
 10
57030.43857638592
 20
14995.9439081274
 30
0.0
 41
75.0
 42
75.0
 43
75.0
  0
MTEXT
  5
1061
330
C84
100
AcDbEntity
  8
$Размеры
 62
     5
440
 16777216
100
AcDbMText
 10
56750.14504440974
 20
15083.4439081274
 30
0.0
 40
125.0
 41
0.0
 46
0.0
 71
     5
 72
     1
  1
\A1;560
  7
@ТРАНСПРОЕКТ
 73
     1
 44
1.0
  0
POINT
  5
1062
330
C84
100
AcDbEntity
  8
Defpoints
 62
     0
440
 16777216
100
AcDbPoint
 10
56469.85151243357
 20
14514.56678619599
 30
0.0
  0
POINT
  5
1063
330
C84
100
AcDbEntity
  8
Defpoints
 62
     0
440
 16777216
100
AcDbPoint
 10
57030.43857638592
 20
14517.36972151571
 30
0.0
  0
POINT
  5
1064
330
C84
100
AcDbEntity
  8
Defpoints
 62
     0
440
 16777216
100
AcDbPoint
 10
57030.43857638592
 20
14995.9439081274
 30
0.0
  0
ENDBLK
  5
C86
330
C84
100
AcDbEntity
  8
0
100
AcDbBlockEnd
  0
BLOCK
  5
C91
330
C90
100
AcDbEntity
  8
0
100
AcDbBlockBegin
  2
*D149
 70
     1
 10
0.0
 20
0.0
 30
0.0
  3
*D149
  1

  0
LINE
  5
1065
330
C90
100
AcDbEntity
  8
$Размеры
  6
Continuous
 62
     5
440
 16777216
370
    13
100
AcDbLine
 10
57030.43857638592
 20
14567.36972151571
 30
0.0
 11
57030.43857638592
 21
15030.9439081274
 31
0.0
  0
LINE
  5
1066
330
C90
100
AcDbEntity
  8
$Размеры
  6
Continuous
 62
     5
440
 16777216
370
    13
100
AcDbLine
 10
61030.14501196106
 20
14587.36825369359
 30
0.0
 11
61030.14501196106
 21
15030.9439081274
 31
0.0
  0
LINE
  5
1067
330
C90
100
AcDbEntity
  8
$Размеры
  6
Continuous
 62
     5
440
 16777216
370
    13
100
AcDbLine
 10
57030.43857638592
 20
14995.9439081274
 30
0.0
 11
61030.14501196106
 21
14995.9439081274
 31
0.0
  0
INSERT
  5
1068
330
C90
100
AcDbEntity
  8
$Размеры
 62
     5
440
 16777216
370
    13
100
AcDbBlockReference
  2
_Oblique
 10
57030.43857638592
 20
14995.9439081274
 30
0.0
 41
75.0
 42
75.0
 43
75.0
 50
180.0
  0
INSERT
  5
1069
330
C90
100
AcDbEntity
  8
$Размеры
 62
     5
440
 16777216
370
    13
100
AcDbBlockReference
  2
_Oblique
 10
61030.14501196106
 20
14995.9439081274
 30
0.0
 41
75.0
 42
75.0
 43
75.0
  0
MTEXT
  5
106A
330
C90
100
AcDbEntity
  8
$Размеры
 62
     5
440
 16777216
100
AcDbMText
 10
59030.29179417349
 20
15083.4439081274
 30
0.0
 40
125.0
 41
0.0
 46
0.0
 71
     5
 72
     1
  1
\A1;2х2000=4000
  7
@ТРАНСПРОЕКТ
 73
     1
 44
1.0
  0
POINT
  5
106B
330
C90
100
AcDbEntity
  8
Defpoints
 62
     0
440
 16777216
100
AcDbPoint
 10
57030.43857638592
 20
14517.36972151571
 30
0.0
  0
POINT
  5
106C
330
C90
100
AcDbEntity
  8
Defpoints
 62
     0
440
 16777216
100
AcDbPoint
 10
61030.14501196106
 20
14537.36825369359
 30
0.0
  0
POINT
  5
106D
330
C90
100
AcDbEntity
  8
Defpoints
 62
     0
440
 16777216
100
AcDbPoint
 10
61030.14501196106
 20
14995.9439081274
 30
0.0
  0
ENDBLK
  5
C92
330
C90
100
AcDbEntity
  8
0
100
AcDbBlockEnd
  0
BLOCK
  5
C9D
330
C9C
100
AcDbEntity
  8
0
100
AcDbBlockBegin
  2
*D150
 70
     1
 10
0.0
 20
0.0
 30
0.0
  3
*D150
  1

  0
LINE
  5
106E
330
C9C
100
AcDbEntity
  8
$Размеры
  6
Continuous
 62
     5
440
 16777216
370
    13
100
AcDbLine
 10
61030.14501196106
 20
14587.36825369359
 30
0.0
 11
61030.14501196106
 21
15030.9439081274
 31
0.0
  0
LINE
  5
106F
330
C9C
100
AcDbEntity
  8
$Размеры
  6
Continuous
 62
     5
440
 16777216
370
    13
100
AcDbLine
 10
62469.85151603546
 20
14594.556292741
 30
0.0
 11
62469.85151603546
 21
15030.9439081274
 31
0.0
  0
LINE
  5
1070
330
C9C
100
AcDbEntity
  8
$Размеры
  6
Continuous
 62
     5
440
 16777216
370
    13
100
AcDbLine
 10
61030.14501196106
 20
14995.9439081274
 30
0.0
 11
62469.85151603546
 21
14995.9439081274
 31
0.0
  0
INSERT
  5
1071
330
C9C
100
AcDbEntity
  8
$Размеры
 62
     5
440
 16777216
370
    13
100
AcDbBlockReference
  2
_Oblique
 10
61030.14501196106
 20
14995.9439081274
 30
0.0
 41
75.0
 42
75.0
 43
75.0
 50
180.0
  0
INSERT
  5
1072
330
C9C
100
AcDbEntity
  8
$Размеры
 62
     5
440
 16777216
370
    13
100
AcDbBlockReference
  2
_Oblique
 10
62469.85151603546
 20
14995.9439081274
 30
0.0
 41
75.0
 42
75.0
 43
75.0
  0
MTEXT
  5
1073
330
C9C
100
AcDbEntity
  8
$Размеры
 62
     5
440
 16777216
100
AcDbMText
 10
61749.99826399826
 20
15083.4439081274
 30
0.0
 40
125.0
 41
0.0
 46
0.0
 71
     5
 72
     1
  1
\A1;1440
  7
@ТРАНСПРОЕКТ
 73
     1
 44
1.0
  0
POINT
  5
1074
330
C9C
100
AcDbEntity
  8
Defpoints
 62
     0
440
 16777216
100
AcDbPoint
 10
61030.14501196106
 20
14537.36825369359
 30
0.0
  0
POINT
  5
1075
330
C9C
100
AcDbEntity
  8
Defpoints
 62
     0
440
 16777216
100
AcDbPoint
 10
62469.85151603546
 20
14544.556292741
 30
0.0
  0
POINT
  5
1076
330
C9C
100
AcDbEntity
  8
Defpoints
 62
     0
440
 16777216
100
AcDbPoint
 10
62469.85151603546
 20
14995.9439081274
 30
0.0
  0
ENDBLK
  5
C9E
330
C9C
100
AcDbEntity
  8
0
100
AcDbBlockEnd
  0
BLOCK
  5
CA9
330
CA8
100
AcDbEntity
  8
0
100
AcDbBlockBegin
  2
*D151
 70
     1
 10
0.0
 20
0.0
 30
0.0
  3
*D151
  1

  0
LINE
  5
1077
330
CA8
100
AcDbEntity
  8
$Размеры
  6
Continuous
 62
     5
440
 16777216
370
    13
100
AcDbLine
 10
56469.85151243357
 20
18280.0914832185
 30
0.0
 11
56469.85151243357
 21
18746.46860514991
 31
0.0
  0
LINE
  5
1078
330
CA8
100
AcDbEntity
  8
$Размеры
  6
Continuous
 62
     5
440
 16777216
370
    13
100
AcDbLine
 10
57030.43857638592
 20
18282.89441853823
 30
0.0
 11
57030.43857638592
 21
18746.46860514991
 31
0.0
  0
LINE
  5
1079
330
CA8
100
AcDbEntity
  8
$Размеры
  6
Continuous
 62
     5
440
 16777216
370
    13
100
AcDbLine
 10
56469.85151243357
 20
18711.46860514991
 30
0.0
 11
57030.43857638592
 21
18711.46860514991
 31
0.0
  0
INSERT
  5
107A
330
CA8
100
AcDbEntity
  8
$Размеры
 62
     5
440
 16777216
370
    13
100
AcDbBlockReference
  2
_Oblique
 10
56469.85151243357
 20
18711.46860514991
 30
0.0
 41
75.0
 42
75.0
 43
75.0
 50
180.0
  0
INSERT
  5
107B
330
CA8
100
AcDbEntity
  8
$Размеры
 62
     5
440
 16777216
370
    13
100
AcDbBlockReference
  2
_Oblique
 10
57030.43857638592
 20
18711.46860514991
 30
0.0
 41
75.0
 42
75.0
 43
75.0
  0
MTEXT
  5
107C
330
CA8
100
AcDbEntity
  8
$Размеры
 62
     5
440
 16777216
100
AcDbMText
 10
56750.14504440974
 20
18798.96860514991
 30
0.0
 40
125.0
 41
0.0
 46
0.0
 71
     5
 72
     1
  1
\A1;560
  7
@ТРАНСПРОЕКТ
 73
     1
 44
1.0
  0
POINT
  5
107D
330
CA8
100
AcDbEntity
  8
Defpoints
 62
     0
440
 16777216
100
AcDbPoint
 10
56469.85151243357
 20
18230.09148321851
 30
0.0
  0
POINT
  5
107E
330
CA8
100
AcDbEntity
  8
Defpoints
 62
     0
440
 16777216
100
AcDbPoint
 10
57030.43857638592
 20
18232.89441853822
 30
0.0
  0
POINT
  5
107F
330
CA8
100
AcDbEntity
  8
Defpoints
 62
     0
440
 16777216
100
AcDbPoint
 10
57030.43857638592
 20
18711.46860514991
 30
0.0
  0
ENDBLK
  5
CAA
330
CA8
100
AcDbEntity
  8
0
100
AcDbBlockEnd
  0
BLOCK
  5
CB5
330
CB4
100
AcDbEntity
  8
0
100
AcDbBlockBegin
  2
*D152
 70
     1
 10
0.0
 20
0.0
 30
0.0
  3
*D152
  1

  0
LINE
  5
1080
330
CB4
100
AcDbEntity
  8
$Размеры
  6
Continuous
 62
     5
440
 16777216
370
    13
100
AcDbLine
 10
57030.43857638592
 20
18282.89441853823
 30
0.0
 11
57030.43857638592
 21
18746.46860514991
 31
0.0
  0
LINE
  5
1081
330
CB4
100
AcDbEntity
  8
$Размеры
  6
Continuous
 62
     5
440
 16777216
370
    13
100
AcDbLine
 10
61030.14501196106
 20
18302.89295071611
 30
0.0
 11
61030.14501196106
 21
18746.46860514991
 31
0.0
  0
LINE
  5
1082
330
CB4
100
AcDbEntity
  8
$Размеры
  6
Continuous
 62
     5
440
 16777216
370
    13
100
AcDbLine
 10
57030.43857638592
 20
18711.46860514991
 30
0.0
 11
61030.14501196106
 21
18711.46860514991
 31
0.0
  0
INSERT
  5
1083
330
CB4
100
AcDbEntity
  8
$Размеры
 62
     5
440
 16777216
370
    13
100
AcDbBlockReference
  2
_Oblique
 10
57030.43857638592
 20
18711.46860514991
 30
0.0
 41
75.0
 42
75.0
 43
75.0
 50
180.0
  0
INSERT
  5
1084
330
CB4
100
AcDbEntity
  8
$Размеры
 62
     5
440
 16777216
370
    13
100
AcDbBlockReference
  2
_Oblique
 10
61030.14501196106
 20
18711.46860514991
 30
0.0
 41
75.0
 42
75.0
 43
75.0
  0
MTEXT
  5
1085
330
CB4
100
AcDbEntity
  8
$Размеры
 62
     5
440
 16777216
100
AcDbMText
 10
59030.29179417349
 20
18798.96860514991
 30
0.0
 40
125.0
 41
0.0
 46
0.0
 71
     5
 72
     1
  1
\A1;2х2000=4000
  7
@ТРАНСПРОЕКТ
 73
     1
 44
1.0
  0
POINT
  5
1086
330
CB4
100
AcDbEntity
  8
Defpoints
 62
     0
440
 16777216
100
AcDbPoint
 10
57030.43857638592
 20
18232.89441853822
 30
0.0
  0
POINT
  5
1087
330
CB4
100
AcDbEntity
  8
Defpoints
 62
     0
440
 16777216
100
AcDbPoint
 10
61030.14501196106
 20
18252.89295071611
 30
0.0
  0
POINT
  5
1088
330
CB4
100
AcDbEntity
  8
Defpoints
 62
     0
440
 16777216
100
AcDbPoint
 10
61030.14501196106
 20
18711.46860514991
 30
0.0
  0
ENDBLK
  5
CB6
330
CB4
100
AcDbEntity
  8
0
100
AcDbBlockEnd
  0
BLOCK
  5
CC1
330
CC0
100
AcDbEntity
  8
0
100
AcDbBlockBegin
  2
*D153
 70
     1
 10
0.0
 20
0.0
 30
0.0
  3
*D153
  1

  0
LINE
  5
1089
330
CC0
100
AcDbEntity
  8
$Размеры
  6
Continuous
 62
     5
440
 16777216
370
    13
100
AcDbLine
 10
61030.14501196106
 20
18302.89295071611
 30
0.0
 11
61030.14501196106
 21
18746.46860514991
 31
0.0
  0
LINE
  5
108A
330
CC0
100
AcDbEntity
  8
$Размеры
  6
Continuous
 62
     5
440
 16777216
370
    13
100
AcDbLine
 10
62469.85151603546
 20
18310.08098976352
 30
0.0
 11
62469.85151603546
 21
18746.46860514991
 31
0.0
  0
LINE
  5
108B
330
CC0
100
AcDbEntity
  8
$Размеры
  6
Continuous
 62
     5
440
 16777216
370
    13
100
AcDbLine
 10
61030.14501196106
 20
18711.46860514991
 30
0.0
 11
62469.85151603546
 21
18711.46860514991
 31
0.0
  0
INSERT
  5
108C
330
CC0
100
AcDbEntity
  8
$Размеры
 62
     5
440
 16777216
370
    13
100
AcDbBlockReference
  2
_Oblique
 10
61030.14501196106
 20
18711.46860514991
 30
0.0
 41
75.0
 42
75.0
 43
75.0
 50
180.0
  0
INSERT
  5
108D
330
CC0
100
AcDbEntity
  8
$Размеры
 62
     5
440
 16777216
370
    13
100
AcDbBlockReference
  2
_Oblique
 10
62469.85151603546
 20
18711.46860514991
 30
0.0
 41
75.0
 42
75.0
 43
75.0
  0
MTEXT
  5
108E
330
CC0
100
AcDbEntity
  8
$Размеры
 62
     5
440
 16777216
100
AcDbMText
 10
61749.99826399826
 20
18798.96860514991
 30
0.0
 40
125.0
 41
0.0
 46
0.0
 71
     5
 72
     1
  1
\A1;1440
  7
@ТРАНСПРОЕКТ
 73
     1
 44
1.0
  0
POINT
  5
108F
330
CC0
100
AcDbEntity
  8
Defpoints
 62
     0
440
 16777216
100
AcDbPoint
 10
61030.14501196106
 20
18252.89295071611
 30
0.0
  0
POINT
  5
1090
330
CC0
100
AcDbEntity
  8
Defpoints
 62
     0
440
 16777216
100
AcDbPoint
 10
62469.85151603546
 20
18260.08098976352
 30
0.0
  0
POINT
  5
1091
330
CC0
100
AcDbEntity
  8
Defpoints
 62
     0
440
 16777216
100
AcDbPoint
 10
62469.85151603546
 20
18711.46860514991
 30
0.0
  0
ENDBLK
  5
CC2
330
CC0
100
AcDbEntity
  8
0
100
AcDbBlockEnd
  0
BLOCK
  5
CCD
330
CCC
100
AcDbEntity
  8
0
100
AcDbBlockBegin
  2
*D154
 70
     1
 10
0.0
 20
0.0
 30
0.0
  3
*D154
  1

  0
LINE
  5
1092
330
CCC
100
AcDbEntity
  8
$Размеры
  6
Continuous
 62
     5
440
 16777216
370
    13
100
AcDbLine
 10
56419.8515124336
 20
18230.09148321851
 30
0.0
 11
56241.75681859267
 21
18230.09148321851
 31
0.0
  0
LINE
  5
1093
330
CCC
100
AcDbEntity
  8
$Размеры
  6
Continuous
 62
     5
440
 16777216
370
    13
100
AcDbLine
 10
56419.8515124336
 20
18711.46860514992
 30
0.0
 11
56241.75681859267
 21
18711.46860514992
 31
0.0
  0
LINE
  5
1094
330
CCC
100
AcDbEntity
  8
$Размеры
  6
Continuous
 62
     5
440
 16777216
370
    13
100
AcDbLine
 10
56276.75681859268
 20
18230.09148321851
 30
0.0
 11
56276.75681859268
 21
18711.46860514992
 31
0.0
  0
INSERT
  5
1095
330
CCC
100
AcDbEntity
  8
$Размеры
 62
     5
440
 16777216
370
    13
100
AcDbBlockReference
  2
_Oblique
 10
56276.75681859268
 20
18230.09148321851
 30
0.0
 41
75.0
 42
75.0
 43
75.0
 50
270.0
  0
INSERT
  5
1096
330
CCC
100
AcDbEntity
  8
$Размеры
 62
     5
440
 16777216
370
    13
100
AcDbBlockReference
  2
_Oblique
 10
56276.75681859268
 20
18711.46860514992
 30
0.0
 41
75.0
 42
75.0
 43
75.0
 50
90.0
  0
MTEXT
  5
1097
330
CCC
100
AcDbEntity
  8
$Размеры
 62
     5
440
 16777216
100
AcDbMText
 10
56189.25681859267
 20
18470.7800441842
 30
0.0
 40
125.0
 41
0.0
 46
0.0
 71
     5
 72
     1
  1
\A1;481
  7
@ТРАНСПРОЕКТ
 11
0.0000000000000001
 21
1.0
 31
0.0
 73
     1
 44
1.0
  0
POINT
  5
1098
330
CCC
100
AcDbEntity
  8
Defpoints
 62
     0
440
 16777216
100
AcDbPoint
 10
56469.85151243359
 20
18230.09148321851
 30
0.0
  0
POINT
  5
1099
330
CCC
100
AcDbEntity
  8
Defpoints
 62
     0
440
 16777216
100
AcDbPoint
 10
56469.85151243359
 20
18711.46860514992
 30
0.0
  0
POINT
  5
109A
330
CCC
100
AcDbEntity
  8
Defpoints
 62
     0
440
 16777216
100
AcDbPoint
 10
56276.75681859268
 20
18711.46860514992
 30
0.0
  0
ENDBLK
  5
CCE
330
CCC
100
AcDbEntity
  8
0
100
AcDbBlockEnd
  0
BLOCK
  5
CD9
330
CD8
100
AcDbEntity
  8
0
100
AcDbBlockBegin
  2
*D155
 70
     1
 10
0.0
 20
0.0
 30
0.0
  3
*D155
  1

  0
LINE
  5
109B
330
CD8
100
AcDbEntity
  8
$Размеры
  6
Continuous
 62
     5
440
 16777216
370
    13
100
AcDbLine
 10
24552.80755391864
 20
39169.6153541784
 30
0.0
 11
24552.80755391864
 21
40162.26982278345
 31
0.0
  0
LINE
  5
109C
330
CD8
100
AcDbEntity
  8
$Размеры
  6
Continuous
 62
     5
440
 16777216
370
    13
100
AcDbLine
 10
36747.85151249364
 20
40031.34738596521
 30
0.0
 11
36747.85151249364
 21
40162.26982278345
 31
0.0
  0
LINE
  5
109D
330
CD8
100
AcDbEntity
  8
$Размеры
  6
Continuous
 62
     5
440
 16777216
370
    13
100
AcDbLine
 10
24552.80755391864
 20
40127.26982278345
 30
0.0
 11
36747.85151249364
 21
40127.26982278345
 31
0.0
  0
INSERT
  5
109E
330
CD8
100
AcDbEntity
  8
$Размеры
 62
     5
440
 16777216
370
    13
100
AcDbBlockReference
  2
_Oblique
 10
24552.80755391864
 20
40127.26982278345
 30
0.0
 41
75.0
 42
75.0
 43
75.0
 50
180.0
  0
INSERT
  5
109F
330
CD8
100
AcDbEntity
  8
$Размеры
 62
     5
440
 16777216
370
    13
100
AcDbBlockReference
  2
_Oblique
 10
36747.85151249364
 20
40127.26982278345
 30
0.0
 41
75.0
 42
75.0
 43
75.0
  0
MTEXT
  5
10A0
330
CD8
100
AcDbEntity
  8
$Размеры
 62
     5
440
 16777216
100
AcDbMText
 10
30650.32953320614
 20
40214.76982278345
 30
0.0
 40
125.0
 41
0.0
 46
0.0
 71
     5
 72
     1
  1
\A1;12195
  7
@ТРАНСПРОЕКТ
 73
     1
 44
1.0
  0
POINT
  5
10A1
330
CD8
100
AcDbEntity
  8
Defpoints
 62
     0
440
 16777216
100
AcDbPoint
 10
24552.80755391864
 20
39119.61535417839
 30
0.0
  0
POINT
  5
10A2
330
CD8
100
AcDbEntity
  8
Defpoints
 62
     0
440
 16777216
100
AcDbPoint
 10
36747.85151249364
 20
39981.34738596521
 30
0.0
  0
POINT
  5
10A3
330
CD8
100
AcDbEntity
  8
Defpoints
 62
     0
440
 16777216
100
AcDbPoint
 10
36747.85151249364
 20
40127.26982278345
 30
0.0
  0
ENDBLK
  5
CDA
330
CD8
100
AcDbEntity
  8
0
100
AcDbBlockEnd
  0
BLOCK
  5
CE5
330
CE4
100
AcDbEntity
  8
0
100
AcDbBlockBegin
  2
*D156
 70
     1
 10
0.0
 20
0.0
 30
0.0
  3
*D156
  1

  0
LINE
  5
10A4
330
CE4
100
AcDbEntity
  8
$Размеры
  6
Continuous
 62
     5
440
 16777216
370
    13
100
AcDbLine
 10
36747.85151249364
 20
39420.8153541794
 30
0.0
 11
36747.85151249364
 21
40162.26982278345
 31
0.0
  0
LINE
  5
10A5
330
CE4
100
AcDbEntity
  8
$Размеры
  6
Continuous
 62
     5
440
 16777216
370
    13
100
AcDbLine
 10
48942.89547096712
 20
39169.6153541784
 30
0.0
 11
48942.89547096712
 21
40162.26982278345
 31
0.0
  0
LINE
  5
10A6
330
CE4
100
AcDbEntity
  8
$Размеры
  6
Continuous
 62
     5
440
 16777216
370
    13
100
AcDbLine
 10
36747.85151249364
 20
40127.26982278345
 30
0.0
 11
48942.89547096712
 21
40127.26982278345
 31
0.0
  0
INSERT
  5
10A7
330
CE4
100
AcDbEntity
  8
$Размеры
 62
     5
440
 16777216
370
    13
100
AcDbBlockReference
  2
_Oblique
 10
36747.85151249364
 20
40127.26982278345
 30
0.0
 41
75.0
 42
75.0
 43
75.0
 50
180.0
  0
INSERT
  5
10A8
330
CE4
100
AcDbEntity
  8
$Размеры
 62
     5
440
 16777216
370
    13
100
AcDbBlockReference
  2
_Oblique
 10
48942.89547096712
 20
40127.26982278345
 30
0.0
 41
75.0
 42
75.0
 43
75.0
  0
MTEXT
  5
10A9
330
CE4
100
AcDbEntity
  8
$Размеры
 62
     5
440
 16777216
100
AcDbMText
 10
42845.37349173038
 20
40214.76982278345
 30
0.0
 40
125.0
 41
0.0
 46
0.0
 71
     5
 72
     1
  1
\A1;12195
  7
@ТРАНСПРОЕКТ
 73
     1
 44
1.0
  0
POINT
  5
10AA
330
CE4
100
AcDbEntity
  8
Defpoints
 62
     0
440
 16777216
100
AcDbPoint
 10
36747.85151249364
 20
39370.8153541794
 30
0.0
  0
POINT
  5
10AB
330
CE4
100
AcDbEntity
  8
Defpoints
 62
     0
440
 16777216
100
AcDbPoint
 10
48942.89547096712
 20
39119.61535417839
 30
0.0
  0
POINT
  5
10AC
330
CE4
100
AcDbEntity
  8
Defpoints
 62
     0
440
 16777216
100
AcDbPoint
 10
48942.89547096712
 20
40127.26982278345
 30
0.0
  0
ENDBLK
  5
CE6
330
CE4
100
AcDbEntity
  8
0
100
AcDbBlockEnd
  0
BLOCK
  5
CF1
330
CF0
100
AcDbEntity
  8
0
100
AcDbBlockBegin
  2
*D157
 70
     1
 10
0.0
 20
0.0
 30
0.0
  3
*D157
  1

  0
LINE
  5
10AD
330
CF0
100
AcDbEntity
  8
$Размеры
  6
Continuous
 62
     5
440
 16777216
370
    13
100
AcDbLine
 10
24552.80755391864
 20
39715.94258848093
 30
0.0
 11
24552.80755391864
 21
40162.26982278345
 31
0.0
  0
LINE
  5
10AE
330
CF0
100
AcDbEntity
  8
$Размеры
  6
Continuous
 62
     5
440
 16777216
370
    13
100
AcDbLine
 10
23632.85151243357
 20
39172.23867685014
 30
0.0
 11
23632.85151243357
 21
40162.26982278345
 31
0.0
  0
LINE
  5
10AF
330
CF0
100
AcDbEntity
  8
$Размеры
  6
Continuous
 62
     5
440
 16777216
370
    13
100
AcDbLine
 10
24552.80755391864
 20
40127.26982278345
 30
0.0
 11
23632.85151243357
 21
40127.26982278345
 31
0.0
  0
INSERT
  5
10B0
330
CF0
100
AcDbEntity
  8
$Размеры
 62
     5
440
 16777216
370
    13
100
AcDbBlockReference
  2
_Oblique
 10
24552.80755391864
 20
40127.26982278345
 30
0.0
 41
75.0
 42
75.0
 43
75.0
  0
INSERT
  5
10B1
330
CF0
100
AcDbEntity
  8
$Размеры
 62
     5
440
 16777216
370
    13
100
AcDbBlockReference
  2
_Oblique
 10
23632.85151243357
 20
40127.26982278345
 30
0.0
 41
75.0
 42
75.0
 43
75.0
 50
180.0
  0
MTEXT
  5
10B2
330
CF0
100
AcDbEntity
  8
$Размеры
 62
     5
440
 16777216
100
AcDbMText
 10
24092.8295331761
 20
40214.76982278345
 30
0.0
 40
125.0
 41
0.0
 46
0.0
 71
     5
 72
     1
  1
\A1;920
  7
@ТРАНСПРОЕКТ
 73
     1
 44
1.0
  0
POINT
  5
10B3
330
CF0
100
AcDbEntity
  8
Defpoints
 62
     0
440
 16777216
100
AcDbPoint
 10
24552.80755391864
 20
39665.94258848092
 30
0.0
  0
POINT
  5
10B4
330
CF0
100
AcDbEntity
  8
Defpoints
 62
     0
440
 16777216
100
AcDbPoint
 10
23632.85151243357
 20
39122.23867685014
 30
0.0
  0
POINT
  5
10B5
330
CF0
100
AcDbEntity
  8
Defpoints
 62
     0
440
 16777216
100
AcDbPoint
 10
23632.85151243357
 20
40127.26982278345
 30
0.0
  0
ENDBLK
  5
CF2
330
CF0
100
AcDbEntity
  8
0
100
AcDbBlockEnd
  0
BLOCK
  5
CFD
330
CFC
100
AcDbEntity
  8
0
100
AcDbBlockBegin
  2
*D158
 70
     1
 10
0.0
 20
0.0
 30
0.0
  3
*D158
  1

  0
LINE
  5
10B6
330
CFC
100
AcDbEntity
  8
$Размеры
  6
Continuous
 62
     5
440
 16777216
370
    13
100
AcDbLine
 10
48942.89547096712
 20
39334.10047367324
 30
0.0
 11
48942.89547096712
 21
40162.26982278345
 31
0.0
  0
LINE
  5
10B7
330
CFC
100
AcDbEntity
  8
$Размеры
  6
Continuous
 62
     5
440
 16777216
370
    13
100
AcDbLine
 10
49562.85151243356
 20
39353.77035467808
 30
0.0
 11
49562.85151243356
 21
40162.26982278345
 31
0.0
  0
LINE
  5
10B8
330
CFC
100
AcDbEntity
  8
$Размеры
  6
Continuous
 62
     5
440
 16777216
370
    13
100
AcDbLine
 10
48942.89547096712
 20
40127.26982278345
 30
0.0
 11
49562.85151243356
 21
40127.26982278345
 31
0.0
  0
INSERT
  5
10B9
330
CFC
100
AcDbEntity
  8
$Размеры
 62
     5
440
 16777216
370
    13
100
AcDbBlockReference
  2
_Oblique
 10
48942.89547096712
 20
40127.26982278345
 30
0.0
 41
75.0
 42
75.0
 43
75.0
 50
180.0
  0
INSERT
  5
10BA
330
CFC
100
AcDbEntity
  8
$Размеры
 62
     5
440
 16777216
370
    13
100
AcDbBlockReference
  2
_Oblique
 10
49562.85151243356
 20
40127.26982278345
 30
0.0
 41
75.0
 42
75.0
 43
75.0
  0
MTEXT
  5
10BB
330
CFC
100
AcDbEntity
  8
$Размеры
 62
     5
440
 16777216
100
AcDbMText
 10
49252.87349170035
 20
40214.76982278345
 30
0.0
 40
125.0
 41
0.0
 46
0.0
 71
     5
 72
     1
  1
\A1;620
  7
@ТРАНСПРОЕКТ
 73
     1
 44
1.0
  0
POINT
  5
10BC
330
CFC
100
AcDbEntity
  8
Defpoints
 62
     0
440
 16777216
100
AcDbPoint
 10
48942.89547096712
 20
39284.10047367324
 30
0.0
  0
POINT
  5
10BD
330
CFC
100
AcDbEntity
  8
Defpoints
 62
     0
440
 16777216
100
AcDbPoint
 10
49562.85151243356
 20
39303.77035467808
 30
0.0
  0
POINT
  5
10BE
330
CFC
100
AcDbEntity
  8
Defpoints
 62
     0
440
 16777216
100
AcDbPoint
 10
49562.85151243356
 20
40127.26982278345
 30
0.0
  0
ENDBLK
  5
CFE
330
CFC
100
AcDbEntity
  8
0
100
AcDbBlockEnd
  0
BLOCK
  5
D09
330
D08
100
AcDbEntity
  8
0
100
AcDbBlockBegin
  2
*D159
 70
     1
 10
0.0
 20
0.0
 30
0.0
  3
*D159
  1

  0
LINE
  5
10BF
330
D08
100
AcDbEntity
  8
$Размеры
  6
Continuous
 62
     5
440
 16777216
370
    13
100
AcDbLine
 10
37022.85151249365
 20
39370.81535417941
 30
0.0
 11
37378.78490452479
 21
39370.81535417941
 31
0.0
  0
LINE
  5
10C0
330
D08
100
AcDbEntity
  8
$Размеры
  6
Continuous
 62
     5
440
 16777216
370
    13
100
AcDbLine
 10
37047.85151249366
 20
39005.74336137779
 30
0.0
 11
37378.78490452479
 21
39005.74336137779
 31
0.0
  0
LINE
  5
10C1
330
D08
100
AcDbEntity
  8
$Размеры
  6
Continuous
 62
     5
440
 16777216
370
    13
100
AcDbLine
 10
37343.78490452479
 20
39370.81535417941
 30
0.0
 11
37343.78490452479
 21
39005.74336137779
 31
0.0
  0
INSERT
  5
10C2
330
D08
100
AcDbEntity
  8
$Размеры
 62
     5
440
 16777216
370
    13
100
AcDbBlockReference
  2
_Oblique
 10
37343.78490452479
 20
39370.81535417941
 30
0.0
 41
75.0
 42
75.0
 43
75.0
 50
90.0
  0
INSERT
  5
10C3
330
D08
100
AcDbEntity
  8
$Размеры
 62
     5
440
 16777216
370
    13
100
AcDbBlockReference
  2
_Oblique
 10
37343.78490452479
 20
39005.74336137779
 30
0.0
 41
75.0
 42
75.0
 43
75.0
 50
270.0
  0
MTEXT
  5
10C4
330
D08
100
AcDbEntity
  8
$Размеры
 62
     5
440
 16777216
100
AcDbMText
 10
37256.28490452479
 20
39188.27935777859
 30
0.0
 40
125.0
 41
0.0
 46
0.0
 71
     5
 72
     1
  1
\A1;365
  7
@ТРАНСПРОЕКТ
 11
0.0000000000000001
 21
1.0
 31
0.0
 73
     1
 44
1.0
  0
POINT
  5
10C5
330
D08
100
AcDbEntity
  8
Defpoints
 62
     0
440
 16777216
100
AcDbPoint
 10
36972.85151249365
 20
39370.81535417941
 30
0.0
  0
POINT
  5
10C6
330
D08
100
AcDbEntity
  8
Defpoints
 62
     0
440
 16777216
100
AcDbPoint
 10
36997.85151249365
 20
39005.74336137779
 30
0.0
  0
POINT
  5
10C7
330
D08
100
AcDbEntity
  8
Defpoints
 62
     0
440
 16777216
100
AcDbPoint
 10
37343.78490452479
 20
39005.74336137779
 30
0.0
  0
ENDBLK
  5
D0A
330
D08
100
AcDbEntity
  8
0
100
AcDbBlockEnd
  0
BLOCK
  5
D15
330
D14
100
AcDbEntity
  8
0
100
AcDbBlockBegin
  2
*D160
 70
     1
 10
0.0
 20
0.0
 30
0.0
  3
*D160
  1

  0
LINE
  5
10C8
330
D14
100
AcDbEntity
  8
$Размеры
  6
Continuous
 62
     5
440
 16777216
370
    13
100
AcDbLine
 10
58919.85151243356
 20
20854.11338271192
 30
0.0
 11
58930.57534571325
 21
20854.11338271193
 31
0.0
  0
LINE
  5
10C9
330
D14
100
AcDbEntity
  8
$Размеры
  6
Continuous
 62
     5
440
 16777216
370
    13
100
AcDbLine
 10
58894.66003012995
 20
20920.74496572144
 30
0.0
 11
59084.89816018548
 21
20768.92362788695
 31
0.0
  0
LINE
  5
10CA
330
D14
100
AcDbEntity
  8
$Размеры
  6
Continuous
 62
     5
440
 16777216
370
    13
100
AcDbLine
 10
59084.89816018548
 20
20768.92362788695
 30
0.0
 11
59280.89180923937
 21
20768.92362788695
 31
0.0
  0
ARC
  5
10CB
330
D14
100
AcDbEntity
  8
$Размеры
  6
Continuous
 62
     5
440
 16777216
370
    13
100
AcDbCircle
 10
56469.85150903847
 20
20854.11338271192
 30
0.0
 40
2425.723836674779
100
AcDbArc
 50
0.5905044942274702
 51
2.557577485392941
  0
SOLID
  5
10CC
330
D14
100
AcDbEntity
  8
$Размеры
 62
     5
440
 16777216
100
AcDbTrace
 10
58899.61312953205
 20
20879.13452203338
 30
0.0
 11
58891.279906843
 21
20879.0915795248
 31
0.0
 12
58895.57534571325
 22
20854.11338271192
 32
0.0
 13
58895.57534571325
 23
20854.11338271192
 33
0.0
  0
SOLID
  5
10CD
330
D14
100
AcDbEntity
  8
$Размеры
 62
     5
440
 16777216
100
AcDbTrace
 10
58888.99753887229
 20
20962.1498689074
 30
0.0
 11
58897.32054446144
 21
20962.56462474798
 31
0.0
 12
58891.9147741451
 22
20987.32626359516
 32
0.0
 13
58891.9147741451
 23
20987.32626359516
 33
0.0
  0
MTEXT
  5
10CE
330
D14
100
AcDbEntity
  8
$Размеры
 62
     5
440
 16777216
100
AcDbMText
 10
59195.39498471242
 20
20856.42362788695
 30
0.0
 40
125.0
 41
0.0
 46
0.0
 71
     5
 72
     1
  1
\A1;3\U+00B0
  7
@ТРАНСПРОЕКТ
 73
     1
 44
1.0
  0
POINT
  5
10CF
330
D14
100
AcDbEntity
  8
Defpoints
 62
     0
440
 16777216
100
AcDbPoint
 10
58893.94819760839
 20
20942.94680140436
 30
0.0
  0
POINT
  5
10D0
330
D14
100
AcDbEntity
  8
Defpoints
 62
     0
440
 16777216
100
AcDbPoint
 10
57069.85151243356
 20
20854.11338271192
 30
0.0
  0
POINT
  5
10D1
330
D14
100
AcDbEntity
  8
Defpoints
 62
     0
440
 16777216
100
AcDbPoint
 10
57104.77198147501
 20
20889.03385175313
 30
0.0
  0
POINT
  5
10D2
330
D14
100
AcDbEntity
  8
Defpoints
 62
     0
440
 16777216
100
AcDbPoint
 10
62469.85151243356
 20
21184.11189978887
 30
0.0
  0
POINT
  5
10D3
330
D14
100
AcDbEntity
  8
Defpoints
 62
     0
440
 16777216
100
AcDbPoint
 10
58869.85151243356
 20
20854.11338271192
 30
0.0
  0
ENDBLK
  5
D16
330
D14
100
AcDbEntity
  8
0
100
AcDbBlockEnd
  0
BLOCK
  5
D24
330
D23
100
AcDbEntity
  8
0
100
AcDbBlockBegin
  2
*D161
 70
     1
 10
0.0
 20
0.0
 30
0.0
  3
*D161
  1

  0
LINE
  5
10D4
330
D23
100
AcDbEntity
  8
$Размеры
  6
Continuous
 62
     5
440
 16777216
370
    13
100
AcDbLine
 10
58919.85151243357
 20
17354.11338271192
 30
0.0
 11
58930.57534571278
 21
17354.11338271192
 31
0.0
  0
LINE
  5
10D5
330
D23
100
AcDbEntity
  8
$Размеры
  6
Continuous
 62
     5
440
 16777216
370
    13
100
AcDbLine
 10
58894.66003012949
 20
17420.74496572143
 30
0.0
 11
59084.898160185
 21
17268.92362788694
 31
0.0
  0
LINE
  5
10D6
330
D23
100
AcDbEntity
  8
$Размеры
  6
Continuous
 62
     5
440
 16777216
370
    13
100
AcDbLine
 10
59084.898160185
 20
17268.92362788694
 30
0.0
 11
59280.89180923889
 21
17268.92362788694
 31
0.0
  0
ARC
  5
10D7
330
D23
100
AcDbEntity
  8
$Размеры
  6
Continuous
 62
     5
440
 16777216
370
    13
100
AcDbCircle
 10
56469.8515090384
 20
17354.11338271191
 30
0.0
 40
2425.723836674386
100
AcDbArc
 50
0.590504494227572
 51
2.557577485392839
  0
SOLID
  5
10D8
330
D23
100
AcDbEntity
  8
$Размеры
 62
     5
440
 16777216
100
AcDbTrace
 10
58899.61312953158
 20
17379.13452203338
 30
0.0
 11
58891.27990684253
 21
17379.0915795248
 31
0.0
 12
58895.57534571278
 22
17354.11338271192
 32
0.0
 13
58895.57534571278
 23
17354.11338271192
 33
0.0
  0
SOLID
  5
10D9
330
D23
100
AcDbEntity
  8
$Размеры
 62
     5
440
 16777216
100
AcDbTrace
 10
58888.99753887181
 20
17462.14986890737
 30
0.0
 11
58897.32054446097
 21
17462.56462474795
 31
0.0
 12
58891.91477414464
 22
17487.32626359514
 32
0.0
 13
58891.91477414464
 23
17487.32626359514
 33
0.0
  0
MTEXT
  5
10DA
330
D23
100
AcDbEntity
  8
$Размеры
 62
     5
440
 16777216
100
AcDbMText
 10
59195.39498471195
 20
17356.42362788695
 30
0.0
 40
125.0
 41
0.0
 46
0.0
 71
     5
 72
     1
  1
\A1;3\U+00B0
  7
@ТРАНСПРОЕКТ
 73
     1
 44
1.0
  0
POINT
  5
10DB
330
D23
100
AcDbEntity
  8
Defpoints
 62
     0
440
 16777216
100
AcDbPoint
 10
58893.94819760791
 20
17442.94680140434
 30
0.0
  0
POINT
  5
10DC
330
D23
100
AcDbEntity
  8
Defpoints
 62
     0
440
 16777216
100
AcDbPoint
 10
57069.85151243356
 20
17354.11338271191
 30
0.0
  0
POINT
  5
10DD
330
D23
100
AcDbEntity
  8
Defpoints
 62
     0
440
 16777216
100
AcDbPoint
 10
57104.77198147501
 20
17389.03385175313
 30
0.0
  0
POINT
  5
10DE
330
D23
100
AcDbEntity
  8
Defpoints
 62
     0
440
 16777216
100
AcDbPoint
 10
62469.85151243356
 20
17684.11189978887
 30
0.0
  0
POINT
  5
10DF
330
D23
100
AcDbEntity
  8
Defpoints
 62
     0
440
 16777216
100
AcDbPoint
 10
58869.85151243356
 20
17354.11338271192
 30
0.0
  0
ENDBLK
  5
D25
330
D23
100
AcDbEntity
  8
0
100
AcDbBlockEnd
  0
BLOCK
  5
D33
330
D32
100
AcDbEntity
  8
0
100
AcDbBlockBegin
  2
*D162
 70
     1
 10
0.0
 20
0.0
 30
0.0
  3
*D162
  1

  0
LINE
  5
10E0
330
D32
100
AcDbEntity
  8
$Размеры
  6
Continuous
 62
     5
440
 16777216
370
    13
100
AcDbLine
 10
58919.85151243357
 20
13854.11338271192
 30
0.0
 11
58930.57534571281
 21
13854.11338271192
 31
0.0
  0
LINE
  5
10E1
330
D32
100
AcDbEntity
  8
$Размеры
  6
Continuous
 62
     5
440
 16777216
370
    13
100
AcDbLine
 10
58894.66003012951
 20
13920.74496572142
 30
0.0
 11
59084.89816018503
 21
13768.92362788683
 31
0.0
  0
LINE
  5
10E2
330
D32
100
AcDbEntity
  8
$Размеры
  6
Continuous
 62
     5
440
 16777216
370
    13
100
AcDbLine
 10
59084.89816018503
 20
13768.92362788683
 30
0.0
 11
59280.89180923892
 21
13768.92362788683
 31
0.0
  0
ARC
  5
10E3
330
D32
100
AcDbEntity
  8
$Размеры
  6
Continuous
 62
     5
440
 16777216
370
    13
100
AcDbCircle
 10
56469.85150903847
 20
13854.11338271192
 30
0.0
 40
2425.723836674331
100
AcDbArc
 50
0.5905044942275084
 51
2.55757748539275
  0
SOLID
  5
10E4
330
D32
100
AcDbEntity
  8
$Размеры
 62
     5
440
 16777216
100
AcDbTrace
 10
58899.61312953159
 20
13879.13452203338
 30
0.0
 11
58891.27990684253
 21
13879.0915795248
 31
0.0
 12
58895.57534571281
 22
13854.11338271192
 32
0.0
 13
58895.57534571281
 23
13854.11338271192
 33
0.0
  0
SOLID
  5
10E5
330
D32
100
AcDbEntity
  8
$Размеры
 62
     5
440
 16777216
100
AcDbTrace
 10
58888.99753887185
 20
13962.14986890737
 30
0.0
 11
58897.320544461
 21
13962.56462474796
 31
0.0
 12
58891.91477414466
 22
13987.32626359514
 32
0.0
 13
58891.91477414466
 23
13987.32626359514
 33
0.0
  0
MTEXT
  5
10E6
330
D32
100
AcDbEntity
  8
$Размеры
 62
     5
440
 16777216
100
AcDbMText
 10
59195.39498471197
 20
13856.42362788684
 30
0.0
 40
125.0
 41
0.0
 46
0.0
 71
     5
 72
     1
  1
\A1;3\U+00B0
  7
@ТРАНСПРОЕКТ
 73
     1
 44
1.0
  0
POINT
  5
10E7
330
D32
100
AcDbEntity
  8
Defpoints
 62
     0
440
 16777216
100
AcDbPoint
 10
58893.94819760794
 20
13942.94680140434
 30
0.0
  0
POINT
  5
10E8
330
D32
100
AcDbEntity
  8
Defpoints
 62
     0
440
 16777216
100
AcDbPoint
 10
57069.85151243356
 20
13854.11338271192
 30
0.0
  0
POINT
  5
10E9
330
D32
100
AcDbEntity
  8
Defpoints
 62
     0
440
 16777216
100
AcDbPoint
 10
57104.77198147501
 20
13889.03385175313
 30
0.0
  0
POINT
  5
10EA
330
D32
100
AcDbEntity
  8
Defpoints
 62
     0
440
 16777216
100
AcDbPoint
 10
62469.85151243356
 20
14184.11189978887
 30
0.0
  0
POINT
  5
10EB
330
D32
100
AcDbEntity
  8
Defpoints
 62
     0
440
 16777216
100
AcDbPoint
 10
58869.85151243357
 20
13854.11338271192
 30
0.0
  0
ENDBLK
  5
D34
330
D32
100
AcDbEntity
  8
0
100
AcDbBlockEnd
  0
BLOCK
  5
D42
330
D41
100
AcDbEntity
  8
0
100
AcDbBlockBegin
  2
*D163
 70
     1
 10
0.0
 20
0.0
 30
0.0
  3
*D163
  1

  0
LINE
  5
10EC
330
D41
100
AcDbEntity
  8
$Размеры
  6
Continuous
 62
     5
440
 16777216
370
    13
100
AcDbLine
 10
23739.0880381056
 20
39329.5303546781
 30
0.0
 11
23148.11785568026
 21
39329.5303546781
 31
0.0
  0
LINE
  5
10ED
330
D41
100
AcDbEntity
  8
$Размеры
  6
Continuous
 62
     5
440
 16777216
370
    13
100
AcDbLine
 10
23582.85151243358
 20
38448.38336737564
 30
0.0
 11
23148.11785568026
 21
38448.38336737564
 31
0.0
  0
LINE
  5
10EE
330
D41
100
AcDbEntity
  8
$Размеры
  6
Continuous
 62
     5
440
 16777216
370
    13
100
AcDbLine
 10
23183.11785568026
 20
39329.5303546781
 30
0.0
 11
23183.11785568026
 21
38448.38336737564
 31
0.0
  0
INSERT
  5
10EF
330
D41
100
AcDbEntity
  8
$Размеры
 62
     5
440
 16777216
370
    13
100
AcDbBlockReference
  2
_Oblique
 10
23183.11785568026
 20
39329.5303546781
 30
0.0
 41
75.0
 42
75.0
 43
75.0
 50
90.0
  0
INSERT
  5
10F0
330
D41
100
AcDbEntity
  8
$Размеры
 62
     5
440
 16777216
370
    13
100
AcDbBlockReference
  2
_Oblique
 10
23183.11785568026
 20
38448.38336737564
 30
0.0
 41
75.0
 42
75.0
 43
75.0
 50
270.0
  0
MTEXT
  5
10F1
330
D41
100
AcDbEntity
  8
$Размеры
 62
     5
440
 16777216
100
AcDbMText
 10
23095.61785568027
 20
38888.95686102685
 30
0.0
 40
125.0
 41
0.0
 46
0.0
 71
     5
 72
     1
  1
\A1;881
  7
@ТРАНСПРОЕКТ
 11
0.0000000000000001
 21
1.0
 31
0.0
 73
     1
 44
1.0
  0
POINT
  5
10F2
330
D41
100
AcDbEntity
  8
Defpoints
 62
     0
440
 16777216
100
AcDbPoint
 10
23789.0880381056
 20
39329.5303546781
 30
0.0
  0
POINT
  5
10F3
330
D41
100
AcDbEntity
  8
Defpoints
 62
     0
440
 16777216
100
AcDbPoint
 10
23632.85151243358
 20
38448.38336737564
 30
0.0
  0
POINT
  5
10F4
330
D41
100
AcDbEntity
  8
Defpoints
 62
     0
440
 16777216
100
AcDbPoint
 10
23183.11785568026
 20
38448.38336737564
 30
0.0
  0
ENDBLK
  5
D43
330
D41
100
AcDbEntity
  8
0
100
AcDbBlockEnd
  0
BLOCK
  5
D4E
330
D4D
100
AcDbEntity
  8
0
100
AcDbBlockBegin
  2
*D164
 70
     1
 10
0.0
 20
0.0
 30
0.0
  3
*D164
  1

  0
LINE
  5
10F5
330
D4D
100
AcDbEntity
  8
$Размеры
  6
Continuous
 62
     5
440
 16777216
370
    13
100
AcDbLine
 10
49587.85151255374
 20
39329.5303546781
 30
0.0
 11
49949.07244909706
 21
39329.5303546781
 31
0.0
  0
LINE
  5
10F6
330
D4D
100
AcDbEntity
  8
$Размеры
  6
Continuous
 62
     5
440
 16777216
370
    13
100
AcDbLine
 10
49612.85311179385
 20
38454.38333539088
 30
0.0
 11
49949.07244909706
 21
38454.38333539088
 31
0.0
  0
LINE
  5
10F7
330
D4D
100
AcDbEntity
  8
$Размеры
  6
Continuous
 62
     5
440
 16777216
370
    13
100
AcDbLine
 10
49914.07244909706
 20
39329.5303546781
 30
0.0
 11
49914.07244909706
 21
38454.38333539088
 31
0.0
  0
INSERT
  5
10F8
330
D4D
100
AcDbEntity
  8
$Размеры
 62
     5
440
 16777216
370
    13
100
AcDbBlockReference
  2
_Oblique
 10
49914.07244909706
 20
39329.5303546781
 30
0.0
 41
75.0
 42
75.0
 43
75.0
 50
90.0
  0
INSERT
  5
10F9
330
D4D
100
AcDbEntity
  8
$Размеры
 62
     5
440
 16777216
370
    13
100
AcDbBlockReference
  2
_Oblique
 10
49914.07244909706
 20
38454.38333539088
 30
0.0
 41
75.0
 42
75.0
 43
75.0
 50
270.0
  0
MTEXT
  5
10FA
330
D4D
100
AcDbEntity
  8
$Размеры
 62
     5
440
 16777216
100
AcDbMText
 10
49826.57244909705
 20
38891.95684503447
 30
0.0
 40
125.0
 41
0.0
 46
0.0
 71
     5
 72
     1
  1
\A1;875
  7
@ТРАНСПРОЕКТ
 11
0.0000000000000001
 21
1.0
 31
0.0
 73
     1
 44
1.0
  0
POINT
  5
10FB
330
D4D
100
AcDbEntity
  8
Defpoints
 62
     0
440
 16777216
100
AcDbPoint
 10
49537.85151255374
 20
39329.5303546781
 30
0.0
  0
POINT
  5
10FC
330
D4D
100
AcDbEntity
  8
Defpoints
 62
     0
440
 16777216
100
AcDbPoint
 10
49562.85311179385
 20
38454.38333539088
 30
0.0
  0
POINT
  5
10FD
330
D4D
100
AcDbEntity
  8
Defpoints
 62
     0
440
 16777216
100
AcDbPoint
 10
49914.07244909706
 20
38454.38333539088
 30
0.0
  0
ENDBLK
  5
D4F
330
D4D
100
AcDbEntity
  8
0
100
AcDbBlockEnd
  0
BLOCK
  5
D5A
330
D59
100
AcDbEntity
  8
0
100
AcDbBlockBegin
  2
*D165
 70
     1
 10
0.0
 20
0.0
 30
0.0
  3
*D165
  1

  0
LINE
  5
10FE
330
D59
100
AcDbEntity
  8
$Размеры
  6
Continuous
440
 16777216
 48
50.0
370
    13
100
AcDbLine
 10
27124.36862180436
 20
26959.78006734469
 30
0.0
 11
27124.36862180436
 21
27195.30245110349
 31
0.0
  0
LINE
  5
10FF
330
D59
100
AcDbEntity
  8
$Размеры
  6
Continuous
440
 16777216
 48
50.0
370
    13
100
AcDbLine
 10
27099.36862180436
 20
26934.78006734469
 30
0.0
 11
27099.36862180436
 21
27195.30245110349
 31
0.0
  0
LINE
  5
1100
330
D59
100
AcDbEntity
  8
$Размеры
  6
Continuous
440
 16777216
 48
50.0
370
    13
100
AcDbLine
 10
27124.36862180436
 20
27177.80245110349
 30
0.0
 11
27099.36862180436
 21
27177.80245110349
 31
0.0
  0
LINE
  5
1101
330
D59
100
AcDbEntity
  8
$Размеры
  6
Continuous
440
 16777216
 48
50.0
370
    13
100
AcDbLine
 10
27099.36862180436
 20
27177.80245110349
 30
0.0
 11
26945.12179727742
 21
27177.80245110349
 31
0.0
  0
INSERT
  5
1102
330
D59
100
AcDbEntity
  8
$Размеры
440
 16777216
 48
50.0
370
    13
100
AcDbBlockReference
  2
_Oblique
 10
27124.36862180436
 20
27177.80245110349
 30
0.0
 41
37.5
 42
37.5
 43
37.5
  0
INSERT
  5
1103
330
D59
100
AcDbEntity
  8
$Размеры
440
 16777216
 48
50.0
370
    13
100
AcDbBlockReference
  2
_Oblique
 10
27099.36862180436
 20
27177.80245110349
 30
0.0
 41
37.5
 42
37.5
 43
37.5
 50
180.0
  0
MTEXT
  5
1104
330
D59
100
AcDbEntity
  8
$Размеры
440
 16777216
 48
50.0
100
AcDbMText
 10
27003.49520954088
 20
27221.55245110349
 30
0.0
 40
62.5
 41
0.0
 46
0.0
 71
     5
 72
     1
  1
\A1;25
  7
@ТРАНСПРОЕКТ
 73
     1
 44
1.0
  0
POINT
  5
1105
330
D59
100
AcDbEntity
  8
Defpoints
 62
     0
440
 16777216
 48
50.0
100
AcDbPoint
 10
27124.36862180436
 20
26934.78006734469
 30
0.0
  0
POINT
  5
1106
330
D59
100
AcDbEntity
  8
Defpoints
 62
     0
440
 16777216
 48
50.0
100
AcDbPoint
 10
27099.36862180436
 20
26909.78006734469
 30
0.0
  0
POINT
  5
1107
330
D59
100
AcDbEntity
  8
Defpoints
 62
     0
440
 16777216
 48
50.0
100
AcDbPoint
 10
27099.36862180436
 20
27177.80245110349
 30
0.0
  0
ENDBLK
  5
D5B
330
D59
100
AcDbEntity
  8
0
100
AcDbBlockEnd
  0
BLOCK
  5
D67
330
D66
100
AcDbEntity
  8
0
100
AcDbBlockBegin
  2
*D166
 70
     1
 10
0.0
 20
0.0
 30
0.0
  3
*D166
  1

  0
LINE
  5
1108
330
D66
100
AcDbEntity
  8
$Размеры
  6
Continuous
440
 16777216
 48
50.0
370
    13
100
AcDbLine
 10
27124.36862180436
 20
26959.78006734469
 30
0.0
 11
27124.36862180436
 21
27195.30245110349
 31
0.0
  0
LINE
  5
1109
330
D66
100
AcDbEntity
  8
$Размеры
  6
Continuous
440
 16777216
 48
50.0
370
    13
100
AcDbLine
 10
27624.36862180436
 20
26959.78006734469
 30
0.0
 11
27624.36862180436
 21
27195.30245110349
 31
0.0
  0
LINE
  5
110A
330
D66
100
AcDbEntity
  8
$Размеры
  6
Continuous
440
 16777216
 48
50.0
370
    13
100
AcDbLine
 10
27124.36862180436
 20
27177.80245110349
 30
0.0
 11
27624.36862180436
 21
27177.80245110349
 31
0.0
  0
INSERT
  5
110B
330
D66
100
AcDbEntity
  8
$Размеры
440
 16777216
 48
50.0
370
    13
100
AcDbBlockReference
  2
_Oblique
 10
27124.36862180436
 20
27177.80245110349
 30
0.0
 41
37.5
 42
37.5
 43
37.5
 50
180.0
  0
INSERT
  5
110C
330
D66
100
AcDbEntity
  8
$Размеры
440
 16777216
 48
50.0
370
    13
100
AcDbBlockReference
  2
_Oblique
 10
27624.36862180436
 20
27177.80245110349
 30
0.0
 41
37.5
 42
37.5
 43
37.5
  0
MTEXT
  5
110D
330
D66
100
AcDbEntity
  8
$Размеры
440
 16777216
 48
50.0
100
AcDbMText
 10
27374.36862180436
 20
27221.55245110349
 30
0.0
 40
62.5
 41
0.0
 46
0.0
 71
     5
 72
     1
  1
\A1;500
  7
@ТРАНСПРОЕКТ
 73
     1
 44
1.0
  0
POINT
  5
110E
330
D66
100
AcDbEntity
  8
Defpoints
 62
     0
440
 16777216
 48
50.0
100
AcDbPoint
 10
27124.36862180436
 20
26934.78006734469
 30
0.0
  0
POINT
  5
110F
330
D66
100
AcDbEntity
  8
Defpoints
 62
     0
440
 16777216
 48
50.0
100
AcDbPoint
 10
27624.36862180436
 20
26934.78006734469
 30
0.0
  0
POINT
  5
1110
330
D66
100
AcDbEntity
  8
Defpoints
 62
     0
440
 16777216
 48
50.0
100
AcDbPoint
 10
27624.36862180436
 20
27177.80245110349
 30
0.0
  0
ENDBLK
  5
D68
330
D66
100
AcDbEntity
  8
0
100
AcDbBlockEnd
  0
BLOCK
  5
D73
330
D72
100
AcDbEntity
  8
0
100
AcDbBlockBegin
  2
*D167
 70
     1
 10
0.0
 20
0.0
 30
0.0
  3
*D167
  1

  0
LINE
  5
1111
330
D72
100
AcDbEntity
  8
$Размеры
  6
Continuous
440
 16777216
 48
50.0
370
    13
100
AcDbLine
 10
27624.36862180436
 20
26959.78006734469
 30
0.0
 11
27624.36862180436
 21
27195.30245110349
 31
0.0
  0
LINE
  5
1112
330
D72
100
AcDbEntity
  8
$Размеры
  6
Continuous
440
 16777216
 48
50.0
370
    13
100
AcDbLine
 10
27649.36862180436
 20
26934.78006734469
 30
0.0
 11
27649.36862180436
 21
27195.30245110349
 31
0.0
  0
LINE
  5
1113
330
D72
100
AcDbEntity
  8
$Размеры
  6
Continuous
440
 16777216
 48
50.0
370
    13
100
AcDbLine
 10
27624.36862180436
 20
27177.80245110349
 30
0.0
 11
27649.36862180436
 21
27177.80245110349
 31
0.0
  0
LINE
  5
1114
330
D72
100
AcDbEntity
  8
$Размеры
  6
Continuous
440
 16777216
 48
50.0
370
    13
100
AcDbLine
 10
27636.86862180436
 20
27177.80245110349
 30
0.0
 11
27636.2615384437
 21
27312.25551014001
 31
0.0
  0
LINE
  5
1115
330
D72
100
AcDbEntity
  8
$Размеры
  6
Continuous
440
 16777216
 48
50.0
370
    13
100
AcDbLine
 10
27636.2615384437
 20
27312.25551014001
 30
0.0
 11
27519.51471391675
 21
27312.25551014001
 31
0.0
  0
MTEXT
  5
1116
330
D72
100
AcDbEntity
  8
$Размеры
440
 16777216
 48
50.0
100
AcDbMText
 10
27577.88812618022
 20
27356.00551014001
 30
0.0
 40
62.5
 41
0.0
 46
0.0
 71
     5
 72
     1
  1
\A1;25
  7
@ТРАНСПРОЕКТ
 73
     1
 44
1.0
  0
INSERT
  5
1117
330
D72
100
AcDbEntity
  8
$Размеры
440
 16777216
 48
50.0
370
    13
100
AcDbBlockReference
  2
_Oblique
 10
27624.36862180436
 20
27177.80245110349
 30
0.0
 41
37.5
 42
37.5
 43
37.5
 50
180.0
  0
INSERT
  5
1118
330
D72
100
AcDbEntity
  8
$Размеры
440
 16777216
 48
50.0
370
    13
100
AcDbBlockReference
  2
_Oblique
 10
27649.36862180436
 20
27177.80245110349
 30
0.0
 41
37.5
 42
37.5
 43
37.5
  0
POINT
  5
1119
330
D72
100
AcDbEntity
  8
Defpoints
 62
     0
440
 16777216
 48
50.0
100
AcDbPoint
 10
27624.36862180436
 20
26934.78006734469
 30
0.0
  0
POINT
  5
111A
330
D72
100
AcDbEntity
  8
Defpoints
 62
     0
440
 16777216
 48
50.0
100
AcDbPoint
 10
27649.36862180436
 20
26909.78006734469
 30
0.0
  0
POINT
  5
111B
330
D72
100
AcDbEntity
  8
Defpoints
 62
     0
440
 16777216
 48
50.0
100
AcDbPoint
 10
27649.36862180436
 20
27177.80245110349
 30
0.0
  0
ENDBLK
  5
D74
330
D72
100
AcDbEntity
  8
0
100
AcDbBlockEnd
  0
BLOCK
  5
D81
330
D80
100
AcDbEntity
  8
0
100
AcDbBlockBegin
  2
*D168
 70
     1
 10
0.0
 20
0.0
 30
0.0
  3
*D168
  1

  0
LINE
  5
111C
330
D80
100
AcDbEntity
  8
$Размеры
  6
Continuous
440
 16777216
 48
50.0
370
    13
100
AcDbLine
 10
27629.36862180436
 20
26824.98631029614
 30
0.0
 11
27629.36862180436
 21
26785.41679005933
 31
0.0
  0
LINE
  5
111D
330
D80
100
AcDbEntity
  8
$Размеры
  6
Continuous
440
 16777216
 48
50.0
370
    13
100
AcDbLine
 10
27649.36862180436
 20
26824.98631029614
 30
0.0
 11
27649.36862180436
 21
26785.41679005933
 31
0.0
  0
LINE
  5
111E
330
D80
100
AcDbEntity
  8
$Размеры
  6
Continuous
440
 16777216
 48
50.0
370
    13
100
AcDbLine
 10
27649.36862180436
 20
26802.91679005933
 30
0.0
 11
27686.86862180436
 21
26802.91679005933
 31
0.0
  0
LINE
  5
111F
330
D80
100
AcDbEntity
  8
$Размеры
  6
Continuous
440
 16777216
 48
50.0
370
    13
100
AcDbLine
 10
27629.36862180436
 20
26802.91679005933
 30
0.0
 11
27437.62179727731
 21
26802.91679005933
 31
0.0
  0
INSERT
  5
1120
330
D80
100
AcDbEntity
  8
$Размеры
440
 16777216
 48
50.0
370
    13
100
AcDbBlockReference
  2
_Oblique
 10
27649.36862180436
 20
26802.91679005933
 30
0.0
 41
37.5
 42
37.5
 43
37.5
 50
180.0
  0
INSERT
  5
1121
330
D80
100
AcDbEntity
  8
$Размеры
440
 16777216
 48
50.0
370
    13
100
AcDbBlockReference
  2
_Oblique
 10
27629.36862180436
 20
26802.91679005933
 30
0.0
 41
37.5
 42
37.5
 43
37.5
  0
MTEXT
  5
1122
330
D80
100
AcDbEntity
  8
$Размеры
440
 16777216
 48
50.0
100
AcDbMText
 10
27495.99520954078
 20
26846.66679005933
 30
0.0
 40
62.5
 41
0.0
 46
0.0
 71
     5
 72
     1
  1
\A1;20
  7
@ТРАНСПРОЕКТ
 73
     1
 44
1.0
  0
POINT
  5
1123
330
D80
100
AcDbEntity
  8
Defpoints
 62
     0
440
 16777216
 48
50.0
100
AcDbPoint
 10
27629.36862180436
 20
26849.98631029614
 30
0.0
  0
POINT
  5
1124
330
D80
100
AcDbEntity
  8
Defpoints
 62
     0
440
 16777216
 48
50.0
100
AcDbPoint
 10
27649.36862180436
 20
26849.98631029614
 30
0.0
  0
POINT
  5
1125
330
D80
100
AcDbEntity
  8
Defpoints
 62
     0
440
 16777216
 48
50.0
100
AcDbPoint
 10
27649.36862180436
 20
26802.91679005933
 30
0.0
  0
ENDBLK
  5
D82
330
D80
100
AcDbEntity
  8
0
100
AcDbBlockEnd
  0
BLOCK
  5
D8E
330
D8D
100
AcDbEntity
  8
0
100
AcDbBlockBegin
  2
*D169
 70
     1
 10
0.0
 20
0.0
 30
0.0
  3
*D169
  1

  0
LINE
  5
1126
330
D8D
100
AcDbEntity
  8
$Размеры
  6
Continuous
440
 16777216
 48
50.0
370
    13
100
AcDbLine
 10
27654.36862180436
 20
26699.865066845
 30
0.0
 11
27654.36862180436
 21
26472.95724514176
 31
0.0
  0
LINE
  5
1127
330
D8D
100
AcDbEntity
  8
$Размеры
  6
Continuous
440
 16777216
 48
50.0
370
    13
100
AcDbLine
 10
27629.36862180436
 20
26724.865066845
 30
0.0
 11
27629.36862180436
 21
26472.95724514176
 31
0.0
  0
LINE
  5
1128
330
D8D
100
AcDbEntity
  8
$Размеры
  6
Continuous
440
 16777216
 48
50.0
370
    13
100
AcDbLine
 10
27654.36862180436
 20
26490.45724514176
 30
0.0
 11
27629.36862180436
 21
26490.45724514176
 31
0.0
  0
LINE
  5
1129
330
D8D
100
AcDbEntity
  8
$Размеры
  6
Continuous
440
 16777216
 48
50.0
370
    13
100
AcDbLine
 10
27629.36862180436
 20
26490.45724514176
 30
0.0
 11
27475.12179727741
 21
26490.45724514176
 31
0.0
  0
INSERT
  5
112A
330
D8D
100
AcDbEntity
  8
$Размеры
440
 16777216
 48
50.0
370
    13
100
AcDbBlockReference
  2
_Oblique
 10
27654.36862180436
 20
26490.45724514176
 30
0.0
 41
37.5
 42
37.5
 43
37.5
  0
INSERT
  5
112B
330
D8D
100
AcDbEntity
  8
$Размеры
440
 16777216
 48
50.0
370
    13
100
AcDbBlockReference
  2
_Oblique
 10
27629.36862180436
 20
26490.45724514176
 30
0.0
 41
37.5
 42
37.5
 43
37.5
 50
180.0
  0
MTEXT
  5
112C
330
D8D
100
AcDbEntity
  8
$Размеры
440
 16777216
 48
50.0
100
AcDbMText
 10
27533.49520954088
 20
26534.20724514176
 30
0.0
 40
62.5
 41
0.0
 46
0.0
 71
     5
 72
     1
  1
\A1;25
  7
@ТРАНСПРОЕКТ
 73
     1
 44
1.0
  0
POINT
  5
112D
330
D8D
100
AcDbEntity
  8
Defpoints
 62
     0
440
 16777216
 48
50.0
100
AcDbPoint
 10
27654.36862180436
 20
26724.865066845
 30
0.0
  0
POINT
  5
112E
330
D8D
100
AcDbEntity
  8
Defpoints
 62
     0
440
 16777216
 48
50.0
100
AcDbPoint
 10
27629.36862180436
 20
26749.865066845
 30
0.0
  0
POINT
  5
112F
330
D8D
100
AcDbEntity
  8
Defpoints
 62
     0
440
 16777216
 48
50.0
100
AcDbPoint
 10
27629.36862180436
 20
26490.45724514176
 30
0.0
  0
ENDBLK
  5
D8F
330
D8D
100
AcDbEntity
  8
0
100
AcDbBlockEnd
  0
BLOCK
  5
D9B
330
D9A
100
AcDbEntity
  8
0
100
AcDbBlockBegin
  2
*D170
 70
     1
 10
0.0
 20
0.0
 30
0.0
  3
*D170
  1

  0
LINE
  5
1130
330
D9A
100
AcDbEntity
  8
$Размеры
  6
Continuous
440
 16777216
 48
50.0
370
    13
100
AcDbLine
 10
27649.36862180436
 20
26934.78006734469
 30
0.0
 11
27649.36862180436
 21
27195.30245110349
 31
0.0
  0
LINE
  5
1131
330
D9A
100
AcDbEntity
  8
$Размеры
  6
Continuous
440
 16777216
 48
50.0
370
    13
100
AcDbLine
 10
28244.36862210425
 20
26749.865066845
 30
0.0
 11
28244.36862210425
 21
27195.30245110349
 31
0.0
  0
LINE
  5
1132
330
D9A
100
AcDbEntity
  8
$Размеры
  6
Continuous
440
 16777216
 48
50.0
370
    13
100
AcDbLine
 10
27649.36862180436
 20
27177.80245110349
 30
0.0
 11
28244.36862210425
 21
27177.80245110349
 31
0.0
  0
INSERT
  5
1133
330
D9A
100
AcDbEntity
  8
$Размеры
440
 16777216
 48
50.0
370
    13
100
AcDbBlockReference
  2
_Oblique
 10
27649.36862180436
 20
27177.80245110349
 30
0.0
 41
37.5
 42
37.5
 43
37.5
 50
180.0
  0
INSERT
  5
1134
330
D9A
100
AcDbEntity
  8
$Размеры
440
 16777216
 48
50.0
370
    13
100
AcDbBlockReference
  2
_Oblique
 10
28244.36862210425
 20
27177.80245110349
 30
0.0
 41
37.5
 42
37.5
 43
37.5
  0
MTEXT
  5
1135
330
D9A
100
AcDbEntity
  8
$Размеры
440
 16777216
 48
50.0
100
AcDbMText
 10
27946.8686219543
 20
27221.55245110349
 30
0.0
 40
62.5
 41
0.0
 46
0.0
 71
     5
 72
     1
  1
\A1;595
  7
@ТРАНСПРОЕКТ
 73
     1
 44
1.0
  0
POINT
  5
1136
330
D9A
100
AcDbEntity
  8
Defpoints
 62
     0
440
 16777216
 48
50.0
100
AcDbPoint
 10
27649.36862180436
 20
26909.78006734469
 30
0.0
  0
POINT
  5
1137
330
D9A
100
AcDbEntity
  8
Defpoints
 62
     0
440
 16777216
 48
50.0
100
AcDbPoint
 10
28244.36862210425
 20
26724.865066845
 30
0.0
  0
POINT
  5
1138
330
D9A
100
AcDbEntity
  8
Defpoints
 62
     0
440
 16777216
 48
50.0
100
AcDbPoint
 10
28244.36862210425
 20
27177.80245110349
 30
0.0
  0
ENDBLK
  5
D9C
330
D9A
100
AcDbEntity
  8
0
100
AcDbBlockEnd
  0
BLOCK
  5
DA7
330
DA6
100
AcDbEntity
  8
0
100
AcDbBlockBegin
  2
*D171
 70
     1
 10
0.0
 20
0.0
 30
0.0
  3
*D171
  1

  0
LINE
  5
1139
330
DA6
100
AcDbEntity
  8
$Размеры
  6
Continuous
440
 16777216
 48
50.0
370
    13
100
AcDbLine
 10
28244.36862210425
 20
26749.865066845
 30
0.0
 11
28244.36862210425
 21
27195.30245110349
 31
0.0
  0
LINE
  5
113A
330
DA6
100
AcDbEntity
  8
$Размеры
  6
Continuous
440
 16777216
 48
50.0
370
    13
100
AcDbLine
 10
28269.36862210425
 20
26724.865066845
 30
0.0
 11
28269.36862210425
 21
27195.30245110349
 31
0.0
  0
LINE
  5
113B
330
DA6
100
AcDbEntity
  8
$Размеры
  6
Continuous
440
 16777216
 48
50.0
370
    13
100
AcDbLine
 10
28244.36862210425
 20
27177.80245110349
 30
0.0
 11
28269.36862210425
 21
27177.80245110349
 31
0.0
  0
LINE
  5
113C
330
DA6
100
AcDbEntity
  8
$Размеры
  6
Continuous
440
 16777216
 48
50.0
370
    13
100
AcDbLine
 10
28269.36862210425
 20
27177.80245110349
 30
0.0
 11
28423.61544663119
 21
27177.80245110349
 31
0.0
  0
INSERT
  5
113D
330
DA6
100
AcDbEntity
  8
$Размеры
440
 16777216
 48
50.0
370
    13
100
AcDbBlockReference
  2
_Oblique
 10
28244.36862210425
 20
27177.80245110349
 30
0.0
 41
37.5
 42
37.5
 43
37.5
 50
180.0
  0
INSERT
  5
113E
330
DA6
100
AcDbEntity
  8
$Размеры
440
 16777216
 48
50.0
370
    13
100
AcDbBlockReference
  2
_Oblique
 10
28269.36862210425
 20
27177.80245110349
 30
0.0
 41
37.5
 42
37.5
 43
37.5
  0
MTEXT
  5
113F
330
DA6
100
AcDbEntity
  8
$Размеры
440
 16777216
 48
50.0
100
AcDbMText
 10
28365.24203436772
 20
27221.55245110349
 30
0.0
 40
62.5
 41
0.0
 46
0.0
 71
     5
 72
     1
  1
\A1;25
  7
@ТРАНСПРОЕКТ
 73
     1
 44
1.0
  0
POINT
  5
1140
330
DA6
100
AcDbEntity
  8
Defpoints
 62
     0
440
 16777216
 48
50.0
100
AcDbPoint
 10
28244.36862210425
 20
26724.865066845
 30
0.0
  0
POINT
  5
1141
330
DA6
100
AcDbEntity
  8
Defpoints
 62
     0
440
 16777216
 48
50.0
100
AcDbPoint
 10
28269.36862210425
 20
26699.865066845
 30
0.0
  0
POINT
  5
1142
330
DA6
100
AcDbEntity
  8
Defpoints
 62
     0
440
 16777216
 48
50.0
100
AcDbPoint
 10
28269.36862210425
 20
27177.80245110349
 30
0.0
  0
ENDBLK
  5
DA8
330
DA6
100
AcDbEntity
  8
0
100
AcDbBlockEnd
  0
BLOCK
  5
DB4
330
DB3
100
AcDbEntity
  8
0
100
AcDbBlockBegin
  2
*D172
 70
     1
 10
0.0
 20
0.0
 30
0.0
  3
*D172
  1

  0
LINE
  5
1143
330
DB3
100
AcDbEntity
  8
$Размеры
  6
Continuous
440
 16777216
 48
50.0
370
    13
100
AcDbLine
 10
28269.36862210426
 20
26724.86506684502
 30
0.0
 11
28426.74674686241
 21
26724.86506684502
 31
0.0
  0
LINE
  5
1144
330
DB3
100
AcDbEntity
  8
$Размеры
  6
Continuous
440
 16777216
 48
50.0
370
    13
100
AcDbLine
 10
28294.36862210426
 20
26699.86506684502
 30
0.0
 11
28426.74674686241
 21
26699.86506684502
 31
0.0
  0
LINE
  5
1145
330
DB3
100
AcDbEntity
  8
$Размеры
  6
Continuous
440
 16777216
 48
50.0
370
    13
100
AcDbLine
 10
28409.24674686241
 20
26724.86506684502
 30
0.0
 11
28409.24674686241
 21
26699.86506684502
 31
0.0
  0
LINE
  5
1146
330
DB3
100
AcDbEntity
  8
$Размеры
  6
Continuous
440
 16777216
 48
50.0
370
    13
100
AcDbLine
 10
28409.24674686241
 20
26699.86506684502
 30
0.0
 11
28409.24674686241
 21
26545.61824231807
 31
0.0
  0
INSERT
  5
1147
330
DB3
100
AcDbEntity
  8
$Размеры
440
 16777216
 48
50.0
370
    13
100
AcDbBlockReference
  2
_Oblique
 10
28409.24674686241
 20
26724.86506684502
 30
0.0
 41
37.5
 42
37.5
 43
37.5
 50
90.0
  0
INSERT
  5
1148
330
DB3
100
AcDbEntity
  8
$Размеры
440
 16777216
 48
50.0
370
    13
100
AcDbBlockReference
  2
_Oblique
 10
28409.24674686241
 20
26699.86506684502
 30
0.0
 41
37.5
 42
37.5
 43
37.5
 50
270.0
  0
MTEXT
  5
1149
330
DB3
100
AcDbEntity
  8
$Размеры
440
 16777216
 48
50.0
100
AcDbMText
 10
28365.49674686241
 20
26603.99165458152
 30
0.0
 40
62.5
 41
0.0
 46
0.0
 71
     5
 72
     1
  1
\A1;25
  7
@ТРАНСПРОЕКТ
 11
0.0000000000000001
 21
1.0
 31
0.0
 73
     1
 44
1.0
  0
POINT
  5
114A
330
DB3
100
AcDbEntity
  8
Defpoints
 62
     0
440
 16777216
 48
50.0
100
AcDbPoint
 10
28244.36862210426
 20
26724.86506684502
 30
0.0
  0
POINT
  5
114B
330
DB3
100
AcDbEntity
  8
Defpoints
 62
     0
440
 16777216
 48
50.0
100
AcDbPoint
 10
28269.36862210426
 20
26699.86506684502
 30
0.0
  0
POINT
  5
114C
330
DB3
100
AcDbEntity
  8
Defpoints
 62
     0
440
 16777216
 48
50.0
100
AcDbPoint
 10
28409.24674686241
 20
26699.86506684502
 30
0.0
  0
ENDBLK
  5
DB5
330
DB3
100
AcDbEntity
  8
0
100
AcDbBlockEnd
  0
BLOCK
  5
DC1
330
DC0
100
AcDbEntity
  8
0
100
AcDbBlockBegin
  2
*D173
 70
     1
 10
0.0
 20
0.0
 30
0.0
  3
*D173
  1

  0
LINE
  5
114D
330
DC0
100
AcDbEntity
  8
$Размеры
  6
Continuous
440
 16777216
 48
50.0
370
    13
100
AcDbLine
 10
27679.36862180437
 20
26724.86506684502
 30
0.0
 11
27858.45167811642
 21
26724.86506684502
 31
0.0
  0
LINE
  5
114E
330
DC0
100
AcDbEntity
  8
$Размеры
  6
Continuous
440
 16777216
 48
50.0
370
    13
100
AcDbLine
 10
27654.36862180437
 20
26749.86506684501
 30
0.0
 11
27858.45167811642
 21
26749.86506684501
 31
0.0
  0
LINE
  5
114F
330
DC0
100
AcDbEntity
  8
$Размеры
  6
Continuous
440
 16777216
 48
50.0
370
    13
100
AcDbLine
 10
27840.95167811641
 20
26749.86506684501
 30
0.0
 11
27840.95167811641
 21
26724.86506684502
 31
0.0
  0
LINE
  5
1150
330
DC0
100
AcDbEntity
  8
$Размеры
  6
Continuous
440
 16777216
 48
50.0
370
    13
100
AcDbLine
 10
27840.95167811641
 20
26724.86506684502
 30
0.0
 11
27840.95167811641
 21
26512.24483005462
 31
0.0
  0
INSERT
  5
1151
330
DC0
100
AcDbEntity
  8
$Размеры
440
 16777216
 48
50.0
370
    13
100
AcDbBlockReference
  2
_Oblique
 10
27840.95167811641
 20
26749.86506684501
 30
0.0
 41
37.5
 42
37.5
 43
37.5
 50
90.0
  0
INSERT
  5
1152
330
DC0
100
AcDbEntity
  8
$Размеры
440
 16777216
 48
50.0
370
    13
100
AcDbBlockReference
  2
_Oblique
 10
27840.95167811641
 20
26724.86506684502
 30
0.0
 41
37.5
 42
37.5
 43
37.5
 50
270.0
  0
MTEXT
  5
1153
330
DC0
100
AcDbEntity
  8
$Размеры
440
 16777216
 48
50.0
100
AcDbMText
 10
27797.20167811641
 20
26570.61824231807
 30
0.0
 40
62.5
 41
0.0
 46
0.0
 71
     5
 72
     1
  1
\A1;25
  7
@ТРАНСПРОЕКТ
 11
0.0000000000000001
 21
1.0
 31
0.0
 73
     1
 44
1.0
  0
POINT
  5
1154
330
DC0
100
AcDbEntity
  8
Defpoints
 62
     0
440
 16777216
 48
50.0
100
AcDbPoint
 10
27654.36862180437
 20
26724.86506684502
 30
0.0
  0
POINT
  5
1155
330
DC0
100
AcDbEntity
  8
Defpoints
 62
     0
440
 16777216
 48
50.0
100
AcDbPoint
 10
27629.36862180437
 20
26749.86506684501
 30
0.0
  0
POINT
  5
1156
330
DC0
100
AcDbEntity
  8
Defpoints
 62
     0
440
 16777216
 48
50.0
100
AcDbPoint
 10
27840.95167811641
 20
26749.86506684501
 30
0.0
  0
ENDBLK
  5
DC2
330
DC0
100
AcDbEntity
  8
0
100
AcDbBlockEnd
  0
BLOCK
  5
DCE
330
DCD
100
AcDbEntity
  8
0
100
AcDbBlockBegin
  2
*D174
 70
     1
 10
0.0
 20
0.0
 30
0.0
  3
*D174
  1

  0
LINE
  5
1157
330
DCD
100
AcDbEntity
  8
$Размеры
  6
Continuous
440
 16777216
 48
50.0
370
    13
100
AcDbLine
 10
29208.96567319622
 20
26646.38062790949
 30
0.0
 11
29029.5369567169
 21
26646.38062790949
 31
0.0
  0
LINE
  5
1158
330
DCD
100
AcDbEntity
  8
$Размеры
  6
Continuous
440
 16777216
 48
50.0
370
    13
100
AcDbLine
 10
29183.96567319622
 20
26621.38062790949
 30
0.0
 11
29029.5369567169
 21
26621.38062790949
 31
0.0
  0
LINE
  5
1159
330
DCD
100
AcDbEntity
  8
$Размеры
  6
Continuous
440
 16777216
 48
50.0
370
    13
100
AcDbLine
 10
29047.0369567169
 20
26646.38062790949
 30
0.0
 11
29047.0369567169
 21
26621.38062790949
 31
0.0
  0
LINE
  5
115A
330
DCD
100
AcDbEntity
  8
$Размеры
  6
Continuous
440
 16777216
 48
50.0
370
    13
100
AcDbLine
 10
29047.0369567169
 20
26621.38062790949
 30
0.0
 11
29047.0369567169
 21
26467.13380338254
 31
0.0
  0
INSERT
  5
115B
330
DCD
100
AcDbEntity
  8
$Размеры
440
 16777216
 48
50.0
370
    13
100
AcDbBlockReference
  2
_Oblique
 10
29047.0369567169
 20
26646.38062790949
 30
0.0
 41
37.5
 42
37.5
 43
37.5
 50
90.0
  0
INSERT
  5
115C
330
DCD
100
AcDbEntity
  8
$Размеры
440
 16777216
 48
50.0
370
    13
100
AcDbBlockReference
  2
_Oblique
 10
29047.0369567169
 20
26621.38062790949
 30
0.0
 41
37.5
 42
37.5
 43
37.5
 50
270.0
  0
MTEXT
  5
115D
330
DCD
100
AcDbEntity
  8
$Размеры
440
 16777216
 48
50.0
100
AcDbMText
 10
29003.2869567169
 20
26525.507215646
 30
0.0
 40
62.5
 41
0.0
 46
0.0
 71
     5
 72
     1
  1
\A1;25
  7
@ТРАНСПРОЕКТ
 11
0.0000000000000001
 21
1.0
 31
0.0
 73
     1
 44
1.0
  0
POINT
  5
115E
330
DCD
100
AcDbEntity
  8
Defpoints
 62
     0
440
 16777216
 48
50.0
100
AcDbPoint
 10
29233.96567319622
 20
26646.38062790949
 30
0.0
  0
POINT
  5
115F
330
DCD
100
AcDbEntity
  8
Defpoints
 62
     0
440
 16777216
 48
50.0
100
AcDbPoint
 10
29208.96567319622
 20
26621.38062790949
 30
0.0
  0
POINT
  5
1160
330
DCD
100
AcDbEntity
  8
Defpoints
 62
     0
440
 16777216
 48
50.0
100
AcDbPoint
 10
29047.0369567169
 20
26621.38062790949
 30
0.0
  0
ENDBLK
  5
DCF
330
DCD
100
AcDbEntity
  8
0
100
AcDbBlockEnd
  0
BLOCK
  5
DDB
330
DDA
100
AcDbEntity
  8
0
100
AcDbBlockBegin
  2
*D175
 70
     1
 10
0.0
 20
0.0
 30
0.0
  3
*D175
  1

  0
LINE
  5
1161
330
DDA
100
AcDbEntity
  8
$Размеры
  6
Continuous
440
 16777216
 48
50.0
370
    13
100
AcDbLine
 10
29853.96567344859
 20
26880.53562840916
 30
0.0
 11
29853.96567344859
 21
27081.62317414119
 31
0.0
  0
LINE
  5
1162
330
DDA
100
AcDbEntity
  8
$Размеры
  6
Continuous
440
 16777216
 48
50.0
370
    13
100
AcDbLine
 10
29828.96567344859
 20
26855.53562840916
 30
0.0
 11
29828.96567344859
 21
27081.62317414119
 31
0.0
  0
LINE
  5
1163
330
DDA
100
AcDbEntity
  8
$Размеры
  6
Continuous
440
 16777216
 48
50.0
370
    13
100
AcDbLine
 10
29853.96567344859
 20
27064.12317414119
 30
0.0
 11
29828.96567344859
 21
27064.12317414119
 31
0.0
  0
LINE
  5
1164
330
DDA
100
AcDbEntity
  8
$Размеры
  6
Continuous
440
 16777216
 48
50.0
370
    13
100
AcDbLine
 10
29841.46567344859
 20
27064.12317414119
 30
0.0
 11
29841.58344082681
 21
27222.16132321817
 31
0.0
  0
LINE
  5
1165
330
DDA
100
AcDbEntity
  8
$Размеры
  6
Continuous
440
 16777216
 48
50.0
370
    13
100
AcDbLine
 10
29841.58344082681
 20
27222.16132321817
 30
0.0
 11
29958.33026535376
 21
27222.16132321817
 31
0.0
  0
MTEXT
  5
1166
330
DDA
100
AcDbEntity
  8
$Размеры
440
 16777216
 48
50.0
100
AcDbMText
 10
29899.95685309029
 20
27265.91132321817
 30
0.0
 40
62.5
 41
0.0
 46
0.0
 71
     5
 72
     1
  1
\A1;25
  7
@ТРАНСПРОЕКТ
 73
     1
 44
1.0
  0
INSERT
  5
1167
330
DDA
100
AcDbEntity
  8
$Размеры
440
 16777216
 48
50.0
370
    13
100
AcDbBlockReference
  2
_Oblique
 10
29853.96567344859
 20
27064.12317414119
 30
0.0
 41
37.5
 42
37.5
 43
37.5
  0
INSERT
  5
1168
330
DDA
100
AcDbEntity
  8
$Размеры
440
 16777216
 48
50.0
370
    13
100
AcDbBlockReference
  2
_Oblique
 10
29828.96567344859
 20
27064.12317414119
 30
0.0
 41
37.5
 42
37.5
 43
37.5
 50
180.0
  0
POINT
  5
1169
330
DDA
100
AcDbEntity
  8
Defpoints
 62
     0
440
 16777216
 48
50.0
100
AcDbPoint
 10
29853.96567344859
 20
26855.53562840916
 30
0.0
  0
POINT
  5
116A
330
DDA
100
AcDbEntity
  8
Defpoints
 62
     0
440
 16777216
 48
50.0
100
AcDbPoint
 10
29828.96567344859
 20
26830.53562840915
 30
0.0
  0
POINT
  5
116B
330
DDA
100
AcDbEntity
  8
Defpoints
 62
     0
440
 16777216
 48
50.0
100
AcDbPoint
 10
29828.96567344859
 20
27064.12317414119
 30
0.0
  0
ENDBLK
  5
DDC
330
DDA
100
AcDbEntity
  8
0
100
AcDbBlockEnd
  0
BLOCK
  5
DE9
330
DE8
100
AcDbEntity
  8
0
100
AcDbBlockBegin
  2
*D176
 70
     1
 10
0.0
 20
0.0
 30
0.0
  3
*D176
  1

  0
LINE
  5
116C
330
DE8
100
AcDbEntity
  8
$Размеры
  6
Continuous
440
 16777216
 48
50.0
370
    13
100
AcDbLine
 10
29853.96567344859
 20
26880.53562840916
 30
0.0
 11
29853.96567344859
 21
27081.62317414119
 31
0.0
  0
LINE
  5
116D
330
DE8
100
AcDbEntity
  8
$Размеры
  6
Continuous
440
 16777216
 48
50.0
370
    13
100
AcDbLine
 10
30053.96567337595
 20
26880.53562840916
 30
0.0
 11
30053.96567337595
 21
27081.62317414119
 31
0.0
  0
LINE
  5
116E
330
DE8
100
AcDbEntity
  8
$Размеры
  6
Continuous
440
 16777216
 48
50.0
370
    13
100
AcDbLine
 10
29853.96567344859
 20
27064.12317414119
 30
0.0
 11
30053.96567337595
 21
27064.12317414119
 31
0.0
  0
INSERT
  5
116F
330
DE8
100
AcDbEntity
  8
$Размеры
440
 16777216
 48
50.0
370
    13
100
AcDbBlockReference
  2
_Oblique
 10
29853.96567344859
 20
27064.12317414119
 30
0.0
 41
37.5
 42
37.5
 43
37.5
 50
180.0
  0
INSERT
  5
1170
330
DE8
100
AcDbEntity
  8
$Размеры
440
 16777216
 48
50.0
370
    13
100
AcDbBlockReference
  2
_Oblique
 10
30053.96567337595
 20
27064.12317414119
 30
0.0
 41
37.5
 42
37.5
 43
37.5
  0
MTEXT
  5
1171
330
DE8
100
AcDbEntity
  8
$Размеры
440
 16777216
 48
50.0
100
AcDbMText
 10
29953.96567341227
 20
27107.87317414119
 30
0.0
 40
62.5
 41
0.0
 46
0.0
 71
     5
 72
     1
  1
\A1;200
  7
@ТРАНСПРОЕКТ
 73
     1
 44
1.0
  0
POINT
  5
1172
330
DE8
100
AcDbEntity
  8
Defpoints
 62
     0
440
 16777216
 48
50.0
100
AcDbPoint
 10
29853.96567344859
 20
26855.53562840916
 30
0.0
  0
POINT
  5
1173
330
DE8
100
AcDbEntity
  8
Defpoints
 62
     0
440
 16777216
 48
50.0
100
AcDbPoint
 10
30053.96567337595
 20
26855.53562840916
 30
0.0
  0
POINT
  5
1174
330
DE8
100
AcDbEntity
  8
Defpoints
 62
     0
440
 16777216
 48
50.0
100
AcDbPoint
 10
30053.96567337595
 20
27064.12317414119
 30
0.0
  0
ENDBLK
  5
DEA
330
DE8
100
AcDbEntity
  8
0
100
AcDbBlockEnd
  0
BLOCK
  5
DF5
330
DF4
100
AcDbEntity
  8
0
100
AcDbBlockBegin
  2
*D177
 70
     1
 10
0.0
 20
0.0
 30
0.0
  3
*D177
  1

  0
LINE
  5
1175
330
DF4
100
AcDbEntity
  8
$Размеры
  6
Continuous
440
 16777216
 48
50.0
370
    13
100
AcDbLine
 10
30053.96567337595
 20
26880.53562840916
 30
0.0
 11
30053.96567337595
 21
27081.62317414119
 31
0.0
  0
LINE
  5
1176
330
DF4
100
AcDbEntity
  8
$Размеры
  6
Continuous
440
 16777216
 48
50.0
370
    13
100
AcDbLine
 10
30078.96567337595
 20
26855.53562840916
 30
0.0
 11
30078.96567337595
 21
27081.62317414119
 31
0.0
  0
LINE
  5
1177
330
DF4
100
AcDbEntity
  8
$Размеры
  6
Continuous
440
 16777216
 48
50.0
370
    13
100
AcDbLine
 10
30053.96567337595
 20
27064.12317414119
 30
0.0
 11
30078.96567337595
 21
27064.12317414119
 31
0.0
  0
LINE
  5
1178
330
DF4
100
AcDbEntity
  8
$Размеры
  6
Continuous
440
 16777216
 48
50.0
370
    13
100
AcDbLine
 10
30078.96567337595
 20
27064.12317414119
 30
0.0
 11
30233.21249790289
 21
27064.12317414119
 31
0.0
  0
INSERT
  5
1179
330
DF4
100
AcDbEntity
  8
$Размеры
440
 16777216
 48
50.0
370
    13
100
AcDbBlockReference
  2
_Oblique
 10
30053.96567337595
 20
27064.12317414119
 30
0.0
 41
37.5
 42
37.5
 43
37.5
 50
180.0
  0
INSERT
  5
117A
330
DF4
100
AcDbEntity
  8
$Размеры
440
 16777216
 48
50.0
370
    13
100
AcDbBlockReference
  2
_Oblique
 10
30078.96567337595
 20
27064.12317414119
 30
0.0
 41
37.5
 42
37.5
 43
37.5
  0
MTEXT
  5
117B
330
DF4
100
AcDbEntity
  8
$Размеры
440
 16777216
 48
50.0
100
AcDbMText
 10
30174.83908563942
 20
27107.87317414119
 30
0.0
 40
62.5
 41
0.0
 46
0.0
 71
     5
 72
     1
  1
\A1;25
  7
@ТРАНСПРОЕКТ
 73
     1
 44
1.0
  0
POINT
  5
117C
330
DF4
100
AcDbEntity
  8
Defpoints
 62
     0
440
 16777216
 48
50.0
100
AcDbPoint
 10
30053.96567337595
 20
26855.53562840916
 30
0.0
  0
POINT
  5
117D
330
DF4
100
AcDbEntity
  8
Defpoints
 62
     0
440
 16777216
 48
50.0
100
AcDbPoint
 10
30078.96567337595
 20
26830.53562840915
 30
0.0
  0
POINT
  5
117E
330
DF4
100
AcDbEntity
  8
Defpoints
 62
     0
440
 16777216
 48
50.0
100
AcDbPoint
 10
30078.96567337595
 20
27064.12317414119
 30
0.0
  0
ENDBLK
  5
DF6
330
DF4
100
AcDbEntity
  8
0
100
AcDbBlockEnd
  0
BLOCK
  5
E02
330
E01
100
AcDbEntity
  8
0
100
AcDbBlockBegin
  2
*D178
 70
     1
 10
0.0
 20
0.0
 30
0.0
  3
*D178
  1

  0
LINE
  5
117F
330
E01
100
AcDbEntity
  8
$Размеры
  6
Continuous
440
 16777216
 48
50.0
370
    13
100
AcDbLine
 10
29848.96567349609
 20
26746.50187136061
 30
0.0
 11
29848.96567349609
 21
26690.28050845446
 31
0.0
  0
LINE
  5
1180
330
E01
100
AcDbEntity
  8
$Размеры
  6
Continuous
440
 16777216
 48
50.0
370
    13
100
AcDbLine
 10
29828.96567349609
 20
26746.50187136061
 30
0.0
 11
29828.96567349609
 21
26690.28050845446
 31
0.0
  0
LINE
  5
1181
330
E01
100
AcDbEntity
  8
$Размеры
  6
Continuous
440
 16777216
 48
50.0
370
    13
100
AcDbLine
 10
29828.96567349609
 20
26707.78050845445
 30
0.0
 11
29791.46567349609
 21
26707.78050845445
 31
0.0
  0
LINE
  5
1182
330
E01
100
AcDbEntity
  8
$Размеры
  6
Continuous
440
 16777216
 48
50.0
370
    13
100
AcDbLine
 10
29848.96567349609
 20
26707.78050845445
 30
0.0
 11
30040.71249802314
 21
26707.78050845445
 31
0.0
  0
INSERT
  5
1183
330
E01
100
AcDbEntity
  8
$Размеры
440
 16777216
 48
50.0
370
    13
100
AcDbBlockReference
  2
_Oblique
 10
29828.96567349609
 20
26707.78050845445
 30
0.0
 41
37.5
 42
37.5
 43
37.5
  0
INSERT
  5
1184
330
E01
100
AcDbEntity
  8
$Размеры
440
 16777216
 48
50.0
370
    13
100
AcDbBlockReference
  2
_Oblique
 10
29848.96567349609
 20
26707.78050845445
 30
0.0
 41
37.5
 42
37.5
 43
37.5
 50
180.0
  0
MTEXT
  5
1185
330
E01
100
AcDbEntity
  8
$Размеры
440
 16777216
 48
50.0
100
AcDbMText
 10
29982.33908575967
 20
26751.53050845445
 30
0.0
 40
62.5
 41
0.0
 46
0.0
 71
     5
 72
     1
  1
\A1;20
  7
@ТРАНСПРОЕКТ
 73
     1
 44
1.0
  0
POINT
  5
1186
330
E01
100
AcDbEntity
  8
Defpoints
 62
     0
440
 16777216
 48
50.0
100
AcDbPoint
 10
29848.96567349609
 20
26771.50187136061
 30
0.0
  0
POINT
  5
1187
330
E01
100
AcDbEntity
  8
Defpoints
 62
     0
440
 16777216
 48
50.0
100
AcDbPoint
 10
29828.96567349609
 20
26771.50187136061
 30
0.0
  0
POINT
  5
1188
330
E01
100
AcDbEntity
  8
Defpoints
 62
     0
440
 16777216
 48
50.0
100
AcDbPoint
 10
29828.96567349609
 20
26707.78050845445
 30
0.0
  0
ENDBLK
  5
E03
330
E01
100
AcDbEntity
  8
0
100
AcDbBlockEnd
  0
BLOCK
  5
E0F
330
E0E
100
AcDbEntity
  8
0
100
AcDbBlockBegin
  2
*D179
 70
     1
 10
0.0
 20
0.0
 30
0.0
  3
*D179
  1

  0
LINE
  5
1189
330
E0E
100
AcDbEntity
  8
$Размеры
  6
Continuous
440
 16777216
370
    13
100
AcDbLine
 10
27674.36862180437
 20
26909.78006734471
 30
0.0
 11
27858.45167811644
 21
26909.78006734471
 31
0.0
  0
LINE
  5
118A
330
E0E
100
AcDbEntity
  8
$Размеры
  6
Continuous
440
 16777216
370
    13
100
AcDbLine
 10
27649.36862180437
 20
26934.78006734471
 30
0.0
 11
27858.45167811644
 21
26934.78006734471
 31
0.0
  0
LINE
  5
118B
330
E0E
100
AcDbEntity
  8
$Размеры
  6
Continuous
440
 16777216
370
    13
100
AcDbLine
 10
27840.95167811644
 20
26909.78006734471
 30
0.0
 11
27840.95167811644
 21
26934.78006734471
 31
0.0
  0
LINE
  5
118C
330
E0E
100
AcDbEntity
  8
$Размеры
  6
Continuous
440
 16777216
370
    13
100
AcDbLine
 10
27840.95167811644
 20
26934.78006734471
 30
0.0
 11
27840.95167811644
 21
27089.02689187165
 31
0.0
  0
INSERT
  5
118D
330
E0E
100
AcDbEntity
  8
$Размеры
440
 16777216
370
    13
100
AcDbBlockReference
  2
_Oblique
 10
27840.95167811644
 20
26909.78006734471
 30
0.0
 41
37.5
 42
37.5
 43
37.5
 50
270.0
  0
INSERT
  5
118E
330
E0E
100
AcDbEntity
  8
$Размеры
440
 16777216
370
    13
100
AcDbBlockReference
  2
_Oblique
 10
27840.95167811644
 20
26934.78006734471
 30
0.0
 41
37.5
 42
37.5
 43
37.5
 50
90.0
  0
MTEXT
  5
118F
330
E0E
100
AcDbEntity
  8
$Размеры
440
 16777216
100
AcDbMText
 10
27797.20167811644
 20
27030.65347960817
 30
0.0
 40
62.5
 41
0.0
 46
0.0
 71
     5
 72
     1
  1
\A1;25
  7
@ТРАНСПРОЕКТ
 11
0.0000000000000001
 21
1.0
 31
0.0
 73
     1
 44
1.0
  0
POINT
  5
1190
330
E0E
100
AcDbEntity
  8
Defpoints
 62
     0
440
 16777216
100
AcDbPoint
 10
27649.36862180437
 20
26909.78006734471
 30
0.0
  0
POINT
  5
1191
330
E0E
100
AcDbEntity
  8
Defpoints
 62
     0
440
 16777216
100
AcDbPoint
 10
27624.36862180437
 20
26934.78006734471
 30
0.0
  0
POINT
  5
1192
330
E0E
100
AcDbEntity
  8
Defpoints
 62
     0
440
 16777216
100
AcDbPoint
 10
27840.95167811644
 20
26934.78006734471
 30
0.0
  0
ENDBLK
  5
E10
330
E0E
100
AcDbEntity
  8
0
100
AcDbBlockEnd
  0
BLOCK
  5
E1C
330
E1B
100
AcDbEntity
  8
0
100
AcDbBlockBegin
  2
*D180
 70
     1
 10
0.0
 20
0.0
 30
0.0
  3
*D180
  1

  0
LINE
  5
1193
330
E1B
100
AcDbEntity
  8
$Размеры
  6
Continuous
440
 16777216
370
    13
100
AcDbLine
 10
27674.36862180437
 20
26849.98631029615
 30
0.0
 11
27858.45167811644
 21
26849.98631029615
 31
0.0
  0
LINE
  5
1194
330
E1B
100
AcDbEntity
  8
$Размеры
  6
Continuous
440
 16777216
370
    13
100
AcDbLine
 10
27674.36862180437
 20
26909.78006734471
 30
0.0
 11
27858.45167811644
 21
26909.78006734471
 31
0.0
  0
LINE
  5
1195
330
E1B
100
AcDbEntity
  8
$Размеры
  6
Continuous
440
 16777216
370
    13
100
AcDbLine
 10
27840.95167811644
 20
26849.98631029615
 30
0.0
 11
27840.95167811644
 21
26909.78006734471
 31
0.0
  0
LINE
  5
1196
330
E1B
100
AcDbEntity
  8
$Размеры
  6
Continuous
440
 16777216
370
    13
100
AcDbLine
 10
27840.95167811644
 20
26879.88318882043
 30
0.0
 11
27964.06132213546
 21
26880.05755904019
 31
0.0
  0
LINE
  5
1197
330
E1B
100
AcDbEntity
  8
$Размеры
  6
Continuous
440
 16777216
370
    13
100
AcDbLine
 10
27964.06132213546
 20
26880.05755904019
 30
0.0
 11
27964.06132213546
 21
26996.80438356713
 31
0.0
  0
MTEXT
  5
1198
330
E1B
100
AcDbEntity
  8
$Размеры
440
 16777216
100
AcDbMText
 10
27920.31132213546
 20
26938.43097130365
 30
0.0
 40
62.5
 41
0.0
 46
0.0
 71
     5
 72
     1
  1
\A1;60
  7
@ТРАНСПРОЕКТ
 11
0.0000000000000001
 21
1.0
 31
0.0
 73
     1
 44
1.0
  0
INSERT
  5
1199
330
E1B
100
AcDbEntity
  8
$Размеры
440
 16777216
370
    13
100
AcDbBlockReference
  2
_Oblique
 10
27840.95167811644
 20
26849.98631029615
 30
0.0
 41
37.5
 42
37.5
 43
37.5
 50
270.0
  0
INSERT
  5
119A
330
E1B
100
AcDbEntity
  8
$Размеры
440
 16777216
370
    13
100
AcDbBlockReference
  2
_Oblique
 10
27840.95167811644
 20
26909.78006734471
 30
0.0
 41
37.5
 42
37.5
 43
37.5
 50
90.0
  0
POINT
  5
119B
330
E1B
100
AcDbEntity
  8
Defpoints
 62
     0
440
 16777216
100
AcDbPoint
 10
27649.36862180437
 20
26849.98631029615
 30
0.0
  0
POINT
  5
119C
330
E1B
100
AcDbEntity
  8
Defpoints
 62
     0
440
 16777216
100
AcDbPoint
 10
27649.36862180437
 20
26909.78006734471
 30
0.0
  0
POINT
  5
119D
330
E1B
100
AcDbEntity
  8
Defpoints
 62
     0
440
 16777216
100
AcDbPoint
 10
27840.95167811644
 20
26909.78006734471
 30
0.0
  0
ENDBLK
  5
E1D
330
E1B
100
AcDbEntity
  8
0
100
AcDbBlockEnd
  0
BLOCK
  5
E2A
330
E29
100
AcDbEntity
  8
0
100
AcDbBlockBegin
  2
*D181
 70
     1
 10
0.0
 20
0.0
 30
0.0
  3
*D181
  1

  0
LINE
  5
119E
330
E29
100
AcDbEntity
  8
$Размеры
  6
Continuous
440
 16777216
370
    13
100
AcDbLine
 10
27674.36862180437
 20
26849.98631029615
 30
0.0
 11
27858.45167811644
 21
26849.98631029615
 31
0.0
  0
LINE
  5
119F
330
E29
100
AcDbEntity
  8
$Размеры
  6
Continuous
440
 16777216
370
    13
100
AcDbLine
 10
27654.36862180437
 20
26749.86506684501
 30
0.0
 11
27858.45167811644
 21
26749.86506684501
 31
0.0
  0
LINE
  5
11A0
330
E29
100
AcDbEntity
  8
$Размеры
  6
Continuous
440
 16777216
370
    13
100
AcDbLine
 10
27840.95167811644
 20
26849.98631029615
 30
0.0
 11
27840.95167811644
 21
26749.86506684501
 31
0.0
  0
LINE
  5
11A1
330
E29
100
AcDbEntity
  8
$Размеры
  6
Continuous
440
 16777216
370
    13
100
AcDbLine
 10
27840.95167811644
 20
26799.92568857058
 30
0.0
 11
28107.1287482228
 21
26799.81963378172
 31
0.0
  0
LINE
  5
11A2
330
E29
100
AcDbEntity
  8
$Размеры
  6
Continuous
440
 16777216
370
    13
100
AcDbLine
 10
28107.1287482228
 20
26799.81963378172
 30
0.0
 11
28107.1287482228
 21
26947.81645830867
 31
0.0
  0
MTEXT
  5
11A3
330
E29
100
AcDbEntity
  8
$Размеры
440
 16777216
100
AcDbMText
 10
28063.37874822279
 20
26873.81804604518
 30
0.0
 40
62.5
 41
0.0
 46
0.0
 71
     5
 72
     1
  1
\A1;100
  7
@ТРАНСПРОЕКТ
 11
0.0000000000000001
 21
1.0
 31
0.0
 73
     1
 44
1.0
  0
INSERT
  5
11A4
330
E29
100
AcDbEntity
  8
$Размеры
440
 16777216
370
    13
100
AcDbBlockReference
  2
_Oblique
 10
27840.95167811644
 20
26849.98631029615
 30
0.0
 41
37.5
 42
37.5
 43
37.5
 50
90.0
  0
INSERT
  5
11A5
330
E29
100
AcDbEntity
  8
$Размеры
440
 16777216
370
    13
100
AcDbBlockReference
  2
_Oblique
 10
27840.95167811644
 20
26749.86506684501
 30
0.0
 41
37.5
 42
37.5
 43
37.5
 50
270.0
  0
POINT
  5
11A6
330
E29
100
AcDbEntity
  8
Defpoints
 62
     0
440
 16777216
100
AcDbPoint
 10
27649.36862180437
 20
26849.98631029615
 30
0.0
  0
POINT
  5
11A7
330
E29
100
AcDbEntity
  8
Defpoints
 62
     0
440
 16777216
100
AcDbPoint
 10
27629.36862180437
 20
26749.86506684501
 30
0.0
  0
POINT
  5
11A8
330
E29
100
AcDbEntity
  8
Defpoints
 62
     0
440
 16777216
100
AcDbPoint
 10
27840.95167811644
 20
26749.86506684501
 30
0.0
  0
ENDBLK
  5
E2B
330
E29
100
AcDbEntity
  8
0
100
AcDbBlockEnd
  0
BLOCK
  5
E38
330
E37
100
AcDbEntity
  8
0
100
AcDbBlockBegin
  2
*D182
 70
     1
 10
0.0
 20
0.0
 30
0.0
  3
*D182
  1

  0
LINE
  5
11A9
330
E37
100
AcDbEntity
  8
$Размеры
  6
Continuous
440
 16777216
370
    13
100
AcDbLine
 10
29828.96567344859
 20
26855.53562840916
 30
0.0
 11
29828.96567344859
 21
27081.62317414119
 31
0.0
  0
LINE
  5
11AA
330
E37
100
AcDbEntity
  8
$Размеры
  6
Continuous
440
 16777216
370
    13
100
AcDbLine
 10
29233.9656731962
 20
26671.38062790947
 30
0.0
 11
29233.9656731962
 21
27081.62317414119
 31
0.0
  0
LINE
  5
11AB
330
E37
100
AcDbEntity
  8
$Размеры
  6
Continuous
440
 16777216
370
    13
100
AcDbLine
 10
29828.96567344859
 20
27064.12317414119
 30
0.0
 11
29233.9656731962
 21
27064.12317414119
 31
0.0
  0
INSERT
  5
11AC
330
E37
100
AcDbEntity
  8
$Размеры
440
 16777216
370
    13
100
AcDbBlockReference
  2
_Oblique
 10
29828.96567344859
 20
27064.12317414119
 30
0.0
 41
37.5
 42
37.5
 43
37.5
  0
INSERT
  5
11AD
330
E37
100
AcDbEntity
  8
$Размеры
440
 16777216
370
    13
100
AcDbBlockReference
  2
_Oblique
 10
29233.9656731962
 20
27064.12317414119
 30
0.0
 41
37.5
 42
37.5
 43
37.5
 50
180.0
  0
MTEXT
  5
11AE
330
E37
100
AcDbEntity
  8
$Размеры
440
 16777216
100
AcDbMText
 10
29531.4656733224
 20
27107.87317414119
 30
0.0
 40
62.5
 41
0.0
 46
0.0
 71
     5
 72
     1
  1
\A1;595
  7
@ТРАНСПРОЕКТ
 73
     1
 44
1.0
  0
POINT
  5
11AF
330
E37
100
AcDbEntity
  8
Defpoints
 62
     0
440
 16777216
100
AcDbPoint
 10
29828.96567344859
 20
26830.53562840915
 30
0.0
  0
POINT
  5
11B0
330
E37
100
AcDbEntity
  8
Defpoints
 62
     0
440
 16777216
100
AcDbPoint
 10
29233.9656731962
 20
26646.38062790947
 30
0.0
  0
POINT
  5
11B1
330
E37
100
AcDbEntity
  8
Defpoints
 62
     0
440
 16777216
100
AcDbPoint
 10
29233.9656731962
 20
27064.12317414119
 30
0.0
  0
ENDBLK
  5
E39
330
E37
100
AcDbEntity
  8
0
100
AcDbBlockEnd
  0
BLOCK
  5
E44
330
E43
100
AcDbEntity
  8
0
100
AcDbBlockBegin
  2
*D183
 70
     1
 10
0.0
 20
0.0
 30
0.0
  3
*D183
  1

  0
LINE
  5
11B2
330
E43
100
AcDbEntity
  8
$Размеры
  6
Continuous
440
 16777216
370
    13
100
AcDbLine
 10
29233.9656731962
 20
26671.38062790947
 30
0.0
 11
29233.9656731962
 21
27081.62317414119
 31
0.0
  0
LINE
  5
11B3
330
E43
100
AcDbEntity
  8
$Размеры
  6
Continuous
440
 16777216
370
    13
100
AcDbLine
 10
29208.96567319621
 20
26646.38062790947
 30
0.0
 11
29208.96567319621
 21
27081.62317414119
 31
0.0
  0
LINE
  5
11B4
330
E43
100
AcDbEntity
  8
$Размеры
  6
Continuous
440
 16777216
370
    13
100
AcDbLine
 10
29233.9656731962
 20
27064.12317414119
 30
0.0
 11
29208.96567319621
 21
27064.12317414119
 31
0.0
  0
LINE
  5
11B5
330
E43
100
AcDbEntity
  8
$Размеры
  6
Continuous
440
 16777216
370
    13
100
AcDbLine
 10
29208.96567319621
 20
27064.12317414119
 30
0.0
 11
29054.71884866926
 21
27064.12317414119
 31
0.0
  0
INSERT
  5
11B6
330
E43
100
AcDbEntity
  8
$Размеры
440
 16777216
370
    13
100
AcDbBlockReference
  2
_Oblique
 10
29233.9656731962
 20
27064.12317414119
 30
0.0
 41
37.5
 42
37.5
 43
37.5
  0
INSERT
  5
11B7
330
E43
100
AcDbEntity
  8
$Размеры
440
 16777216
370
    13
100
AcDbBlockReference
  2
_Oblique
 10
29208.96567319621
 20
27064.12317414119
 30
0.0
 41
37.5
 42
37.5
 43
37.5
 50
180.0
  0
MTEXT
  5
11B8
330
E43
100
AcDbEntity
  8
$Размеры
440
 16777216
100
AcDbMText
 10
29113.09226093273
 20
27107.87317414119
 30
0.0
 40
62.5
 41
0.0
 46
0.0
 71
     5
 72
     1
  1
\A1;25
  7
@ТРАНСПРОЕКТ
 73
     1
 44
1.0
  0
POINT
  5
11B9
330
E43
100
AcDbEntity
  8
Defpoints
 62
     0
440
 16777216
100
AcDbPoint
 10
29233.9656731962
 20
26646.38062790947
 30
0.0
  0
POINT
  5
11BA
330
E43
100
AcDbEntity
  8
Defpoints
 62
     0
440
 16777216
100
AcDbPoint
 10
29208.96567319621
 20
26621.38062790947
 30
0.0
  0
POINT
  5
11BB
330
E43
100
AcDbEntity
  8
Defpoints
 62
     0
440
 16777216
100
AcDbPoint
 10
29208.96567319621
 20
27064.12317414119
 30
0.0
  0
ENDBLK
  5
E45
330
E43
100
AcDbEntity
  8
0
100
AcDbBlockEnd
  0
BLOCK
  5
E51
330
E50
100
AcDbEntity
  8
0
100
AcDbBlockBegin
  2
*D184
 70
     1
 10
0.0
 20
0.0
 30
0.0
  3
*D184
  1

  0
LINE
  5
11BC
330
E50
100
AcDbEntity
  8
$Размеры
  6
Continuous
440
 16777216
 48
50.0
370
    13
100
AcDbLine
 10
27099.36862180438
 20
26934.78006734471
 30
0.0
 11
26955.29009868867
 21
26934.78006734471
 31
0.0
  0
LINE
  5
11BD
330
E50
100
AcDbEntity
  8
$Размеры
  6
Continuous
440
 16777216
 48
50.0
370
    13
100
AcDbLine
 10
27074.36862180437
 20
26909.78006734471
 30
0.0
 11
26955.29009868867
 21
26909.78006734471
 31
0.0
  0
LINE
  5
11BE
330
E50
100
AcDbEntity
  8
$Размеры
  6
Continuous
440
 16777216
 48
50.0
370
    13
100
AcDbLine
 10
26972.79009868867
 20
26934.78006734471
 30
0.0
 11
26972.79009868867
 21
26909.78006734471
 31
0.0
  0
LINE
  5
11BF
330
E50
100
AcDbEntity
  8
$Размеры
  6
Continuous
440
 16777216
 48
50.0
370
    13
100
AcDbLine
 10
26972.79009868867
 20
26909.78006734471
 30
0.0
 11
26972.79009868867
 21
26755.53324281776
 31
0.0
  0
INSERT
  5
11C0
330
E50
100
AcDbEntity
  8
$Размеры
440
 16777216
 48
50.0
370
    13
100
AcDbBlockReference
  2
_Oblique
 10
26972.79009868867
 20
26934.78006734471
 30
0.0
 41
37.5
 42
37.5
 43
37.5
 50
90.0
  0
INSERT
  5
11C1
330
E50
100
AcDbEntity
  8
$Размеры
440
 16777216
 48
50.0
370
    13
100
AcDbBlockReference
  2
_Oblique
 10
26972.79009868867
 20
26909.78006734471
 30
0.0
 41
37.5
 42
37.5
 43
37.5
 50
270.0
  0
MTEXT
  5
11C2
330
E50
100
AcDbEntity
  8
$Размеры
440
 16777216
 48
50.0
100
AcDbMText
 10
26929.04009868867
 20
26813.90665508122
 30
0.0
 40
62.5
 41
0.0
 46
0.0
 71
     5
 72
     1
  1
\A1;25
  7
@ТРАНСПРОЕКТ
 11
0.0000000000000001
 21
1.0
 31
0.0
 73
     1
 44
1.0
  0
POINT
  5
11C3
330
E50
100
AcDbEntity
  8
Defpoints
 62
     0
440
 16777216
 48
50.0
100
AcDbPoint
 10
27124.36862180438
 20
26934.78006734471
 30
0.0
  0
POINT
  5
11C4
330
E50
100
AcDbEntity
  8
Defpoints
 62
     0
440
 16777216
 48
50.0
100
AcDbPoint
 10
27099.36862180438
 20
26909.78006734471
 30
0.0
  0
POINT
  5
11C5
330
E50
100
AcDbEntity
  8
Defpoints
 62
     0
440
 16777216
 48
50.0
100
AcDbPoint
 10
26972.79009868867
 20
26909.78006734471
 30
0.0
  0
ENDBLK
  5
E52
330
E50
100
AcDbEntity
  8
0
100
AcDbBlockEnd
  0
BLOCK
  5
E5E
330
E5D
100
AcDbEntity
  8
0
100
AcDbBlockBegin
  2
*D185
 70
     1
 10
0.0
 20
0.0
 30
0.0
  3
*D185
  1

  0
LINE
  5
11C6
330
E5D
100
AcDbEntity
  8
$Размеры
  6
Continuous
440
 16777216
370
    13
100
AcDbLine
 10
29803.9656734961
 20
26831.29562840918
 30
0.0
 11
29543.84884513087
 21
26831.29562840918
 31
0.0
  0
LINE
  5
11C7
330
E5D
100
AcDbEntity
  8
$Размеры
  6
Continuous
440
 16777216
370
    13
100
AcDbLine
 10
29828.96567349611
 20
26856.29562840918
 30
0.0
 11
29543.84884513087
 21
26856.29562840918
 31
0.0
  0
LINE
  5
11C8
330
E5D
100
AcDbEntity
  8
$Размеры
  6
Continuous
440
 16777216
370
    13
100
AcDbLine
 10
29561.34884513087
 20
26831.29562840918
 30
0.0
 11
29561.34884513087
 21
26856.29562840918
 31
0.0
  0
LINE
  5
11C9
330
E5D
100
AcDbEntity
  8
$Размеры
  6
Continuous
440
 16777216
370
    13
100
AcDbLine
 10
29561.34884513087
 20
26856.29562840918
 30
0.0
 11
29561.34884513087
 21
27010.54245293613
 31
0.0
  0
INSERT
  5
11CA
330
E5D
100
AcDbEntity
  8
$Размеры
440
 16777216
370
    13
100
AcDbBlockReference
  2
_Oblique
 10
29561.34884513087
 20
26831.29562840918
 30
0.0
 41
37.5
 42
37.5
 43
37.5
 50
270.0
  0
INSERT
  5
11CB
330
E5D
100
AcDbEntity
  8
$Размеры
440
 16777216
370
    13
100
AcDbBlockReference
  2
_Oblique
 10
29561.34884513087
 20
26856.29562840918
 30
0.0
 41
37.5
 42
37.5
 43
37.5
 50
90.0
  0
MTEXT
  5
11CC
330
E5D
100
AcDbEntity
  8
$Размеры
440
 16777216
100
AcDbMText
 10
29517.59884513087
 20
26952.16904067264
 30
0.0
 40
62.5
 41
0.0
 46
0.0
 71
     5
 72
     1
  1
\A1;25
  7
@ТРАНСПРОЕКТ
 11
0.0000000000000001
 21
1.0
 31
0.0
 73
     1
 44
1.0
  0
POINT
  5
11CD
330
E5D
100
AcDbEntity
  8
Defpoints
 62
     0
440
 16777216
100
AcDbPoint
 10
29828.96567349611
 20
26831.29562840918
 30
0.0
  0
POINT
  5
11CE
330
E5D
100
AcDbEntity
  8
Defpoints
 62
     0
440
 16777216
100
AcDbPoint
 10
29853.9656734961
 20
26856.29562840918
 30
0.0
  0
POINT
  5
11CF
330
E5D
100
AcDbEntity
  8
Defpoints
 62
     0
440
 16777216
100
AcDbPoint
 10
29561.34884513087
 20
26856.29562840918
 30
0.0
  0
ENDBLK
  5
E5F
330
E5D
100
AcDbEntity
  8
0
100
AcDbBlockEnd
  0
BLOCK
  5
E6B
330
E6A
100
AcDbEntity
  8
0
100
AcDbBlockBegin
  2
*D186
 70
     1
 10
0.0
 20
0.0
 30
0.0
  3
*D186
  1

  0
LINE
  5
11D0
330
E6A
100
AcDbEntity
  8
$Размеры
  6
Continuous
440
 16777216
370
    13
100
AcDbLine
 10
29803.9656734961
 20
26831.29562840918
 30
0.0
 11
29543.84884513087
 21
26831.29562840918
 31
0.0
  0
LINE
  5
11D1
330
E6A
100
AcDbEntity
  8
$Размеры
  6
Continuous
440
 16777216
370
    13
100
AcDbLine
 10
29803.9656734961
 20
26771.50187136063
 30
0.0
 11
29543.84884513087
 21
26771.50187136063
 31
0.0
  0
LINE
  5
11D2
330
E6A
100
AcDbEntity
  8
$Размеры
  6
Continuous
440
 16777216
370
    13
100
AcDbLine
 10
29561.34884513087
 20
26831.29562840918
 30
0.0
 11
29561.34884513087
 21
26771.50187136063
 31
0.0
  0
LINE
  5
11D3
330
E6A
100
AcDbEntity
  8
$Размеры
  6
Continuous
440
 16777216
370
    13
100
AcDbLine
 10
29561.34884513087
 20
26801.3987498849
 30
0.0
 11
29441.87318113547
 21
26801.46314940303
 31
0.0
  0
LINE
  5
11D4
330
E6A
100
AcDbEntity
  8
$Размеры
  6
Continuous
440
 16777216
370
    13
100
AcDbLine
 10
29441.87318113547
 20
26801.46314940303
 30
0.0
 11
29441.87318113547
 21
26918.20997392998
 31
0.0
  0
MTEXT
  5
11D5
330
E6A
100
AcDbEntity
  8
$Размеры
440
 16777216
100
AcDbMText
 10
29398.12318113547
 20
26859.83656166649
 30
0.0
 40
62.5
 41
0.0
 46
0.0
 71
     5
 72
     1
  1
\A1;60
  7
@ТРАНСПРОЕКТ
 11
0.0000000000000001
 21
1.0
 31
0.0
 73
     1
 44
1.0
  0
INSERT
  5
11D6
330
E6A
100
AcDbEntity
  8
$Размеры
440
 16777216
370
    13
100
AcDbBlockReference
  2
_Oblique
 10
29561.34884513087
 20
26831.29562840918
 30
0.0
 41
37.5
 42
37.5
 43
37.5
 50
90.0
  0
INSERT
  5
11D7
330
E6A
100
AcDbEntity
  8
$Размеры
440
 16777216
370
    13
100
AcDbBlockReference
  2
_Oblique
 10
29561.34884513087
 20
26771.50187136063
 30
0.0
 41
37.5
 42
37.5
 43
37.5
 50
270.0
  0
POINT
  5
11D8
330
E6A
100
AcDbEntity
  8
Defpoints
 62
     0
440
 16777216
100
AcDbPoint
 10
29828.96567349611
 20
26831.29562840918
 30
0.0
  0
POINT
  5
11D9
330
E6A
100
AcDbEntity
  8
Defpoints
 62
     0
440
 16777216
100
AcDbPoint
 10
29828.96567349611
 20
26771.50187136063
 30
0.0
  0
POINT
  5
11DA
330
E6A
100
AcDbEntity
  8
Defpoints
 62
     0
440
 16777216
100
AcDbPoint
 10
29561.34884513087
 20
26771.50187136063
 30
0.0
  0
ENDBLK
  5
E6C
330
E6A
100
AcDbEntity
  8
0
100
AcDbBlockEnd
  0
BLOCK
  5
E79
330
E78
100
AcDbEntity
  8
0
100
AcDbBlockBegin
  2
*D187
 70
     1
 10
0.0
 20
0.0
 30
0.0
  3
*D187
  1

  0
LINE
  5
11DB
330
E78
100
AcDbEntity
  8
$Размеры
  6
Continuous
440
 16777216
370
    13
100
AcDbLine
 10
29803.9656734961
 20
26771.50187136063
 30
0.0
 11
29543.84884513087
 21
26771.50187136063
 31
0.0
  0
LINE
  5
11DC
330
E78
100
AcDbEntity
  8
$Размеры
  6
Continuous
440
 16777216
370
    13
100
AcDbLine
 10
29823.9656734961
 20
26671.38062790949
 30
0.0
 11
29543.84884513087
 21
26671.38062790949
 31
0.0
  0
LINE
  5
11DD
330
E78
100
AcDbEntity
  8
$Размеры
  6
Continuous
440
 16777216
370
    13
100
AcDbLine
 10
29561.34884513087
 20
26771.50187136063
 30
0.0
 11
29561.34884513087
 21
26671.38062790949
 31
0.0
  0
LINE
  5
11DE
330
E78
100
AcDbEntity
  8
$Размеры
  6
Continuous
440
 16777216
370
    13
100
AcDbLine
 10
29561.34884513087
 20
26721.44124963506
 30
0.0
 11
29351.70416237794
 21
26721.50770702474
 31
0.0
  0
LINE
  5
11DF
330
E78
100
AcDbEntity
  8
$Размеры
  6
Continuous
440
 16777216
370
    13
100
AcDbLine
 10
29351.70416237794
 20
26721.50770702474
 30
0.0
 11
29351.70416237794
 21
26869.50453155168
 31
0.0
  0
MTEXT
  5
11E0
330
E78
100
AcDbEntity
  8
$Размеры
440
 16777216
100
AcDbMText
 10
29307.95416237794
 20
26795.50611928819
 30
0.0
 40
62.5
 41
0.0
 46
0.0
 71
     5
 72
     1
  1
\A1;100
  7
@ТРАНСПРОЕКТ
 11
0.0000000000000001
 21
1.0
 31
0.0
 73
     1
 44
1.0
  0
INSERT
  5
11E1
330
E78
100
AcDbEntity
  8
$Размеры
440
 16777216
370
    13
100
AcDbBlockReference
  2
_Oblique
 10
29561.34884513087
 20
26771.50187136063
 30
0.0
 41
37.5
 42
37.5
 43
37.5
 50
90.0
  0
INSERT
  5
11E2
330
E78
100
AcDbEntity
  8
$Размеры
440
 16777216
370
    13
100
AcDbBlockReference
  2
_Oblique
 10
29561.34884513087
 20
26671.38062790949
 30
0.0
 41
37.5
 42
37.5
 43
37.5
 50
270.0
  0
POINT
  5
11E3
330
E78
100
AcDbEntity
  8
Defpoints
 62
     0
440
 16777216
100
AcDbPoint
 10
29828.96567349611
 20
26771.50187136063
 30
0.0
  0
POINT
  5
11E4
330
E78
100
AcDbEntity
  8
Defpoints
 62
     0
440
 16777216
100
AcDbPoint
 10
29848.9656734961
 20
26671.38062790949
 30
0.0
  0
POINT
  5
11E5
330
E78
100
AcDbEntity
  8
Defpoints
 62
     0
440
 16777216
100
AcDbPoint
 10
29561.34884513087
 20
26671.38062790949
 30
0.0
  0
ENDBLK
  5
E7A
330
E78
100
AcDbEntity
  8
0
100
AcDbBlockEnd
  0
BLOCK
  5
E87
330
E86
100
AcDbEntity
  8
0
100
AcDbBlockBegin
  2
*D188
 70
     1
 10
0.0
 20
0.0
 30
0.0
  3
*D188
  1

  0
LINE
  5
11E6
330
E86
100
AcDbEntity
  8
$Размеры
  6
Continuous
440
 16777216
370
    13
100
AcDbLine
 10
29823.9656734961
 20
26671.38062790949
 30
0.0
 11
29543.84884513084
 21
26671.38062790949
 31
0.0
  0
LINE
  5
11E7
330
E86
100
AcDbEntity
  8
$Размеры
  6
Continuous
440
 16777216
370
    13
100
AcDbLine
 10
29798.96567349983
 20
26646.38062790949
 30
0.0
 11
29543.84884513084
 21
26646.38062790949
 31
0.0
  0
LINE
  5
11E8
330
E86
100
AcDbEntity
  8
$Размеры
  6
Continuous
440
 16777216
370
    13
100
AcDbLine
 10
29561.34884513084
 20
26671.38062790949
 30
0.0
 11
29561.34884513084
 21
26646.38062790949
 31
0.0
  0
LINE
  5
11E9
330
E86
100
AcDbEntity
  8
$Размеры
  6
Continuous
440
 16777216
370
    13
100
AcDbLine
 10
29561.34884513084
 20
26646.38062790949
 30
0.0
 11
29561.34884513084
 21
26433.76039111909
 31
0.0
  0
INSERT
  5
11EA
330
E86
100
AcDbEntity
  8
$Размеры
440
 16777216
370
    13
100
AcDbBlockReference
  2
_Oblique
 10
29561.34884513084
 20
26671.38062790949
 30
0.0
 41
37.5
 42
37.5
 43
37.5
 50
90.0
  0
INSERT
  5
11EB
330
E86
100
AcDbEntity
  8
$Размеры
440
 16777216
370
    13
100
AcDbBlockReference
  2
_Oblique
 10
29561.34884513084
 20
26646.38062790949
 30
0.0
 41
37.5
 42
37.5
 43
37.5
 50
270.0
  0
MTEXT
  5
11EC
330
E86
100
AcDbEntity
  8
$Размеры
440
 16777216
100
AcDbMText
 10
29517.59884513084
 20
26492.13380338255
 30
0.0
 40
62.5
 41
0.0
 46
0.0
 71
     5
 72
     1
  1
\A1;25
  7
@ТРАНСПРОЕКТ
 11
0.0000000000000001
 21
1.0
 31
0.0
 73
     1
 44
1.0
  0
POINT
  5
11ED
330
E86
100
AcDbEntity
  8
Defpoints
 62
     0
440
 16777216
100
AcDbPoint
 10
29848.9656734961
 20
26671.38062790949
 30
0.0
  0
POINT
  5
11EE
330
E86
100
AcDbEntity
  8
Defpoints
 62
     0
440
 16777216
100
AcDbPoint
 10
29823.96567349983
 20
26646.38062790949
 30
0.0
  0
POINT
  5
11EF
330
E86
100
AcDbEntity
  8
Defpoints
 62
     0
440
 16777216
100
AcDbPoint
 10
29561.34884513084
 20
26646.38062790949
 30
0.0
  0
ENDBLK
  5
E88
330
E86
100
AcDbEntity
  8
0
100
AcDbBlockEnd
  0
BLOCK
  5
E94
330
E93
100
AcDbEntity
  8
0
100
AcDbBlockBegin
  2
*D189
 70
     1
 10
0.0
 20
0.0
 30
0.0
  3
*D189
  1

  0
LINE
  5
11F0
330
E93
100
AcDbEntity
  8
$Размеры
  6
Continuous
440
 16777216
370
    13
100
AcDbLine
 10
30078.9656734961
 20
26856.29562840918
 30
0.0
 11
30290.90129230505
 21
26856.29562840918
 31
0.0
  0
LINE
  5
11F1
330
E93
100
AcDbEntity
  8
$Размеры
  6
Continuous
440
 16777216
370
    13
100
AcDbLine
 10
30103.96567337596
 20
26831.29562840918
 30
0.0
 11
30290.90129230505
 21
26831.29562840918
 31
0.0
  0
LINE
  5
11F2
330
E93
100
AcDbEntity
  8
$Размеры
  6
Continuous
440
 16777216
370
    13
100
AcDbLine
 10
30273.40129230505
 20
26831.29562840918
 30
0.0
 11
30273.40129230505
 21
26856.29562840918
 31
0.0
  0
LINE
  5
11F3
330
E93
100
AcDbEntity
  8
$Размеры
  6
Continuous
440
 16777216
370
    13
100
AcDbLine
 10
30273.40129230505
 20
26856.29562840918
 30
0.0
 11
30273.40129230505
 21
27010.54245293647
 31
0.0
  0
INSERT
  5
11F4
330
E93
100
AcDbEntity
  8
$Размеры
440
 16777216
370
    13
100
AcDbBlockReference
  2
_Oblique
 10
30273.40129230505
 20
26831.29562840918
 30
0.0
 41
37.5
 42
37.5
 43
37.5
 50
270.0
  0
INSERT
  5
11F5
330
E93
100
AcDbEntity
  8
$Размеры
440
 16777216
370
    13
100
AcDbBlockReference
  2
_Oblique
 10
30273.40129230505
 20
26856.29562840918
 30
0.0
 41
37.5
 42
37.5
 43
37.5
 50
90.0
  0
MTEXT
  5
11F6
330
E93
100
AcDbEntity
  8
$Размеры
440
 16777216
100
AcDbMText
 10
30229.65129230505
 20
26952.16904067298
 30
0.0
 40
62.5
 41
0.0
 46
0.0
 71
     5
 72
     1
  1
\A1;25
  7
@ТРАНСПРОЕКТ
 11
0.0000000000000001
 21
1.0
 31
0.0
 73
     1
 44
1.0
  0
POINT
  5
11F7
330
E93
100
AcDbEntity
  8
Defpoints
 62
     0
440
 16777216
100
AcDbPoint
 10
30053.96567349611
 20
26856.29562840918
 30
0.0
  0
POINT
  5
11F8
330
E93
100
AcDbEntity
  8
Defpoints
 62
     0
440
 16777216
100
AcDbPoint
 10
30078.96567337596
 20
26831.29562840918
 30
0.0
  0
POINT
  5
11F9
330
E93
100
AcDbEntity
  8
Defpoints
 62
     0
440
 16777216
100
AcDbPoint
 10
30273.40129230505
 20
26831.29562840918
 30
0.0
  0
ENDBLK
  5
E95
330
E93
100
AcDbEntity
  8
0
100
AcDbBlockEnd
  0
BLOCK
  5
EA1
330
EA0
100
AcDbEntity
  8
0
100
AcDbBlockBegin
  2
*D190
 70
     1
 10
0.0
 20
0.0
 30
0.0
  3
*D190
  1

  0
LINE
  5
11FA
330
EA0
100
AcDbEntity
  8
$Размеры
  6
Continuous
440
 16777216
 48
50.0
370
    13
100
AcDbLine
 10
29823.96567349981
 20
26621.38062790947
 30
0.0
 11
29823.96567349981
 21
26433.49822296973
 31
0.0
  0
LINE
  5
11FB
330
EA0
100
AcDbEntity
  8
$Размеры
  6
Continuous
440
 16777216
 48
50.0
370
    13
100
AcDbLine
 10
29848.96567349609
 20
26646.38062790947
 30
0.0
 11
29848.96567349609
 21
26433.49822296973
 31
0.0
  0
LINE
  5
11FC
330
EA0
100
AcDbEntity
  8
$Размеры
  6
Continuous
440
 16777216
 48
50.0
370
    13
100
AcDbLine
 10
29823.96567349981
 20
26450.99822296974
 30
0.0
 11
29786.46567349981
 21
26450.99822296974
 31
0.0
  0
LINE
  5
11FD
330
EA0
100
AcDbEntity
  8
$Размеры
  6
Continuous
440
 16777216
 48
50.0
370
    13
100
AcDbLine
 10
29848.96567349609
 20
26450.99822296974
 30
0.0
 11
30040.71249802303
 21
26450.99822296974
 31
0.0
  0
INSERT
  5
11FE
330
EA0
100
AcDbEntity
  8
$Размеры
440
 16777216
 48
50.0
370
    13
100
AcDbBlockReference
  2
_Oblique
 10
29823.96567349981
 20
26450.99822296974
 30
0.0
 41
37.5
 42
37.5
 43
37.5
  0
INSERT
  5
11FF
330
EA0
100
AcDbEntity
  8
$Размеры
440
 16777216
 48
50.0
370
    13
100
AcDbBlockReference
  2
_Oblique
 10
29848.96567349609
 20
26450.99822296974
 30
0.0
 41
37.5
 42
37.5
 43
37.5
 50
180.0
  0
MTEXT
  5
1200
330
EA0
100
AcDbEntity
  8
$Размеры
440
 16777216
 48
50.0
100
AcDbMText
 10
29982.33908575956
 20
26494.74822296974
 30
0.0
 40
62.5
 41
0.0
 46
0.0
 71
     5
 72
     1
  1
\A1;25
  7
@ТРАНСПРОЕКТ
 73
     1
 44
1.0
  0
POINT
  5
1201
330
EA0
100
AcDbEntity
  8
Defpoints
 62
     0
440
 16777216
 48
50.0
100
AcDbPoint
 10
29823.96567349981
 20
26646.38062790947
 30
0.0
  0
POINT
  5
1202
330
EA0
100
AcDbEntity
  8
Defpoints
 62
     0
440
 16777216
 48
50.0
100
AcDbPoint
 10
29848.96567349609
 20
26671.38062790947
 30
0.0
  0
POINT
  5
1203
330
EA0
100
AcDbEntity
  8
Defpoints
 62
     0
440
 16777216
 48
50.0
100
AcDbPoint
 10
29848.96567349609
 20
26450.99822296974
 30
0.0
  0
ENDBLK
  5
EA2
330
EA0
100
AcDbEntity
  8
0
100
AcDbBlockEnd
  0
ENDSEC
  0
SECTION
  2
ENTITIES
  0
HATCH
  5
8F7
330
1F
100
AcDbEntity
  8
$Тонкие
100
AcDbHatch
 10
0.0
 20
0.0
 30
0.0
210
0.0
220
0.0
230
1.0
  2
ANSI35
 70
     0
 71
     0
 91
        1
 92
        1
 93
       31
 72
     1
 10
36997.85151249364
 20
31467.17740572003
 11
48692.85151213368
 21
31233.1974057254
 72
     1
 10
48692.85151213368
 20
31233.1974057254
 11
48692.85151213368
 21
31556.0493984005
 72
     1
 10
48692.85151213368
 20
31556.0493984005
 11
48717.85151213368
 21
31581.0493984005
 72
     1
 10
48717.85151213368
 20
31581.0493984005
 11
49307.85151255557
 21
31581.04939852064
 72
     1
 10
49307.85151255557
 20
31581.04939852064
 11
49332.85151255557
 21
31606.04939852064
 72
     1
 10
49332.85151255557
 20
31606.04939852064
 11
49332.85151255371
 21
31706.17064197178
 72
     1
 10
49332.85151255371
 20
31706.17064197178
 11
49312.8515125537
 21
31706.17064197178
 72
     1
 10
49312.8515125537
 20
31706.17064197178
 11
49312.8515125537
 21
31765.96439902033
 72
     1
 10
49312.8515125537
 20
31765.96439902033
 11
49337.85151255371
 21
31790.96439902033
 72
     1
 10
49337.85151255371
 20
31790.96439902033
 11
49537.8515125537
 21
31790.96439902033
 72
     1
 10
49537.8515125537
 20
31790.96439902033
 11
49562.85151243356
 21
31765.20439902033
 72
     1
 10
49562.85151243356
 20
31765.20439902033
 11
49562.85151243356
 21
30915.73741171838
 72
     1
 10
49562.85151243356
 20
30915.73741171838
 11
36745.85151243357
 21
31172.07741171765
 72
     1
 10
36745.85151243357
 20
31172.07741171765
 11
23632.85151243357
 21
30909.81741171787
 72
     1
 10
23632.85151243357
 20
30909.81741171787
 11
23632.85151243357
 21
31765.96439902033
 72
     1
 10
23632.85151243357
 20
31765.96439902033
 11
23657.85151243357
 21
31790.96439902033
 72
     1
 10
23657.85151243357
 20
31790.96439902033
 11
24157.85151243357
 21
31790.96439902033
 72
     1
 10
24157.85151243357
 20
31790.96439902033
 11
24182.85151243357
 21
31765.96439902033
 72
     1
 10
24182.85151243357
 20
31765.96439902033
 11
24182.85151243357
 21
31706.17064197178
 72
     1
 10
24182.85151243357
 20
31706.17064197178
 11
24162.85151243357
 21
31706.17064197178
 72
     1
 10
24162.85151243357
 20
31706.17064197178
 11
24162.85151243357
 21
31606.04939852064
 72
     1
 10
24162.85151243357
 20
31606.04939852064
 11
24187.85151243357
 21
31581.04939852064
 72
     1
 10
24187.85151243357
 20
31581.04939852064
 11
24777.85151273345
 21
31581.04939852064
 72
     1
 10
24777.85151273345
 20
31581.04939852064
 11
24802.85151273346
 21
31556.04939852064
 72
     1
 10
24802.85151273346
 20
31556.04939852064
 11
24802.85151273346
 21
31233.27740572512
 72
     1
 10
24802.85151273346
 20
31233.27740572512
 11
36497.85151249364
 21
31467.17740572003
 72
     1
 10
36497.85151249364
 20
31467.17740572003
 11
36497.85151249364
 21
31807.24939852164
 72
     1
 10
36497.85151249364
 20
31807.24939852164
 11
36522.85151249364
 21
31832.24939852165
 72
     1
 10
36522.85151249364
 20
31832.24939852165
 11
36972.85151249364
 21
31832.24939852165
 72
     1
 10
36972.85151249364
 20
31832.24939852165
 11
36997.85151249364
 21
31807.24939852164
 72
     1
 10
36997.85151249364
 20
31807.24939852164
 11
36997.85151249364
 21
31467.17740572003
 97
        0
 75
     1
 76
     1
 52
90.0
 41
500.0
 77
     0
 78
     2
 53
135.0
 43
-2273229.148487506
 44
-750941.3305634989
 45
-88.38834764831844
 46
-88.38834764831842
 79
     0
 53
135.0
 43
-2273229.148487506
 44
-750852.9422159989
 45
-88.38834764831844
 46
-88.38834764831842
 79
     4
 49
156.25
 49
-31.25
 49
0.0
 49
-31.25
 98
        1
 10
35998.17395222893
 20
31488.76632558057
1001
GradientColor1ACI
1070
     5
1001
GradientColor2ACI
1070
     2
1001
ACAD
1010
0.0
1020
0.0
1030
0.0
  0
LWPOLYLINE
  5
8F8
330
1F
100
AcDbEntity
  8
$Слои конструкции
100
AcDbPolyline
 90
       32
 70
     0
 43
0.0
 10
24802.85151273346
 20
31233.27740572512
 10
24802.85151273346
 20
31556.04939852064
 10
24777.85151273345
 20
31581.04939852064
 10
24187.85151243357
 20
31581.04939852064
 10
24162.85151243357
 20
31606.04939852064
 10
24162.85151243357
 20
31706.17064197178
 10
24182.85151243357
 20
31706.17064197178
 10
24182.85151243357
 20
31765.96439902033
 10
24157.85151243357
 20
31790.96439902033
 10
23657.85151243357
 20
31790.96439902033
 10
23632.85151243357
 20
31765.96439902033
 10
23632.85151243357
 20
30909.81741171787
 10
36747.85151249364
 20
31172.11741171885
 10
49562.85311179382
 20
30915.81737973311
 10
49562.85151243356
 20
31765.20439902033
 10
49537.8515125537
 20
31790.96439902033
 10
49337.85151255371
 20
31790.96439902033
 10
49312.8515125537
 20
31765.96439902033
 10
49312.8515125537
 20
31706.17064197178
 10
49332.85151255371
 20
31706.17064197178
 10
49332.85151255371
 20
31606.04939852064
 10
49307.85151255743
 20
31581.04939852064
 10
48717.85151225382
 20
31581.04939852064
 10
48692.85151225382
 20
31556.04939852064
 10
48692.85151225382
 20
31233.27740572512
 10
36997.85151249364
 20
31467.17740572003
 10
36997.85151249364
 20
31807.24939852164
 10
36972.85151249364
 20
31832.24939852165
 10
36522.85151249364
 20
31832.24939852165
 10
36497.85151249364
 20
31807.24939852164
 10
36497.85151249364
 20
31467.17740572003
 10
24802.85151273346
 20
31233.27740572512
  0
LWPOLYLINE
  5
8F9
330
1F
100
AcDbEntity
  8
$Слои конструкции
100
AcDbPolyline
 90
       14
 70
     0
 43
0.0
 10
32619.9089098783
 20
26389.61855366782
 10
32595.39910595685
 20
26414.12835758939
 10
32595.39910595685
 20
26711.90035038491
 10
32570.39910595685
 20
26736.90035038491
 10
31980.39910565697
 20
26736.90035038491
 10
31955.39910565697
 20
26761.90035038491
 10
31955.39910565697
 20
26862.02159383605
 10
31975.39910565696
 20
26862.02159383605
 10
31975.39910565696
 20
26921.8153508846
 10
31950.39910565697
 20
26946.8153508846
 10
31450.39910565697
 20
26946.8153508846
 10
31425.39910565697
 20
26921.8153508846
 10
31425.39910565697
 20
26065.66836358214
 10
33717.9417552497
 20
26111.51921657394
  0
LWPOLYLINE
  5
8FA
330
1F
100
AcDbEntity
  8
$Слои конструкции
100
AcDbPolyline
 90
        3
 70
     0
 43
0.0
 10
33784.33099177487
 20
26112.84700130442
 10
36747.85151249364
 20
26172.11741171885
 10
39711.37203321474
 20
26112.84700130453
  0
LWPOLYLINE
  5
8FB
330
1F
100
AcDbEntity
  8
$Слои конструкции
100
AcDbPolyline
 90
       15
 70
     0
 43
0.0
 10
39776.24382363081
 20
26111.54956549619
 10
41770.30551857042
 20
26071.66833159749
 10
41770.30391921017
 20
26921.05535088471
 10
41745.30391933031
 20
26946.81535088472
 10
41545.30391933031
 20
26946.81535088472
 10
41520.30391933031
 20
26921.81535088472
 10
41520.30391933031
 20
26862.02159383617
 10
41540.30391933031
 20
26862.02159383617
 10
41540.30391933031
 20
26761.90035038503
 10
41515.30391933404
 20
26736.90035038502
 10
40925.30391903042
 20
26736.90035038502
 10
40900.30391903042
 20
26711.90035038502
 10
40900.30391903042
 20
26414.62835758951
 10
40875.30391903042
 20
26389.62835758951
 10
39776.24382310927
 20
26411.60955950784
  0
LWPOLYLINE
  5
8FC
330
1F
100
AcDbEntity
  8
$Слои конструкции
100
AcDbPolyline
 90
       10
 70
     0
 43
0.0
 10
39711.37203321241
 20
26412.90699530582
 10
37022.85151249364
 20
26466.67740572003
 10
36997.85151249364
 20
26491.67740572003
 10
36997.85151249364
 20
26807.24939852164
 10
36972.85151249364
 20
26832.24939852165
 10
36522.85151249364
 20
26832.24939852165
 10
36497.85151249364
 20
26807.24939852164
 10
36497.85151249364
 20
26491.66760963845
 10
36472.86150849525
 20
26466.67760564006
 10
33784.33099177487
 20
26412.9069953057
  0
LWPOLYLINE
  5
8FD
330
1F
100
AcDbEntity
  8
$Слои конструкции
100
AcDbPolyline
 90
        2
 70
     0
 43
0.0
 10
33717.9417547277
 20
26411.57921056476
 10
32619.9089098783
 20
26389.61855366782
  0
LINE
  5
8FE
330
1F
100
AcDbEntity
  8
$Оси
100
AcDbLine
 10
36747.85151249364
 20
33680.05663795877
 30
0.0
 11
36747.85151249364
 21
30446.31045314615
 31
0.0
  0
LINE
  5
8FF
330
1F
100
AcDbEntity
  8
$Оси
100
AcDbLine
 10
36747.85151249364
 20
28331.91576462743
 30
0.0
 11
36747.85151249364
 21
25914.82678072309
 31
0.0
  0
DIMENSION
  5
900
330
1F
100
AcDbEntity
  8
$Размеры
100
AcDbDimension
280
     0
  2
*D100
 10
49562.85151243356
 20
32401.81741171787
 30
0.0
 11
43155.3515124636
 21
32489.31741171787
 31
0.0
 70
    32
 71
     5
 42
12814.99999993993
 73
     0
 74
     0
 75
     0
  3
@TN  1-50
100
AcDbAlignedDimension
 13
36747.85151249364
 23
31832.24939852165
 33
0.0
 14
49562.85151243356
 24
31765.20439902033
 34
0.0
100
AcDbRotatedDimension
  0
DIMENSION
  5
901
330
1F
100
AcDbEntity
  8
$Размеры
100
AcDbDimension
280
     0
  2
*D101
 10
23632.85151243357
 20
32401.81741171787
 30
0.0
 11
30190.3515124636
 21
32489.31741171787
 31
0.0
 70
    32
 71
     5
 42
13115.00000006007
 73
     0
 74
     0
 75
     0
  3
@TN  1-50
100
AcDbAlignedDimension
 13
36747.85151249364
 23
31832.24939852165
 33
0.0
 14
23632.85151243357
 24
31765.96439902033
 34
0.0
100
AcDbRotatedDimension
  0
LWPOLYLINE
  5
902
330
1F
100
AcDbEntity
  8
$Слои конструкции
100
AcDbPolyline
 90
        3
 70
     0
 43
0.0
 10
31425.39910565697
 20
22909.81741171787
 10
31425.39910565697
 20
16909.81741171787
 10
33719.45920085449
 20
16909.81741171787
  0
LWPOLYLINE
  5
903
330
1F
100
AcDbEntity
  8
$Слои конструкции
100
AcDbPolyline
 90
        2
 70
     0
 43
0.0
 10
33784.33099177487
 20
16909.81741171787
 10
39711.37203321241
 20
16909.81741171787
  0
LWPOLYLINE
  5
904
330
1F
100
AcDbEntity
  8
$Слои конструкции
100
AcDbPolyline
 90
        4
 70
     0
 43
0.0
 10
39776.24382413279
 20
16909.81741171787
 10
41770.30391921017
 20
16909.81741171787
 10
41770.30391921017
 20
22909.81741171787
 10
39776.24382413279
 20
22909.81741171787
  0
LWPOLYLINE
  5
905
330
1F
100
AcDbEntity
  8
$Слои конструкции
100
AcDbPolyline
 90
        2
 70
     0
 43
0.0
 10
39711.37203321241
 20
22909.81741171787
 10
33784.33099177487
 20
22909.81741171787
  0
LWPOLYLINE
  5
906
330
1F
100
AcDbEntity
  8
$Слои конструкции
100
AcDbPolyline
 90
        2
 70
     0
 43
0.0
 10
33719.45920085449
 20
22909.81741171787
 10
31425.39910565697
 20
22909.81741171787
  0
LWPOLYLINE
  5
907
330
1F
100
AcDbEntity
  8
$Слои конструкции
100
AcDbPolyline
 90
        2
 70
     0
 43
0.0
 10
31975.39910565696
 20
16909.81741171787
 10
31975.39910565696
 20
22909.81741171787
  0
LWPOLYLINE
  5
908
330
1F
100
AcDbEntity
  8
$Слои конструкции
100
AcDbPolyline
 90
        2
 70
     0
 43
0.0
 10
32595.39910595685
 20
22909.81741171787
 10
32595.39910595685
 20
16909.81741171787
  0
LWPOLYLINE
  5
909
330
1F
100
AcDbEntity
  8
$Слои конструкции
100
AcDbPolyline
 90
        2
 70
     0
 43
0.0
 10
36497.85151249364
 20
16909.81741171787
 10
36497.85151249364
 20
22909.81741171787
  0
LWPOLYLINE
  5
90A
330
1F
100
AcDbEntity
  8
$Слои конструкции
100
AcDbPolyline
 90
        2
 70
     0
 43
0.0
 10
36997.85151249364
 20
22909.81741171787
 10
36997.85151249364
 20
16909.81741171787
  0
LWPOLYLINE
  5
90B
330
1F
100
AcDbEntity
  8
$Слои конструкции
100
AcDbPolyline
 90
        2
 70
     0
 43
0.0
 10
41520.30391933031
 20
16909.81741171787
 10
41520.30391933031
 20
22909.81741171787
  0
LWPOLYLINE
  5
90C
330
1F
100
AcDbEntity
  8
$Слои конструкции
100
AcDbPolyline
 90
        2
 70
     0
 43
0.0
 10
40900.30391903042
 20
22909.81741171787
 10
40900.30391903042
 20
16909.81741171787
  0
LWPOLYLINE
  5
90D
330
1F
100
AcDbEntity
  8
$Оси
100
AcDbPolyline
 90
        2
 70
     0
 43
0.0
 10
36747.85151249364
 20
23589.54076165581
 10
36747.85151249364
 20
16627.6372799444
  0
LWPOLYLINE
  5
90E
330
1F
100
AcDbEntity
  8
$Оси
100
AcDbPolyline
 90
        2
 70
     0
 43
0.0
 10
41150.34787779448
 20
16608.70502419935
 10
41150.34787779448
 20
23409.81741171787
  0
LWPOLYLINE
  5
90F
330
1F
100
AcDbEntity
  8
$Оси
100
AcDbPolyline
 90
        2
 70
     0
 43
0.0
 10
32345.35514719279
 20
16608.70502419935
 10
32345.35514719279
 20
23409.81741171787
  0
DIMENSION
  5
910
330
1F
100
AcDbEntity
  8
$Выноски
100
AcDbDimension
280
     0
  2
*D102
 10
41770.30391921017
 20
16115.32247913271
 30
0.0
 11
36747.85151249364
 21
16115.32247913271
 31
0.0
 70
   160
  1
25930\P
 71
     5
 42
10344.9048135532
 73
     0
 74
     0
 75
     0
  3
@TN  1-50
100
AcDbAlignedDimension
 13
31425.39910565697
 23
16909.81741171787
 33
0.0
 14
41770.30391921017
 24
16909.81741171787
 34
0.0
100
AcDbRotatedDimension
  0
HATCH
  5
911
330
1F
100
AcDbEntity
  8
$Тонкие
100
AcDbHatch
 10
0.0
 20
0.0
 30
0.0
210
0.0
220
0.0
230
1.0
  2
ANSI35
 70
     0
 71
     1
 91
        2
 92
        5
 93
        6
 72
     1
 10
56469.85151243357
 20
13854.11338271192
 11
57069.85151243356
 21
13854.11338271192
 72
     1
 10
56469.85151243357
 20
14154.56678619599
 11
56469.85151243357
 21
13854.11338271192
 72
     1
 10
56469.85151243357
 20
14154.56678619599
 11
62469.85151543929
 21
14484.5653032513
 72
     1
 10
62469.85151243659
 20
14184.11189978904
 11
62469.85151543929
 21
14484.5653032513
 72
     1
 10
57104.77198147501
 20
13889.03385175313
 11
62469.85151243659
 21
14184.11189978904
 72
     1
 10
57069.85151243356
 20
13854.11338271192
 11
57104.77198147501
 21
13889.03385175313
 97
        2
330
912
330
913
 92
        5
 93
        4
 72
     1
 10
62469.85151603895
 20
14544.565303086
 11
56469.85151243357
 21
14514.56678619599
 72
     1
 10
62469.85151543929
 20
14484.5653032513
 11
62469.85151603895
 21
14544.56530308599
 72
     1
 10
56469.85151243357
 20
14154.56678619599
 11
62469.85151543929
 21
14484.5653032513
 72
     1
 10
56469.85151243357
 20
14514.56678619599
 11
56469.85151243357
 21
14154.56678619599
 97
        2
330
912
330
913
 75
     1
 76
     1
 52
90.0
 41
500.0
 77
     0
 78
     2
 53
135.0
 43
-2273229.148487506
 44
-750941.3305634989
 45
-88.38834764831844
 46
-88.38834764831842
 79
     0
 53
135.0
 43
-2273229.148487506
 44
-750852.9422159989
 45
-88.38834764831844
 46
-88.38834764831842
 79
     4
 49
156.25
 49
-31.25
 49
0.0
 49
-31.25
 47
3.012735414698621
 98
        2
 10
59469.85151393643
 20
14169.33934307503
 10
59469.85151423626
 20
14424.56604469056
1001
GradientColor1ACI
1070
     5
1001
GradientColor2ACI
1070
     2
1001
ACAD
1010
0.0
1020
0.0
1030
0.0
  0
LWPOLYLINE
  5
912
102
{ACAD_REACTORS
330
911
102
}
330
1F
100
AcDbEntity
  8
$ Слои конструкции $
100
AcDbPolyline
 90
        8
 70
     1
 43
0.0
 10
62469.85151243356
 20
14484.56530308598
 10
62469.85151603592
 20
14544.56530308598
 10
56469.85151243357
 20
14514.56678619599
 10
56469.85151243357
 20
14154.56678619599
 10
56469.85151243357
 20
13854.11338271192
 10
57069.85151243356
 20
13854.11338271192
 10
57104.77198147501
 20
13889.03385175313
 10
62469.85151243356
 20
14184.11189978887
  0
LWPOLYLINE
  5
913
102
{ACAD_REACTORS
330
911
102
}
330
1F
100
AcDbEntity
  8
$Пунктир
100
AcDbPolyline
 90
        2
 70
     0
 43
0.0
 10
56469.85151243357
 20
14154.56678619599
 10
62469.85151243356
 20
14484.56530308598
  0
HATCH
  5
914
330
1F
100
AcDbEntity
  8
$Тонкие
100
AcDbHatch
 10
0.0
 20
0.0
 30
0.0
210
0.0
220
0.0
230
1.0
  2
ANSI35
 70
     0
 71
     0
 91
        2
 92
        1
 93
        4
 72
     1
 10
62469.85151243356
 20
17984.56530308598
 11
62469.85151243356
 21
18260.0990110111
 72
     1
 10
62469.85151243356
 20
18260.0990110111
 11
56469.85151243357
 21
18230.11338271192
 72
     1
 10
56469.85151243357
 20
18230.11338271192
 11
56469.85151243357
 21
17654.56678619599
 72
     1
 10
56469.85151243357
 20
17654.56678619599
 11
62469.85151243356
 21
17984.56530308598
 97
        0
 92
        1
 93
        6
 72
     1
 10
62469.85151243356
 20
17684.11189978887
 11
62469.85151243356
 21
17984.56530308598
 72
     1
 10
62469.85151243356
 20
17984.56530308598
 11
56469.85151243357
 21
17654.56678619599
 72
     1
 10
56469.85151243357
 20
17654.56678619599
 11
56469.85151243357
 21
17354.11338271192
 72
     1
 10
56469.85151243357
 20
17354.11338271192
 11
57069.85151243356
 21
17354.11338271192
 72
     1
 10
57069.85151243356
 20
17354.11338271192
 11
57104.77198147501
 21
17389.03385175313
 72
     1
 10
57104.77198147501
 20
17389.03385175313
 11
62469.85151243356
 21
17684.11189978887
 97
        0
 75
     1
 76
     1
 52
90.0
 41
500.0
 77
     0
 78
     2
 53
135.0
 43
-2273229.148487506
 44
-750941.3305634989
 45
-88.38834764831844
 46
-88.38834764831842
 79
     0
 53
135.0
 43
-2273229.148487506
 44
-750852.9422159989
 45
-88.38834764831844
 46
-88.38834764831842
 79
     4
 49
156.25
 49
-31.25
 49
0.0
 49
-31.25
 98
        2
 10
57194.88477108868
 20
17984.41745688827
 10
57245.83717711696
 20
17594.07183043114
1001
GradientColor1ACI
1070
     5
1001
GradientColor2ACI
1070
     2
1001
ACAD
1010
0.0
1020
0.0
1030
0.0
  0
LWPOLYLINE
  5
915
330
1F
100
AcDbEntity
  8
$ Слои конструкции $
100
AcDbPolyline
 90
        8
 70
     1
 43
0.0
 10
56469.85151243357
 20
18230.09148321851
 10
56469.85151243357
 20
17654.56678619599
 10
56469.85151243357
 20
17354.11338271192
 10
57069.85151243356
 20
17354.11338271192
 10
57104.77198147501
 20
17389.03385175313
 10
62469.85151243356
 20
17684.11189978887
 10
62469.85151243356
 20
17984.56530308598
 10
62469.85151243356
 20
18260.0990110111
  0
LWPOLYLINE
  5
916
330
1F
100
AcDbEntity
  8
$Пунктир
100
AcDbPolyline
 90
        2
 70
     0
 43
0.0
 10
56469.85151243357
 20
17654.56678619599
 10
62469.85151243356
 20
17984.56530308598
  0
DIMENSION
  5
917
330
1F
100
AcDbEntity
  8
$Размеры
100
AcDbDimension
280
     0
  2
*D103
 10
56281.99548941021
 20
17654.566786196
 30
0.0
 11
56281.9954894102
 21
17118.61655818496
 31
0.0
 70
   160
 71
     5
 42
300.4534034840763
 73
     0
 74
     0
 75
     0
  3
@TN  1-50
100
AcDbAlignedDimension
 13
56469.85151243357
 23
17354.11338271192
 33
0.0
 14
56469.85151243357
 24
17654.56678619599
 34
0.0
 50
90.0
100
AcDbRotatedDimension
  0
DIMENSION
  5
918
330
1F
100
AcDbEntity
  8
$Размеры
100
AcDbDimension
280
     0
  2
*D104
 10
56281.99548941021
 20
18230.09148321851
 30
0.0
 11
56281.9954894102
 21
17942.3291347076
 31
0.0
 70
   160
 71
     5
 42
575.5246970225125
 73
     0
 74
     0
 75
     0
  3
@TN  1-50
100
AcDbAlignedDimension
 13
56469.85151243357
 23
17654.56678619599
 33
0.0
 14
56469.85151243357
 24
18230.09148321851
 34
0.0
 50
90.0
100
AcDbRotatedDimension
  0
DIMENSION
  5
919
330
1F
100
AcDbEntity
  8
$Размеры
100
AcDbDimension
280
     0
  2
*D105
 10
56281.99548941021
 20
14154.566786196
 30
0.0
 11
56281.9954894102
 21
13540.610296211
 31
0.0
 70
   160
 71
     5
 42
300.4534034840763
 73
     0
 74
     0
 75
     0
  3
@TN  1-50
100
AcDbAlignedDimension
 13
56469.85151243357
 23
13854.11338271192
 33
0.0
 14
56469.85151243357
 24
14154.56678619599
 34
0.0
 50
90.0
100
AcDbRotatedDimension
  0
DIMENSION
  5
91A
330
1F
100
AcDbEntity
  8
$Размеры
100
AcDbDimension
280
     0
  2
*D106
 10
56281.99548941021
 20
14154.566786196
 30
0.0
 11
56281.9954894102
 21
14334.56678619599
 31
0.0
 70
   160
 71
     5
 42
360.0
 73
     0
 74
     0
 75
     0
  3
@TN  1-50
100
AcDbAlignedDimension
 13
56469.85151243357
 23
14514.56678619599
 33
0.0
 14
56469.85151243357
 24
14154.56678619599
 34
0.0
 50
90.0
100
AcDbRotatedDimension
  0
DIMENSION
  5
91B
330
1F
100
AcDbEntity
  8
$Размеры
100
AcDbDimension
280
     0
  2
*D107
 10
62783.27650526966
 20
14484.56530327295
 30
0.0
 11
62783.27650526964
 21
13948.61507526191
 31
0.0
 70
   160
 71
     5
 42
300.4534034840763
 73
     0
 74
     0
 75
     0
  3
@TN  1-50
100
AcDbAlignedDimension
 13
62469.85151243356
 23
14184.11189978887
 33
0.0
 14
62469.85151243356
 24
14484.56530327294
 34
0.0
 50
90.0
100
AcDbRotatedDimension
  0
DIMENSION
  5
91C
330
1F
100
AcDbEntity
  8
$Размеры
100
AcDbDimension
280
     0
  2
*D108
 10
62783.27650545639
 20
14484.56530308599
 30
0.0
 11
62783.27650545637
 21
14857.56361072327
 31
0.0
 70
   160
 71
     5
 42
60.0
 73
     0
 74
     0
 75
     0
  3
@TN  1-50
100
AcDbAlignedDimension
 13
62469.85151603592
 23
14544.56530308598
 33
0.0
 14
62469.85151243356
 24
14484.56530308598
 34
0.0
 50
90.0
100
AcDbRotatedDimension
  0
DIMENSION
  5
91D
330
1F
100
AcDbEntity
  8
$Размеры
100
AcDbDimension
280
     0
  2
*D109
 10
62783.2765052697
 20
17684.11189978887
 30
0.0
 11
62695.7765052697
 21
17448.61507526191
 31
0.0
 70
    32
 71
     5
 42
300.4534032971132
 73
     0
 74
     0
 75
     0
  3
@TN  1-50
100
AcDbAlignedDimension
 13
62469.85151243356
 23
17984.56530308598
 33
0.0
 14
62469.85151243356
 24
17684.11189978887
 34
0.0
 50
90.0
100
AcDbRotatedDimension
  0
DIMENSION
  5
91E
330
1F
100
AcDbEntity
  8
$Размеры
100
AcDbDimension
280
     0
  2
*D110
 10
62783.27650526965
 20
17984.56530308599
 30
0.0
 11
62783.27650526964
 21
18495.59583553838
 31
0.0
 70
   160
 71
     5
 42
275.5337079251185
 73
     0
 74
     0
 75
     0
  3
@TN  1-50
100
AcDbAlignedDimension
 13
62469.85151243356
 23
18260.0990110111
 33
0.0
 14
62469.85151243356
 24
17984.56530308598
 34
0.0
 50
90.0
100
AcDbRotatedDimension
  0
HATCH
  5
91F
102
{ACAD_XDICTIONARY
360
920
102
}
330
1F
100
AcDbEntity
  8
$Тонкие
100
AcDbHatch
 10
0.0
 20
0.0
 30
0.0
210
0.0
220
0.0
230
1.0
  2
ANSI35
 70
     0
 71
     0
 91
        1
 92
        7
 72
     0
 73
     1
 93
        6
 10
62469.85151243356
 20
21184.11189978887
 10
62469.85151243356
 20
21484.56530308598
 10
56469.85151243357
 20
21154.566786196
 10
56469.85151243357
 20
20854.11338271192
 10
57069.85151243356
 20
20854.11338271192
 10
57104.77198147501
 20
20889.03385175314
 97
        0
 75
     1
 76
     1
 52
90.0
 41
500.0
 77
     0
 78
     2
 53
135.0
 43
-2273179.148487506
 44
-750941.3305634989
 45
-88.38834764831844
 46
-88.38834764831842
 79
     0
 53
135.0
 43
-2273179.148487506
 44
-750852.9422159989
 45
-88.38834764831844
 46
-88.38834764831842
 79
     4
 49
156.25
 49
-31.25
 49
0.0
 49
-31.25
 47
2.672962522749577
 98
        1
 10
57374.17799003615
 20
21081.24437100455
1001
GradientColor1ACI
1070
     5
1001
GradientColor2ACI
1070
     2
1001
AcadAnnotative
1000
AnnotativeData
1002
{
1070
     1
1070
     0
1002
}
1001
ACAD
1010
0.0
1020
0.0
1030
0.0
  0
INSERT
  5
923
330
1F
100
AcDbEntity
  8
$Слои конструкции
100
AcDbBlockReference
  2
Плита Бетон
 10
56469.85151243357
 20
20854.11338271192
 30
0.0
1001
mc3dCrTime
1071
952395344
1071
 31249586
  0
MTEXT
  5
924
102
{ACAD_XDICTIONARY
360
925
102
}
330
1F
100
AcDbEntity
  8
$Выноски
100
AcDbMText
 10
36747.85151249364
 20
28715.21196783744
 30
0.0
 40
150.0
 41
3776.124774474651
 46
0.0
 71
     5
 72
     5
  1
Переходная плита Пп-1\PМ1:50
  7
@ТРАНСПРОЕКТ
 73
     1
 44
1.0
101
Embedded Object
 70
     5
 10
1.0
 20
0.0
 30
0.0
 11
36747.85151249364
 21
28715.21196783744
 31
0.0
 40
3776.124774474651
 41
0.0
 42
2285.384757729337
 43
400.0
 71
     2
 72
     1
 44
3776.124774474651
 45
12.5
 73
     0
 74
     0
 46
0.0
  0
MULTILEADER
  5
926
330
1F
100
AcDbEntity
  8
$Выноски
160
               932
310
A40300001B0000000C00000016000000000000C00C00000033000000000000000C00000013000000993A0000D0000000260000007F23013FD921E2404E5CE4425FAFDB40000000000000000000000000000000000000000000000000000000000000F03F000000000000F03FA39831318D2489BD00000000000000001F0438
310
043A0435044204300436043D0430044F0420003E0441044C04000000000E000000010000000000000000006940000000000000F03F0000000000000000000000000000F03F00000000000000000000000000000000000000000000000000000000010000002200000041007200690061006C0000000000000000000000C800
310
0000260000006A2CAA0B8849E2402B5A6AEA265BDB40000000000000000000000000000000000000000000000000000000000000F03F000000000000F03FA39831318D2489BD00000000000000001E0441044C04200034043E0440043E0433043804000020000A000000010000000000000000006940000000000000F03F00
310
00000000000000000000000000F03F00000000000000000000000000000000000000000000000000000000010000002200000041007200690061006C00000000000000000000000C00000033000000000000000C00000010000000080000000C00000016000000000000C00C00000012000000FF7F00000C00000013000000
310
01000000880000001D00000007981C04502E52C0367B8DB1E028514000000000000000000A21973F7BF1E140367B8DB1E02851C007981C04502E52C000000000000000002889CD1E097CDB40000000000000000000000000000000000000000000005940000000000000000000000000000000000000000000000000000000
310
0000000000000000000000F03F080000001F0000000C00000016000000000000C00C00000012000000FF7F00000C00000033000000000000000C00000013000000891300003C00000006000000020000000A21973F7BF1E1402889CD1E097CDB40000000000000000062A1628D3E16E2409AE022746EC1DB40000000000000
310
00000C00000013000000112700003C000000060000000200000062A1628D3E16E2409AE022746EC1DB4000000000000000006A6FD4BE1318E2408EE022746EC1DB4000000000000000000C00000016000000000000C00C00000012000000FF7F00000C00000017000000000000000C000000130000009A3A00000C00000016
310
000000000000C00C00000012000000FF7F00000C00000017000000FFFFFFFF0C0000003300000000000000
100
AcDbMLeader
270
     2
300
CONTEXT_DATA{
 40
50.0
 10
37056.61704465638
 20
28421.72583839349
 30
0.0
 41
200.0
140
100.0
145
100.0
174
     1
175
     1
176
     1
177
     0
290
     1
304
Пикетажная ось\PОсь дороги
 11
0.0
 21
0.0
 31
1.0
340
11
 12
38183.42468449301
 22
28549.48845776272
 32
0.0
 13
1.0
 23
-0.0000000000028584
 33
0.0
 42
6.283185307176728
 43
0.0
 44
0.0
 45
1.0
170
     1
 90
-1073741824
171
     2
172
     5
 91
-1073741824
141
0.0
 92
        0
291
     0
292
     0
173
     0
293
     0
142
0.0
143
0.0
294
     0
295
     0
296
     0
110
36747.85151246756
120
27441.59907209364
130
0.0
111
1.0
121
-0.0000000000028584
131
0.0
112
0.0000000000028584
122
1.0
132
0.0
297
     0
302
LEADER{
290
     1
291
     1
 10
37041.9547589447
 20
28421.72583839353
 30
0.0
 11
1.0
 21
-0.0000000000028584
 31
0.0
 90
        0
 40
14.66228571167448
304
LEADER_LINE{
 10
36747.85151249364
 20
28144.14250505823
 30
0.0
 91
        0
305
}
271
     0
303
}
272
     9
273
     9
301
}
340
12E
 90
 84166532
170
     1
 91
-1056964608
341
15
171
    -2
290
     1
291
     1
 41
0.2932457142334897
342
2B9
 42
2.0
172
     2
343
11
173
     1
 95
        1
174
     1
175
     0
 92
-1056964608
292
     0
 93
-1056964608
 10
1.0
 20
1.0
 30
1.0
 43
0.0
176
     0
293
     0
294
     0
178
     0
179
     2
 45
50.0
271
     0
272
     9
273
     9
295
     0
  0
DIMENSION
  5
927
330
1F
100
AcDbEntity
  8
$Размеры
100
AcDbDimension
280
     0
  2
*D111
 10
31975.39910565696
 20
27409.87393874096
 30
0.0
 11
31700.39910565697
 21
27497.37393874096
 31
0.0
 70
    32
 71
     5
 42
550.0
 73
     0
 74
     0
 75
     0
  3
@TN  1-50
100
AcDbAlignedDimension
 13
31425.39910565697
 23
26921.8153508846
 33
0.0
 14
31975.39910565696
 24
26921.8153508846
 34
0.0
100
AcDbRotatedDimension
  0
DIMENSION
  5
928
330
1F
100
AcDbEntity
  8
$Размеры
100
AcDbDimension
280
     0
  2
*D112
 10
32595.39910595685
 20
27409.87393874096
 30
0.0
 11
32285.39910580691
 21
27497.37393874096
 31
0.0
 70
    32
 71
     5
 42
620.0000002998859
 73
     0
 74
     0
 75
     0
  3
@TN  1-50
100
AcDbAlignedDimension
 13
31975.39910565696
 23
26921.8153508846
 33
0.0
 14
32595.39910595685
 24
26711.90035038491
 34
0.0
100
AcDbRotatedDimension
  0
DIMENSION
  5
929
330
1F
100
AcDbEntity
  8
$Размеры
100
AcDbDimension
280
     0
  2
*D113
 10
36497.85151249364
 20
27409.87393874108
 30
0.0
 11
34546.62530922524
 21
27409.87393874108
 31
0.0
 70
   160
  1
11695
 71
     5
 42
3902.452406536788
 73
     0
 74
     0
 75
     0
  3
@TN  1-50
100
AcDbAlignedDimension
 13
32595.39910595685
 23
26711.90035038491
 33
0.0
 14
36497.85151249364
 24
26807.24939852164
 34
0.0
100
AcDbRotatedDimension
  0
DIMENSION
  5
92A
330
1F
100
AcDbEntity
  8
$Размеры
100
AcDbDimension
280
     0
  2
*D114
 10
36997.85151249364
 20
27409.87393874108
 30
0.0
 11
36747.85151249364
 21
27497.37393874108
 31
0.0
 70
    32
 71
     5
 42
500.0
 73
     0
 74
     0
 75
     0
  3
@TN  1-50
100
AcDbAlignedDimension
 13
36497.85151249364
 23
26807.24939852164
 33
0.0
 14
36997.85151249364
 24
26807.24939852164
 34
0.0
100
AcDbRotatedDimension
  0
DIMENSION
  5
92B
330
1F
100
AcDbEntity
  8
$Размеры
100
AcDbDimension
280
     0
  2
*D115
 10
40900.30391903042
 20
27409.87393874108
 30
0.0
 11
38949.07771576203
 21
27409.87393874108
 31
0.0
 70
   160
  1
11695
 71
     5
 42
3902.452406536788
 73
     0
 74
     0
 75
     0
  3
@TN  1-50
100
AcDbAlignedDimension
 13
36997.85151249364
 23
26832.24939852165
 33
0.0
 14
40900.30391903042
 24
26711.90035038502
 34
0.0
100
AcDbRotatedDimension
  0
DIMENSION
  5
92C
330
1F
100
AcDbEntity
  8
$Размеры
100
AcDbDimension
280
     0
  2
*D116
 10
41520.30391933031
 20
27409.87393874108
 30
0.0
 11
41645.30391927024
 21
27409.87393874108
 31
0.0
 70
   160
 71
     5
 42
249.9999998798594
 73
     0
 74
     0
 75
     0
  3
@TN  1-50
100
AcDbAlignedDimension
 13
41770.30391921017
 23
26921.05535088471
 33
0.0
 14
41520.30391933031
 24
26921.81535088472
 34
0.0
100
AcDbRotatedDimension
  0
DIMENSION
  5
92D
330
1F
100
AcDbEntity
  8
$Размеры
100
AcDbDimension
280
     0
  2
*D117
 10
40900.30391903042
 20
27409.87393874108
 30
0.0
 11
41210.30391918036
 21
27497.37393874108
 31
0.0
 70
    32
 71
     5
 42
620.0000002998859
 73
     0
 74
     0
 75
     0
  3
@TN  1-50
100
AcDbAlignedDimension
 13
41520.30391933031
 23
26921.81535088472
 33
0.0
 14
40900.30391903042
 24
26711.90035038502
 34
0.0
100
AcDbRotatedDimension
  0
DIMENSION
  5
92E
330
1F
100
AcDbEntity
  8
$Размеры
100
AcDbDimension
280
     0
  2
*D118
 10
36747.85151249364
 20
25742.53614972744
 30
0.0
 11
34086.6253090753
 21
25742.53614972744
 31
0.0
 70
   160
  1
13115
 71
     5
 42
5322.452406836674
 73
     0
 74
     0
 75
     0
  3
@TN  1-50
100
AcDbAlignedDimension
 13
31425.39910565697
 23
26065.66836358214
 33
0.0
 14
36747.85151249364
 24
25914.82678072309
 34
0.0
100
AcDbRotatedDimension
  0
DIMENSION
  5
92F
330
1F
100
AcDbEntity
  8
$Размеры
100
AcDbDimension
280
     0
  2
*D119
 10
36747.85151249364
 20
25742.53614972744
 30
0.0
 11
39259.07851553203
 21
25742.53614972744
 31
0.0
 70
   160
  1
12815
 71
     5
 42
5022.454006076791
 73
     0
 74
     0
 75
     0
  3
@TN  1-50
100
AcDbAlignedDimension
 13
41770.30551857042
 23
26071.66833159749
 33
0.0
 14
36747.85151249364
 24
25914.82678072309
 34
0.0
100
AcDbRotatedDimension
  0
DIMENSION
  5
930
330
1F
100
AcDbEntity
  8
$Размеры
100
AcDbDimension
280
     0
  2
*D120
 10
32902.32777615274
 20
26736.90035038493
 30
0.0
 11
32814.82777615274
 21
26563.25945202636
 31
0.0
 70
    32
 71
     5
 42
347.281796717085
 73
     0
 74
     0
 75
     0
  3
@TN  1-50
100
AcDbAlignedDimension
 13
32619.9089098783
 23
26389.61855366782
 33
0.0
 14
32570.39910595685
 24
26736.90035038491
 34
0.0
 50
90.0
100
AcDbRotatedDimension
  0
DIMENSION
  5
931
330
1F
100
AcDbEntity
  8
$Размеры
100
AcDbDimension
280
     0
  2
*D121
 10
37555.49737921135
 20
26832.24939852166
 30
0.0
 11
37467.99737921135
 21
26649.46340212083
 31
0.0
 70
    32
 71
     5
 42
365.5719928016188
 73
     0
 74
     0
 75
     0
  3
@TN  1-50
100
AcDbAlignedDimension
 13
37022.85151249364
 23
26466.67740572003
 33
0.0
 14
36972.85151249364
 24
26832.24939852165
 34
0.0
 50
90.0
100
AcDbRotatedDimension
  0
DIMENSION
  5
932
330
1F
100
AcDbEntity
  8
$Размеры
100
AcDbDimension
280
     0
  2
*D122
 10
40495.36319595865
 20
26736.90035038504
 30
0.0
 11
40407.86319595865
 21
26563.26435398726
 31
0.0
 70
    32
 71
     5
 42
347.2719927955186
 73
     0
 74
     0
 75
     0
  3
@TN  1-50
100
AcDbAlignedDimension
 13
40875.30391903042
 23
26389.62835758951
 33
0.0
 14
40925.30391903042
 24
26736.90035038502
 34
0.0
 50
90.0
100
AcDbRotatedDimension
  0
TEXT
  5
933
330
1F
100
AcDbEntity
  8
$Выноски
100
AcDbText
 10
33797.42715039996
 20
27996.43239881905
 30
0.0
 40
125.0
  1
1
 51
15.0
  7
@ТРАНСПРОЕКТ
 72
     2
 11
33859.92715039996
 21
27996.43239881905
 31
0.0
100
AcDbText
  0
TEXT
  5
934
330
1F
100
AcDbEntity
  8
$Выноски
100
AcDbText
 10
33797.42715039996
 20
25137.54194613549
 30
0.0
 40
125.0
  1
1
 51
15.0
  7
@ТРАНСПРОЕКТ
 72
     2
 11
33859.92715039996
 21
25262.54194613549
 31
0.0
100
AcDbText
 73
     3
  0
LWPOLYLINE
  5
935
330
1F
100
AcDbEntity
  8
$Выноски
100
AcDbPolyline
 90
        5
 70
     0
 10
33472.42715039997
 20
27696.43239881904
 40
30.0
 41
30.0
 10
33472.42715039997
 20
27996.43239881905
 40
30.0
 41
30.0
 10
33472.42715039997
 20
27896.43239881904
 40
0.0
 41
40.0
 10
33672.42715039997
 20
27896.43239881904
 40
0.0
 41
0.0
 10
33922.42715039996
 20
27896.43239881904
 40
0.0
 41
0.0
  0
LWPOLYLINE
  5
936
330
1F
100
AcDbEntity
  8
$Выноски
100
AcDbPolyline
 90
        5
 70
     0
 10
33472.42715039997
 20
25562.54194613549
 40
30.0
 41
30.0
 10
33472.42715039997
 20
25262.54194613549
 40
30.0
 41
30.0
 10
33472.42715039997
 20
25362.54194613549
 40
0.0
 41
40.0
 10
33672.42715039997
 20
25362.54194613549
 40
0.0
 41
0.0
 10
33922.42715039996
 20
25362.54194613549
 40
0.0
 41
0.0
  0
TEXT
  5
937
330
1F
100
AcDbEntity
  8
$Выноски
100
AcDbText
 10
31984.94288036141
 20
25137.54194613549
 30
0.0
 40
125.0
  1
2
 51
15.0
  7
@ТРАНСПРОЕКТ
 72
     2
 11
32072.44288036141
 21
25262.54194613549
 31
0.0
100
AcDbText
 73
     3
  0
LWPOLYLINE
  5
938
330
1F
100
AcDbEntity
  8
$Выноски
100
AcDbPolyline
 90
        5
 70
     0
 10
31709.94288036141
 20
25562.54194613549
 40
30.0
 41
30.0
 10
31709.94288036141
 20
25262.54194613549
 40
30.0
 41
30.0
 10
31709.94288036141
 20
25362.54194613549
 40
0.0
 41
40.0
 10
31909.94288036141
 20
25362.54194613549
 40
0.0
 41
0.0
 10
32159.94288036141
 20
25362.54194613549
 40
0.0
 41
0.0
  0
TEXT
  5
939
330
1F
100
AcDbEntity
  8
$Выноски
100
AcDbText
 10
37072.85151249178
 20
27996.43239881905
 30
0.0
 40
125.0
  1
3
 51
15.0
  7
@ТРАНСПРОЕКТ
 72
     2
 11
37160.35151249178
 21
27996.43239881905
 31
0.0
100
AcDbText
  0
TEXT
  5
93A
330
1F
100
AcDbEntity
  8
$Выноски
100
AcDbText
 10
37022.85151249271
 20
25137.54194613549
 30
0.0
 40
125.0
  1
3
 51
15.0
  7
@ТРАНСПРОЕКТ
 72
     2
 11
37110.35151249271
 21
25262.54194613549
 31
0.0
100
AcDbText
 73
     3
  0
LWPOLYLINE
  5
93B
330
1F
100
AcDbEntity
  8
$Выноски
100
AcDbPolyline
 90
        5
 70
     0
 10
36747.85151249178
 20
27696.43239881904
 40
30.0
 41
30.0
 10
36747.85151249178
 20
27996.43239881905
 40
30.0
 41
30.0
 10
36747.85151249178
 20
27896.43239881904
 40
0.0
 41
40.0
 10
36947.85151249178
 20
27896.43239881904
 40
0.0
 41
0.0
 10
37197.85151249178
 20
27896.43239881904
 40
0.0
 41
0.0
  0
LWPOLYLINE
  5
93C
330
1F
100
AcDbEntity
  8
$Выноски
100
AcDbPolyline
 90
        5
 70
     0
 10
36747.85151249271
 20
25562.54194613549
 40
30.0
 41
30.0
 10
36747.85151249271
 20
25262.54194613549
 40
30.0
 41
30.0
 10
36747.85151249271
 20
25362.54194613549
 40
0.0
 41
40.0
 10
36947.85151249271
 20
25362.54194613549
 40
0.0
 41
0.0
 10
37197.85151249271
 20
25362.54194613549
 40
0.0
 41
0.0
  0
DIMENSION
  5
93D
330
1F
100
AcDbEntity
  8
$Размеры
100
AcDbDimension
280
     0
  2
*D123
 10
57069.85151243356
 20
13561.37922324452
 30
0.0
 11
56769.85151243356
 21
13648.87922324452
 31
0.0
 70
    32
 71
     5
 42
600.0
 73
     0
 74
     0
 75
     0
  3
@TN  1-50
100
AcDbAlignedDimension
 13
56469.85151243357
 23
13854.11338271192
 33
0.0
 14
57069.85151243356
 24
13854.11338271192
 34
0.0
100
AcDbRotatedDimension
  0
DIMENSION
  5
93E
330
1F
100
AcDbEntity
  8
$Размеры
100
AcDbDimension
280
     0
  2
*D124
 10
62469.85151243356
 20
13561.37922324452
 30
0.0
 11
59769.85151243357
 21
13648.87922324452
 31
0.0
 70
    32
 71
     5
 42
5400.0
 73
     0
 74
     0
 75
     0
  3
@TN  1-50
100
AcDbAlignedDimension
 13
57069.85151243356
 23
13854.11338271192
 33
0.0
 14
62469.85151243356
 24
14184.11189978887
 34
0.0
100
AcDbRotatedDimension
  0
DIMENSION
  5
93F
330
1F
100
AcDbEntity
  8
$Размеры
100
AcDbDimension
280
     0
  2
*D125
 10
62469.85151243356
 20
13350.95539509217
 30
0.0
 11
59469.85151243357
 21
13350.95539509217
 31
0.0
 70
   160
 71
     5
 42
6000.0
 73
     0
 74
     0
 75
     0
  3
@TN  1-50
100
AcDbAlignedDimension
 13
56469.85151243357
 23
13854.11338271192
 33
0.0
 14
62469.85151243356
 24
14184.11189978887
 34
0.0
100
AcDbRotatedDimension
  0
MTEXT
  5
940
102
{ACAD_XDICTIONARY
360
941
102
}
330
1F
100
AcDbEntity
  8
$Выноски
100
AcDbMText
 10
36742.69870291565
 20
24044.19517907282
 30
0.0
 40
150.0
 41
3776.124774474651
 46
0.0
 71
     5
 72
     5
  1
План
  7
@ТРАНСПРОЕКТ
 73
     1
 44
1.0
101
Embedded Object
 70
     5
 10
1.0
 20
0.0
 30
0.0
 11
36742.69870291565
 21
24044.19517907282
 31
0.0
 40
3776.124774474651
 41
0.0
 42
460.1923788646684
 43
150.0
 71
     2
 72
     1
 44
3776.124774474651
 45
12.5
 73
     0
 74
     0
 46
0.0
1001
AcadAnnotative
1000
AnnotativeData
1002
{
1070
     1
1070
     0
1002
}
  0
MULTILEADER
  5
944
330
1F
100
AcDbEntity
  8
$Выноски
160
               932
310
A40300001B0000000C00000016000000000000C00C00000033000000000000000C00000013000000993A0000D0000000260000007F08C9846332E2402E1168520FDCD640000000000000000000000000000000000000000000000000000000000000F03F000000000000F03FA39831318D2489BD00000000000000001F0438
310
043A0435044204300436043D0430044F0420003E0441044C04000000000E000000010000000000000000006940000000000000F03F0000000000000000000000000000F03F00000000000000000000000000000000000000000000000000000000010000002200000041007200690061006C0000000000000000000000C800
310
0000260000006A117251125AE2400B0FEEF9D687D640000000000000000000000000000000000000000000000000000000000000F03F000000000000F03FA39831318D2489BD00000000000000001E0441044C04200034043E0440043E0433043804000000000A000000010000000000000000006940000000000000F03F00
310
00000000000000000000000000F03F00000000000000000000000000000000000000000000000000000000010000002200000041007200690061006C00000000000000000000000C00000033000000000000000C00000010000000080000000C00000016000000000000C00C00000012000000FF7F00000C00000013000000
310
01000000880000001D000000A321DBE297CE54C07E7F240BBFB74B4000000000000000000A21973F7BF1E1407E7F240BBFB74BC0A321DBE297CE54C00000000000000000A8E970C01CA7D640000000000000000000000000000000000000000000005940000000000000000000000000000000000000000000000000000000
310
0000000000000000000000F03F080000001F0000000C00000016000000000000C00C00000012000000FF7F00000C00000033000000000000000C00000013000000891300003C00000006000000020000000A21973F7BF1E140A8E970C01CA7D640000000000000000062862AD3C826E2407A95A6831EEED640000000000000
310
00000C00000013000000112700003C000000060000000200000062862AD3C826E2407A95A6831EEED64000000000000000006A549C049E28E2406E95A6831EEED64000000000000000000C00000016000000000000C00C00000012000000FF7F00000C00000017000000000000000C000000130000009A3A00000C00000016
310
000000000000C00C00000012000000FF7F00000C00000017000000FFFFFFFF0C0000003300000000000000
100
AcDbMLeader
270
     2
300
CONTEXT_DATA{
 40
50.0
 10
37188.93806282508
 20
23480.47678532212
 30
0.0
 41
200.0
140
100.0
145
100.0
174
     1
175
     1
176
     1
177
     0
290
     1
304
Пикетажная ось\PОсь дороги
 11
0.0
 21
0.0
 31
1.0
340
11
 12
38315.7457026617
 22
23608.23940469135
 32
0.0
 13
1.0
 23
-0.0000000000028584
 33
0.0
 42
6.283185307176728
 43
0.0
 44
0.0
 45
1.0
170
     1
 90
-1073741824
171
     2
172
     5
 91
-1073741824
141
0.0
 92
        0
291
     0
292
     0
173
     0
293
     0
142
0.0
143
0.0
294
     0
295
     0
296
     0
110
36747.85151246756
120
22493.9058127059
130
0.0
111
1.0
121
-0.0000000000028584
131
0.0
112
0.0000000000028584
122
1.0
132
0.0
297
     0
302
LEADER{
290
     1
291
     1
 10
37174.27577711341
 20
23480.47678532216
 30
0.0
 11
1.0
 21
-0.0000000000028584
 31
0.0
 90
        0
 40
14.66228571167448
304
LEADER_LINE{
 10
36747.85151249364
 20
23196.44924567049
 30
0.0
 91
        0
305
}
271
     0
303
}
272
     9
273
     9
301
}
340
12E
 90
 84166532
170
     1
 91
-1056964608
341
15
171
    -2
290
     1
291
     1
 41
0.2932457142334897
342
2B9
 42
2.0
172
     2
343
11
173
     1
 95
        1
174
     1
175
     0
 92
-1056964608
292
     0
 93
-1056964608
 10
1.0
 20
1.0
 30
1.0
 43
0.0
176
     0
293
     0
294
     0
178
     0
179
     2
 45
50.0
271
     0
272
     9
273
     9
295
     0
  0
ACAD_TABLE
  5
945
102
{ACAD_XDICTIONARY
360
1209
102
}
330
1F
100
AcDbEntity
  8
$Текст Model
160
              8888
310
B8220000C7000000880000001D000000000000000000F03F000000000000000000000000000000000AEC14D94D0CE9400000000000000000000000000000F03F000000000000000015FEAD5FF888E14000000000000000000000000000000000000000000000F03F0000000000000000000000000000000000000000000000
310
000000000000000000000000000000F03F0C00000016000000070000C30C000000170000000D0000000C00000012000000000000000C00000016000000070000C3D400000026000000CF3B42C0CEC2BE400000000000E882C0000000000000000000000000000000000000000000000000000000000000F03F000000000000
310
F03F0000000000000000000000000000000021043F04350446043804440438043A043004460438044F0400004C040C000000010000000000000000C07240000000000000F03F65732D3852C1D03F000000000000F03F000000000000000000000000000000000000000000000000000000000100000022000000490053004F
310
00430050004500550052000000000000000000000000000C00000016000000070000C30C000000170000000D0000000C00000012000000000000000C00000016000000070000C3C0000000260000000C95F783B753794000000000004C9DC0000000000000000000000000000000000000000000000000000000000000F03F
310
000000000000F03F000000000000000000000000000000001F043E043704000003000000010000000000000000406F40000000000000F03F65732D3852C1D03F000000000000F03F000000000000000000000000000000000000000000000000000000000100000022000000490053004F0043005000450055005200000000
310
0000000000000000000C00000016000000070000C3BC0000002600000017AD88BEC18D8F4000000000004C9DC0000000000000000000000000000000000000000000000000000000000000F03F000000000000F03F000000000000000000000000000000002E00000001000000010000000000000000406F40000000000000
310
F03F65732D3852C1D03F000000000000F03F000000000000000000000000000000000000000000000000000000000100000022000000490053004F0043005000450055005200000044000000610000006F000C00000016000000070000C30C000000170000000D0000000C00000012000000000000000C0000001600000007
310
0000C3D000000026000000AE636E408346A94000000000004C9DC0000000000000000000000000000000000000000000000000000000000000F03F000000000000F03F000000000000000000000000000000001E0431043E0437043D043004470435043D043804350400000B000000010000000000000000406F4000000000
310
0000F03F65732D3852C1D03F000000000000F03F000000000000000000000000000000000000000000000000000000000100000022000000490053004F00430050004500550052000000000000000000000000000C00000016000000070000C30C000000170000000D0000000C00000012000000000000000C000000160000
310
00070000C3D400000026000000EC981BD04051C14000000000004C9DC0000000000000000000000000000000000000000000000000000000000000F03F000000000000F03F000000000000000000000000000000001D04300438043C0435043D043E04320430043D04380435040000AC290C00000001000000000000000040
310
6F40000000000000F03F65732D3852C1D03F000000000000F03F000000000000000000000000000000000000000000000000000000000100000022000000490053004F00430050004500550052000000000000000000000000000C00000016000000070000C30C000000170000000D0000000C00000012000000000000000C
310
00000016000000070000C3C000000026000000A8BC1FBC7D2BCA4000000000004C9DC0000000000000000000000000000000000000000000000000000000000000F03F000000000000F03F000000000000000000000000000000001A043E043B04000003000000010000000000000000406F40000000000000F03F65732D38
310
52C1D03F000000000000F03F000000000000000000000000000000000000000000000000000000000100000022000000490053004F00430050004500550052000000000000006F00000073000C00000016000000070000C3BC00000026000000D18AE81BFC5FCB4000000000004C9DC0000000000000000000000000000000
310
000000000000000000000000000000F03F000000000000F03F000000000000000000000000000000002E00000001000000010000000000000000406F40000000000000F03F65732D3852C1D03F000000000000F03F000000000000000000000000000000000000000000000000000000000100000022000000490053004F00
310
43005000450055005200000044000000610000006F000C00000016000000070000C30C000000170000000D0000000C00000012000000000000000C00000016000000070000C3C400000026000000EC981BD0004ECD40ABAAAAAAAA0A9AC0000000000000000000000000000000000000000000000000000000000000F03F00
310
0000000000F03F000000000000000000000000000000001C043004410441043004000005000000010000000000000000406F40000000000000F03F65732D3852C1D03F000000000000F03F000000000000000000000000000000000000000000000000000000000100000022000000490053004F0043005000450055005200
310
00006F0000007300000000000C00000016000000070000C3C0000000260000001A0E33B4C43FCD40ABAAAAAAAA46A0C0000000000000000000000000000000000000000000000000000000000000F03F000000000000F03F000000000000000000000000000000003504340400005C0002000000010000000000000000406F
310
40000000000000F03F65732D3852C1D03F000000000000F03F000000000000000000000000000000000000000000000000000000000100000022000000490053004F00430050004500550052000000610000006F00000073000C00000016000000070000C3C00000002600000043DCFB134310CE40ABAAAAAAAA46A0C00000
310
00000000000000000000000000000000000000000000000000000000F03F000000000000F03F000000000000000000000000000000002E00200000005C0002000000010000000000000000406F40000000000000F03F65732D3852C1D03F000000000000F03F00000000000000000000000000000000000000000000000000
310
0000000100000022000000490053004F00430050004500550052000000610000006F00000073000C00000016000000070000C3C000000026000000C994F33BC985CE40ABAAAAAAAA46A0C0000000000000000000000000000000000000000000000000000000000000F03F000000000000F03F000000000000000000000000
310
000000003A04330400005C0002000000010000000000000000406F40000000000000F03F65732D3852C1D03F000000000000F03F000000000000000000000000000000000000000000000000000000000100000022000000490053004F00430050004500550052000000610000006F00000073000C00000016000000070000
310
C30C000000170000000D0000000C00000012000000000000000C00000016000000070000C3D00000002600000076CC0D68802AD0400000000000B69CC0000000000000000000000000000000000000000000000000000000000000F03F000000000000F03F000000000000000000000000000000001F04400438043C043504
310
470430043D0438043504000000000A000000010000000000000000406F40000000000000F03F65732D3852C1D03F000000000000F03F000000000000000000000000000000000000000000000000000000000100000022000000490053004F00430050004500550052000000660000002400000000000C0000001600000007
310
0000C30C000000170000000D0000000C00000012000000000000000C00000016000000070000C3E000000026000000AE636E408386BF40000000000057A7C0000000000000000000000000000000000000000000000000000000000000F03F000000000000F03F000000000000000000000000000000001F04350440043504
310
45043E0434043D0430044F0420003F043B0438044204300420001F043F04000013000000010000000000000000406F40000000000000F03F65732D3852C1D03F000000000000F03F000000000000000000000000000000000000000000000000000000000100000022000000490053004F0043005000450055005200000020
310
0000003504000042040C00000016000000070000C3C000000026000000000000004095C640000000000057A7C0000000000000000000000000000000000000000000000000000000000000F03F000000000000F03F000000000000000000000000000000002D0031000000DB4002000000010000000000000000406F400000
310
00000000F03F65732D3852C1D03F000000000000F03F000000000000000000000000000000000000000000000000000000000100000022000000490053004F00430050004500550052000000000000000000000000000C00000016000000070000C30C000000170000000D0000000C00000012000000000000000C00000016
310
000000070000C3CC00000026000000EC981BD0C0C1C140000000000097ADC0000000000000000000000000000000000000000000000000000000000000F03F000000000000F03F000000000000000000000000000000001C043004420435044004380430043B044B04000009000000010000000000000000406F4000000000
310
0000F03F65732D3852C1D03F000000000000F03F000000000000000000000000000000000000000000000000000000000100000022000000490053004F00430050004500550052000000000000000000000000000C00000016000000070000C30C000000170000000D0000000C00000012000000000000000C000000160000
310
00070000C3C4000000260000000A2B4BC10943A640000000000011B2C0000000000000000000000000000000000000000000000000000000000000F03F000000000000F03F0000000000000000000000000000000013041E04210422042000000005000000010000000000000000406F40000000000000F03F65732D3852C1
310
D03F000000000000F03F000000000000000000000000000000000000000000000000000000000100000022000000490053004F00430050004500550052000000000000000000000000000C00000016000000070000C3C800000026000000AE636E4003D1AD40000000000011B2C00000000000000000000000000000000000
310
00000000000000000000000000F03F000000000000F03F00000000000000000000000000000000320036003600330033002D000000000006000000010000000000000000406F40000000000000F03F65732D3852C1D03F000000000000F03F0000000000000000000000000000000000000000000000000000000001000000
310
22000000490053004F0043005000450055005200000000000000000000000000C40000002600000029CEC85F7E45B340000000000011B2C0000000000000000000000000000000000000000000000000000000000000F03F000000000000F03F00000000000000000000000000000000320030003100350000004300040000
310
00010000000000000000406F40000000000000F03F65732D3852C1D03F000000000000F03F000000000000000000000000000000000000000000000000000000000100000022000000490053004F004300500045005500520000006F0000007300000000000C00000016000000070000C30C000000170000000D0000000C00
310
000012000000000000000C00000016000000070000C3C8000000260000000000000000D5BB40000000000011B2C0000000000000000000000000000000000000000000000000000000000000F03F000000000000F03F000000000000000000000000000000001104350442043E043D04200000004400060000000100000000
310
00000000406F40000000000000F03F65732D3852C1D03F000000000000F03F000000000000000000000000000000000000000000000000000000000100000022000000490053004F00430050004500550052000000730000000000000000000C00000016000000070000C3CC0000002600000029CEC85FFE31C04000000000
310
0011B2C0000000000000000000000000000000000000000000000000000000000000F03F000000000000F03F00000000000000000000000000000000420033003000460033003000300057003800000009000000010000000000000000406F40000000000000F03F65732D3852C1D03F000000000000F03F00000000000000
310
0000000000000000000000000000000000000000000100000022000000490053004F00430050004500550052000000000000000000000000000C00000016000000070000C30C000000170000000D0000000C00000012000000000000000C00000016000000070000C3C400000026000000A441254CE476D040000000000011
310
B2C0000000000000000000000000000000000000000000000000000000000000F03F000000000000F03F00000000000000000000000000000000350030002E0037003100000005000000010000000000000000406F40000000000000F03F65732D3852C1D03F000000000000F03F0000000000000000000000000000000000
310
00000000000000000000000100000022000000490053004F00430050004500550052000000000000000000000000000C00000016000000070000C3BC00000026000000B9A8097CE33CD140000000000011B2C0000000000000000000000000000000000000000000000000000000000000F03F000000000000F03F00000000
310
0000000000000000000000003C04000001000000010000000000000000406F40000000000000F03F65732D3852C1D03F000000000000F03F000000000000000000000000000000000000000000000000000000000100000022000000490053004F0043005000450055005200000044000000610000006F000C000000160000
310
00070000C3BC000000260000004757F6839C7AD140000000000011B2C0000000000000000000000000000000000000000000000000000000000000F03F000000000000F03F000000000000000000000000000000003300000001000000010000000000000000406F40000000000000F03F65732D3852C1D03F000000000000
310
F03F000000000000000000000000000000000000000000000000000000000100000022000000490053004F0043005000450055005200000044000000610000006F000C00000016000000070000C30C000000170000000D0000000C000000120000000000000054000000200000000200000000000000000000000000000000
310
0000000000000000000000000000000011D2400000000000000000000000000000000000000000000000000000000000000000000000000000F03F0C00000016000000070000C30C00000017000000230000000C000000120000000000000054000000200000000200000000000000000000000000000000408FC000000000
310
00000000000000000011D2400000000000408FC0000000000000000000000000000000000000000000000000000000000000F03F0C00000016000000070000C30C00000017000000230000000C00000012000000000000005400000020000000020000000000000000000000000000000088A3C00000000000000000000000
310
0000709740000000000088A3C0000000000000000000000000000000000000000000000000000000000000F03F0C00000016000000070000C30C00000017000000230000000C00000012000000000000005400000020000000020000000000000000709740000000000088A3C0000000000000000000000000001DD0400000
310
00000088A3C0000000000000000000000000000000000000000000000000000000000000F03F0C00000016000000070000C30C00000017000000230000000C000000120000000000000054000000200000000200000000000000001DD040000000000088A3C00000000000000000000000000011D240000000000088A3C000
310
0000000000000000000000000000000000000000000000000000000000F03F0C00000016000000070000C30C000000170000000D0000000C000000120000000000000054000000200000000200000000000000000000000000000000C8A9C0000000000000000000000000007097400000000000C8A9C00000000000000000
310
00000000000000000000000000000000000000000000F03F0C00000016000000070000C30C000000170000000D0000000C000000120000000000000054000000200000000200000000000000007097400000000000C8A9C0000000000000000000000000001DD0400000000000C8A9C0000000000000000000000000000000
310
000000000000000000000000000000F03F0C00000016000000070000C30C000000170000000D0000000C000000120000000000000054000000200000000200000000000000001DD0400000000000C8A9C00000000000000000000000000011D2400000000000C8A9C000000000000000000000000000000000000000000000
310
0000000000000000F03F0C00000016000000070000C30C000000170000000D0000000C00000012000000000000005400000020000000020000000000000000000000000000000004B0C000000000000000000000000000709740000000000004B0C00000000000000000000000000000000000000000000000000000000000
310
00F03F0C00000016000000070000C30C000000170000000D0000000C00000012000000000000005400000020000000020000000000000000709740000000000004B0C0000000000000000000000000001DD040000000000004B0C0000000000000000000000000000000000000000000000000000000000000F03F0C000000
310
16000000070000C30C000000170000000D0000000C000000120000000000000054000000200000000200000000000000001DD040000000000004B0C00000000000000000000000000011D240000000000004B0C0000000000000000000000000000000000000000000000000000000000000F03F0C00000016000000070000
310
C30C00000017000000230000000C00000012000000000000005400000020000000020000000000000000000000000000000024B3C00000000000000000000000000011D240000000000024B3C0000000000000000000000000000000000000000000000000000000000000F03F0C00000016000000070000C30C0000001700
310
00000D0000000C000000120000000000000054000000200000000200000000000000000000000000000000000000000000000000000000000000000000000000000000408FC0000000000000000000000000000000000000000000000000000000000000F03F0C00000016000000070000C30C00000017000000230000000C
310
000000120000000000000054000000200000000200000000000000000000000000000000408FC000000000000000000000000000000000000000000088A3C0000000000000000000000000000000000000000000000000000000000000F03F0C00000016000000070000C30C00000017000000230000000C00000012000000
310
000000005400000020000000020000000000000000000000000000000088A3C000000000000000000000000000000000000000000024B3C0000000000000000000000000000000000000000000000000000000000000F03F0C00000016000000070000C30C00000017000000230000000C0000001200000000000000540000
310
00200000000200000000000000007097400000000000408FC000000000000000000000000000709740000000000088A3C0000000000000000000000000000000000000000000000000000000000000F03F0C00000016000000070000C30C00000017000000230000000C000000120000000000000054000000200000000200
310
00000000000000709740000000000088A3C000000000000000000000000000709740000000000024B3C0000000000000000000000000000000000000000000000000000000000000F03F0C00000016000000070000C30C00000017000000230000000C00000012000000000000005400000020000000020000000000000000
310
58BB400000000000408FC00000000000000000000000000058BB400000000000C8A9C0000000000000000000000000000000000000000000000000000000000000F03F0C00000016000000070000C30C00000017000000230000000C0000001200000000000000540000002000000002000000000000000058BB4000000000
310
00C8A9C00000000000000000000000000058BB40000000000004B0C0000000000000000000000000000000000000000000000000000000000000F03F0C00000016000000070000C30C00000017000000230000000C0000001200000000000000540000002000000002000000000000000058BB40000000000004B0C0000000
310
0000000000000000000058BB40000000000024B3C0000000000000000000000000000000000000000000000000000000000000F03F0C00000016000000070000C30C00000017000000230000000C0000001200000000000000540000002000000002000000000000000064C9400000000000408FC000000000000000000000
310
00000064C940000000000024B3C0000000000000000000000000000000000000000000000000000000000000F03F0C00000016000000070000C30C00000017000000230000000C0000001200000000000000540000002000000002000000000000000052CC400000000000408FC00000000000000000000000000052CC4000
310
0000000088A3C0000000000000000000000000000000000000000000000000000000000000F03F0C00000016000000070000C30C00000017000000230000000C0000001200000000000000540000002000000002000000000000000052CC40000000000088A3C00000000000000000000000000052CC40000000000024B3C0
310
000000000000000000000000000000000000000000000000000000000000F03F0C00000016000000070000C30C00000017000000230000000C000000120000000000000054000000200000000200000000000000001DD0400000000000408FC0000000000000000000000000001DD040000000000088A3C000000000000000
310
0000000000000000000000000000000000000000000000F03F0C00000016000000070000C30C00000017000000230000000C000000120000000000000054000000200000000200000000000000001DD040000000000088A3C0000000000000000000000000001DD040000000000024B3C00000000000000000000000000000
310
00000000000000000000000000000000F03F0C00000016000000070000C30C000000170000000D0000000C0000001200000000000000540000002000000002000000000000000011D24000000000000000000000000000000000000000000011D2400000000000408FC0000000000000000000000000000000000000000000
310
000000000000000000F03F0C00000016000000070000C30C00000017000000230000000C0000001200000000000000540000002000000002000000000000000011D2400000000000408FC00000000000000000000000000011D240000000000088A3C000000000000000000000000000000000000000000000000000000000
310
0000F03F0C00000016000000070000C30C00000017000000230000000C0000001200000000000000540000002000000002000000000000000011D240000000000088A3C00000000000000000000000000011D240000000000024B3C0000000000000000000000000000000000000000000000000000000000000F03F0C0000
310
0016000000080000C30C00000017000000000000000C000000120000000000000054000000200000000200000000000000000000000000000000000000000000000000000000000000000000000000000000000000000000000000000000000000000000000000000000000000000000000000F03F080000001F000000
100
AcDbBlockReference
  2
*T126
 10
51298.43274923421
 20
35911.76167964578
 30
0.0
100
AcDbTable
280
     0
342
798
343
B5A
 11
1.0
 21
0.0
 31
0.0
 90
       22
 91
        5
 92
        6
 93
        0
 94
        0
 95
        0
 96
        0
141
1000.0
141
1500.0
141
800.0
141
800.0
141
800.0
142
1500.0
142
5500.0
142
6000.0
142
1500.0
142
2000.0
142
2000.0
171
     1
172
     9
173
     0
174
     0
175
     6
176
     1
 91
   157248
178
     0
145
0.0
278
    -2
 68
     0
279
    -2
 69
     0
 92
        0
301
CELL_VALUE
 93
        6
 90
        4
  1
Спецификация
 94
        0
300

302
Спецификация
304
ACVALUE_END
171
     1
172
     9
173
     1
174
     0
175
     1
176
     1
 91
   157248
178
     0
145
0.0
278
    -1
288
     1
 68
     7
279
    -2
 69
     0
 92
        0
301
CELL_VALUE
 93
        7
 90
        0
 94
        0
300

302

304
ACVALUE_END
171
     1
172
     9
173
     1
174
     0
175
     1
176
     1
 91
   157248
178
     0
145
0.0
278
    -1
288
     1
 68
     7
279
    -2
 69
     0
 92
        0
301
CELL_VALUE
 93
        7
 90
        0
 94
        0
300

302

304
ACVALUE_END
171
     1
172
     9
173
     1
174
     0
175
     1
176
     1
 91
   157248
178
     0
145
0.0
278
    -1
288
     1
 68
     7
279
    -2
 69
     0
 92
        0
301
CELL_VALUE
 93
        7
 90
        0
 94
        0
300

302

304
ACVALUE_END
171
     1
172
     9
173
     1
174
     0
175
     1
176
     1
 91
   157248
178
     0
145
0.0
278
    -1
288
     1
 68
     7
279
    -2
 69
     0
 92
        0
301
CELL_VALUE
 93
        7
 90
        0
 94
        0
300

302

304
ACVALUE_END
171
     1
172
    11
173
     1
174
     0
175
     1
176
     1
 91
   192192
178
     0
145
0.0
275
    -2
 65
     0
278
    -1
288
     1
 68
     7
279
    -2
 69
     0
 92
        0
301
CELL_VALUE
 93
        7
 90
        0
 94
        0
300

302

304
ACVALUE_END
171
     1
172
     1
173
     0
174
     0
175
     1
176
     1
 91
    17472
178
     0
145
0.0
279
    35
 69
     0
 92
        0
301
CELL_VALUE
 93
        6
 90
        4
  1
Поз.
 94
        0
300

302
Поз.
304
ACVALUE_END
171
     1
172
     1
173
     0
174
     0
175
     1
176
     1
 91
    17472
178
     0
145
0.0
279
    35
 69
     0
 92
        0
301
CELL_VALUE
 93
        6
 90
        4
  1
Обозначение
 94
        0
300

302
Обозначение
304
ACVALUE_END
171
     1
172
     1
173
     0
174
     0
175
     1
176
     1
 91
    17472
178
     0
145
0.0
279
    35
 69
     0
 92
        0
301
CELL_VALUE
 93
        6
 90
        4
  1
Наименование
 94
        0
300

302
Наименование
304
ACVALUE_END
171
     1
172
     1
173
     0
174
     0
175
     1
176
     1
 91
    17472
178
     0
145
0.0
279
    35
 69
     0
 92
        0
301
CELL_VALUE
 93
        6
 90
        4
  1
Кол.
 94
        0
300

302
Кол.
304
ACVALUE_END
171
     1
172
     1
173
     0
174
     0
175
     1
176
     1
 91
    17472
178
     0
145
0.0
279
    35
 69
     0
 92
        0
301
CELL_VALUE
 93
        6
 90
        4
  1
Масса    ед. кг
 94
        0
300

302
Масса    ед. кг
304
ACVALUE_END
171
     1
172
     1
173
     0
174
     0
175
     1
176
     1
 91
    17472
178
     0
145
0.0
279
    35
 69
     0
 92
        0
301
CELL_VALUE
 93
        6
 90
        4
  1
Примечание
 94
        0
300

302
Примечание
304
ACVALUE_END
171
     1
172
     1
173
     0
174
     0
175
     1
176
     1
 91
    17472
178
     0
145
0.0
279
    35
 69
     0
 92
        0
301
CELL_VALUE
 93
        5
 90
        4
 94
        0
300

302

304
ACVALUE_END
171
     1
172
     0
173
     0
174
     0
175
     1
176
     1
 91
        0
178
     0
145
0.0
 92
        0
301
CELL_VALUE
 93
        5
 90
        4
 94
        0
300

302

304
ACVALUE_END
171
     1
172
     0
173
     0
174
     0
175
     1
176
     1
 91
        0
178
     0
145
0.0
 92
        0
301
CELL_VALUE
 93
        6
 90
        4
  1
Переходная плита Пп-1
 94
        0
300

302
Переходная плита Пп-1
304
ACVALUE_END
171
     1
172
     0
173
     0
174
     0
175
     1
176
     1
 91
        0
178
     0
145
0.0
 92
        0
301
CELL_VALUE
 93
        5
 90
        4
 94
        0
300

302

304
ACVALUE_END
171
     1
172
     0
173
     0
174
     0
175
     1
176
     1
 91
        0
178
     0
145
0.0
 92
        0
301
CELL_VALUE
 93
        5
 90
        4
 94
        0
300

302

304
ACVALUE_END
171
     1
172
    11
173
     0
174
     0
175
     1
176
     1
 91
   192192
178
     0
145
0.0
275
    35
 65
     0
278
    35
 68
     0
279
    35
 69
     0
 92
        0
301
CELL_VALUE
 93
        5
 90
      512
 94
        0
300

302

304
ACVALUE_END
171
     1
172
     0
173
     0
174
     0
175
     1
176
     1
 91
        0
178
     0
145
0.0
 92
        0
301
CELL_VALUE
 93
        7
 90
        0
 94
        0
300

302

304
ACVALUE_END
171
     1
172
     1
173
     0
174
     0
175
     1
176
     1
 91
    17472
178
     0
145
0.0
279
    -2
 69
     7
 92
        0
301
CELL_VALUE
 93
        7
 90
        0
 94
        0
300

302

304
ACVALUE_END
171
     1
172
     1
173
     0
174
     0
175
     1
176
     1
 91
    17472
178
     0
145
0.0
279
    -2
 69
     7
 92
        0
301
CELL_VALUE
 93
        6
 90
        4
  1
Материалы
 94
        0
300

302
Материалы
304
ACVALUE_END
171
     1
172
     1
173
     0
174
     0
175
     1
176
     1
 91
    17472
178
     0
145
0.0
279
    -2
 69
     7
 92
        0
301
CELL_VALUE
 93
        7
 90
        0
 94
        0
300

302

304
ACVALUE_END
171
     1
172
     1
173
     0
174
     0
175
     1
176
     1
 91
    17472
178
     0
145
0.0
279
    -2
 69
     7
 92
        0
301
CELL_VALUE
 93
        7
 90
        0
 94
        0
300

302

304
ACVALUE_END
171
     1
172
    10
173
     0
174
     0
175
     1
176
     1
 91
   174720
178
     0
145
0.0
275
    35
 65
     0
278
    35
 68
     0
 92
        0
301
CELL_VALUE
 93
        7
 90
        0
 94
        0
300

302

304
ACVALUE_END
171
     1
172
     4
173
     0
174
     0
175
     1
176
     1
 91
    69888
178
     0
145
0.0
276
    35
 66
     0
 92
        0
301
CELL_VALUE
 93
        7
 90
        0
 94
        0
300

302

304
ACVALUE_END
171
     1
172
     5
173
     0
174
     0
175
     1
176
     1
 91
    87360
178
     0
145
0.0
276
    35
 66
     0
279
    -2
 69
     7
 92
        0
301
CELL_VALUE
 93
        6
 90
        4
  1
ГОСТ 26633-{\C256;2015}
 94
        0
300

302
ГОСТ 26633-{\C256;2015}
304
ACVALUE_END
171
     1
172
     5
173
     0
174
     0
175
     1
176
     1
 91
    87361
178
     0
145
0.0
170
     4
276
    35
 66
     0
279
    -2
 69
     7
 92
        0
301
CELL_VALUE
 93
        6
 90
        4
  1
Бетон B30F300W8
 94
        0
300

302
Бетон B30F300W8
304
ACVALUE_END
171
     1
172
     5
173
     0
174
     0
175
     1
176
     1
 91
    87360
178
     0
145
0.0
276
    35
 66
     0
279
    -2
 69
     7
 92
        0
301
CELL_VALUE
 93
        7
 90
        0
 94
        0
300

302

304
ACVALUE_END
171
     1
172
     5
173
     0
174
     0
175
     1
176
     1
 91
    87360
178
     0
145
0.0
276
    35
 66
     0
279
    -2
 69
     7
 92
        0
301
CELL_VALUE
 93
        7
 90
        0
 94
        0
300

302

304
ACVALUE_END
171
     1
172
    14
173
     0
174
     0
175
     1
176
     1
 91
   244608
178
     0
145
0.0
275
    35
 65
     0
276
    35
 66
     0
278
    35
 68
     0
 92
        0
301
CELL_VALUE
 93
        6
 90
        4
  1
50.71м3
 94
        0
300

302
50.71м3
304
ACVALUE_END
  0
MTEXT
  5
946
330
1F
100
AcDbEntity
  8
$Текст Model
370
    13
100
AcDbMText
 10
51398.43274923421
 20
27918.91549485518
 30
0.0
 40
250.0
 41
18401.15144050374
 46
0.0
 71
     1
 72
     5
  3
\pxi-3,l3,sm1,t3;Примечания:\P1.^IРазмеры на чертеже в мм;\P2.^IВ острых углах бетона устроить фаску 25х25мм;\P3.^IОбъемы даны на одну {\C7;переходную плиту Пп-1}. Общее количество плит на сооружение-2шт;\P4.^IЗначения в скобках для плиты сопряжения в ко
  1
нце сооружения.
  7
@ТРАНСПРОЕКТ
 73
     1
 44
1.0
101
Embedded Object
 70
     1
 10
1.0
 20
0.0
 30
0.0
 11
51398.43274923421
 21
27918.91549485518
 31
0.0
 40
18401.15144050374
 41
0.0
 42
15762.86934298441
 43
2000.0
 71
     2
 72
     1
 44
18401.15144050374
 45
12.5
 73
     0
 74
     0
 46
0.0
  0
LWPOLYLINE
  5
947
330
1F
100
AcDbEntity
  8
$Слои конструкции
100
AcDbPolyline
 90
        4
 70
     0
 43
0.0
 10
68477.83423070058
 20
13244.83930772615
 10
68504.63508290851
 20
13244.83930772615
 10
68544.53337849311
 20
13284.73760331064
 10
68571.33423070058
 20
13286.4086631191
  0
HATCH
  5
948
330
1F
100
AcDbEntity
  8
$Тонкие
100
AcDbHatch
 10
0.0
 20
0.0
 30
0.0
210
0.0
220
0.0
230
1.0
  2
ANSI35
 70
     0
 71
     0
 91
        2
 92
        7
 72
     0
 73
     1
 93
       18
 10
68571.33423070058
 20
13292.71430772615
 10
68578.83423070058
 20
13297.71430772616
 10
68563.83423070058
 20
13302.71430772616
 10
68571.33423070058
 20
13307.71430772615
 10
68571.33423070058
 20
13314.83930772616
 10
68532.08423070058
 20
13314.83930772616
 10
68527.08423070058
 20
13322.33930772616
 10
68522.08423070058
 20
13307.33930772616
 10
68517.08423070058
 20
13314.83930772616
 10
68477.83423070058
 20
13314.83930772616
 10
68477.83423070058
 20
13285.58930772615
 10
68470.33423070058
 20
13280.58930772616
 10
68485.33423070058
 20
13275.58930772616
 10
68477.83423070058
 20
13270.58930772615
 10
68477.83423070058
 20
13244.83930772615
 10
68504.63508290851
 20
13244.83930772615
 10
68544.53337849311
 20
13284.73760331064
 10
68571.33423070058
 20
13286.4086631191
 97
        0
 92
       57
 93
        4
 72
     1
 10
-2273229.148487506
 20
-750941.3305634989
 11
-2273229.148487506
 21
-750941.3305634989
 72
     1
 10
-2273229.148487506
 20
-750941.3305634989
 11
-2273229.148487506
 21
-750941.3305634989
 72
     1
 10
-2273229.148487506
 20
-750941.3305634989
 11
-2273229.148487506
 21
-750941.3305634989
 72
     1
 10
-2273229.148487506
 20
-750941.3305634989
 11
-2273229.148487506
 21
-750941.3305634989
 97
        0
 75
     0
 76
     1
 52
90.0
 41
50.0
 77
     0
 78
     2
 53
135.0
 43
-3049765.068931505
 44
-709422.5885133214
 45
-8.838834764831844
 46
-8.838834764831842
 79
     0
 53
135.0
 43
-3049765.068931505
 44
-709413.7496785714
 45
-8.838834764831844
 46
-8.838834764831842
 79
     4
 49
15.625
 49
-3.125
 49
0.0
 49
-3.125
 47
0.6522565009630554
 98
        1
 10
68495.13047938568
 20
13291.06973279911
1001
GradientColor1ACI
1070
     5
1001
GradientColor2ACI
1070
     2
1001
ACAD
1010
0.0
1020
0.0
1030
0.0
  0
POLYLINE
  5
949
330
1F
100
AcDbEntity
  8
$Тонкие
100
AcDb2dPolyline
 66
     1
 10
0.0
 20
0.0
 30
0.0
  0
VERTEX
  5
94A
330
949
100
AcDbEntity
  8
$Тонкие
100
AcDbVertex
100
AcDb2dVertex
 10
68472.83423070058
 20
13314.83930772616
 30
0.0
  0
VERTEX
  5
94B
330
949
100
AcDbEntity
  8
$Тонкие
100
AcDbVertex
100
AcDb2dVertex
 10
68517.08423070058
 20
13314.83930772616
 30
0.0
  0
VERTEX
  5
94C
330
949
100
AcDbEntity
  8
$Тонкие
100
AcDbVertex
100
AcDb2dVertex
 10
68522.08423070058
 20
13307.33930772616
 30
0.0
  0
VERTEX
  5
94D
330
949
100
AcDbEntity
  8
$Тонкие
100
AcDbVertex
100
AcDb2dVertex
 10
68527.08423070058
 20
13322.33930772616
 30
0.0
  0
VERTEX
  5
94E
330
949
100
AcDbEntity
  8
$Тонкие
100
AcDbVertex
100
AcDb2dVertex
 10
68532.08423070058
 20
13314.83930772616
 30
0.0
  0
VERTEX
  5
94F
330
949
100
AcDbEntity
  8
$Тонкие
100
AcDbVertex
100
AcDb2dVertex
 10
68576.33423070057
 20
13314.83930772616
 30
0.0
  0
SEQEND
  5
950
330
949
100
AcDbEntity
  8
$Тонкие
  0
MTEXT
  5
951
102
{ACAD_XDICTIONARY
360
952
102
}
330
1F
100
AcDbEntity
  8
$Выноски
100
AcDbMText
 10
68527.77336641921
 20
13384.60367973151
 30
0.0
 40
15.0
 41
345.1700310385786
 46
0.0
 71
     5
 72
     5
  1
Узел А\PМ1:5
  7
@ТРАНСПРОЕКТ
 73
     1
 44
1.0
101
Embedded Object
 70
     5
 10
1.0
 20
0.0
 30
0.0
 11
68527.77336641921
 21
13384.60367973151
 31
0.0
 40
345.1700310385786
 41
0.0
 42
66.26923788646684
 43
40.0
 71
     2
 72
     1
 44
345.1700310385786
 45
12.5
 73
     0
 74
     0
 46
0.0
  0
POLYLINE
  5
953
330
1F
100
AcDbEntity
  8
$Тонкие
100
AcDb2dPolyline
 66
     1
 10
0.0
 20
0.0
 30
0.0
  0
VERTEX
  5
954
330
953
100
AcDbEntity
  8
$Тонкие
100
AcDbVertex
100
AcDb2dVertex
 10
68477.83423070058
 20
13236.33930772615
 30
0.0
  0
VERTEX
  5
955
330
953
100
AcDbEntity
  8
$Тонкие
100
AcDbVertex
100
AcDb2dVertex
 10
68477.83423070058
 20
13270.58930772615
 30
0.0
  0
VERTEX
  5
956
330
953
100
AcDbEntity
  8
$Тонкие
100
AcDbVertex
100
AcDb2dVertex
 10
68485.33423070058
 20
13275.58930772616
 30
0.0
  0
VERTEX
  5
957
330
953
100
AcDbEntity
  8
$Тонкие
100
AcDbVertex
100
AcDb2dVertex
 10
68470.33423070058
 20
13280.58930772616
 30
0.0
  0
VERTEX
  5
958
330
953
100
AcDbEntity
  8
$Тонкие
100
AcDbVertex
100
AcDb2dVertex
 10
68477.83423070058
 20
13285.58930772615
 30
0.0
  0
VERTEX
  5
959
330
953
100
AcDbEntity
  8
$Тонкие
100
AcDbVertex
100
AcDb2dVertex
 10
68477.83423070058
 20
13319.83930772616
 30
0.0
  0
SEQEND
  5
95A
330
953
100
AcDbEntity
  8
$Тонкие
  0
POLYLINE
  5
95B
330
1F
100
AcDbEntity
  8
$Тонкие
100
AcDb2dPolyline
 66
     1
 10
0.0
 20
0.0
 30
0.0
  0
VERTEX
  5
95C
330
95B
100
AcDbEntity
  8
$Тонкие
100
AcDbVertex
100
AcDb2dVertex
 10
68571.33423070058
 20
13280.58930772616
 30
0.0
  0
VERTEX
  5
95D
330
95B
100
AcDbEntity
  8
$Тонкие
100
AcDbVertex
100
AcDb2dVertex
 10
68571.33423070058
 20
13292.71430772615
 30
0.0
  0
VERTEX
  5
95E
330
95B
100
AcDbEntity
  8
$Тонкие
100
AcDbVertex
100
AcDb2dVertex
 10
68578.83423070058
 20
13297.71430772616
 30
0.0
  0
VERTEX
  5
95F
330
95B
100
AcDbEntity
  8
$Тонкие
100
AcDbVertex
100
AcDb2dVertex
 10
68563.83423070058
 20
13302.71430772616
 30
0.0
  0
VERTEX
  5
960
330
95B
100
AcDbEntity
  8
$Тонкие
100
AcDbVertex
100
AcDb2dVertex
 10
68571.33423070058
 20
13307.71430772615
 30
0.0
  0
VERTEX
  5
961
330
95B
100
AcDbEntity
  8
$Тонкие
100
AcDbVertex
100
AcDb2dVertex
 10
68571.33423070058
 20
13319.83930772616
 30
0.0
  0
SEQEND
  5
962
330
95B
100
AcDbEntity
  8
$Тонкие
  0
MTEXT
  5
963
330
1F
100
AcDbEntity
  8
$Выноски
100
AcDbMText
 10
68523.92371153466
 20
13293.20293352092
 30
0.0
 40
12.5
 41
37.98597998994548
 46
0.0000000000886811
 71
     3
 72
     1
  1
\pxsm0.5;{\fGOST Common|b0|i0|c204|p34;\W2.2;\T0.75;∠}1:1
  7
ТРАНСПРОЕКТ
 11
0.7081959558621007
 21
0.7060159262371958
 31
0.0
 73
     1
 44
1.0
 90
        3
 63
   256
 45
1.5
441
        0
  0
DIMENSION
  5
964
330
1F
100
AcDbEntity
  8
$Размеры
100
AcDbDimension
280
     0
  2
*D127
 10
68504.63508290851
 20
13210.38351651284
 30
0.0
 11
68577.62552919107
 21
13210.38351651284
 31
0.0
 70
   160
  1
35(28)
 71
     5
 42
39.89829558460042
 73
     0
 74
     0
 75
     0
  3
@TN  1-5
100
AcDbAlignedDimension
 13
68544.53337849311
 23
13284.73760331064
 33
0.0
 14
68504.63508290851
 24
13244.83930772615
 34
0.0
100
AcDbRotatedDimension
  0
DIMENSION
  5
965
330
1F
100
AcDbEntity
  8
$Размеры
100
AcDbDimension
280
     0
  2
*D128
 10
68607.10894036818
 20
13284.73760331065
 30
0.0
 11
68597.10894036817
 21
13317.82975400859
 31
0.0
 70
    32
  1
35(28)
 71
     5
 42
39.89829558448401
 73
     0
 74
     0
 75
     0
  3
@TN  1-5
100
AcDbAlignedDimension
 13
68504.63508290851
 23
13244.83930772615
 33
0.0
 14
68544.53337849311
 24
13284.73760331064
 34
0.0
 50
90.0
100
AcDbRotatedDimension
  0
DIMENSION
  5
966
330
1F
100
AcDbEntity
  8
$Размеры
100
AcDbDimension
280
     0
  2
*D129
 10
62469.85151243356
 20
17061.37922324453
 30
0.0
 11
59769.85151243357
 21
17148.87922324452
 31
0.0
 70
    32
 71
     5
 42
5400.0
 73
     0
 74
     0
 75
     0
  3
@TN  1-50
100
AcDbAlignedDimension
 13
57069.85151243356
 23
17354.11338271192
 33
0.0
 14
62469.85151243356
 24
17684.11189978887
 34
0.0
100
AcDbRotatedDimension
  0
MTEXT
  5
967
102
{ACAD_XDICTIONARY
360
968
102
}
330
1F
100
AcDbEntity
  8
$Выноски
100
AcDbMText
 10
59469.21921237565
 20
21838.84438002555
 30
0.0
 40
150.0
 41
1423.914170936681
 46
0.0
 71
     5
 72
     5
  1
1-1
  7
@ТРАНСПРОЕКТ
 73
     1
 44
1.0
101
Embedded Object
 70
     5
 10
1.0
 20
0.0
 30
0.0
 11
59469.21921237565
 21
21838.84438002555
 31
0.0
 40
1423.914170936681
 41
0.0
 42
265.1923788646684
 43
150.0
 71
     2
 72
     1
 44
1423.914170936681
 45
12.5
 73
     0
 74
     0
 46
0.0
  0
MTEXT
  5
969
102
{ACAD_XDICTIONARY
360
96A
102
}
330
1F
100
AcDbEntity
  8
$Выноски
100
AcDbMText
 10
59469.21921237565
 20
19213.73670200855
 30
0.0
 40
150.0
 41
1423.914170936681
 46
0.0
 71
     5
 72
     5
  1
2-2
  7
@ТРАНСПРОЕКТ
 73
     1
 44
1.0
101
Embedded Object
 70
     5
 10
1.0
 20
0.0
 30
0.0
 11
59469.21921237565
 21
19213.73670200855
 31
0.0
 40
1423.914170936681
 41
0.0
 42
325.1923788646684
 43
150.0
 71
     2
 72
     1
 44
1423.914170936681
 45
12.5
 73
     0
 74
     0
 46
0.0
  0
MTEXT
  5
96B
102
{ACAD_XDICTIONARY
360
96C
102
}
330
1F
100
AcDbEntity
  8
$Выноски
100
AcDbMText
 10
59469.21921237565
 20
15375.42994239068
 30
0.0
 40
150.0
 41
1423.914170936681
 46
0.0
 71
     5
 72
     5
  1
3-3
  7
@ТРАНСПРОЕКТ
 73
     1
 44
1.0
101
Embedded Object
 70
     5
 10
1.0
 20
0.0
 30
0.0
 11
59469.21921237565
 21
15375.42994239068
 31
0.0
 40
1423.914170936681
 41
0.0
 42
325.1923788646684
 43
150.0
 71
     2
 72
     1
 44
1423.914170936681
 45
12.5
 73
     0
 74
     0
 46
0.0
  0
DIMENSION
  5
96D
330
1F
100
AcDbEntity
  8
$Размеры
100
AcDbDimension
280
     0
  2
*D130
 10
62469.85151243356
 20
20350.95539509217
 30
0.0
 11
59469.85151243357
 21
20350.95539509217
 31
0.0
 70
   160
 71
     5
 42
6000.0
 73
     0
 74
     0
 75
     0
  3
@TN  1-50
100
AcDbAlignedDimension
 13
56469.85151243357
 23
20854.11338271192
 33
0.0
 14
62469.85151243356
 24
21184.11189978887
 34
0.0
100
AcDbRotatedDimension
  0
DIMENSION
  5
96E
330
1F
100
AcDbEntity
  8
$Размеры
100
AcDbDimension
280
     0
  2
*D131
 10
57069.85151243356
 20
17061.37922324453
 30
0.0
 11
56769.85151243356
 21
17148.87922324452
 31
0.0
 70
    32
 71
     5
 42
600.0
 73
     0
 74
     0
 75
     0
  3
@TN  1-50
100
AcDbAlignedDimension
 13
56469.85151243357
 23
17354.11338271192
 33
0.0
 14
57069.85151243356
 24
17354.11338271192
 34
0.0
100
AcDbRotatedDimension
  0
DIMENSION
  5
96F
330
1F
100
AcDbEntity
  8
$Размеры
100
AcDbDimension
280
     0
  2
*D132
 10
57069.85151243356
 20
20561.37922324453
 30
0.0
 11
56769.85151243356
 21
20648.87922324453
 31
0.0
 70
    32
 71
     5
 42
600.0
 73
     0
 74
     0
 75
     0
  3
@TN  1-50
100
AcDbAlignedDimension
 13
56469.85151243357
 23
20854.11338271192
 33
0.0
 14
57069.85151243356
 24
20854.11338271192
 34
0.0
100
AcDbRotatedDimension
  0
DIMENSION
  5
970
330
1F
100
AcDbEntity
  8
$Размеры
100
AcDbDimension
280
     0
  2
*D133
 10
62469.85151243356
 20
16850.95539509217
 30
0.0
 11
59469.85151243357
 21
16850.95539509217
 31
0.0
 70
   160
 71
     5
 42
6000.0
 73
     0
 74
     0
 75
     0
  3
@TN  1-50
100
AcDbAlignedDimension
 13
56469.85151243357
 23
17354.11338271192
 33
0.0
 14
62469.85151243356
 24
17684.11189978887
 34
0.0
100
AcDbRotatedDimension
  0
DIMENSION
  5
971
330
1F
100
AcDbEntity
  8
$Размеры
100
AcDbDimension
280
     0
  2
*D134
 10
62469.85151243356
 20
20561.37922324453
 30
0.0
 11
59769.85151243357
 21
20648.87922324453
 31
0.0
 70
    32
 71
     5
 42
5400.0
 73
     0
 74
     0
 75
     0
  3
@TN  1-50
100
AcDbAlignedDimension
 13
57069.85151243356
 23
20854.11338271192
 33
0.0
 14
62469.85151243356
 24
21184.11189978887
 34
0.0
100
AcDbRotatedDimension
  0
LWPOLYLINE
  5
972
330
1F
100
AcDbEntity
  8
$Тонкие
  6
Continuous
100
AcDbPolyline
 90
        6
 70
     0
 43
0.0
 10
39776.2438234194
 20
26489.16731819793
 10
39776.24382261288
 20
26287.51664076527
 10
39733.31448949229
 20
26271.89163807561
 10
39819.1731587733
 20
26240.64163807561
 10
39776.24382261288
 20
26225.01664076527
 10
39776.24382413279
 20
26055.59153683964
  0
LWPOLYLINE
  5
973
330
1F
100
AcDbEntity
  8
$Тонкие
  6
Continuous
100
AcDbPolyline
 90
        6
 70
     0
 43
0.0
 10
39711.372033001
 20
26490.7043265533
 10
39711.37203219447
 20
26289.05364912065
 10
39668.44269907389
 20
26273.42864643098
 10
39754.30136835489
 20
26242.17864643099
 10
39711.37203219447
 20
26226.55364912064
 10
39711.37203371439
 20
26057.12854519501
  0
LWPOLYLINE
  5
974
330
1F
100
AcDbEntity
  8
$Тонкие
  6
Continuous
100
AcDbPolyline
 90
        6
 70
     0
 43
0.0
 10
33717.94175503783
 20
26489.19766709991
 10
33717.9417542313
 20
26287.54698966726
 10
33675.01242111072
 20
26271.9219869776
 10
33760.87109039172
 20
26240.6719869776
 10
33717.9417542313
 20
26225.04698966726
 10
33717.94175575122
 20
26055.62188574162
  0
LWPOLYLINE
  5
975
330
1F
100
AcDbEntity
  8
$Тонкие
  6
Continuous
100
AcDbPolyline
 90
        6
 70
     0
 43
0.0
 10
33717.94175503783
 20
26489.16731819781
 10
33717.9417542313
 20
26287.51664076516
 10
33675.01242111072
 20
26271.8916380755
 10
33760.87109039172
 20
26240.6416380755
 10
33717.9417542313
 20
26225.01664076516
 10
33717.94175575122
 20
26055.59153683952
  0
LWPOLYLINE
  5
976
330
1F
100
AcDbEntity
  8
$Тонкие
  6
Continuous
100
AcDbPolyline
 90
        6
 70
     0
 43
0.0
 10
33784.33099152714
 20
26493.1976670998
 10
33784.33099072061
 20
26291.54698966714
 10
33741.40165760003
 20
26275.92198697748
 10
33827.26032688104
 20
26244.67198697749
 10
33784.33099072061
 20
26229.04698966714
 10
33784.33099224053
 20
26059.62188574151
  0
TEXT
  5
977
330
1F
100
AcDbEntity
  8
$Выноски
100
AcDbText
 10
32009.94288036142
 20
28201.49195269696
 30
0.0
 40
125.0
  1
2
 51
15.0
  7
@ТРАНСПРОЕКТ
 72
     2
 11
32097.44288036141
 21
28201.49195269696
 31
0.0
100
AcDbText
  0
LWPOLYLINE
  5
978
330
1F
100
AcDbEntity
  8
$Выноски
100
AcDbPolyline
 90
        5
 70
     0
 10
31709.94288036141
 20
27901.49195269696
 40
30.0
 41
30.0
 10
31709.94288036141
 20
28201.49195269696
 40
30.0
 41
30.0
 10
31709.94288036141
 20
28101.49195269696
 40
0.0
 41
40.0
 10
31909.94288036141
 20
28101.49195269696
 40
0.0
 41
0.0
 10
32159.94288036141
 20
28101.49195269696
 40
0.0
 41
0.0
  0
DIMENSION
  5
979
330
1F
100
AcDbEntity
  8
$Размеры
100
AcDbDimension
280
     0
  2
*D135
 10
42138.96358861505
 20
26946.81535088473
 30
0.0
 11
42051.46358861505
 21
26509.2418412411
 31
0.0
 70
    32
 71
     5
 42
875.147019287222
 73
     0
 74
     0
 75
     0
  3
@TN  1-50
100
AcDbAlignedDimension
 13
41770.30551857042
 23
26071.66833159749
 33
0.0
 14
41745.30391933031
 24
26946.81535088472
 34
0.0
 50
90.0
100
AcDbRotatedDimension
  0
DIMENSION
  5
97A
330
1F
100
AcDbEntity
  8
$Размеры
100
AcDbDimension
280
     0
  2
*D136
 10
31191.9198345678
 20
26946.81535088462
 30
0.0
 11
31104.4198345678
 21
26506.24185723337
 31
0.0
 70
    32
 71
     5
 42
881.1469873024616
 73
     0
 74
     0
 75
     0
  3
@TN  1-50
100
AcDbAlignedDimension
 13
31425.39910565697
 23
26065.66836358214
 33
0.0
 14
31450.39910565697
 24
26946.8153508846
 34
0.0
 50
90.0
100
AcDbRotatedDimension
  0
DIMENSION
  5
97B
330
1F
100
AcDbEntity
  8
$Выноски
100
AcDbDimension
280
     0
  2
*D137
 10
32345.35514719279
 20
16467.13785450629
 30
0.0
 11
31885.37712642488
 21
16554.63785450629
 31
0.0
 70
    32
 71
     5
 42
919.9560415358282
 73
     0
 74
     0
 75
     0
  3
@TN  1-50
100
AcDbAlignedDimension
 13
31425.39910565697
 23
16909.81741171787
 33
0.0
 14
32345.35514719279
 24
16608.70502419935
 34
0.0
100
AcDbRotatedDimension
  0
DIMENSION
  5
97C
330
1F
100
AcDbEntity
  8
$Выноски
100
AcDbDimension
280
     0
  2
*D138
 10
36747.85151249364
 20
16467.13785450629
 30
0.0
 11
34546.60332984322
 21
16554.63785450629
 31
0.0
 70
    32
  1
12195
 71
     5
 42
4402.496365300845
 73
     0
 74
     0
 75
     0
  3
@TN  1-50
100
AcDbAlignedDimension
 13
32345.35514719279
 23
16608.70502419935
 33
0.0
 14
36747.85151249364
 24
16627.6372799444
 34
0.0
100
AcDbRotatedDimension
  0
DIMENSION
  5
97D
330
1F
100
AcDbEntity
  8
$Выноски
100
AcDbDimension
280
     0
  2
*D139
 10
41770.30391921017
 20
16467.13785450629
 30
0.0
 11
41460.32589850232
 21
16554.63785450629
 31
0.0
 70
    32
 71
     5
 42
619.9560414156876
 73
     0
 74
     0
 75
     0
  3
@TN  1-50
100
AcDbAlignedDimension
 13
41150.34787779448
 23
16608.70502419935
 33
0.0
 14
41770.30391921017
 24
16909.81741171787
 34
0.0
100
AcDbRotatedDimension
  0
DIMENSION
  5
97E
330
1F
100
AcDbEntity
  8
$Выноски
100
AcDbDimension
280
     0
  2
*D140
 10
36747.85151249364
 20
16467.13785450629
 30
0.0
 11
38949.09969514406
 21
16554.63785450629
 31
0.0
 70
    32
  1
12195
 71
     5
 42
4402.496365300845
 73
     0
 74
     0
 75
     0
  3
@TN  1-50
100
AcDbAlignedDimension
 13
41150.34787779448
 23
16608.70502419935
 33
0.0
 14
36747.85151249364
 24
16627.6372799444
 34
0.0
100
AcDbRotatedDimension
  0
LINE
  5
97F
330
1F
100
AcDbEntity
  8
$Оси
100
AcDbLine
 10
32345.35514719279
 20
26876.37654208418
 30
0.0
 11
32345.35514719279
 21
25948.26350953736
 31
0.0
  0
LINE
  5
980
330
1F
100
AcDbEntity
  8
$Оси
100
AcDbLine
 10
41150.34787779448
 20
26876.37654208418
 30
0.0
 11
41150.34787779448
 21
25948.26350953736
 31
0.0
  0
POLYLINE
  5
981
330
1F
100
AcDbEntity
  8
$Тонкие
100
AcDb2dPolyline
 66
     1
 10
0.0
 20
0.0
 30
0.0
  0
VERTEX
  5
982
330
981
100
AcDbEntity
  8
$Тонкие
100
AcDbVertex
100
AcDb2dVertex
 10
33719.45920085449
 20
16709.81741172032
 30
0.0
  0
VERTEX
  5
983
330
981
100
AcDbEntity
  8
$Тонкие
100
AcDbVertex
100
AcDb2dVertex
 10
33719.45920085449
 20
19834.81741171787
 30
0.0
  0
VERTEX
  5
984
330
981
100
AcDbEntity
  8
$Тонкие
100
AcDbVertex
100
AcDb2dVertex
 10
33794.45920085449
 20
19884.81741171787
 30
0.0
  0
VERTEX
  5
985
330
981
100
AcDbEntity
  8
$Тонкие
100
AcDbVertex
100
AcDb2dVertex
 10
33644.45920085449
 20
19934.81741171787
 30
0.0
  0
VERTEX
  5
986
330
981
100
AcDbEntity
  8
$Тонкие
100
AcDbVertex
100
AcDb2dVertex
 10
33719.45920085449
 20
19984.81741171787
 30
0.0
  0
VERTEX
  5
987
330
981
100
AcDbEntity
  8
$Тонкие
100
AcDbVertex
100
AcDb2dVertex
 10
33719.45920085449
 20
23109.81741171543
 30
0.0
  0
SEQEND
  5
988
330
981
100
AcDbEntity
  8
$Тонкие
  0
POLYLINE
  5
989
330
1F
100
AcDbEntity
  8
$Тонкие
100
AcDb2dPolyline
 66
     1
 10
0.0
 20
0.0
 30
0.0
  0
VERTEX
  5
98A
330
989
100
AcDbEntity
  8
$Тонкие
100
AcDbVertex
100
AcDb2dVertex
 10
33784.33099177487
 20
16709.81741172032
 30
0.0
  0
VERTEX
  5
98B
330
989
100
AcDbEntity
  8
$Тонкие
100
AcDbVertex
100
AcDb2dVertex
 10
33784.33099177487
 20
19834.81741171787
 30
0.0
  0
VERTEX
  5
98C
330
989
100
AcDbEntity
  8
$Тонкие
100
AcDbVertex
100
AcDb2dVertex
 10
33859.33099177487
 20
19884.81741171787
 30
0.0
  0
VERTEX
  5
98D
330
989
100
AcDbEntity
  8
$Тонкие
100
AcDbVertex
100
AcDb2dVertex
 10
33709.33099177487
 20
19934.81741171787
 30
0.0
  0
VERTEX
  5
98E
330
989
100
AcDbEntity
  8
$Тонкие
100
AcDbVertex
100
AcDb2dVertex
 10
33784.33099177487
 20
19984.81741171787
 30
0.0
  0
VERTEX
  5
98F
330
989
100
AcDbEntity
  8
$Тонкие
100
AcDbVertex
100
AcDb2dVertex
 10
33784.33099177487
 20
23109.81741171543
 30
0.0
  0
SEQEND
  5
990
330
989
100
AcDbEntity
  8
$Тонкие
  0
POLYLINE
  5
991
330
1F
100
AcDbEntity
  8
$Тонкие
100
AcDb2dPolyline
 66
     1
 10
0.0
 20
0.0
 30
0.0
  0
VERTEX
  5
992
330
991
100
AcDbEntity
  8
$Тонкие
100
AcDbVertex
100
AcDb2dVertex
 10
39711.37203321241
 20
16709.81741172032
 30
0.0
  0
VERTEX
  5
993
330
991
100
AcDbEntity
  8
$Тонкие
100
AcDbVertex
100
AcDb2dVertex
 10
39711.37203321241
 20
19834.81741171787
 30
0.0
  0
VERTEX
  5
994
330
991
100
AcDbEntity
  8
$Тонкие
100
AcDbVertex
100
AcDb2dVertex
 10
39786.37203321241
 20
19884.81741171787
 30
0.0
  0
VERTEX
  5
995
330
991
100
AcDbEntity
  8
$Тонкие
100
AcDbVertex
100
AcDb2dVertex
 10
39636.37203321241
 20
19934.81741171787
 30
0.0
  0
VERTEX
  5
996
330
991
100
AcDbEntity
  8
$Тонкие
100
AcDbVertex
100
AcDb2dVertex
 10
39711.37203321241
 20
19984.81741171787
 30
0.0
  0
VERTEX
  5
997
330
991
100
AcDbEntity
  8
$Тонкие
100
AcDbVertex
100
AcDb2dVertex
 10
39711.37203321241
 20
23109.81741171543
 30
0.0
  0
SEQEND
  5
998
330
991
100
AcDbEntity
  8
$Тонкие
  0
POLYLINE
  5
999
330
1F
100
AcDbEntity
  8
$Тонкие
100
AcDb2dPolyline
 66
     1
 10
0.0
 20
0.0
 30
0.0
  0
VERTEX
  5
99A
330
999
100
AcDbEntity
  8
$Тонкие
100
AcDbVertex
100
AcDb2dVertex
 10
39776.24382413279
 20
16709.81741172032
 30
0.0
  0
VERTEX
  5
99B
330
999
100
AcDbEntity
  8
$Тонкие
100
AcDbVertex
100
AcDb2dVertex
 10
39776.24382413279
 20
19834.81741171787
 30
0.0
  0
VERTEX
  5
99C
330
999
100
AcDbEntity
  8
$Тонкие
100
AcDbVertex
100
AcDb2dVertex
 10
39851.24382413279
 20
19884.81741171787
 30
0.0
  0
VERTEX
  5
99D
330
999
100
AcDbEntity
  8
$Тонкие
100
AcDbVertex
100
AcDb2dVertex
 10
39701.24382413279
 20
19934.81741171787
 30
0.0
  0
VERTEX
  5
99E
330
999
100
AcDbEntity
  8
$Тонкие
100
AcDbVertex
100
AcDb2dVertex
 10
39776.24382413279
 20
19984.81741171787
 30
0.0
  0
VERTEX
  5
99F
330
999
100
AcDbEntity
  8
$Тонкие
100
AcDbVertex
100
AcDb2dVertex
 10
39776.24382413279
 20
23109.81741171543
 30
0.0
  0
SEQEND
  5
9A0
330
999
100
AcDbEntity
  8
$Тонкие
  0
INSERT
  5
9A1
330
1F
100
AcDbEntity
  8
0
100
AcDbBlockReference
  2
ыргх
 10
57029.55788755796
 20
18232.91191720127
 30
0.0
 50
0.28647651028227
1001
mc3dCrTime
1071
952494944
1071
 31249586
  0
INSERT
  5
9A2
330
1F
100
AcDbEntity
  8
0
100
AcDbBlockReference
  2
ыргх
 10
59029.55788755703
 20
18242.91192653592
 30
0.0
 50
0.28647651028227
1001
mc3dCrTime
1071
952495044
1071
 31249586
  0
INSERT
  5
9A3
330
1F
100
AcDbEntity
  8
0
100
AcDbBlockReference
  2
ыргх
 10
61029.55788607577
 20
18252.91193586311
 30
0.0
 50
0.28647651028227
1001
mc3dCrTime
1071
952495144
1071
 31249586
  0
INSERT
  5
9A4
330
1F
100
AcDbEntity
  8
0
100
AcDbBlockReference
  2
ыргх
 10
57029.85145050061
 20
14517.36678588638
 30
0.0
 50
0.28647651028227
1001
mc3dCrTime
1071
952495244
1071
 31249586
  0
INSERT
  5
9A5
330
1F
100
AcDbEntity
  8
0
100
AcDbBlockReference
  2
ыргх
 10
59029.85145049968
 20
14527.36678588637
 30
0.0
 50
0.28647651028227
1001
mc3dCrTime
1071
952495344
1071
 31249586
  0
INSERT
  5
9A6
330
1F
100
AcDbEntity
  8
0
100
AcDbBlockReference
  2
ыргх
 10
61029.85144901841
 20
14537.36678587892
 30
0.0
 50
0.28647651028227
1001
mc3dCrTime
1071
952495444
1071
 31249586
  0
INSERT
  5
9A7
330
1F
100
AcDbEntity
  8
$Слои конструкции
100
AcDbBlockReference
  2
A$C57DF1AEC
 10
41150.34787779448
 20
17469.81734978492
 30
0.0
1001
mc3dCrTime
1071
952495844
1071
 31249586
  0
INSERT
  5
9A8
330
1F
100
AcDbEntity
  8
$Слои конструкции
100
AcDbBlockReference
  2
A$C57DF1AEC
 10
41150.34787779448
 20
19469.81734978399
 30
0.0
1001
mc3dCrTime
1071
952495944
1071
 31249586
  0
INSERT
  5
9A9
330
1F
100
AcDbEntity
  8
$Слои конструкции
100
AcDbBlockReference
  2
A$C57DF1AEC
 10
41150.34787779448
 20
21469.81734830272
 30
0.0
1001
mc3dCrTime
1071
952496044
1071
 31249586
  0
INSERT
  5
9AA
330
1F
100
AcDbEntity
  8
$Слои конструкции
100
AcDbBlockReference
  2
A$C57DF1AEC
 10
36747.85151249364
 20
21469.81734830272
 30
0.0
1001
mc3dCrTime
1071
952496144
1071
 31249586
  0
INSERT
  5
9AB
330
1F
100
AcDbEntity
  8
$Слои конструкции
100
AcDbBlockReference
  2
A$C57DF1AEC
 10
36747.85151249364
 20
19469.81734978399
 30
0.0
1001
mc3dCrTime
1071
952496244
1071
 31249586
  0
INSERT
  5
9AC
330
1F
100
AcDbEntity
  8
$Слои конструкции
100
AcDbBlockReference
  2
A$C57DF1AEC
 10
36747.85151249364
 20
17469.81734978492
 30
0.0
1001
mc3dCrTime
1071
952496344
1071
 31249586
  0
INSERT
  5
9AD
330
1F
100
AcDbEntity
  8
$Слои конструкции
100
AcDbBlockReference
  2
A$C57DF1AEC
 10
32345.35514719279
 20
17469.81734978492
 30
0.0
1001
mc3dCrTime
1071
952496444
1071
 31249586
  0
INSERT
  5
9AE
330
1F
100
AcDbEntity
  8
$Слои конструкции
100
AcDbBlockReference
  2
A$C57DF1AEC
 10
32345.35514719279
 20
19469.81734978399
 30
0.0
1001
mc3dCrTime
1071
952496544
1071
 31249586
  0
INSERT
  5
9AF
330
1F
100
AcDbEntity
  8
$Слои конструкции
100
AcDbBlockReference
  2
A$C57DF1AEC
 10
32345.35514719279
 20
21469.81734830272
 30
0.0
1001
mc3dCrTime
1071
952496644
1071
 31249586
  0
MULTILEADER
  5
9B0
330
1F
100
AcDbEntity
  8
$Выноски
160
              1432
310
98050000260000000C00000016000000000000C00C00000033000000000000000C00000013000000993A0000C00000002600000015DA26E9F0F8ED404856B29AE612D240000000000000000000000000000000000000000000000000000000000000F03F000000000000F03F00000000000000000000000000000000170434
310
0400005C0002000000010000000000000000405F40000000000000F03F65732D3852C1D03F000000000000F03F000000000000000000000000000000000000000000000000000000000100000022000000490053004F00430050004500550052000000610000006F0000007300BC00000026000000DAF31FB5C813EE404856
310
B29AE612D240000000000000000000000000000000000000000000000000000000000000F03F000000000000F03F000000000000000000000000000000002D00000001000000010000000000000000405F40000000000000F03F65732D3852C1D03F000000000000F03F000000000000000000000000000000000000000000
310
000000000000000100000022000000490053004F0043005000450055005200000000000000000000000000C0000000260000003B431FE3231FEE404856B29AE612D240000000000000000000000000000000000000000000000000000000000000F03F000000000000F03F0000000000000000000000000000000031043E04
310
0000000002000000010000000000000000405F40000000000000F03F65732D3852C1D03F000000000000F03F000000000000000000000000000000000000000000000000000000000100000022000000490053004F00430050004500550052000000000000000000000000000C00000033000000000000000C000000100000
310
00080000000C00000016000000000000C00C000000170000000D0000000C00000012000000FF7F00000C0000001300000001000000880000001D00000090ED6047D20B55C085A2BFB85DFC4A400000000000000000CA943481C4CCED4085A2BFB85DFC4AC090ED6047D20B55C0000000000000000028ECA8F538D3D1400000
310
000000000000000000000000000000000000000059400000000000000000000000000000000000000000000000000000000000000000000000000000F03F080000001F0000000C00000016000000000000C00C00000012000000FF7F00000C00000033000000000000000C00000013000000891300003C0000000600000002
310
000000CA943481C4CCED4028ECA8F538D3D14000000000000000008AD0FE498EF9ED404856B29AA60CD24000000000000000000C0000001300000002000000880000001D00000090ED6047D20B55C085A2BFB85DFC4A400000000000000000CA943481C4CCED4085A2BFB85DFC4AC090ED6047D20B55C00000000000000000
310
28ECA8F538D3D1400000000000000000000000000000000000000000000059400000000000000000000000000000000000000000000000000000000000000000000000000000F03F080000001F0000000C00000016000000000000C00C00000012000000FF7F00000C00000033000000000000000C000000130000008A1300
310
003C0000000600000002000000CA943481C4CCED4028ECA8F538D3D14000000000000000008AD0FE498EF9ED404856B29AA60CD24000000000000000000C00000013000000112700003C00000006000000020000008AD0FE498EF9ED404856B29AA60CD24000000000000000008A9B1F4C56FDED404856B29AA60CD2400000
310
0000000000000C00000016000000000000C00C00000012000000FF7F00000C00000017000000000000000C000000130000009A3A00003C00000006000000020000008A9B1F4C56FDED404856B29AA60CD2400000000000000000751E1112413BEE404856B29AA60CD24000000000000000000C00000016000000000000C00C
310
00000012000000FF7F00000C00000017000000FFFFFFFF0C0000003300000000000000
100
AcDbMLeader
270
     2
300
CONTEXT_DATA{
 40
50.0
 10
61418.69679241541
 20
18482.60319193292
 30
0.0
 41
125.0
140
100.0
145
6.25
174
     6
175
     6
176
     1
177
     0
290
     1
304
Зд-бо
 11
0.0
 21
0.0
 31
1.0
340
789
 12
61640.57179241542
 22
18632.60319193292
 32
0.0
 13
1.0
 23
0.0
 33
0.0
 42
0.0
 43
0.0
 44
0.0
 45
1.0
170
     1
 90
-1073741824
171
     2
172
     5
 91
-1027028792
141
1.5
 92
        0
291
     1
292
     0
173
     0
293
     0
142
0.0
143
0.0
294
     0
295
     0
296
     0
110
56180.41605553597
120
14636.60653335231
130
0.0
111
1.0
121
0.0
131
0.0
112
0.0
122
1.0
132
0.0
297
     0
302
LEADER{
290
     1
291
     1
 10
61388.44653263788
 20
18482.60319193292
 30
0.0
 11
1.0
 21
0.0
 31
0.0
 90
        0
 40
30.25025977753103
304
LEADER_LINE{
 10
61030.14077214298
 20
18252.88999388754
 30
0.0
 91
        0
305
}
304
LEADER_LINE{
 10
61030.14077214298
 20
18252.88999388754
 30
0.0
 91
        1
305
}
271
     0
303
}
272
     9
273
     9
301
}
340
12E
 90
 84238254
170
     1
 91
-1073741824
341
15
171
    13
290
     1
291
     1
 41
3.509872981086373
342
2B9
 42
2.0
172
     2
343
789
173
     6
 95
        6
174
     1
175
     2
 92
-1056964608
292
     0
 93
-1056964608
 10
1.0
 20
1.0
 30
1.0
 43
0.0
176
     0
293
     0
294
     0
178
     0
179
     2
 45
50.0
271
     0
272
     9
273
     9
295
     1
  0
DIMENSION
  5
9B1
330
1F
100
AcDbEntity
  8
$Выноски
100
AcDbDimension
280
     0
  2
*D141
 10
42185.17441541106
 20
16909.81741171788
 30
0.0
 11
42097.67441541106
 21
17189.81738075138
 31
0.0
 70
    32
 71
     5
 42
559.9999380670488
 73
     0
 74
     0
 75
     0
  3
@TN  1-50
100
AcDbAlignedDimension
 13
41325.34787779448
 23
17469.81734978492
 33
0.0
 14
41770.30391921017
 24
16909.81741171787
 34
0.0
 50
90.0
100
AcDbRotatedDimension
  0
DIMENSION
  5
9B2
330
1F
100
AcDbEntity
  8
$Выноски
100
AcDbDimension
280
     0
  2
*D142
 10
42185.17441541106
 20
21469.81734830273
 30
0.0
 11
42097.67441541106
 21
19469.81734904381
 31
0.0
 70
    32
  1
2х2000=<>
 71
     5
 42
3999.9999985178
 73
     0
 74
     0
 75
     0
  3
@TN  1-50
100
AcDbAlignedDimension
 13
41325.34787779448
 23
17469.81734978492
 33
0.0
 14
41325.34787779448
 24
21469.81734830272
 34
0.0
 50
90.0
100
AcDbRotatedDimension
  0
DIMENSION
  5
9B3
330
1F
100
AcDbEntity
  8
$Выноски
100
AcDbDimension
280
     0
  2
*D143
 10
42185.17441541106
 20
22909.81741171788
 30
0.0
 11
42097.67441541106
 21
22189.81738001029
 31
0.0
 70
    32
 71
     5
 42
1440.000063415151
 73
     0
 74
     0
 75
     0
  3
@TN  1-50
100
AcDbAlignedDimension
 13
41325.34787779448
 23
21469.81734830272
 33
0.0
 14
41770.30391921017
 24
22909.81741171787
 34
0.0
 50
90.0
100
AcDbRotatedDimension
  0
DIMENSION
  5
9B4
330
1F
100
AcDbEntity
  8
$Размеры
100
AcDbDimension
280
     0
  2
*D144
 10
56025.34913748981
 20
18230.09148321851
 30
0.0
 11
55937.8491374898
 21
17792.1024329652
 31
0.0
 70
    32
 71
     5
 42
875.9781005065887
 73
     0
 74
     0
 75
     0
  3
@TN  1-50
100
AcDbAlignedDimension
 13
56469.85151243357
 23
17354.11338271192
 33
0.0
 14
56469.85151243357
 24
18230.09148321851
 34
0.0
 50
90.0
100
AcDbRotatedDimension
  0
DIMENSION
  5
9B5
330
1F
100
AcDbEntity
  8
$Размеры
100
AcDbDimension
280
     0
  2
*D145
 10
56025.34913748981
 20
14514.566786196
 30
0.0
 11
55937.84913748979
 21
14184.34008445394
 31
0.0
 70
    32
 71
     5
 42
660.4534034840762
 73
     0
 74
     0
 75
     0
  3
@TN  1-50
100
AcDbAlignedDimension
 13
56469.85151243357
 23
13854.11338271192
 33
0.0
 14
56469.85151243357
 24
14514.56678619599
 34
0.0
 50
90.0
100
AcDbRotatedDimension
  0
DIMENSION
  5
9B6
330
1F
100
AcDbEntity
  8
$Размеры
100
AcDbDimension
280
     0
  2
*D146
 10
63037.12003725408
 20
14544.55629284916
 30
0.0
 11
62949.62003725406
 21
14364.334096319
 31
0.0
 70
    32
 71
     5
 42
360.4443930602865
 73
     0
 74
     0
 75
     0
  3
@TN  1-50
100
AcDbAlignedDimension
 13
62469.85151243356
 23
14184.11189978887
 33
0.0
 14
62468.04937956582
 24
14544.55629284916
 34
0.0
 50
90.0
100
AcDbRotatedDimension
  0
DIMENSION
  5
9B7
330
1F
100
AcDbEntity
  8
$Размеры
100
AcDbDimension
280
     0
  2
*D147
 10
63037.12003725408
 20
18260.08460446625
 30
0.0
 11
62949.62003725407
 21
17972.09825212754
 31
0.0
 70
    32
 71
     5
 42
575.9727046773768
 73
     0
 74
     0
 75
     0
  3
@TN  1-50
100
AcDbAlignedDimension
 13
62469.85151243356
 23
17684.11189978887
 33
0.0
 14
62466.97092627648
 24
18260.08460446624
 34
0.0
 50
90.0
100
AcDbRotatedDimension
  0
LWPOLYLINE
  5
9B8
330
1F
100
AcDbEntity
  8
$Размеры
100
AcDbPolyline
 90
        2
 70
     0
 43
0.0
 10
57069.85151243356
 20
20854.11338271192
 10
58869.85151243357
 20
20854.11338271192
  0
DIMENSION
  5
9B9
330
1F
100
AcDbEntity
  8
$Размеры
100
AcDbDimension
280
     0
  2
*D148
 10
57030.43857638592
 20
14995.9439081274
 30
0.0
 11
56750.14504440974
 21
15083.4439081274
 31
0.0
 70
    32
  1
560
 71
     5
 42
560.5870639523491
 73
     0
 74
     0
 75
     0
  3
@TN  1-50
100
AcDbAlignedDimension
 13
56469.85151243357
 23
14514.56678619599
 33
0.0
 14
57030.43857638592
 24
14517.36972151571
 34
0.0
100
AcDbRotatedDimension
  0
DIMENSION
  5
9BA
330
1F
100
AcDbEntity
  8
$Размеры
100
AcDbDimension
280
     0
  2
*D149
 10
61030.14501196106
 20
14995.9439081274
 30
0.0
 11
59030.29179417349
 21
15083.4439081274
 31
0.0
 70
    32
  1
2х2000=<>
 71
     5
 42
3999.70643557515
 73
     0
 74
     0
 75
     0
  3
@TN  1-50
100
AcDbAlignedDimension
 13
57030.43857638592
 23
14517.36972151571
 33
0.0
 14
61030.14501196106
 24
14537.36825369359
 34
0.0
100
AcDbRotatedDimension
  0
DIMENSION
  5
9BB
330
1F
100
AcDbEntity
  8
$Размеры
100
AcDbDimension
280
     0
  2
*D150
 10
62469.85151603546
 20
14995.9439081274
 30
0.0
 11
61749.99826399826
 21
15083.4439081274
 31
0.0
 70
    32
 71
     5
 42
1439.706504074391
 73
     0
 74
     0
 75
     0
  3
@TN  1-50
100
AcDbAlignedDimension
 13
61030.14501196106
 23
14537.36825369359
 33
0.0
 14
62469.85151603546
 24
14544.556292741
 34
0.0
100
AcDbRotatedDimension
  0
DIMENSION
  5
9BC
330
1F
100
AcDbEntity
  8
$Размеры
100
AcDbDimension
280
     0
  2
*D151
 10
57030.43857638592
 20
18711.46860514991
 30
0.0
 11
56750.14504440974
 21
18798.96860514991
 31
0.0
 70
    32
  1
560
 71
     5
 42
560.5870639523491
 73
     0
 74
     0
 75
     0
  3
@TN  1-50
100
AcDbAlignedDimension
 13
56469.85151243357
 23
18230.09148321851
 33
0.0
 14
57030.43857638592
 24
18232.89441853822
 34
0.0
100
AcDbRotatedDimension
  0
DIMENSION
  5
9BD
330
1F
100
AcDbEntity
  8
$Размеры
100
AcDbDimension
280
     0
  2
*D152
 10
61030.14501196106
 20
18711.46860514991
 30
0.0
 11
59030.29179417349
 21
18798.96860514991
 31
0.0
 70
    32
  1
2х2000=<>
 71
     5
 42
3999.70643557515
 73
     0
 74
     0
 75
     0
  3
@TN  1-50
100
AcDbAlignedDimension
 13
57030.43857638592
 23
18232.89441853822
 33
0.0
 14
61030.14501196106
 24
18252.89295071611
 34
0.0
100
AcDbRotatedDimension
  0
DIMENSION
  5
9BE
330
1F
100
AcDbEntity
  8
$Размеры
100
AcDbDimension
280
     0
  2
*D153
 10
62469.85151603546
 20
18711.46860514991
 30
0.0
 11
61749.99826399826
 21
18798.96860514991
 31
0.0
 70
    32
 71
     5
 42
1439.706504074391
 73
     0
 74
     0
 75
     0
  3
@TN  1-50
100
AcDbAlignedDimension
 13
61030.14501196106
 23
18252.89295071611
 33
0.0
 14
62469.85151603546
 24
18260.08098976352
 34
0.0
100
AcDbRotatedDimension
  0
LWPOLYLINE
  5
9BF
330
1F
100
AcDbEntity
  8
$Выноски
100
AcDbPolyline
 90
        3
 70
     0
 43
0.0
 10
59015.40646872211
 20
18242.84116944173
 10
59359.20298032609
 20
18482.60319193292
 10
61768.66871878837
 20
18482.60319193292
  0
LWPOLYLINE
  5
9C0
330
1F
100
AcDbEntity
  8
$Выноски
100
AcDbPolyline
 90
        3
 70
     0
 43
0.0
 10
57029.55788755796
 20
18232.91191720127
 10
57373.35439916195
 20
18482.60319193292
 10
59359.20298032609
 20
18482.60319193292
  0
DIMENSION
  5
9C1
330
1F
100
AcDbEntity
  8
$Размеры
100
AcDbDimension
280
     0
  2
*D154
 10
56276.75681859268
 20
18711.46860514992
 30
0.0
 11
56189.25681859267
 21
18470.7800441842
 31
0.0
 70
    32
 71
     5
 42
481.3771219314076
 73
     0
 74
     0
 75
     0
  3
@TN  1-50
100
AcDbAlignedDimension
 13
56469.85151243357
 23
18230.09148321851
 33
0.0
 14
56469.85151243357
 24
18711.46860514991
 34
0.0
 50
90.0
100
AcDbRotatedDimension
  0
MULTILEADER
  5
9C2
330
1F
100
AcDbEntity
  8
$Выноски
160
              1432
310
98050000260000000C00000016000000000000C00C00000033000000000000000C00000013000000993A0000C00000002600000015DA26E9F0F8ED4090081F0C0AE4CC40000000000000000000000000000000000000000000000000000000000000F03F000000000000F03F00000000000000000000000000000000170434
310
040000AC2902000000010000000000000000405F40000000000000F03F65732D3852C1D03F000000000000F03F000000000000000000000000000000000000000000000000000000000100000022000000490053004F0043005000450055005200000000000000000000000000BC00000026000000DAF31FB5C813EE409008
310
1F0C0AE4CC40000000000000000000000000000000000000000000000000000000000000F03F000000000000F03F000000000000000000000000000000002D00000001000000010000000000000000405F40000000000000F03F65732D3852C1D03F000000000000F03F000000000000000000000000000000000000000000
310
000000000000000100000022000000490053004F0043005000450055005200000044000000610000006F00C0000000260000003B431FE3231FEE4090081F0C0AE4CC40000000000000000000000000000000000000000000000000000000000000F03F000000000000F03F0000000000000000000000000000000031043E04
310
0000200002000000010000000000000000405F40000000000000F03F65732D3852C1D03F000000000000F03F000000000000000000000000000000000000000000000000000000000100000022000000490053004F00430050004500550052000000720000006100000000000C00000033000000000000000C000000100000
310
00080000000C00000016000000000000C00C000000170000000D0000000C00000012000000FF7F00000C0000001300000001000000880000001D00000090ED6047D20B55C085A2BFB85DFC4A400000000000000000CA943481C4CCED4085A2BFB85DFC4AC090ED6047D20B55C0000000000000000050340CC2AE64CC400000
310
000000000000000000000000000000000000000059400000000000000000000000000000000000000000000000000000000000000000000000000000F03F080000001F0000000C00000016000000000000C00C00000012000000FF7F00000C00000033000000000000000C00000013000000891300003C0000000600000002
310
000000CA943481C4CCED4050340CC2AE64CC4000000000000000008AD0FE498EF9ED4090081F0C8AD7CC4000000000000000000C0000001300000002000000880000001D00000090ED6047D20B55C085A2BFB85DFC4A400000000000000000CA943481C4CCED4085A2BFB85DFC4AC090ED6047D20B55C00000000000000000
310
50340CC2AE64CC400000000000000000000000000000000000000000000059400000000000000000000000000000000000000000000000000000000000000000000000000000F03F080000001F0000000C00000016000000000000C00C00000012000000FF7F00000C00000033000000000000000C000000130000008A1300
310
003C0000000600000002000000CA943481C4CCED4050340CC2AE64CC4000000000000000008AD0FE498EF9ED4090081F0C8AD7CC4000000000000000000C00000013000000112700003C00000006000000020000008AD0FE498EF9ED4090081F0C8AD7CC4000000000000000008A9B1F4C56FDED4090081F0C8AD7CC400000
310
0000000000000C00000016000000000000C00C00000012000000FF7F00000C00000017000000000000000C000000130000009A3A00003C00000006000000020000008A9B1F4C56FDED4090081F0C8AD7CC400000000000000000751E1112413BEE4090081F0C8AD7CC4000000000000000000C00000016000000000000C00C
310
00000012000000FF7F00000C00000017000000FFFFFFFF0C0000003300000000000000
100
AcDbMLeader
270
     2
300
CONTEXT_DATA{
 40
50.0
 10
61418.69679241541
 20
14767.07849491041
 30
0.0
 41
125.0
140
100.0
145
6.25
174
     6
175
     6
176
     1
177
     0
290
     1
304
Зд-бо
 11
0.0
 21
0.0
 31
1.0
340
789
 12
61640.57179241542
 22
14917.07849491041
 32
0.0
 13
1.0
 23
0.0
 33
0.0
 42
0.0
 43
0.0
 44
0.0
 45
1.0
170
     1
 90
-1073741824
171
     2
172
     5
 91
-1027028792
141
1.5
 92
        0
291
     1
292
     0
173
     0
293
     0
142
0.0
143
0.0
294
     0
295
     0
296
     0
110
56180.41605553597
120
10921.0818363298
130
0.0
111
1.0
121
0.0
131
0.0
112
0.0
122
1.0
132
0.0
297
     0
302
LEADER{
290
     1
291
     1
 10
61388.44653263788
 20
14767.07849491041
 30
0.0
 11
1.0
 21
0.0
 31
0.0
 90
        0
 40
30.25025977753103
304
LEADER_LINE{
 10
61030.14077214298
 20
14537.36529686502
 30
0.0
 91
        0
305
}
304
LEADER_LINE{
 10
61030.14077214298
 20
14537.36529686502
 30
0.0
 91
        1
305
}
271
     0
303
}
272
     9
273
     9
301
}
340
12E
 90
 84238254
170
     1
 91
-1073741824
341
15
171
    13
290
     1
291
     1
 41
3.509872981086373
342
2B9
 42
2.0
172
     2
343
789
173
     6
 95
        6
174
     1
175
     2
 92
-1056964608
292
     0
 93
-1056964608
 10
1.0
 20
1.0
 30
1.0
 43
0.0
176
     0
293
     0
294
     0
178
     0
179
     2
 45
50.0
271
     0
272
     9
273
     9
295
     1
  0
LWPOLYLINE
  5
9C3
330
1F
100
AcDbEntity
  8
$Выноски
100
AcDbPolyline
 90
        3
 70
     0
 43
0.0
 10
59030.14501344233
 20
14527.36825370104
 10
59359.20298032609
 20
14767.07849491041
 10
61768.66871878837
 20
14767.07849491041
  0
LWPOLYLINE
  5
9C4
330
1F
100
AcDbEntity
  8
$Выноски
100
AcDbPolyline
 90
        3
 70
     0
 43
0.0
 10
57029.55788755796
 20
14517.38722017876
 10
57373.35439916195
 20
14767.07849491041
 10
59359.20298032609
 20
14767.07849491041
  0
CIRCLE
  5
9C5
330
1F
100
AcDbEntity
  8
$Выноски
100
AcDbCircle
 10
57087.31174695405
 20
20871.57361723253
 30
0.0
 40
100.0
  0
MULTILEADER
  5
9C6
330
1F
100
AcDbEntity
  8
$Выноски
160
               784
310
100300001C0000000C00000016000000000000C00C00000033000000000000000C00000013000000993A0000BC00000026000000E76FCD84CC02EC40A8CB0AB3F444D440000000000000000000000000000000000000000000000000000000000000F03F000000000000F03F00000000000000000000000000000000100400
310
0001000000010000000000000000405F40000000000000F03F65732D3852C1D03F000000000000F03F000000000000000000000000000000000000000000000000000000000100000022000000490053004F0043005000450055005200000044000000610000006F000C00000033000000000000000C000000100000000800
310
00000C00000016000000000000C00C000000170000000D0000000C00000012000000FF7F00000C0000001300000001000000880000001D000000D82689149EB645C0C81673210FC838C000000000000000004AC7D1153AEAEB40C81673210FC83840D82689149EB645C0000000000000000028DB672EC453D4400000000000
310
000000000000000000000000000000000049400000000000000000000000000000000000000000000000000000000000000000000000000000F03F080000001F0000000C00000016000000000000C00C00000012000000FF7F00000C00000033000000000000000C00000013000000891300003C0000000600000002000000
310
4AC7D1153AEAEB4028DB672EC453D4400000000000000000C219C80FAEFCEB40A8CB0AB3B43ED44000000000000000000C00000013000000112700003C0000000600000002000000C219C80FAEFCEB40A8CB0AB3B43ED4400000000000000000CAFCC96AE404EC40A8CB0AB3B43ED44000000000000000000C000000160000
310
00000000C00C00000012000000FF7F00000C00000017000000000000000C000000130000009A3A00003C0000000600000002000000CAFCC96AE404EC40A8CB0AB3B43ED44000000000000000008F16C336CC14EC40A8CB0AB3B43ED44000000000000000000C00000016000000000000C00C00000012000000FF7F00000C00
310
000017000000FFFFFFFF0C0000003300000000000000
100
AcDbMLeader
270
     2
300
CONTEXT_DATA{
 40
50.0
 10
57383.13803576825
 20
20730.82342786682
 30
0.0
 41
125.0
140
50.0
145
6.25
174
     6
175
     6
176
     1
177
     0
290
     1
304
А
 11
0.0
 21
0.0
 31
1.0
340
789
 12
57439.38803576825
 22
20880.82342786683
 32
0.0
 13
1.0
 23
0.0
 33
0.0
 42
0.0
 43
0.0
 44
0.0
 45
1.0
170
     1
 90
-1073741824
171
     2
172
     5
 91
-1073741824
141
0.0
 92
        0
291
     0
292
     0
173
     0
293
     0
142
0.0
143
0.0
294
     0
295
     0
296
     0
110
57173.77620419402
120
20812.35233424036
130
0.0
111
1.0
121
0.0
131
0.0
112
0.0
122
1.0
132
0.0
297
     0
302
LEADER{
290
     1
291
     1
 10
57317.4394264701
 20
20730.82342786682
 30
0.0
 11
1.0
 21
0.0
 31
0.0
 90
        0
 40
65.69860929815331
304
LEADER_LINE{
 10
57169.81516350673
 20
20815.06533237841
 30
0.0
 91
        0
305
}
271
     0
303
}
272
     9
273
     9
301
}
340
12E
 90
 84271022
170
     1
 91
-1073741824
341
15
171
    13
290
     1
291
     1
 41
1.313972185963066
342
2B9
 42
1.0
172
     2
343
789
173
     6
 95
        6
174
     1
175
     0
 92
-1073741824
292
     0
 93
-1056964608
 10
1.0
 20
1.0
 30
1.0
 43
0.0
176
     0
293
     0
294
     0
178
     0
179
     2
 45
50.0
271
     0
272
     9
273
     9
295
     1
  0
LWPOLYLINE
  5
9C7
330
1F
100
AcDbEntity
  8
$Выноски
100
AcDbPolyline
 90
        3
 70
     0
 43
0.0
 10
32170.35514719279
 20
19469.81734978399
 10
31802.21371046648
 20
19799.46244255305
 10
31802.21371046648
 20
23206.15845119549
  0
LWPOLYLINE
  5
9C8
330
1F
100
AcDbEntity
  8
$Выноски
100
AcDbPolyline
 90
        3
 70
     0
 43
0.0
 10
32170.35514719279
 20
17469.81734978492
 10
31802.21371046648
 20
17813.6138613889
 10
31802.21371046648
 20
19799.46244255305
  0
INSERT
  5
9C9
330
1F
100
AcDbEntity
  8
0
100
AcDbBlockReference
  2
ыанртокефтымявпа
 10
32345.35514719279
 20
26736.90035038491
 30
0.0
1001
mc3dCrTime
1071
952503644
1071
 31249586
  0
INSERT
  5
9CA
330
1F
100
AcDbEntity
  8
0
100
AcDbBlockReference
  2
ыанртокефтымявпа
 10
36747.85151249364
 20
26832.24939852165
 30
0.0
1001
mc3dCrTime
1071
952503744
1071
 31249586
  0
INSERT
  5
9CB
330
1F
100
AcDbEntity
  8
0
100
AcDbBlockReference
  2
ыанртокефтымявпа
 10
41150.34787779448
 20
26736.90035038502
 30
0.0
1001
mc3dCrTime
1071
952503844
1071
 31249586
  0
MULTILEADER
  5
9CC
330
1F
100
AcDbEntity
  8
$Выноски
160
               788
310
140300001C0000000C00000016000000000000C00C00000033000000000000000C00000013000000993A0000C00000002600000027F035E926DFE240A82DC6E412ECD940000000000000000000000000000000000000000000000000000000000000F03F000000000000F03F17C049D3DA65BA3C0000000000000000320030
310
003020000003000000010000000000000000405F40000000000000F03F65732D3852C1D03F000000000000F03F000000000000000000000000000000000000000000000000000000000100000022000000490053004F00430050004500550052000000000000000000000000000C00000033000000000000000C0000001000
310
0000080000000C00000016000000000000C00C000000170000000D0000000C00000012000000FF7F00000C0000001300000001000000880000001D000000F6C5966E4D1347C0E39CA19EF23C33C00000000000000000CAD42AA90717E340E39CA19EF23C3340F6C5966E4D1347C000000000000000002833BFA2F7F5D94000
310
00000000000000000000000000000000000000000049400000000000000000000000000000000000000000000000000000000000000000000000000000F03F080000001F0000000C00000016000000000000C00C00000012000000FF7F00000C00000033000000000000000C00000013000000891300003C00000006000000
310
02000000CAD42AA90717E3402833BFA2F7F5D9400000000000000000D2A185BD642AE340A82DC6E4D2E5D94000000000000000000C00000013000000112700003C0000000600000002000000D2A185BD642AE340A82DC6E4D2E5D94000000000000000000A7D32CF4E08E340A82DC6E4D2E5D94000000000000000000C0000
310
0016000000000000C00C00000012000000FF7F00000C00000017000000000000000C000000130000009A3A00003C00000006000000020000004563390367DFE240A82DC6E4D2E5D94000000000000000000A7D32CF4E08E340A82DC6E4D2E5D94000000000000000000C00000016000000000000C00C00000012000000FF7F
310
00000C00000017000000FFFFFFFF0C0000003300000000000000
100
AcDbMLeader
270
     2
300
CONTEXT_DATA{
 40
50.0
 10
38644.96914357556
 20
26519.29521326502
 30
0.0
 41
125.0
140
50.0
145
6.25
174
     6
175
     6
176
     1
177
     0
290
     1
304
20‰
 11
0.0
 21
0.0
 31
1.0
340
789
 12
38822.21279262945
 22
26669.29521326502
 32
0.0
 13
1.0
 23
0.0000000000000004
 33
0.0
 42
0.0000000000000004
 43
0.0
 44
0.0
 45
1.0
170
     1
 90
-1073741824
171
     2
172
     5
 91
-1073741824
141
0.0
 92
        0
291
     0
292
     0
173
     0
293
     0
142
0.0
143
0.0
294
     0
295
     0
296
     0
110
35920.62953179942
120
25870.20567768932
130
0.0
111
1.0
121
0.0000000000000004
131
0.0
112
-0.0000000000000004
122
1.0
132
0.0
297
     0
302
LEADER{
290
     1
291
     1
 10
39251.14813500982
 20
26519.29521326502
 30
0.0
 11
-1.0
 21
-0.0000000000000004
 31
0.0
 90
        0
 40
272.6853423803695
304
LEADER_LINE{
 10
39096.23940030633
 20
26583.86930828091
 30
0.0
 91
        0
305
}
271
     0
303
}
272
     9
273
     9
301
}
340
12E
 90
 84271022
170
     1
 91
-1073741824
341
15
171
    13
290
     1
291
     1
 41
1.313972185963066
342
2B9
 42
1.0
172
     2
343
789
173
     6
 95
        6
174
     1
175
     0
 92
-1073741824
292
     0
 93
-1056964608
 10
1.0
 20
1.0
 30
1.0
 43
0.0
176
     0
293
     0
294
     0
178
     0
179
     2
 45
50.0
271
     0
272
     9
273
     9
295
     1
  0
MULTILEADER
  5
9CD
330
1F
100
AcDbEntity
  8
$Выноски
160
               788
310
140300001C0000000C00000016000000000000C00C00000033000000000000000C00000013000000993A0000C00000002600000027AD6B0060CEE040A82DC6E412ECD940000000000000000000000000000000000000000000000000000000000000F03F000000000000F03F17C049D3DA65BABC0000000000000000320030
310
003020000003000000010000000000000000405F40000000000000F03F65732D3852C1D03F000000000000F03F000000000000000000000000000000000000000000000000000000000100000022000000490053004F00430050004500550052000000000000000000000000000C00000033000000000000000C0000001000
310
0000080000000C00000016000000000000C00C000000170000000D0000000C00000012000000FF7F00000C0000001300000001000000880000001D000000ADBA966E4D1347400FD3A19EF23C33C000000000000000000AE26F0CBFC1E0400FD3A19EF23C3340ADBA966E4D13474000000000000000002833BFA2F7F5D94000
310
00000000000000000000000000000000000000000049400000000000000000000000000000000000000000000000000000000000000000000000000000F03F080000001F0000000C00000016000000000000C00C00000012000000FF7F00000C00000033000000000000000C00000013000000891300003C00000006000000
310
020000000AE26F0CBFC1E0402833BFA2F7F5D9400000000000000000421515F861AEE040A82DC6E4D2E5D94000000000000000000C00000013000000112700003C0000000600000002000000421515F861AEE040A82DC6E4D2E5D94000000000000000000A3A68E677D0E040A82DC6E4D2E5D94000000000000000000C0000
310
0016000000000000C00C00000012000000FF7F00000C00000017000000000000000C000000130000009A3A00003C00000006000000020000000A3A68E677D0E040A82DC6E4D2E5D9400000000000000000CF5361B25FF9E040A82DC6E4D2E5D94000000000000000000C00000016000000000000C00C00000012000000FF7F
310
00000C00000017000000FFFFFFFF0C0000003300000000000000
100
AcDbMLeader
270
     2
300
CONTEXT_DATA{
 40
50.0
 10
34435.74687587105
 20
26519.29521326502
 30
0.0
 41
125.0
140
50.0
145
6.25
174
     6
175
     6
176
     1
177
     0
290
     1
304
20‰
 11
0.0
 21
0.0
 31
1.0
340
789
 12
34591.99687587105
 22
26669.29521326502
 32
0.0
 13
1.0
 23
-0.0000000000000004
 33
0.0
 42
0.0
 43
0.0
 44
0.0
 45
1.0
170
     1
 90
-1073741824
171
     2
172
     5
 91
-1073741824
141
0.0
 92
        0
291
     0
292
     0
173
     0
293
     0
142
0.0
143
0.0
294
     0
295
     0
296
     0
110
37493.58013670061
120
25870.20567768932
130
0.0
111
1.0
121
-0.0000000000000004
131
0.0
112
0.0000000000000004
122
1.0
132
0.0
297
     0
302
LEADER{
290
     1
291
     1
 10
34163.06153349068
 20
26519.29521326502
 30
0.0
 11
1.0
 21
-0.0000000000000004
 31
0.0
 90
        0
 40
272.6853423803695
304
LEADER_LINE{
 10
34317.97026819371
 20
26583.86930828091
 30
0.0
 91
        0
305
}
271
     0
303
}
272
     9
273
     9
301
}
340
12E
 90
 84271022
170
     1
 91
-1073741824
341
15
171
    13
290
     1
291
     1
 41
1.313972185963066
342
2B9
 42
1.0
172
     2
343
789
173
     6
 95
        6
174
     1
175
     0
 92
-1073741824
292
     0
 93
-1056964608
 10
1.0
 20
1.0
 30
1.0
 43
0.0
176
     0
293
     0
294
     0
178
     0
179
     2
 45
50.0
271
     0
272
     9
273
     9
295
     1
  0
LWPOLYLINE
  5
9CE
330
1F
100
AcDbEntity
  8
$Слои конструкции
 62
     1
100
AcDbPolyline
 90
       32
 70
     0
 43
0.0
 10
24802.85151273346
 20
38771.84336138288
 10
24802.85151273346
 20
39094.6153541784
 10
24777.85151273345
 20
39119.61535417839
 10
24187.85151243357
 20
39119.61535417839
 10
24162.85151243357
 20
39144.6153541784
 10
24162.85151243357
 20
39244.73659762954
 10
24182.85151243357
 20
39244.73659762954
 10
24182.85151243357
 20
39304.53035467809
 10
24157.85151243357
 20
39329.53035467809
 10
23657.85151243357
 20
39329.53035467809
 10
23632.85151243357
 20
39304.53035467809
 10
23632.85151243357
 20
38448.38336737563
 10
36747.85151249364
 20
38710.6833673766
 10
49562.85311179382
 20
38454.38333539087
 10
49562.85151243356
 20
39303.77035467808
 10
49537.8515125537
 20
39329.53035467809
 10
49337.85151255371
 20
39329.53035467809
 10
49312.8515125537
 20
39304.53035467809
 10
49312.8515125537
 20
39244.73659762954
 10
49332.85151255371
 20
39244.73659762954
 10
49332.85151255371
 20
39144.6153541784
 10
49307.85151255743
 20
39119.61535417839
 10
48717.85151225382
 20
39119.61535417839
 10
48692.85151225382
 20
39094.6153541784
 10
48692.85151225382
 20
38771.84336138288
 10
36997.85151249364
 20
39005.74336137778
 10
36997.85151249364
 20
39345.81535417939
 10
36972.85151249364
 20
39370.8153541794
 10
36522.85151249364
 20
39370.8153541794
 10
36497.85151249364
 20
39345.81535417939
 10
36497.85151249364
 20
39005.74336137778
 10
24802.85151273346
 20
38771.84336138288
  0
LINE
  5
9CF
330
1F
100
AcDbEntity
  8
$Оси
100
AcDbLine
 10
36747.85151249364
 20
41218.62259361652
 30
0.0
 11
36747.85151249364
 21
38111.95159842054
 31
0.0
  0
LINE
  5
9D0
330
1F
100
AcDbEntity
  8
$Оси
100
AcDbLine
 10
24552.80755391864
 20
40967.42259361552
 30
0.0
 11
24552.80755391864
 21
37860.75159841954
 31
0.0
  0
LINE
  5
9D1
330
1F
100
AcDbEntity
  8
$Оси
100
AcDbLine
 10
48942.89547096712
 20
41087.42259361598
 30
0.0
 11
48942.89547096712
 21
37980.75159842001
 31
0.0
  0
MULTILEADER
  5
9D2
330
1F
100
AcDbEntity
  8
$Выноски
160
              1432
310
98050000260000000C00000016000000000000C00C00000033000000000000000C00000013000000993A0000C000000026000000290E4A1D0888DE40A87B1024CAAFD640000000000000000000000000000000000000000000000000000000000000F03F000000000000F03F075C143326A6B1BC0000000000000000170434
310
040000D44002000000010000000000000000405F40000000000000F03F65732D3852C1D03F000000000000F03F000000000000000000000000000000000000000000000000000000000100000022000000490053004F0043005000450055005200000000000000000000000000BC00000026000000B3413CB5B7BDDE40A87B
310
1024CAAFD640000000000000000000000000000000000000000000000000000000000000F03F000000000000F03F075C143326A6B1BC00000000000000002D00000001000000010000000000000000405F40000000000000F03F65732D3852C1D03F000000000000F03F000000000000000000000000000000000000000000
310
000000000000000100000022000000490053004F0043005000450055005200000000000000000000000000C00000002600000074E03A116ED4DE40A87B1024CAAFD640000000000000000000000000000000000000000000000000000000000000F03F000000000000F03F075C143326A6B1BC000000000000000031043E04
310
0000CC4002000000010000000000000000405F40000000000000F03F65732D3852C1D03F000000000000F03F000000000000000000000000000000000000000000000000000000000100000022000000490053004F00430050004500550052000000000000000000000000000C00000033000000000000000C000000100000
310
00080000000C00000016000000000000C00C000000170000000D0000000C00000012000000FF7F00000C0000001300000001000000880000001D000000ECAFC30550710040376114E7A5FE5840000000000000000014AA6EAD8D0EDF40376114E7A5FE58C0ECAFC305507100400000000000000000E86FA298DD49D5400000
310
000000000000000000000000000000000000000059400000000000000000000000000000000000000000000000000000000000000000000000000000F03F080000001F0000000C00000016000000000000C00C00000012000000FF7F00000C00000033000000000000000C00000013000000891300003C0000000600000002
310
00000014AA6EAD8D0EDF40E86FA298DD49D540000000000000000014277DE75207DF40A87B10248AA9D64000000000000000000C0000001300000002000000880000001D000000ECAFC30550710040376114E7A5FE5840000000000000000014AA6EAD8D0EDF40376114E7A5FE58C0ECAFC305507100400000000000000000
310
E86FA298DD49D5400000000000000000000000000000000000000000000059400000000000000000000000000000000000000000000000000000000000000000000000000000F03F080000001F0000000C00000016000000000000C00C00000012000000FF7F00000C00000033000000000000000C000000130000008A1300
310
003C000000060000000200000014AA6EAD8D0EDF40E86FA298DD49D540000000000000000014277DE75207DF40A87B10248AA9D64000000000000000000C00000013000000122700003C000000060000000200000014277DE75207DF40A87B10248AA9D640000000000000000014913BE3C2FFDE40A87B10248AA9D6400000
310
0000000000000C00000016000000000000C00C00000012000000FF7F00000C00000017000000000000000C000000130000009A3A00003C00000006000000020000003E8B5857ED83DE40A87B10248AA9D640000000000000000014913BE3C2FFDE40A87B10248AA9D64000000000000000000C00000016000000000000C00C
310
00000012000000FF7F00000C00000017000000FFFFFFFF0C0000003300000000000000
100
AcDbMLeader
270
     2
300
CONTEXT_DATA{
 40
50.0
 10
31241.45845616911
 20
23206.15845119549
 30
0.0
 41
125.0
140
100.0
145
6.25
174
     6
175
     6
176
     1
177
     0
290
     1
304
Зд-бо
 11
0.0
 21
0.0
 31
1.0
340
789
 12
31521.17011918228
 22
23356.15845119549
 32
0.0
 13
1.0
 23
-0.0000000000000002
 33
0.0
 42
0.0
 43
0.0
 44
0.0
 45
1.0
170
     1
 90
-1073741824
171
     2
172
     5
 91
-1027028792
141
1.5
 92
        0
291
     1
292
     0
173
     0
293
     0
142
0.0
143
0.0
294
     0
295
     0
296
     0
110
26053.297234946
120
19280.20797457747
130
0.0
111
1.0
121
-0.0000000000000002
131
0.0
112
0.0000000000000002
122
1.0
132
0.0
297
     0
302
LEADER{
290
     1
291
     1
 10
31773.29537895981
 20
23206.15845119549
 30
0.0
 11
-1.0
 21
0.0000000000000002
 31
0.0
 90
        1
 40
30.25025977753103
304
LEADER_LINE{
 10
31802.21371046648
 20
21799.46244107178
 30
0.0
 91
        0
305
}
304
LEADER_LINE{
 10
31802.21371046648
 20
21799.46244107178
 30
0.0
 91
        1
305
}
271
     0
303
}
272
     9
273
     9
301
}
340
12E
 90
 84238254
170
     1
 91
-1073741824
341
15
171
    13
290
     1
291
     1
 41
3.509872981086373
342
2B9
 42
2.0
172
     2
343
789
173
     6
 95
        6
174
     1
175
     2
 92
-1056964608
292
     0
 93
-1056964608
 10
1.0
 20
1.0
 30
1.0
 43
0.0
176
     0
293
     0
294
     0
178
     0
179
     2
 45
50.0
271
     0
272
     9
273
     9
295
     1
  0
LWPOLYLINE
  5
9D3
330
1F
100
AcDbEntity
  8
$Размеры
100
AcDbPolyline
 90
        2
 70
     0
 43
0.0
 10
31802.21371046648
 20
21799.46244107178
 10
32170.35514719279
 20
21469.81734830272
  0
LWPOLYLINE
  5
9D4
330
1F
100
AcDbEntity
  8
$Выноски
100
AcDbPolyline
 90
        3
 70
     0
 43
0.0
 10
36572.85151249364
 20
19469.81734978399
 10
36204.71007576732
 20
19799.46244255305
 10
36204.71007576732
 20
23206.15845119549
  0
LWPOLYLINE
  5
9D5
330
1F
100
AcDbEntity
  8
$Выноски
100
AcDbPolyline
 90
        3
 70
     0
 43
0.0
 10
36572.85151249364
 20
17469.81734978492
 10
36204.71007576732
 20
17813.6138613889
 10
36204.71007576732
 20
19799.46244255305
  0
MULTILEADER
  5
9D6
330
1F
100
AcDbEntity
  8
$Выноски
160
              1432
310
98050000260000000C00000016000000000000C00C00000033000000000000000C00000013000000993A0000C000000026000000D582DEF0536AE140A87B1024CAAFD640000000000000000000000000000000000000000000000000000000000000F03F000000000000F03F075C143326A6B1BC0000000000000000170434
310
040000000002000000010000000000000000405F40000000000000F03F65732D3852C1D03F000000000000F03F000000000000000000000000000000000000000000000000000000000100000022000000490053004F0043005000450055005200000000000000000000000000BC000000260000009A9CD7BC2B85E140A87B
310
1024CAAFD640000000000000000000000000000000000000000000000000000000000000F03F000000000000F03F075C143326A6B1BC00000000000000002D00000001000000010000000000000000405F40000000000000F03F65732D3852C1D03F000000000000F03F000000000000000000000000000000000000000000
310
000000000000000100000022000000490053004F0043005000450055005200000000000000000000000000C000000026000000FBEBD6EA8690E140A87B1024CAAFD640000000000000000000000000000000000000000000000000000000000000F03F000000000000F03F075C143326A6B1BC000000000000000031043E04
310
0000000002000000010000000000000000405F40000000000000F03F65732D3852C1D03F000000000000F03F000000000000000000000000000000000000000000000000000000000100000022000000490053004F00430050004500550052000000000000000000000000000C00000033000000000000000C000000100000
310
00080000000C00000016000000000000C00C000000170000000D0000000C00000012000000FF7F00000C0000001300000001000000880000001D000000ECAFC30550710040376114E7A5FE58400000000000000000CAD0F0B896ADE140376114E7A5FE58C0ECAFC305507100400000000000000000E86FA298DD49D5400000
310
000000000000000000000000000000000000000059400000000000000000000000000000000000000000000000000000000000000000000000000000F03F080000001F0000000C00000016000000000000C00C00000012000000FF7F00000C00000033000000000000000C00000013000000891300003C0000000600000002
310
000000CAD0F0B896ADE140E86FA298DD49D54000000000000000004A0FF855F9A9E140A87B10248AA9D64000000000000000000C0000001300000002000000880000001D000000ECAFC30550710040376114E7A5FE58400000000000000000CAD0F0B896ADE140376114E7A5FE58C0ECAFC305507100400000000000000000
310
E86FA298DD49D5400000000000000000000000000000000000000000000059400000000000000000000000000000000000000000000000000000000000000000000000000000F03F080000001F0000000C00000016000000000000C00C00000012000000FF7F00000C00000033000000000000000C000000130000008A1300
310
003C0000000600000002000000CAD0F0B896ADE140E86FA298DD49D54000000000000000004A0FF855F9A9E140A87B10248AA9D64000000000000000000C00000013000000122700003C00000006000000020000004A0FF855F9A9E140A87B10248AA9D64000000000000000004A44D75331A6E140A87B10248AA9D6400000
310
0000000000000C00000016000000000000C00C00000012000000FF7F00000C00000017000000000000000C000000130000009A3A00003C00000006000000020000005FC1E58D4668E140A87B10248AA9D64000000000000000004A44D75331A6E140A87B10248AA9D64000000000000000000C00000016000000000000C00C
310
00000012000000FF7F00000C00000017000000FFFFFFFF0C0000003300000000000000
100
AcDbMLeader
270
     2
300
CONTEXT_DATA{
 40
50.0
 10
35643.95482146995
 20
23206.15845119549
 30
0.0
 41
125.0
140
100.0
145
6.25
174
     6
175
     6
176
     1
177
     0
290
     1
304
Зд-бо
 11
0.0
 21
0.0
 31
1.0
340
789
 12
35923.66648448312
 22
23356.15845119549
 32
0.0
 13
1.0
 23
-0.0000000000000002
 33
0.0
 42
0.0
 43
0.0
 44
0.0
 45
1.0
170
     1
 90
-1073741824
171
     2
172
     5
 91
-1027028792
141
1.5
 92
        0
291
     1
292
     0
173
     0
293
     0
142
0.0
143
0.0
294
     0
295
     0
296
     0
110
30455.79360024685
120
19280.20797457747
130
0.0
111
1.0
121
-0.0000000000000002
131
0.0
112
0.0000000000000002
122
1.0
132
0.0
297
     0
302
LEADER{
290
     1
291
     1
 10
36175.79174426066
 20
23206.15845119549
 30
0.0
 11
-1.0
 21
0.0000000000000002
 31
0.0
 90
        1
 40
30.25025977753103
304
LEADER_LINE{
 10
36204.71007576732
 20
21799.46244107178
 30
0.0
 91
        0
305
}
304
LEADER_LINE{
 10
36204.71007576732
 20
21799.46244107178
 30
0.0
 91
        1
305
}
271
     0
303
}
272
     9
273
     9
301
}
340
12E
 90
 84238254
170
     1
 91
-1073741824
341
15
171
    13
290
     1
291
     1
 41
3.509872981086373
342
2B9
 42
2.0
172
     2
343
789
173
     6
 95
        6
174
     1
175
     2
 92
-1056964608
292
     0
 93
-1056964608
 10
1.0
 20
1.0
 30
1.0
 43
0.0
176
     0
293
     0
294
     0
178
     0
179
     2
 45
50.0
271
     0
272
     9
273
     9
295
     1
  0
LWPOLYLINE
  5
9D7
330
1F
100
AcDbEntity
  8
$Размеры
100
AcDbPolyline
 90
        2
 70
     0
 43
0.0
 10
36204.71007576732
 20
21799.46244107178
 10
36572.85151249364
 20
21469.81734830272
  0
LWPOLYLINE
  5
9D8
330
1F
100
AcDbEntity
  8
$Выноски
100
AcDbPolyline
 90
        3
 70
     0
 43
0.0
 10
40975.34787779448
 20
19469.81734978399
 10
40607.20644106816
 20
19799.46244255305
 10
40607.20644106816
 20
23206.15845119549
  0
LWPOLYLINE
  5
9D9
330
1F
100
AcDbEntity
  8
$Выноски
100
AcDbPolyline
 90
        3
 70
     0
 43
0.0
 10
40975.34787779448
 20
17469.81734978492
 10
40607.20644106816
 20
17813.6138613889
 10
40607.20644106816
 20
19799.46244255305
  0
MULTILEADER
  5
9DA
330
1F
100
AcDbEntity
  8
$Выноски
160
              1432
310
98050000260000000C00000016000000000000C00C00000033000000000000000C00000013000000993A0000C00000002600000095FE17D3A390E340A87B1024CAAFD640000000000000000000000000000000000000000000000000000000000000F03F000000000000F03F075C143326A6B1BC0000000000000000170434
310
040000000002000000010000000000000000405F40000000000000F03F65732D3852C1D03F000000000000F03F000000000000000000000000000000000000000000000000000000000100000022000000490053004F0043005000450055005200000000000000000000000000BC000000260000005A18119F7BABE340A87B
310
1024CAAFD640000000000000000000000000000000000000000000000000000000000000F03F000000000000F03F075C143326A6B1BC00000000000000002D00000001000000010000000000000000405F40000000000000F03F65732D3852C1D03F000000000000F03F000000000000000000000000000000000000000000
310
000000000000000100000022000000490053004F0043005000450055005200000000000000000000000000C000000026000000BB6710CDD6B6E340A87B1024CAAFD640000000000000000000000000000000000000000000000000000000000000F03F000000000000F03F075C143326A6B1BC000000000000000031043E04
310
0000AC2902000000010000000000000000405F40000000000000F03F65732D3852C1D03F000000000000F03F000000000000000000000000000000000000000000000000000000000100000022000000490053004F00430050004500550052000000000000006F00000073000C00000033000000000000000C000000100000
310
00080000000C00000016000000000000C00C000000170000000D0000000C00000012000000FF7F00000C0000001300000001000000880000001D000000ECAFC30550710040376114E7A5FE584000000000000000008A4C2A9BE6D3E340376114E7A5FE58C0ECAFC305507100400000000000000000E86FA298DD49D5400000
310
000000000000000000000000000000000000000059400000000000000000000000000000000000000000000000000000000000000000000000000000F03F080000001F0000000C00000016000000000000C00C00000012000000FF7F00000C00000033000000000000000C00000013000000891300003C0000000600000002
310
0000008A4C2A9BE6D3E340E86FA298DD49D54000000000000000000A8B313849D0E340A87B10248AA9D64000000000000000000C0000001300000002000000880000001D000000ECAFC30550710040376114E7A5FE584000000000000000008A4C2A9BE6D3E340376114E7A5FE58C0ECAFC305507100400000000000000000
310
E86FA298DD49D5400000000000000000000000000000000000000000000059400000000000000000000000000000000000000000000000000000000000000000000000000000F03F080000001F0000000C00000016000000000000C00C00000012000000FF7F00000C00000033000000000000000C000000130000008A1300
310
003C00000006000000020000008A4C2A9BE6D3E340E86FA298DD49D54000000000000000000A8B313849D0E340A87B10248AA9D64000000000000000000C00000013000000122700003C00000006000000020000000A8B313849D0E340A87B10248AA9D64000000000000000000AC0103681CCE340A87B10248AA9D6400000
310
0000000000000C00000016000000000000C00C00000012000000FF7F00000C00000017000000000000000C000000130000009A3A00003C00000006000000020000001F3D1F70968EE340A87B10248AA9D64000000000000000000AC0103681CCE340A87B10248AA9D64000000000000000000C00000016000000000000C00C
310
00000012000000FF7F00000C00000017000000FFFFFFFF0C0000003300000000000000
100
AcDbMLeader
270
     2
300
CONTEXT_DATA{
 40
50.0
 10
40046.45118677079
 20
23206.15845119549
 30
0.0
 41
125.0
140
100.0
145
6.25
174
     6
175
     6
176
     1
177
     0
290
     1
304
Зд-бо
 11
0.0
 21
0.0
 31
1.0
340
789
 12
40326.16284978397
 22
23356.15845119549
 32
0.0
 13
1.0
 23
-0.0000000000000002
 33
0.0
 42
0.0
 43
0.0
 44
0.0
 45
1.0
170
     1
 90
-1073741824
171
     2
172
     5
 91
-1027028792
141
1.5
 92
        0
291
     1
292
     0
173
     0
293
     0
142
0.0
143
0.0
294
     0
295
     0
296
     0
110
34858.28996554769
120
19280.20797457747
130
0.0
111
1.0
121
-0.0000000000000002
131
0.0
112
0.0000000000000002
122
1.0
132
0.0
297
     0
302
LEADER{
290
     1
291
     1
 10
40578.2881095615
 20
23206.15845119549
 30
0.0
 11
-1.0
 21
0.0000000000000002
 31
0.0
 90
        1
 40
30.25025977753103
304
LEADER_LINE{
 10
40607.20644106816
 20
21799.46244107178
 30
0.0
 91
        0
305
}
304
LEADER_LINE{
 10
40607.20644106816
 20
21799.46244107178
 30
0.0
 91
        1
305
}
271
     0
303
}
272
     9
273
     9
301
}
340
12E
 90
 84238254
170
     1
 91
-1073741824
341
15
171
    13
290
     1
291
     1
 41
3.509872981086373
342
2B9
 42
2.0
172
     2
343
789
173
     6
 95
        6
174
     1
175
     2
 92
-1056964608
292
     0
 93
-1056964608
 10
1.0
 20
1.0
 30
1.0
 43
0.0
176
     0
293
     0
294
     0
178
     0
179
     2
 45
50.0
271
     0
272
     9
273
     9
295
     1
  0
LWPOLYLINE
  5
9DB
330
1F
100
AcDbEntity
  8
$Размеры
100
AcDbPolyline
 90
        2
 70
     0
 43
0.0
 10
40607.20644106816
 20
21799.46244107178
 10
40975.34787779448
 20
21469.81734830272
  0
DIMENSION
  5
9DC
330
1F
100
AcDbEntity
  8
$Размеры
100
AcDbDimension
280
     0
  2
*D155
 10
36747.85151249364
 20
40127.26982278345
 30
0.0
 11
30650.32953320614
 21
40214.76982278345
 31
0.0
 70
    32
 71
     5
 42
12195.043958575
 73
     0
 74
     0
 75
     0
  3
@TN  1-50
100
AcDbAlignedDimension
 13
24552.80755391864
 23
39119.61535417839
 33
0.0
 14
36747.85151249364
 24
39981.34738596521
 34
0.0
100
AcDbRotatedDimension
  0
DIMENSION
  5
9DD
330
1F
100
AcDbEntity
  8
$Размеры
100
AcDbDimension
280
     0
  2
*D156
 10
48942.89547096712
 20
40127.26982278345
 30
0.0
 11
42845.37349173038
 21
40214.76982278345
 31
0.0
 70
    32
 71
     5
 42
12195.04395847348
 73
     0
 74
     0
 75
     0
  3
@TN  1-50
100
AcDbAlignedDimension
 13
36747.85151249364
 23
39370.8153541794
 33
0.0
 14
48942.89547096712
 24
39119.61535417839
 34
0.0
100
AcDbRotatedDimension
  0
DIMENSION
  5
9DE
330
1F
100
AcDbEntity
  8
$Размеры
100
AcDbDimension
280
     0
  2
*D157
 10
23632.85151243357
 20
40127.26982278345
 30
0.0
 11
24092.8295331761
 21
40214.76982278345
 31
0.0
 70
    32
 71
     5
 42
919.9560414850711
 73
     0
 74
     0
 75
     0
  3
@TN  1-50
100
AcDbAlignedDimension
 13
24552.80755391864
 23
39665.94258848092
 33
0.0
 14
23632.85151243357
 24
39122.23867685014
 34
0.0
100
AcDbRotatedDimension
  0
DIMENSION
  5
9DF
330
1F
100
AcDbEntity
  8
$Размеры
100
AcDbDimension
280
     0
  2
*D158
 10
49562.85151243356
 20
40127.26982278345
 30
0.0
 11
49252.87349170035
 21
40214.76982278345
 31
0.0
 70
    32
 71
     5
 42
619.9560414664447
 73
     0
 74
     0
 75
     0
  3
@TN  1-50
100
AcDbAlignedDimension
 13
48942.89547096712
 23
39284.10047367324
 33
0.0
 14
49562.85151243356
 24
39303.77035467808
 34
0.0
100
AcDbRotatedDimension
  0
DIMENSION
  5
9E0
330
1F
100
AcDbEntity
  8
$Размеры
100
AcDbDimension
280
     0
  2
*D159
 10
37343.78490452479
 20
39005.74336137779
 30
0.0
 11
37256.28490452479
 21
39188.27935777859
 31
0.0
 70
    32
 71
     5
 42
365.0719928016187
 73
     0
 74
     0
 75
     0
  3
@TN  1-50
100
AcDbAlignedDimension
 13
36972.85151249364
 23
39370.8153541794
 33
0.0
 14
36997.85151249364
 24
39005.74336137778
 34
0.0
 50
90.0
100
AcDbRotatedDimension
  0
DIMENSION
  5
9E1
330
1F
100
AcDbEntity
  8
$Размеры
100
AcDbDimension
280
     0
  2
*D160
 10
58869.85151243357
 20
20854.11338271192
 30
0.0
 11
59195.39498471242
 21
20856.42362788695
 31
0.0
 70
   162
 71
     5
 42
0.0549443956670723
 73
     0
 74
     0
 75
     0
  3
@TN  1-50
100
AcDb2LineAngularDimension
 13
57104.77198147501
 23
20889.03385175314
 33
0.0
 14
62469.85151243356
 24
21184.11189978887
 34
0.0
 15
57069.85151243356
 25
20854.11338271192
 35
0.0
 16
58893.94819760839
 26
20942.94680140436
 36
0.0
1001
ACAD
1000
DSTYLE
1002
{
1070
    41
1040
0.5
1070
   173
1070
     1
1070
   179
1070
     0
1070
   279
1070
     1
1070
   342
1005
0
1002
}
  0
LWPOLYLINE
  5
9E2
330
1F
100
AcDbEntity
  8
$Размеры
100
AcDbPolyline
 90
        2
 70
     0
 43
0.0
 10
57069.85151243356
 20
17354.11338271192
 10
58869.85151243357
 20
17354.11338271192
  0
DIMENSION
  5
9E3
330
1F
100
AcDbEntity
  8
$Размеры
100
AcDbDimension
280
     0
  2
*D161
 10
58869.85151243357
 20
17354.11338271192
 30
0.0
 11
59195.39498471196
 21
17356.42362788694
 31
0.0
 70
   162
 71
     5
 42
0.0549443956670723
 73
     0
 74
     0
 75
     0
  3
@TN  1-50
100
AcDb2LineAngularDimension
 13
57104.77198147501
 23
17389.03385175313
 33
0.0
 14
62469.85151243356
 24
17684.11189978887
 34
0.0
 15
57069.85151243356
 25
17354.11338271192
 35
0.0
 16
58893.94819760791
 26
17442.94680140434
 36
0.0
1001
ACAD
1000
DSTYLE
1002
{
1070
    41
1040
0.5
1070
   173
1070
     1
1070
   179
1070
     0
1070
   279
1070
     1
1070
   342
1005
0
1002
}
  0
LWPOLYLINE
  5
9E4
330
1F
100
AcDbEntity
  8
$Размеры
100
AcDbPolyline
 90
        2
 70
     0
 43
0.0
 10
57069.85151243356
 20
13854.11338271192
 10
58869.85151243357
 20
13854.11338271192
  0
DIMENSION
  5
9E5
330
1F
100
AcDbEntity
  8
$Размеры
100
AcDbDimension
280
     0
  2
*D162
 10
58869.85151243357
 20
13854.11338271192
 30
0.0
 11
59195.39498471197
 21
13856.42362788683
 31
0.0
 70
   162
 71
     5
 42
0.0549443956670723
 73
     0
 74
     0
 75
     0
  3
@TN  1-50
100
AcDb2LineAngularDimension
 13
57104.77198147501
 23
13889.03385175313
 33
0.0
 14
62469.85151243356
 24
14184.11189978887
 34
0.0
 15
57069.85151243356
 25
13854.11338271192
 35
0.0
 16
58893.94819760794
 26
13942.94680140434
 36
0.0
1001
ACAD
1000
DSTYLE
1002
{
1070
    41
1040
0.5
1070
   173
1070
     1
1070
   179
1070
     0
1070
   279
1070
     1
1070
   342
1005
0
1002
}
  0
DIMENSION
  5
9E6
330
1F
100
AcDbEntity
  8
$Размеры
100
AcDbDimension
280
     0
  2
*D163
 10
23183.11785568026
 20
38448.38336737564
 30
0.0
 11
23095.61785568027
 21
38888.95686102685
 31
0.0
 70
    32
 71
     5
 42
881.1469873024616
 73
     0
 74
     0
 75
     0
  3
@TN  1-50
100
AcDbAlignedDimension
 13
23789.08803810559
 23
39329.53035467809
 33
0.0
 14
23632.85151243357
 24
38448.38336737563
 34
0.0
 50
90.0
100
AcDbRotatedDimension
  0
DIMENSION
  5
9E7
330
1F
100
AcDbEntity
  8
$Размеры
100
AcDbDimension
280
     0
  2
*D164
 10
49914.07244909706
 20
38454.38333539088
 30
0.0
 11
49826.57244909705
 21
38891.95684503447
 31
0.0
 70
    32
 71
     5
 42
875.147019287222
 73
     0
 74
     0
 75
     0
  3
@TN  1-50
100
AcDbAlignedDimension
 13
49537.8515125537
 23
39329.53035467809
 33
0.0
 14
49562.85311179382
 24
38454.38333539087
 34
0.0
 50
90.0
100
AcDbRotatedDimension
  0
MTEXT
  5
9E8
102
{ACAD_XDICTIONARY
360
9E9
102
}
330
1F
100
AcDbEntity
  8
$Выноски
100
AcDbMText
 10
27830.69399651753
 20
27428.71518051418
 30
0.0
 40
75.0
 41
407.4335016787517
 46
0.0
 71
     5
 72
     5
  1
Узел А\PМ1:25
  7
@ТРАНСПРОЕКТ
 73
     1
 44
1.0
101
Embedded Object
 70
     5
 10
1.0
 20
0.0
 30
0.0
 11
27830.69399651753
 21
27428.71518051418
 31
0.0
 40
407.4335016787517
 41
0.0
 42
331.3461894323342
 43
200.0
 71
     2
 72
     1
 44
407.4335016787517
 45
12.5
 73
     0
 74
     0
 46
0.0
  0
MTEXT
  5
9EA
102
{ACAD_XDICTIONARY
360
9EB
102
}
330
1F
100
AcDbEntity
  8
$Выноски
100
AcDbMText
 10
29647.18723087626
 20
27313.08598655803
 30
0.0
 40
75.0
 41
407.4335016787517
 46
0.0
 71
     5
 72
     5
  1
Узел Б\PМ1:25
  7
@ТРАНСПРОЕКТ
 73
     1
 44
1.0
101
Embedded Object
 70
     5
 10
1.0
 20
0.0
 30
0.0
 11
29647.18723087626
 21
27313.08598655803
 31
0.0
 40
407.4335016787517
 41
0.0
 42
323.8461894323342
 43
200.0
 71
     2
 72
     1
 44
407.4335016787517
 45
12.5
 73
     0
 74
     0
 46
0.0
  0
MULTILEADER
  5
9EC
330
1F
100
AcDbEntity
  8
$Выноски
160
               796
310
1C0300001C0000000C00000016000000000000C00C00000033000000000000000C00000013000000993A0000C8000000260000006D570356BDA0DE40EB569975990CDB40000000000000000000000000000000000000000000000000000000000000F03F000000000000F03FA39831318D2489BD0000000000000000230437
310
0435043B04200010040000440006000000010000000000000000405F40000000000000F03F65732D3852C1D03F000000000000F03F000000000000000000000000000000000000000000000000000000000100000022000000490053004F00430050004500550052000000730000000000000000000C000000330000000000
310
00000C00000010000000080000000C00000016000000000000C00C000000170000000D0000000C00000012000000FF7F00000C0000001300000001000000880000001D000000948322A9D646ED3F129BB16DBBFF5840000000000000000094BB1FF3A29EDE40129BB16DBBFF58C0948322A9D646ED3F0000000000000000C8
310
6FB588925BDA400000000000000000000000000000000000000000000059400000000000000000000000000000000000000000000000000000000000000000000000000000F03F080000001F0000000C00000016000000000000C00C00000012000000FF7F00000C00000033000000000000000C0000001300000089130000
310
3C000000060000000200000094BB1FF3A29EDE40C86FB588925BDA40000000000000000054BB1FF3129DDE40F65699755906DB4000000000000000000C00000013000000112700003C000000060000000200000054BB1FF3129DDE40F65699755906DB40000000000000000064570356BDA0DE40EA5699755906DB40000000
310
00000000000C00000016000000000000C00C00000012000000FF7F00000C00000017000000000000000C000000130000009A3A00003C000000060000000200000064570356BDA0DE40EA5699755906DB400000000000000000EE8AF5ED5C2CDF40335599755906DB4000000000000000000C00000016000000000000C00C00
310
000012000000FF7F00000C00000017000000FFFFFFFF0C0000003300000000000000
100
AcDbMLeader
270
     2
300
CONTEXT_DATA{
 40
50.0
 10
31362.95837482008
 20
27673.39780267227
 30
0.0
 41
125.0
140
100.0
145
6.25
174
     6
175
     6
176
     1
177
     0
290
     1
304
Узел А
 11
0.0
 21
0.0
 31
1.0
340
789
 12
31651.58019934742
 22
27823.39780267145
 32
0.0
 13
1.0
 23
-0.0000000000028584
 33
0.0
 42
6.283185307176728
 43
0.0
 44
0.0
 45
1.0
170
     1
 90
-1073741824
171
     2
172
     5
 91
-1073741824
141
0.0
 92
        0
291
     0
292
     0
173
     0
293
     0
142
0.0
143
0.0
294
     0
295
     0
296
     0
110
31348.16452492175
120
26294.43548318258
130
0.0
111
1.0
121
-0.0000000000028584
131
0.0
112
0.0000000000028584
122
1.0
132
0.0
297
     0
302
LEADER{
290
     1
291
     1
 10
31348.29608910841
 20
27673.39780267231
 30
0.0
 11
1.0
 21
-0.0000000000028584
 31
0.0
 90
        0
 40
14.66228571167448
304
LEADER_LINE{
 10
31354.54608910864
 20
26990.28959403912
 30
0.0
 91
        0
305
}
271
     0
303
}
272
     9
273
     9
301
}
340
79A
 90
 84166532
170
     1
 91
-1073741824
341
15
171
    13
290
     1
291
     1
 41
0.2932457142334897
342
2B9
 42
2.0
172
     2
343
789
173
     6
 95
        6
174
     1
175
     0
 92
-1073741824
292
     0
 93
-1056964608
 10
1.0
 20
1.0
 30
1.0
 43
0.0
176
     0
293
     0
294
     0
178
     0
179
     2
 45
50.0
271
     0
272
     9
273
     9
295
     0
  0
LWPOLYLINE
  5
9ED
330
1F
100
AcDbEntity
  8
$Размеры
 48
50.0
100
AcDbPolyline
 90
        4
 70
     1
 43
0.0
 10
41504.67749420467
 20
26239.75967447661
 10
41096.48960624828
 20
26239.75967447661
 42
-0.9999999999999998
 10
41096.48960624828
 20
27181.58797683861
 10
41504.67749420467
 20
27181.58797683861
 42
-0.9999999999999998
  0
MULTILEADER
  5
9EE
330
1F
100
AcDbEntity
  8
$Выноски
160
               796
310
1C0300001C0000000C00000016000000000000C00C00000033000000000000000C00000013000000993A0000C8000000260000003647BED05270E44006CA1BF806A0DA40000000000000000000000000000000000000000000000000000000000000F03F000000000000F03FA39831318D2489BD0000000000000000230437
310
0435043B04200011040000000006000000010000000000000000405F40000000000000F03F65732D3852C1D03F000000000000F03F000000000000000000000000000000000000000000000000000000000100000022000000490053004F00430050004500550052000000000000000000000000000C000000330000000000
310
00000C00000010000000080000000C00000016000000000000C00C000000170000000D0000000C00000012000000FF7F00000C0000001300000001000000880000001D000000A70732A6D5F9074043359E0820FD584000000000000000000A794C9F456FE44043359E0820FD58C0A70732A6D5F907400000000000000000E8
310
C9E53CAA65DA400000000000000000000000000000000000000000000059400000000000000000000000000000000000000000000000000000000000000000000000000000F03F080000001F0000000C00000016000000000000C00C00000012000000FF7F00000C00000033000000000000000C0000001300000089130000
310
3C00000006000000020000000A794C9F456FE440E8C9E53CAA65DA4000000000000000002A794C9F7D6EE44012CA1BF8C699DA4000000000000000000C00000013000000112700003C00000006000000020000002A794C9F7D6EE44012CA1BF8C699DA4000000000000000003247BED05270E44006CA1BF8C699DA40000000
310
00000000000C00000016000000000000C00C00000012000000FF7F00000C00000017000000000000000C000000130000009A3A00003C00000006000000020000003247BED05270E44006CA1BF8C699DA400000000000000000F760B79C92B4E44059C81BF8C699DA4000000000000000000C00000016000000000000C00C00
310
000012000000FF7F00000C00000017000000FFFFFFFF0C0000003300000000000000
100
AcDbMLeader
270
     2
300
CONTEXT_DATA{
 40
50.0
 10
41858.58798135667
 20
27239.1088933442
 30
0.0
 41
125.0
140
100.0
145
6.25
174
     6
175
     6
176
     1
177
     0
290
     1
304
Узел Б
 11
0.0
 21
0.0
 31
1.0
340
789
 12
42140.95980588401
 22
27389.10889334339
 32
0.0
 13
1.0
 23
-0.0000000000028584
 33
0.0
 42
6.283185307176728
 43
0.0
 44
0.0
 45
1.0
170
     1
 90
-1073741824
171
     2
172
     5
 91
-1073741824
141
0.0
 92
        0
291
     0
292
     0
173
     0
293
     0
142
0.0
143
0.0
294
     0
295
     0
296
     0
110
41843.79413145834
120
26334.80585603873
130
0.0
111
1.0
121
-0.0000000000028584
131
0.0
112
0.0000000000028584
122
1.0
132
0.0
297
     0
302
LEADER{
290
     1
291
     1
 10
41843.925695645
 20
27239.10889334424
 30
0.0
 11
1.0
 21
-0.0000000000028584
 31
0.0
 90
        0
 40
14.66228571167448
304
LEADER_LINE{
 10
41850.17569564476
 20
27030.65996689527
 30
0.0
 91
        0
305
}
271
     0
303
}
272
     9
273
     9
301
}
340
79A
 90
 84166532
170
     1
 91
-1073741824
341
15
171
    13
290
     1
291
     1
 41
0.2932457142334897
342
2B9
 42
2.0
172
     2
343
789
173
     6
 95
        6
174
     1
175
     0
 92
-1073741824
292
     0
 93
-1056964608
 10
1.0
 20
1.0
 30
1.0
 43
0.0
176
     0
293
     0
294
     0
178
     0
179
     2
 45
50.0
271
     0
272
     9
273
     9
295
     0
  0
LWPOLYLINE
  5
9EF
330
1F
100
AcDbEntity
  8
$Размеры
 48
50.0
100
AcDbPolyline
 90
        4
 70
     1
 43
0.0
 10
32217.18059115957
 20
26239.75967447661
 10
31733.4592188034
 20
26239.75967447661
 42
-0.9999999999999998
 10
31733.4592188034
 20
27181.58797683861
 10
32217.18059115957
 20
27181.58797683861
 42
-0.9999999999999998
  0
LWPOLYLINE
  5
9F0
330
1F
100
AcDbEntity
  8
$Слои конструкции
100
AcDbPolyline
 90
       12
 70
     0
 43
0.0
 10
28269.36862210425
 20
26634.27125565268
 10
28269.36862210425
 20
26699.865066845
 10
28244.36862210425
 20
26724.865066845
 10
27654.36862180436
 20
26724.865066845
 10
27629.36862180436
 20
26749.865066845
 10
27629.36862180436
 20
26849.98631029614
 10
27649.36862180436
 20
26849.98631029614
 10
27649.36862180436
 20
26909.78006734469
 10
27624.36862180436
 20
26934.78006734469
 10
27124.36862180436
 20
26934.78006734469
 10
27099.36862180436
 20
26909.78006734469
 10
27099.36862180436
 20
26634.27125565268
  0
POLYLINE
  5
9F1
330
1F
100
AcDbEntity
  8
$Тонкие
100
AcDb2dPolyline
 66
     1
 10
0.0
 20
0.0
 30
0.0
  0
VERTEX
  5
9F2
330
9F1
100
AcDbEntity
  8
$Тонкие
100
AcDbVertex
100
AcDb2dVertex
 10
28299.03821127124
 20
26634.27125565268
 30
0.0
  0
VERTEX
  5
9F3
330
9F1
100
AcDbEntity
  8
$Тонкие
100
AcDbVertex
100
AcDb2dVertex
 10
27711.32238113189
 20
26634.27125565268
 30
0.0
  0
VERTEX
  5
9F4
330
9F1
100
AcDbEntity
  8
$Тонкие
100
AcDbVertex
100
AcDb2dVertex
 10
27686.32238113189
 20
26671.77125565268
 30
0.0
  0
VERTEX
  5
9F5
330
9F1
100
AcDbEntity
  8
$Тонкие
100
AcDbVertex
100
AcDb2dVertex
 10
27661.32238113189
 20
26596.77125565268
 30
0.0
  0
VERTEX
  5
9F6
330
9F1
100
AcDbEntity
  8
$Тонкие
100
AcDbVertex
100
AcDb2dVertex
 10
27636.32238113189
 20
26634.27125565268
 30
0.0
  0
VERTEX
  5
9F7
330
9F1
100
AcDbEntity
  8
$Тонкие
100
AcDbVertex
100
AcDb2dVertex
 10
27031.61102668389
 20
26634.27125565268
 30
0.0
  0
SEQEND
  5
9F8
330
9F1
100
AcDbEntity
  8
$Тонкие
  0
LWPOLYLINE
  5
9F9
330
1F
100
AcDbEntity
  8
$Слои конструкции
100
AcDbPolyline
 90
       12
 70
     0
 43
0.0
 10
30078.96617475252
 20
26564.26489912488
 10
30078.96567337595
 20
26831.29562840917
 10
30053.96567349609
 20
26856.29562840917
 10
29853.96567349609
 20
26856.29562840917
 10
29828.96567349609
 20
26831.29562840917
 10
29828.96567349609
 20
26771.50187136061
 10
29848.96567349609
 20
26771.50187136061
 10
29848.96567349609
 20
26671.38062790947
 10
29823.96567349981
 20
26646.38062790947
 10
29233.9656731962
 20
26646.38062790947
 10
29208.96567319621
 20
26621.38062790947
 10
29208.96567319621
 20
26564.26489912477
  0
POLYLINE
  5
9FA
330
1F
100
AcDbEntity
  8
$Тонкие
100
AcDb2dPolyline
 66
     1
 10
0.0
 20
0.0
 30
0.0
  0
VERTEX
  5
9FB
330
9FA
100
AcDbEntity
  8
$Тонкие
100
AcDbVertex
100
AcDb2dVertex
 10
30137.38254552063
 20
26564.26489912488
 30
0.0
  0
VERTEX
  5
9FC
330
9FA
100
AcDbEntity
  8
$Тонкие
100
AcDbVertex
100
AcDb2dVertex
 10
29654.51855164727
 20
26564.26489912477
 30
0.0
  0
VERTEX
  5
9FD
330
9FA
100
AcDbEntity
  8
$Тонкие
100
AcDbVertex
100
AcDb2dVertex
 10
29629.51855164727
 20
26601.76489912477
 30
0.0
  0
VERTEX
  5
9FE
330
9FA
100
AcDbEntity
  8
$Тонкие
100
AcDbVertex
100
AcDb2dVertex
 10
29604.51855164727
 20
26526.76489912477
 30
0.0
  0
VERTEX
  5
9FF
330
9FA
100
AcDbEntity
  8
$Тонкие
100
AcDbVertex
100
AcDb2dVertex
 10
29579.51855164727
 20
26564.26489912477
 30
0.0
  0
VERTEX
  5
A00
330
9FA
100
AcDbEntity
  8
$Тонкие
100
AcDbVertex
100
AcDb2dVertex
 10
29165.50182032499
 20
26564.26489912477
 30
0.0
  0
SEQEND
  5
A01
330
9FA
100
AcDbEntity
  8
$Тонкие
  0
DIMENSION
  5
A02
330
1F
100
AcDbEntity
  8
$Размеры
 48
50.0
100
AcDbDimension
280
     0
  2
*D165
 10
27099.36862180436
 20
27177.80245110349
 30
0.0
 11
27003.49520954088
 21
27221.55245110349
 31
0.0
 70
    32
 71
     5
 42
25.0
 73
     0
 74
     0
 75
     0
  3
@TN  1-25
100
AcDbAlignedDimension
 13
27124.36862180436
 23
26934.78006734469
 33
0.0
 14
27099.36862180436
 24
26909.78006734469
 34
0.0
100
AcDbRotatedDimension
  0
DIMENSION
  5
A03
330
1F
100
AcDbEntity
  8
$Размеры
 48
50.0
100
AcDbDimension
280
     0
  2
*D166
 10
27624.36862180436
 20
27177.80245110349
 30
0.0
 11
27374.36862180436
 21
27221.55245110349
 31
0.0
 70
    32
 71
     5
 42
500.0
 73
     0
 74
     0
 75
     0
  3
@TN  1-25
100
AcDbAlignedDimension
 13
27124.36862180436
 23
26934.78006734469
 33
0.0
 14
27624.36862180436
 24
26934.78006734469
 34
0.0
100
AcDbRotatedDimension
  0
DIMENSION
  5
A04
330
1F
100
AcDbEntity
  8
$Размеры
 48
50.0
100
AcDbDimension
280
     0
  2
*D167
 10
27649.36862180436
 20
27177.80245110349
 30
0.0
 11
27623.76153844369
 21
27312.25551014001
 31
0.0
 70
   160
 71
     5
 42
25.0
 73
     0
 74
     0
 75
     0
  3
@TN  1-25
100
AcDbAlignedDimension
 13
27624.36862180436
 23
26934.78006734469
 33
0.0
 14
27649.36862180436
 24
26909.78006734469
 34
0.0
100
AcDbRotatedDimension
1001
ACAD
1000
DSTYLE
1002
{
1070
   279
1070
     1
1002
}
  0
DIMENSION
  5
A05
330
1F
100
AcDbEntity
  8
$Размеры
 48
50.0
100
AcDbDimension
280
     0
  2
*D168
 10
27649.36862180436
 20
26802.91679005933
 30
0.0
 11
27495.99520954078
 21
26802.91679005933
 31
0.0
 70
   160
 71
     5
 42
20.0
 73
     0
 74
     0
 75
     0
  3
@TN  1-25
100
AcDbAlignedDimension
 13
27629.36862180436
 23
26849.98631029614
 33
0.0
 14
27649.36862180436
 24
26849.98631029614
 34
0.0
100
AcDbRotatedDimension
  0
DIMENSION
  5
A06
330
1F
100
AcDbEntity
  8
$Размеры
 48
50.0
100
AcDbDimension
280
     0
  2
*D169
 10
27629.36862180436
 20
26490.45724514176
 30
0.0
 11
27533.49520954088
 21
26534.20724514176
 31
0.0
 70
    32
 71
     5
 42
25.0
 73
     0
 74
     0
 75
     0
  3
@TN  1-25
100
AcDbAlignedDimension
 13
27654.36862180436
 23
26724.865066845
 33
0.0
 14
27629.36862180436
 24
26749.865066845
 34
0.0
100
AcDbRotatedDimension
  0
DIMENSION
  5
A07
330
1F
100
AcDbEntity
  8
$Размеры
 48
50.0
100
AcDbDimension
280
     0
  2
*D170
 10
28244.36862210425
 20
27177.80245110349
 30
0.0
 11
27946.8686219543
 21
27221.55245110349
 31
0.0
 70
    32
 71
     5
 42
595.0000002998859
 73
     0
 74
     0
 75
     0
  3
@TN  1-25
100
AcDbAlignedDimension
 13
27649.36862180436
 23
26909.78006734469
 33
0.0
 14
28244.36862210425
 24
26724.865066845
 34
0.0
100
AcDbRotatedDimension
  0
DIMENSION
  5
A08
330
1F
100
AcDbEntity
  8
$Размеры
 48
50.0
100
AcDbDimension
280
     0
  2
*D171
 10
28269.36862210425
 20
27177.80245110349
 30
0.0
 11
28365.24203436772
 21
27221.55245110349
 31
0.0
 70
    32
 71
     5
 42
25.0
 73
     0
 74
     0
 75
     0
  3
@TN  1-25
100
AcDbAlignedDimension
 13
28244.36862210425
 23
26724.865066845
 33
0.0
 14
28269.36862210425
 24
26699.865066845
 34
0.0
100
AcDbRotatedDimension
  0
DIMENSION
  5
A09
330
1F
100
AcDbEntity
  8
$Размеры
 48
50.0
100
AcDbDimension
280
     0
  2
*D172
 10
28409.24674686241
 20
26699.86506684502
 30
0.0
 11
28365.49674686241
 21
26603.99165458152
 31
0.0
 70
    32
 71
     5
 42
25.0
 73
     0
 74
     0
 75
     0
  3
@TN  1-25
100
AcDbAlignedDimension
 13
28244.36862210425
 23
26724.865066845
 33
0.0
 14
28269.36862210425
 24
26699.865066845
 34
0.0
 50
90.0
100
AcDbRotatedDimension
  0
DIMENSION
  5
A0A
330
1F
100
AcDbEntity
  8
$Размеры
 48
50.0
100
AcDbDimension
280
     0
  2
*D173
 10
27840.95167811641
 20
26749.86506684501
 30
0.0
 11
27840.95167811641
 21
26570.61824231807
 31
0.0
 70
   160
 71
     5
 42
25.0
 73
     0
 74
     0
 75
     0
  3
@TN  1-25
100
AcDbAlignedDimension
 13
27654.36862180436
 23
26724.865066845
 33
0.0
 14
27629.36862180436
 24
26749.865066845
 34
0.0
 50
90.0
100
AcDbRotatedDimension
  0
DIMENSION
  5
A0B
330
1F
100
AcDbEntity
  8
$Размеры
 48
50.0
100
AcDbDimension
280
     0
  2
*D174
 10
29047.0369567169
 20
26621.38062790949
 30
0.0
 11
29003.2869567169
 21
26525.507215646
 31
0.0
 70
    32
 71
     5
 42
25.0
 73
     0
 74
     0
 75
     0
  3
@TN  1-25
100
AcDbAlignedDimension
 13
29233.9656731962
 23
26646.38062790947
 33
0.0
 14
29208.96567319621
 24
26621.38062790947
 34
0.0
 50
90.0
100
AcDbRotatedDimension
  0
DIMENSION
  5
A0C
330
1F
100
AcDbEntity
  8
$Размеры
 48
50.0
100
AcDbDimension
280
     0
  2
*D175
 10
29828.96567344859
 20
27064.12317414119
 30
0.0
 11
29854.08344082681
 21
27222.16132321817
 31
0.0
 70
   160
 71
     5
 42
25.0
 73
     0
 74
     0
 75
     0
  3
@TN  1-25
100
AcDbAlignedDimension
 13
29853.96567344859
 23
26855.53562840916
 33
0.0
 14
29828.96567344859
 24
26830.53562840915
 34
0.0
100
AcDbRotatedDimension
1001
ACAD
1000
DSTYLE
1002
{
1070
   279
1070
     1
1002
}
  0
DIMENSION
  5
A0D
330
1F
100
AcDbEntity
  8
$Размеры
 48
50.0
100
AcDbDimension
280
     0
  2
*D176
 10
30053.96567337595
 20
27064.12317414119
 30
0.0
 11
29953.96567341227
 21
27107.87317414119
 31
0.0
 70
    32
 71
     5
 42
199.9999999273568
 73
     0
 74
     0
 75
     0
  3
@TN  1-25
100
AcDbAlignedDimension
 13
29853.96567344859
 23
26855.53562840916
 33
0.0
 14
30053.96567337595
 24
26855.53562840916
 34
0.0
100
AcDbRotatedDimension
  0
DIMENSION
  5
A0E
330
1F
100
AcDbEntity
  8
$Размеры
 48
50.0
100
AcDbDimension
280
     0
  2
*D177
 10
30078.96567337595
 20
27064.12317414119
 30
0.0
 11
30174.83908563942
 21
27107.87317414119
 31
0.0
 70
    32
 71
     5
 42
25.0
 73
     0
 74
     0
 75
     0
  3
@TN  1-25
100
AcDbAlignedDimension
 13
30053.96567337595
 23
26855.53562840916
 33
0.0
 14
30078.96567337595
 24
26830.53562840915
 34
0.0
100
AcDbRotatedDimension
  0
DIMENSION
  5
A0F
330
1F
100
AcDbEntity
  8
$Размеры
 48
50.0
100
AcDbDimension
280
     0
  2
*D178
 10
29828.96567349609
 20
26707.78050845445
 30
0.0
 11
29982.33908575967
 21
26707.78050845445
 31
0.0
 70
   160
 71
     5
 42
20.0
 73
     0
 74
     0
 75
     0
  3
@TN  1-25
100
AcDbAlignedDimension
 13
29848.96567349609
 23
26771.50187136061
 33
0.0
 14
29828.96567349609
 24
26771.50187136061
 34
0.0
100
AcDbRotatedDimension
  0
DIMENSION
  5
A10
330
1F
100
AcDbEntity
  8
$Размеры
100
AcDbDimension
280
     0
  2
*D179
 10
27840.95167811644
 20
26934.78006734471
 30
0.0
 11
27797.20167811644
 21
27030.65347960817
 31
0.0
 70
    32
 71
     5
 42
25.0
 73
     0
 74
     0
 75
     0
  3
@TN  1-25
100
AcDbAlignedDimension
 13
27649.36862180436
 23
26909.78006734469
 33
0.0
 14
27624.36862180436
 24
26934.78006734469
 34
0.0
 50
90.0
100
AcDbRotatedDimension
  0
DIMENSION
  5
A11
330
1F
100
AcDbEntity
  8
$Размеры
100
AcDbDimension
280
     0
  2
*D180
 10
27840.95167811644
 20
26909.78006734471
 30
0.0
 11
27964.06132213546
 21
26892.55755904017
 31
0.0
 70
   160
 71
     5
 42
59.79375704855192
 73
     0
 74
     0
 75
     0
  3
@TN  1-25
100
AcDbAlignedDimension
 13
27649.36862180436
 23
26849.98631029614
 33
0.0
 14
27649.36862180436
 24
26909.78006734469
 34
0.0
 50
90.0
100
AcDbRotatedDimension
1001
ACAD
1000
DSTYLE
1002
{
1070
   279
1070
     1
1002
}
  0
DIMENSION
  5
A12
330
1F
100
AcDbEntity
  8
$Размеры
100
AcDbDimension
280
     0
  2
*D181
 10
27840.95167811644
 20
26749.86506684501
 30
0.0
 11
28107.1287482228
 21
26812.31963378171
 31
0.0
 70
   160
 71
     5
 42
100.1212434511399
 73
     0
 74
     0
 75
     0
  3
@TN  1-25
100
AcDbAlignedDimension
 13
27649.36862180436
 23
26849.98631029614
 33
0.0
 14
27629.36862180436
 24
26749.865066845
 34
0.0
 50
90.0
100
AcDbRotatedDimension
1001
ACAD
1000
DSTYLE
1002
{
1070
   279
1070
     1
1002
}
  0
DIMENSION
  5
A13
330
1F
100
AcDbEntity
  8
$Размеры
100
AcDbDimension
280
     0
  2
*D182
 10
29233.9656731962
 20
27064.12317414119
 30
0.0
 11
29531.4656733224
 21
27107.87317414119
 31
0.0
 70
    32
 71
     5
 42
595.0000002523884
 73
     0
 74
     0
 75
     0
  3
@TN  1-25
100
AcDbAlignedDimension
 13
29828.96567344859
 23
26830.53562840915
 33
0.0
 14
29233.9656731962
 24
26646.38062790947
 34
0.0
100
AcDbRotatedDimension
  0
DIMENSION
  5
A14
330
1F
100
AcDbEntity
  8
$Размеры
100
AcDbDimension
280
     0
  2
*D183
 10
29208.96567319621
 20
27064.12317414119
 30
0.0
 11
29113.09226093273
 21
27107.87317414119
 31
0.0
 70
    32
 71
     5
 42
25.0
 73
     0
 74
     0
 75
     0
  3
@TN  1-25
100
AcDbAlignedDimension
 13
29233.9656731962
 23
26646.38062790947
 33
0.0
 14
29208.96567319621
 24
26621.38062790947
 34
0.0
100
AcDbRotatedDimension
  0
DIMENSION
  5
A15
330
1F
100
AcDbEntity
  8
$Размеры
 48
50.0
100
AcDbDimension
280
     0
  2
*D184
 10
26972.79009868867
 20
26909.78006734471
 30
0.0
 11
26929.04009868867
 21
26813.90665508122
 31
0.0
 70
    32
 71
     5
 42
25.0
 73
     0
 74
     0
 75
     0
  3
@TN  1-25
100
AcDbAlignedDimension
 13
27124.36862180436
 23
26934.78006734469
 33
0.0
 14
27099.36862180436
 24
26909.78006734469
 34
0.0
 50
90.0
100
AcDbRotatedDimension
  0
DIMENSION
  5
A16
330
1F
100
AcDbEntity
  8
$Размеры
100
AcDbDimension
280
     0
  2
*D185
 10
29561.34884513087
 20
26856.29562840918
 30
0.0
 11
29517.59884513087
 21
26952.16904067264
 31
0.0
 70
    32
 71
     5
 42
25.0
 73
     0
 74
     0
 75
     0
  3
@TN  1-25
100
AcDbAlignedDimension
 13
29828.96567349609
 23
26831.29562840917
 33
0.0
 14
29853.96567349609
 24
26856.29562840917
 34
0.0
 50
90.0
100
AcDbRotatedDimension
  0
DIMENSION
  5
A17
330
1F
100
AcDbEntity
  8
$Размеры
100
AcDbDimension
280
     0
  2
*D186
 10
29561.34884513087
 20
26771.50187136063
 30
0.0
 11
29441.87318113547
 21
26813.96314940302
 31
0.0
 70
   160
 71
     5
 42
59.79375704855192
 73
     0
 74
     0
 75
     0
  3
@TN  1-25
100
AcDbAlignedDimension
 13
29828.96567349609
 23
26831.29562840917
 33
0.0
 14
29828.96567349609
 24
26771.50187136061
 34
0.0
 50
90.0
100
AcDbRotatedDimension
1001
ACAD
1000
DSTYLE
1002
{
1070
   279
1070
     1
1002
}
  0
DIMENSION
  5
A18
330
1F
100
AcDbEntity
  8
$Размеры
100
AcDbDimension
280
     0
  2
*D187
 10
29561.34884513087
 20
26671.38062790949
 30
0.0
 11
29351.70416237794
 21
26734.00770702472
 31
0.0
 70
   160
 71
     5
 42
100.1212434511399
 73
     0
 74
     0
 75
     0
  3
@TN  1-25
100
AcDbAlignedDimension
 13
29828.96567349609
 23
26771.50187136061
 33
0.0
 14
29848.96567349609
 24
26671.38062790947
 34
0.0
 50
90.0
100
AcDbRotatedDimension
1001
ACAD
1000
DSTYLE
1002
{
1070
   279
1070
     1
1002
}
  0
DIMENSION
  5
A19
330
1F
100
AcDbEntity
  8
$Размеры
100
AcDbDimension
280
     0
  2
*D188
 10
29561.34884513084
 20
26646.38062790949
 30
0.0
 11
29561.34884513084
 21
26492.13380338255
 31
0.0
 70
   160
 71
     5
 42
25.0
 73
     0
 74
     0
 75
     0
  3
@TN  1-25
100
AcDbAlignedDimension
 13
29848.96567349609
 23
26671.38062790947
 33
0.0
 14
29823.96567349981
 24
26646.38062790947
 34
0.0
 50
90.0
100
AcDbRotatedDimension
  0
DIMENSION
  5
A1A
330
1F
100
AcDbEntity
  8
$Размеры
100
AcDbDimension
280
     0
  2
*D189
 10
30273.40129230505
 20
26831.29562840918
 30
0.0
 11
30273.40129230505
 21
26952.16904067298
 31
0.0
 70
   160
 71
     5
 42
25.0
 73
     0
 74
     0
 75
     0
  3
@TN  1-25
100
AcDbAlignedDimension
 13
30053.96567349609
 23
26856.29562840917
 33
0.0
 14
30078.96567337595
 24
26831.29562840917
 34
0.0
 50
90.0
100
AcDbRotatedDimension
  0
DIMENSION
  5
A1B
330
1F
100
AcDbEntity
  8
$Размеры
 48
50.0
100
AcDbDimension
280
     0
  2
*D190
 10
29848.96567349609
 20
26450.99822296974
 30
0.0
 11
29982.33908575956
 21
26494.74822296974
 31
0.0
 70
    32
 71
     5
 42
24.99999999627471
 73
     0
 74
     0
 75
     0
  3
@TN  1-25
100
AcDbAlignedDimension
 13
29823.96567349981
 23
26646.38062790947
 33
0.0
 14
29848.96567349609
 24
26671.38062790947
 34
0.0
100
AcDbRotatedDimension
  0
ENDSEC
  0
SECTION
  2
OBJECTS
  0
DICTIONARY
  5
C
330
0
100
AcDbDictionary
281
     1
  3
ACAD_CIP_PREVIOUS_PRODUCT_INFO
350
216
  3
ACAD_COLOR
350
6B
  3
ACAD_DETAILVIEWSTYLE
350
21B
  3
ACAD_GROUP
350
D
  3
ACAD_LAST_SAVED_VERSION_INFO
350
1204
  3
ACAD_LAYOUT
350
1A
  3
ACAD_MATERIAL
350
6A
  3
ACAD_MLEADERSTYLE
350
12D
  3
ACAD_MLINESTYLE
350
17
  3
ACAD_PLOTSETTINGS
350
19
  3
ACAD_PLOTSTYLENAME
350
E
  3
ACAD_SCALELIST
350
10C
  3
ACAD_SECTIONVIEWSTYLE
350
219
  3
ACAD_TABLESTYLE
350
7E
  3
ACAD_VISUALSTYLE
350
EF
  3
ACAD_WIPEOUT_VARS
350
8F5
  3
ACDB_RECOMPOSE_DATA
350
120B
  3
AcDbVariableDictionary
350
5E
  0
DICTIONARY
  5
1FF
330
2
100
AcDbDictionary
280
     1
281
     1
  3
ACAD_LAYERSTATES
360
200
  0
DICTIONARY
  5
13C
330
10
100
AcDbDictionary
280
     1
281
     1
  0
DICTIONARY
  5
1CE
330
1F
100
AcDbDictionary
280
     1
281
     1
  0
DICTIONARY
  5
2C1
330
2C0
100
AcDbDictionary
280
     1
281
     1
  3
ACAD_SORTENTS
360
2C2
  0
DICTIONARY
  5
920
330
91F
100
AcDbDictionary
280
     1
281
     1
  3
AcDbContextDataManager
360
921
  0
DICTIONARY
  5
925
330
924
100
AcDbDictionary
280
     1
281
     1
  0
DICTIONARY
  5
941
330
940
100
AcDbDictionary
280
     1
281
     1
  3
AcDbContextDataManager
360
942
  0
DICTIONARY
  5
1209
330
945
100
AcDbDictionary
280
     1
281
     1
  3
ACAD_XREC_ROUNDTRIP
360
120A
  0
DICTIONARY
  5
952
330
951
100
AcDbDictionary
280
     1
281
     1
  0
DICTIONARY
  5
968
330
967
100
AcDbDictionary
280
     1
281
     1
  0
DICTIONARY
  5
96A
330
969
100
AcDbDictionary
280
     1
281
     1
  0
DICTIONARY
  5
96C
330
96B
100
AcDbDictionary
280
     1
281
     1
  0
DICTIONARY
  5
9E9
330
9E8
100
AcDbDictionary
280
     1
281
     1
  0
DICTIONARY
  5
9EB
330
9EA
100
AcDbDictionary
280
     1
281
     1
  0
XRECORD
  5
216
102
{ACAD_REACTORS
330
C
102
}
330
C
100
AcDbXrecord
280
     1
300
ACD
300
2024
300
87798ACD_2024_0F
  0
DICTIONARY
  5
6B
102
{ACAD_REACTORS
330
C
102
}
330
C
100
AcDbDictionary
281
     1
  0
DICTIONARY
  5
21B
102
{ACAD_REACTORS
330
C
102
}
330
C
100
AcDbDictionary
281
     1
  3
Metric50
350
21C
  0
DICTIONARY
  5
D
102
{ACAD_REACTORS
330
C
102
}
330
C
100
AcDbDictionary
281
     1
  0
XRECORD
  5
1204
102
{ACAD_REACTORS
330
C
102
}
330
C
100
AcDbXrecord
280
     1
300
{C4184E6F-80B0-1240-99EA-D54378934BA5}
301
{9B6D0C4D-9CFB-D446-A7E4-5A5320BF0AA5}
302
{C4184E6F-80B0-1240-99EA-D54378934BA5}
303
\\Srv-file01\files\Алгоритм\подбет.dxf
  0
DICTIONARY
  5
1A
102
{ACAD_REACTORS
330
C
102
}
330
C
100
AcDbDictionary
281
     1
  3
Model
350
22
  3
Лист1
350
D3
  3
Лист2
350
D7
  0
DICTIONARY
  5
6A
102
{ACAD_REACTORS
330
C
102
}
330
C
100
AcDbDictionary
281
     1
  3
ByBlock
350
ED
  3
ByLayer
350
EC
  3
Global
350
EE
  0
DICTIONARY
  5
12D
102
{ACAD_REACTORS
330
C
102
}
330
C
100
AcDbDictionary
281
     1
  3
@ТРАНСПРОЕКТ
350
79A
  3
Standard
350
12E
  3
Аннотативный
350
13B
  0
DICTIONARY
  5
17
102
{ACAD_REACTORS
330
C
102
}
330
C
100
AcDbDictionary
281
     1
  3
Standard
350
18
  0
DICTIONARY
  5
19
102
{ACAD_REACTORS
330
C
102
}
330
C
100
AcDbDictionary
281
     1
  0
ACDBDICTIONARYWDFLT
  5
E
102
{ACAD_REACTORS
330
C
102
}
330
C
100
AcDbDictionary
281
     1
  3
Normal
350
F
100
AcDbDictionaryWithDefault
340
F
  0
DICTIONARY
  5
10C
102
{ACAD_REACTORS
330
C
102
}
330
C
100
AcDbDictionary
281
     1
  3
*A1
350
79B
  3
A0
350
10D
  3
A1
350
1BE
  3
A2
350
1BF
  3
A3
350
1C0
  3
A4
350
1C1
  3
A5
350
1C2
  3
A6
350
1C3
  3
A7
350
1C4
  3
A8
350
1C5
  3
A9
350
1C6
  3
B0
350
1C7
  3
B1
350
1C8
  3
B2
350
1C9
  3
B3
350
1CA
  3
B4
350
1CB
  3
B5
350
1CC
  3
B6
350
1CD
  0
DICTIONARY
  5
219
102
{ACAD_REACTORS
330
C
102
}
330
C
100
AcDbDictionary
281
     1
  3
Metric50
350
21A
  0
DICTIONARY
  5
7E
102
{ACAD_REACTORS
330
C
102
}
330
C
100
AcDbDictionary
281
     1
  3
@ТРАНСПРОЕКТ
350
798
  3
Standard
350
7F
  0
DICTIONARY
  5
EF
102
{ACAD_REACTORS
330
C
102
}
330
C
100
AcDbDictionary
281
     1
  3
2dWireframe
350
F5
  3
Basic
350
F4
  3
Brighten
350
FB
  3
ColorChange
350
FF
  3
Conceptual
350
F8
  3
Dim
350
FA
  3
EdgeColorOff
350
1E6
  3
Facepattern
350
FE
  3
Flat
350
F0
  3
FlatWithEdges
350
F1
  3
Gouraud
350
F2
  3
GouraudWithEdges
350
F3
  3
Hidden
350
F7
  3
JitterOff
350
1E4
  3
Linepattern
350
FD
  3
OverhangOff
350
1E5
  3
Realistic
350
F9
  3
Shaded
350
1F3
  3
Shaded with edges
350
1F2
  3
Shades of Gray
350
1EF
  3
Sketchy
350
1F0
  3
Thicken
350
FC
  3
Wireframe
350
F6
  3
X-Ray
350
1F1
  0
WIPEOUTVARIABLES
  5
8F5
102
{ACAD_REACTORS
330
C
102
}
330
C
100
AcDbWipeoutVariables
 70
     1
  0
XRECORD
  5
120B
102
{ACAD_REACTORS
330
C
102
}
330
C
100
AcDbXrecord
280
     1
 90
        1
330
7F
330
798
330
945
  0
DICTIONARY
  5
5E
102
{ACAD_REACTORS
330
C
102
}
330
C
100
AcDbDictionary
281
     1
  3
CANNOSCALE
350
146
  3
CENTEREXE
350
259
  3
CENTERLTYPEFILE
350
25A
  3
CMLEADERSTYLE
350
145
  3
CTABLESTYLE
350
84
  3
CVIEWDETAILSTYLE
350
227
  3
CVIEWSECTIONSTYLE
350
228
  3
DIMASSOC
350
5F
  3
HIDETEXT
350
63
  3
LAYEREVAL
350
1AE
  3
LAYERNOTIFY
350
1AF
  0
DICTIONARY
  5
200
102
{ACAD_REACTORS
330
1FF
102
}
330
1FF
100
AcDbDictionary
281
     1
  0
SORTENTSTABLE
  5
2C2
102
{ACAD_REACTORS
330
2C1
102
}
330
2C1
100
AcDbSortentsTable
330
2C0
331
2C4
  5
2C5
331
2C5
  5
2C6
331
2C6
  5
2C7
331
2C7
  5
2C4
  0
DICTIONARY
  5
921
102
{ACAD_REACTORS
330
920
102
}
330
920
100
AcDbDictionary
281
     1
  3
ACDB_ANNOTATIONSCALES
350
922
  0
DICTIONARY
  5
942
102
{ACAD_REACTORS
330
941
102
}
330
941
100
AcDbDictionary
281
     1
  3
ACDB_ANNOTATIONSCALES
350
943
  0
XRECORD
  5
120A
102
{ACAD_REACTORS
330
1209
102
}
330
1209
100
AcDbXrecord
280
     1
102
ACAD_ROUNDTRIP_2008_TABLE_ENTITY
360
1207
 70
     2
 90
        1
 10
0.0
 20
0.0
 30
0.0
 90
        0
 90
        4
361
1208
  0
ACDBDETAILVIEWSTYLE
  5
21C
102
{ACAD_REACTORS
330
21B
102
}
330
21B
100
AcDbModelDocViewStyle
 70
     0
  3
Metric50
290
     0
300
Metric50
 90
        0
100
AcDbDetailViewStyle
 70
     0
 71
     0
 90
        3
 71
     1
340
11
 62
   256
 40
5.0
340
0
 62
   256
 40
5.0
300

 40
0.0
280
     1
 71
     2
340
16
 90
       25
 62
   256
 71
     3
340
11
 62
   256
 40
5.0
 90
        0
 40
15.0
 90
        1
300
%<\AcVar ViewDetailId>% (%<\AcVar ViewScale \f "%sn">%)
 71
     4
340
16
 90
       25
 62
   256
340
16
 90
       25
 62
   256
280
     0
  0
LAYOUT
  5
22
102
{ACAD_XDICTIONARY
360
205
102
}
102
{ACAD_REACTORS
330
1A
102
}
330
1A
100
AcDbPlotSettings
  1

  2
none_device
  4
ISO_A4_(210.00_x_297.00_MM)
  6

 40
7.5
 41
20.0
 42
7.5
 43
20.0
 44
210.0
 45
297.0
 46
11.54999923706054
 47
-13.65000009536743
 48
0.0
 49
0.0
140
0.0
141
0.0
142
1.0
143
8.704084754739808
 70
 11952
 72
     1
 73
     0
 74
     0
  7

 75
     0
147
0.1148885871608098
 76
     0
 77
     2
 78
   300
148
0.0
149
0.0
100
AcDbLayout
  1
Model
 70
     1
 71
     0
 10
0.0
 20
0.0
 11
12.0
 21
9.0
 12
0.0
 22
0.0
 32
0.0
 14
0.0
 24
0.0
 34
0.0
 15
0.0
 25
0.0
 35
0.0
146
0.0
 13
0.0
 23
0.0
 33
0.0
 16
1.0
 26
0.0
 36
0.0
 17
0.0
 27
1.0
 37
0.0
 76
     0
330
1F
331
EA
1001
ACAD_PSEXT
1000
None
1000
None
1000
Not applicable
1000
The layout will not be plotted unless a new plotter configuration name is selected.
1070
     0
  0
LAYOUT
  5
D3
102
{ACAD_REACTORS
330
1A
102
}
330
1A
100
AcDbPlotSettings
  1

  2
C:\Documents and Settings\basas\Application Data\Autodesk\AutoCAD 2005\R16.1\enu\plotters\Default Windows System Printer.pc3
  4

  6

 40
0.0
 41
0.0
 42
0.0
 43
0.0
 44
0.0
 45
0.0
 46
0.0
 47
0.0
 48
0.0
 49
0.0
140
0.0
141
0.0
142
1.0
143
1.0
 70
   688
 72
     0
 73
     0
 74
     5
  7

 75
    16
147
1.0
 76
     0
 77
     2
 78
   300
148
0.0
149
0.0
100
AcDbLayout
  1
Лист1
 70
     1
 71
     1
 10
0.0
 20
0.0
 11
12.0
 21
9.0
 12
0.0
 22
0.0
 32
0.0
 14
0.0
 24
0.0
 34
0.0
 15
0.0
 25
0.0
 35
0.0
146
0.0
 13
0.0
 23
0.0
 33
0.0
 16
1.0
 26
0.0
 36
0.0
 17
0.0
 27
1.0
 37
0.0
 76
     0
330
D2
  0
LAYOUT
  5
D7
102
{ACAD_REACTORS
330
1A
102
}
330
1A
100
AcDbPlotSettings
  1

  2
C:\Documents and Settings\basas\Application Data\Autodesk\AutoCAD 2005\R16.1\enu\plotters\Default Windows System Printer.pc3
  4

  6

 40
0.0
 41
0.0
 42
0.0
 43
0.0
 44
0.0
 45
0.0
 46
0.0
 47
0.0
 48
0.0
 49
0.0
140
0.0
141
0.0
142
1.0
143
1.0
 70
   688
 72
     0
 73
     0
 74
     5
  7

 75
    16
147
1.0
 76
     0
 77
     2
 78
   300
148
0.0
149
0.0
100
AcDbLayout
  1
Лист2
 70
     1
 71
     2
 10
0.0
 20
0.0
 11
12.0
 21
9.0
 12
0.0
 22
0.0
 32
0.0
 14
0.0
 24
0.0
 34
0.0
 15
0.0
 25
0.0
 35
0.0
146
0.0
 13
0.0
 23
0.0
 33
0.0
 16
1.0
 26
0.0
 36
0.0
 17
0.0
 27
1.0
 37
0.0
 76
     0
330
D6
  0
MATERIAL
  5
ED
102
{ACAD_XDICTIONARY
360
1F9
102
}
102
{ACAD_REACTORS
330
6A
102
}
330
6A
100
AcDbMaterial
  1
ByBlock
 94
       63
  0
MATERIAL
  5
EC
102
{ACAD_XDICTIONARY
360
1F7
102
}
102
{ACAD_REACTORS
330
6A
102
}
330
6A
100
AcDbMaterial
  1
ByLayer
 94
       63
  0
MATERIAL
  5
EE
102
{ACAD_XDICTIONARY
360
173
102
}
102
{ACAD_REACTORS
330
6A
102
}
330
6A
100
AcDbMaterial
  1
Global
 43
0.0007999999797903
 43
0.0
 43
0.0
 43
0.0
 43
0.0
 43
0.0007999999797903
 43
0.0
 43
0.0
 43
0.0
 43
0.0
 43
1.0
 43
0.0
 43
0.0
 43
0.0
 43
0.0
 43
1.0
 49
0.0007999999797903
 49
0.0
 49
0.0
 49
0.0
 49
0.0
 49
0.0007999999797903
 49
0.0
 49
0.0
 49
0.0
 49
0.0
 49
1.0
 49
0.0
 49
0.0
 49
0.0
 49
0.0
 49
1.0
142
0.0007999999797903
142
0.0
142
0.0
142
0.0
142
0.0
142
0.0007999999797903
142
0.0
142
0.0
142
0.0
142
0.0
142
1.0
142
0.0
142
0.0
142
0.0
142
0.0
142
1.0
144
0.0007999999797903
144
0.0
144
0.0
144
0.0
144
0.0
144
0.0007999999797903
144
0.0
144
0.0
144
0.0
144
0.0
144
1.0
144
0.0
144
0.0
144
0.0
144
0.0
144
1.0
 94
       63
1001
ACAD
1070
    -1
1070
     3
1070
     0
1000

1071
        0
1070
     0
  0
MLEADERSTYLE
  5
79A
102
{ACAD_REACTORS
330
12D
330
9EC
330
9EE
102
}
330
12D
100
AcDbMLeaderStyle
179
     2
170
     2
171
     1
172
     0
 90
        2
 40
0.0
 41
0.0
173
     1
 91
-1073741824
340
16
 92
       13
290
     1
 42
0.125
291
     1
 43
0.125
  3
Standard
 44
2.5
300

342
789
174
     6
178
     6
175
     1
176
     0
 93
-1073741824
 45
2.5
292
     0
297
     0
 46
0.18
 94
-1056964608
 47
1.0
 49
1.0
140
1.0
293
     1
141
0.0
294
     1
177
     0
142
100.0
295
     0
296
     0
143
1.25
271
     0
272
     9
273
     9
298
     0
  0
MLEADERSTYLE
  5
12E
102
{ACAD_REACTORS
330
12D
330
926
330
944
330
9B0
330
9C2
330
9C6
330
9CC
330
9CD
330
9D2
330
9D6
330
9DA
102
}
330
12D
100
AcDbMLeaderStyle
179
     2
170
     2
171
     1
172
     0
 90
        2
 40
0.0
 41
0.0
173
     1
 91
-1056964608
340
14
 92
       -2
290
     1
 42
2.0
291
     1
 43
8.0
  3
Standard
 44
4.0
300

342
11
174
     1
178
     1
175
     1
176
     0
 93
-1056964608
 45
4.0
292
     0
297
     0
 46
4.0
 94
-1056964608
 47
1.0
 49
1.0
140
1.0
293
     1
141
0.0
294
     1
177
     0
142
1.0
295
     0
296
     0
143
3.75
271
     0
272
     9
273
     9
298
     0
  0
MLEADERSTYLE
  5
13B
102
{ACAD_REACTORS
330
12D
102
}
330
12D
100
AcDbMLeaderStyle
179
     2
170
     2
171
     1
172
     0
 90
        2
 40
0.0
 41
0.0
173
     1
 91
-1056964608
340
14
 92
       -2
290
     1
 42
2.0
291
     1
 43
8.0
  3
Standard
 44
4.0
300

342
11
174
     1
178
     1
175
     1
176
     0
 93
-1056964608
 45
4.0
292
     0
297
     0
 46
4.0
 94
-1056964608
 47
1.0
 49
1.0
140
1.0
293
     1
141
0.0
294
     1
177
     0
142
1.0
295
     0
296
     1
143
3.75
271
     0
272
     9
273
     9
298
     0
  0
MLINESTYLE
  5
18
102
{ACAD_REACTORS
330
17
102
}
330
17
100
AcDbMlineStyle
  2
STANDARD
 70
     0
  3

 62
   256
 51
90.0
 52
90.0
 71
     2
 49
0.5
 62
   256
  6
BYLAYER
 49
-0.5
 62
   256
  6
BYLAYER
  0
ACDBPLACEHOLDER
  5
F
102
{ACAD_REACTORS
330
E
102
}
330
E
  0
SCALE
  5
79B
102
{ACAD_REACTORS
330
10C
102
}
330
10C
100
AcDbScale
 70
     0
300
1-1
140
1.0
141
1.0
290
     0
  0
SCALE
  5
10D
102
{ACAD_REACTORS
330
10C
102
}
330
10C
100
AcDbScale
 70
     0
300
1:1
140
1.0
141
1.0
290
     1
  0
SCALE
  5
1BE
102
{ACAD_REACTORS
330
10C
102
}
330
10C
100
AcDbScale
 70
     0
300
1:2
140
1.0
141
2.0
290
     0
  0
SCALE
  5
1BF
102
{ACAD_REACTORS
330
10C
102
}
330
10C
100
AcDbScale
 70
     0
300
1:4
140
1.0
141
4.0
290
     0
  0
SCALE
  5
1C0
102
{ACAD_REACTORS
330
10C
102
}
330
10C
100
AcDbScale
 70
     0
300
1:5
140
1.0
141
5.0
290
     0
  0
SCALE
  5
1C1
102
{ACAD_REACTORS
330
10C
102
}
330
10C
100
AcDbScale
 70
     0
300
1:8
140
1.0
141
8.0
290
     0
  0
SCALE
  5
1C2
102
{ACAD_REACTORS
330
10C
102
}
330
10C
100
AcDbScale
 70
     0
300
1:10
140
1.0
141
10.0
290
     0
  0
SCALE
  5
1C3
102
{ACAD_REACTORS
330
10C
102
}
330
10C
100
AcDbScale
 70
     0
300
1:16
140
1.0
141
16.0
290
     0
  0
SCALE
  5
1C4
102
{ACAD_REACTORS
330
10C
102
}
330
10C
100
AcDbScale
 70
     0
300
1:20
140
1.0
141
20.0
290
     0
  0
SCALE
  5
1C5
102
{ACAD_REACTORS
330
10C
102
}
330
10C
100
AcDbScale
 70
     0
300
1:30
140
1.0
141
30.0
290
     0
  0
SCALE
  5
1C6
102
{ACAD_REACTORS
330
10C
102
}
330
10C
100
AcDbScale
 70
     0
300
1:40
140
1.0
141
40.0
290
     0
  0
SCALE
  5
1C7
102
{ACAD_REACTORS
330
10C
102
}
330
10C
100
AcDbScale
 70
     0
300
1:50
140
1.0
141
50.0
290
     0
  0
SCALE
  5
1C8
102
{ACAD_REACTORS
330
10C
102
}
330
10C
100
AcDbScale
 70
     0
300
1:100
140
1.0
141
100.0
290
     0
  0
SCALE
  5
1C9
102
{ACAD_REACTORS
330
10C
102
}
330
10C
100
AcDbScale
 70
     0
300
2:1
140
2.0
141
1.0
290
     0
  0
SCALE
  5
1CA
102
{ACAD_REACTORS
330
10C
102
}
330
10C
100
AcDbScale
 70
     0
300
4:1
140
4.0
141
1.0
290
     0
  0
SCALE
  5
1CB
102
{ACAD_REACTORS
330
10C
102
}
330
10C
100
AcDbScale
 70
     0
300
8:1
140
8.0
141
1.0
290
     0
  0
SCALE
  5
1CC
102
{ACAD_REACTORS
330
10C
102
}
330
10C
100
AcDbScale
 70
     0
300
10:1
140
10.0
141
1.0
290
     0
  0
SCALE
  5
1CD
102
{ACAD_REACTORS
330
10C
102
}
330
10C
100
AcDbScale
 70
     0
300
100:1
140
100.0
141
1.0
290
     0
  0
ACDBSECTIONVIEWSTYLE
  5
21A
102
{ACAD_REACTORS
330
219
102
}
330
219
100
AcDbModelDocViewStyle
 70
     0
  3
Metric50
290
     0
300
Metric50
 90
        0
100
AcDbSectionViewStyle
 70
     0
 71
     0
 90
      102
 71
     1
340
11
 62
   256
 40
5.0
340
0
340
0
 62
   256
 40
5.0
300
I, O, Q, S, X, Z
 40
10.0
 90
        0
 40
2.5
 90
        0
 71
     2
340
16
 90
       25
 62
   256
340
16
 90
       50
 62
   256
 40
5.0
 40
2.5
 40
5.0
 71
     3
340
11
 62
   256
 40
5.0
 90
        0
 40
15.0
 90
        1
300
%<\AcVar ViewSectionStartId>%-%<\AcVar ViewSectionEndId>% (%<\AcVar ViewScale \f "%sn">%)
 71
     4
 62
   256
 62
   257
300
ANSI31
 40
1.0
 90
        0
290
     0
290
     0
 90
        6
 40
0.0
 40
1.570796326794896
 40
0.2617993877991494
 40
1.308996938995747
 40
-0.2617993877991494
 40
1.832595714594046
  0
TABLESTYLE
  5
798
102
{ACAD_XDICTIONARY
360
799
102
}
102
{ACAD_REACTORS
330
7E
330
945
102
}
330
7E
100
AcDbTableStyle
280
     0
  3
Standard
 70
     0
 71
     0
 40
150.0
 41
50.0
280
     0
281
     0
  7
@ТРАНСПРОЕКТ
140
250.0
170
     5
 62
     7
 63
     7
283
     0
 90
        4
 91
        0
  1

274
    35
284
     1
 64
     7
275
    13
285
     1
 65
     7
276
    35
286
     1
 66
     7
277
    35
287
     1
 67
     7
278
    35
288
     1
 68
     7
279
    35
289
     1
 69
     7
  7
@ТРАНСПРОЕКТ
140
300.0
170
     5
 62
     7
 63
     7
283
     0
 90
        4
 91
        0
  1

274
    -1
284
     1
 64
     7
275
    -1
285
     1
 65
     7
276
    -1
286
     1
 66
     7
277
    -1
287
     1
 67
     7
278
    -1
288
     1
 68
     7
279
    -1
289
     1
 69
     7
  7
@ТРАНСПРОЕКТ
140
250.0
170
     5
 62
     7
 63
     7
283
     0
 90
        4
 91
        0
  1

274
    35
284
     1
 64
     7
275
    35
285
     1
 65
     7
276
    35
286
     1
 66
     7
277
    35
287
     1
 67
     7
278
    35
288
     1
 68
     7
279
    35
289
     1
 69
     7
  0
TABLESTYLE
  5
7F
102
{ACAD_XDICTIONARY
360
162
102
}
102
{ACAD_REACTORS
330
7E
102
}
330
7E
100
AcDbTableStyle
280
     0
  3
Standard
 70
     0
 71
     0
 40
1.5
 41
1.5
280
     0
281
     0
  7
Standard
140
4.5
170
     2
 62
     0
 63
     7
283
     0
 90
      512
 91
        0
  1

274
    -2
284
     1
 64
     0
275
    -2
285
     1
 65
     0
276
    -2
286
     1
 66
     0
277
    -2
287
     1
 67
     0
278
    -2
288
     1
 68
     0
279
    -2
289
     1
 69
     0
  7
Standard
140
6.0
170
     5
 62
     0
 63
     7
283
     0
 90
      512
 91
        0
  1

274
    -2
284
     1
 64
     0
275
    -2
285
     1
 65
     0
276
    -2
286
     1
 66
     0
277
    -2
287
     1
 67
     0
278
    -2
288
     1
 68
     0
279
    -2
289
     1
 69
     0
  7
Standard
140
4.5
170
     5
 62
     0
 63
     7
283
     0
 90
      512
 91
        0
  1

274
    -2
284
     1
 64
     0
275
    -2
285
     1
 65
     0
276
    -2
286
     1
 66
     0
277
    -2
287
     1
 67
     0
278
    -2
288
     1
 68
     0
279
    -2
289
     1
 69
     0
  0
VISUALSTYLE
  5
F5
102
{ACAD_REACTORS
330
EF
102
}
330
EF
100
AcDbVisualStyle
  2
2dWireframe
 70
     4
177
     3
291
     0
 70
    58
 90
        0
176
     1
 90
        2
176
     1
 90
        1
176
     1
 90
        0
176
     1
 40
0.6
176
     1
 40
30.0
176
     1
 62
     7
420
 16777215
176
     1
 90
        1
176
     1
 90
        4
176
     1
 62
     7
176
     1
 62
   257
176
     1
 90
        1
176
     1
 90
        1
176
     1
 40
1.0
176
     1
 90
        0
176
     1
 62
   257
176
     1
 40
1.0
176
     1
 90
        1
176
     1
 90
        6
176
     1
 90
        2
176
     1
 62
     7
176
     1
 90
        5
176
     1
 90
        0
176
     1
 90
        0
176
     1
290
     0
176
     1
 90
        1
176
     1
 40
0.0
176
     1
 90
        0
176
     1
290
     1
176
     1
290
     1
176
     1
290
     0
176
     1
290
     0
176
     1
290
     0
176
     1
290
     0
176
     1
290
     0
176
     1
290
     0
176
     1
290
     0
176
     1
 90
       50
176
     1
 40
0.0
176
     1
 40
1.0
176
     1
 90
        0
176
     1
 62
    18
420
        0
176
     1
 90
       50
176
     1
 90
        3
176
     1
 62
     5
420
      255
176
     1
290
     0
176
     1
 90
       50
176
     1
 90
       50
176
     1
 90
       50
176
     1
290
     0
176
     1
 90
       50
176
     1
 62
   256
176
     0
 40
1.0
176
     0
 90
        2
176
     1
  1
strokes_ogs.tif
176
     1
290
     0
176
     1
 40
1.0
176
     1
 40
1.0
176
     1
  0
VISUALSTYLE
  5
F4
102
{ACAD_REACTORS
330
EF
102
}
330
EF
100
AcDbVisualStyle
  2
Basic
 70
     7
177
     3
291
     1
 70
    58
 90
        1
176
     1
 90
        0
176
     1
 90
        1
176
     1
 90
        0
176
     1
 40
0.6
176
     1
 40
30.0
176
     1
 62
     7
420
 16777215
176
     1
 90
        0
176
     1
 90
        4
176
     1
 62
     7
176
     1
 62
   257
176
     1
 90
        1
176
     1
 90
        1
176
     1
 40
1.0
176
     1
 90
        8
176
     1
 62
     7
176
     1
 40
1.0
176
     1
 90
        1
176
     1
 90
        6
176
     1
 90
        2
176
     1
 62
     7
176
     1
 90
        5
176
     1
 90
        0
176
     1
 90
        0
176
     1
290
     0
176
     1
 90
        1
176
     1
 40
0.0
176
     1
 90
        0
176
     1
290
     0
176
     1
290
     1
176
     1
290
     1
176
     1
290
     0
176
     1
290
     0
176
     1
290
     0
176
     1
290
     0
176
     1
290
     0
176
     1
290
     0
176
     1
 90
       50
176
     1
 40
0.0
176
     1
 40
1.0
176
     1
 90
        0
176
     1
 62
    18
420
        0
176
     1
 90
       50
176
     1
 90
        3
176
     1
 62
     5
420
      255
176
     1
290
     0
176
     1
 90
       50
176
     1
 90
       50
176
     1
 90
       50
176
     1
290
     0
176
     1
 90
       50
176
     1
 62
   256
176
     0
 40
1.0
176
     0
 90
        2
176
     1
  1
strokes_ogs.tif
176
     1
290
     0
176
     1
 40
1.0
176
     1
 40
1.0
176
     1
  0
VISUALSTYLE
  5
FB
102
{ACAD_REACTORS
330
EF
102
}
330
EF
100
AcDbVisualStyle
  2
Brighten
 70
    12
177
     3
291
     1
 70
    58
 90
        2
176
     1
 90
        2
176
     1
 90
        1
176
     1
 90
        0
176
     1
 40
0.6
176
     1
 40
30.0
176
     1
 62
     7
420
 16777215
176
     1
 90
        1
176
     1
 90
        4
176
     1
 62
     7
176
     1
 62
   257
176
     1
 90
        1
176
     1
 90
        1
176
     1
 40
1.0
176
     1
 90
        8
176
     1
 62
     7
176
     1
 40
1.0
176
     1
 90
        1
176
     1
 90
        6
176
     1
 90
        2
176
     1
 62
     7
176
     1
 90
        5
176
     1
 90
        0
176
     1
 90
        0
176
     1
290
     0
176
     1
 90
        1
176
     1
 40
50.0
176
     1
 90
        0
176
     1
290
     0
176
     1
290
     1
176
     1
290
     1
176
     1
290
     0
176
     1
290
     0
176
     1
290
     0
176
     1
290
     0
176
     1
290
     0
176
     1
290
     0
176
     1
 90
       50
176
     1
 40
0.0
176
     1
 40
1.0
176
     1
 90
        0
176
     1
 62
    18
420
        0
176
     1
 90
       50
176
     1
 90
        3
176
     1
 62
     5
420
      255
176
     1
290
     0
176
     1
 90
       50
176
     1
 90
       50
176
     1
 90
       50
176
     1
290
     0
176
     1
 90
       50
176
     1
 62
   256
176
     0
 40
1.0
176
     0
 90
        2
176
     1
  1
strokes_ogs.tif
176
     1
290
     0
176
     1
 40
1.0
176
     1
 40
1.0
176
     1
  0
VISUALSTYLE
  5
FF
102
{ACAD_REACTORS
330
EF
102
}
330
EF
100
AcDbVisualStyle
  2
ColorChange
 70
    16
177
     3
291
     1
 70
    58
 90
        2
176
     1
 90
        2
176
     1
 90
        3
176
     1
 90
        0
176
     1
 40
0.6
176
     1
 40
30.0
176
     1
 62
     8
420
  8421504
176
     1
 90
        1
176
     1
 90
        4
176
     1
 62
     7
176
     1
 62
   257
176
     1
 90
        1
176
     1
 90
        1
176
     1
 40
1.0
176
     1
 90
        8
176
     1
 62
     8
420
  8421504
176
     1
 40
1.0
176
     1
 90
        1
176
     1
 90
        6
176
     1
 90
        2
176
     1
 62
     7
176
     1
 90
        5
176
     1
 90
        0
176
     1
 90
        0
176
     1
290
     0
176
     1
 90
        1
176
     1
 40
0.0
176
     1
 90
        0
176
     1
290
     0
176
     1
290
     1
176
     1
290
     1
176
     1
290
     0
176
     1
290
     0
176
     1
290
     0
176
     1
290
     0
176
     1
290
     0
176
     1
290
     0
176
     1
 90
       50
176
     1
 40
0.0
176
     1
 40
1.0
176
     1
 90
        0
176
     1
 62
    18
420
        0
176
     1
 90
       50
176
     1
 90
        3
176
     1
 62
     5
420
      255
176
     1
290
     0
176
     1
 90
       50
176
     1
 90
       50
176
     1
 90
       50
176
     1
290
     0
176
     1
 90
       50
176
     1
 62
   256
176
     0
 40
1.0
176
     0
 90
        2
176
     1
  1
strokes_ogs.tif
176
     1
290
     0
176
     1
 40
1.0
176
     1
 40
1.0
176
     1
  0
VISUALSTYLE
  5
F8
102
{ACAD_REACTORS
330
EF
102
}
330
EF
100
AcDbVisualStyle
  2
Conceptual
 70
     9
177
     3
291
     0
 70
    58
 90
        3
176
     1
 90
        2
176
     1
 90
        1
176
     1
 90
        0
176
     1
 40
0.6
176
     1
 40
30.0
176
     1
 62
     7
420
 16777215
176
     1
 90
        2
176
     1
 90
        2
176
     1
 62
     7
176
     1
 62
   257
176
     1
 90
        1
176
     1
 90
        1
176
     1
 40
40.0
176
     1
 90
        8
176
     1
 62
     7
176
     1
 40
1.0
176
     1
 90
        1
176
     1
 90
        6
176
     1
 90
        2
176
     1
 62
     7
176
     1
 90
        3
176
     1
 90
        0
176
     1
 90
        0
176
     1
290
     0
176
     1
 90
        1
176
     1
 40
0.0
176
     1
 90
        0
176
     1
290
     0
176
     1
290
     1
176
     1
290
     1
176
     1
290
     0
176
     1
290
     0
176
     1
290
     0
176
     1
290
     0
176
     1
290
     0
176
     1
290
     0
176
     1
 90
       50
176
     1
 40
0.0
176
     1
 40
1.0
176
     1
 90
        0
176
     1
 62
    18
420
        0
176
     1
 90
       50
176
     1
 90
        3
176
     1
 62
     5
420
      255
176
     1
290
     0
176
     1
 90
       50
176
     1
 90
       50
176
     1
 90
       50
176
     1
290
     0
176
     1
 90
       50
176
     1
 62
   256
176
     0
 40
1.0
176
     0
 90
        2
176
     1
  1
strokes_ogs.tif
176
     1
290
     0
176
     1
 40
1.0
176
     1
 40
1.0
176
     1
  0
VISUALSTYLE
  5
FA
102
{ACAD_REACTORS
330
EF
102
}
330
EF
100
AcDbVisualStyle
  2
Dim
 70
    11
177
     3
291
     1
 70
    58
 90
        2
176
     1
 90
        2
176
     1
 90
        1
176
     1
 90
        0
176
     1
 40
0.6
176
     1
 40
30.0
176
     1
 62
     7
420
 16777215
176
     1
 90
        1
176
     1
 90
        4
176
     1
 62
     7
176
     1
 62
   257
176
     1
 90
        1
176
     1
 90
        1
176
     1
 40
1.0
176
     1
 90
        8
176
     1
 62
     7
176
     1
 40
1.0
176
     1
 90
        1
176
     1
 90
        6
176
     1
 90
        2
176
     1
 62
     7
176
     1
 90
        5
176
     1
 90
        0
176
     1
 90
        0
176
     1
290
     0
176
     1
 90
        1
176
     1
 40
-50.0
176
     1
 90
        0
176
     1
290
     0
176
     1
290
     1
176
     1
290
     1
176
     1
290
     0
176
     1
290
     0
176
     1
290
     0
176
     1
290
     0
176
     1
290
     0
176
     1
290
     0
176
     1
 90
       50
176
     1
 40
0.0
176
     1
 40
1.0
176
     1
 90
        0
176
     1
 62
    18
420
        0
176
     1
 90
       50
176
     1
 90
        3
176
     1
 62
     5
420
      255
176
     1
290
     0
176
     1
 90
       50
176
     1
 90
       50
176
     1
 90
       50
176
     1
290
     0
176
     1
 90
       50
176
     1
 62
   256
176
     0
 40
1.0
176
     0
 90
        2
176
     1
  1
strokes_ogs.tif
176
     1
290
     0
176
     1
 40
1.0
176
     1
 40
1.0
176
     1
  0
VISUALSTYLE
  5
1E6
102
{ACAD_REACTORS
330
EF
102
}
330
EF
100
AcDbVisualStyle
  2
EdgeColorOff
 70
    22
177
     3
291
     1
 70
    58
 90
        2
176
     0
 90
        2
176
     0
 90
        0
176
     0
 90
        0
176
     0
 40
0.6
176
     0
 40
30.0
176
     0
 62
     7
420
 16777215
176
     0
 90
        1
176
     0
 90
        4
176
     0
 62
     7
176
     0
 62
   257
176
     0
 90
        1
176
     0
 90
        1
176
     0
 40
1.0
176
     0
 90
        8
176
     2
 62
     7
176
     0
 40
1.0
176
     0
 90
        1
176
     0
 90
        6
176
     0
 90
        2
176
     0
 62
     7
176
     0
 90
        5
176
     0
 90
        0
176
     0
 90
        0
176
     0
290
     0
176
     0
 90
        1
176
     0
 40
0.0
176
     0
 90
        0
176
     0
290
     0
176
     1
290
     1
176
     1
290
     1
176
     1
290
     0
176
     1
290
     0
176
     1
290
     0
176
     1
290
     0
176
     1
290
     0
176
     1
290
     0
176
     1
 90
       50
176
     1
 40
0.0
176
     1
 40
1.0
176
     1
 90
        0
176
     1
 62
    18
420
        0
176
     1
 90
       50
176
     1
 90
        3
176
     1
 62
     5
420
      255
176
     1
290
     0
176
     1
 90
       50
176
     1
 90
       50
176
     1
 90
       50
176
     1
290
     0
176
     1
 90
       50
176
     1
 62
   256
176
     0
 40
1.0
176
     0
 90
        2
176
     1
  1
strokes_ogs.tif
176
     1
290
     0
176
     1
 40
1.0
176
     1
 40
1.0
176
     1
  0
VISUALSTYLE
  5
FE
102
{ACAD_REACTORS
330
EF
102
}
330
EF
100
AcDbVisualStyle
  2
Facepattern
 70
    15
177
     3
291
     1
 70
    58
 90
        2
176
     1
 90
        2
176
     1
 90
        1
176
     1
 90
        0
176
     1
 40
0.6
176
     1
 40
30.0
176
     1
 62
     7
420
 16777215
176
     1
 90
        1
176
     1
 90
        4
176
     1
 62
     7
176
     1
 62
   257
176
     1
 90
        1
176
     1
 90
        1
176
     1
 40
1.0
176
     1
 90
        8
176
     1
 62
     7
176
     1
 40
1.0
176
     1
 90
        1
176
     1
 90
        6
176
     1
 90
        2
176
     1
 62
     7
176
     1
 90
        5
176
     1
 90
        0
176
     1
 90
        0
176
     1
290
     0
176
     1
 90
        1
176
     1
 40
0.0
176
     1
 90
        0
176
     1
290
     0
176
     1
290
     1
176
     1
290
     1
176
     1
290
     0
176
     1
290
     0
176
     1
290
     0
176
     1
290
     0
176
     1
290
     0
176
     1
290
     0
176
     1
 90
       50
176
     1
 40
0.0
176
     1
 40
1.0
176
     1
 90
        0
176
     1
 62
    18
420
        0
176
     1
 90
       50
176
     1
 90
        3
176
     1
 62
     5
420
      255
176
     1
290
     0
176
     1
 90
       50
176
     1
 90
       50
176
     1
 90
       50
176
     1
290
     0
176
     1
 90
       50
176
     1
 62
   256
176
     0
 40
1.0
176
     0
 90
        2
176
     1
  1
strokes_ogs.tif
176
     1
290
     0
176
     1
 40
1.0
176
     1
 40
1.0
176
     1
  0
VISUALSTYLE
  5
F0
102
{ACAD_REACTORS
330
EF
102
}
330
EF
100
AcDbVisualStyle
  2
Flat
 70
     0
177
     3
291
     1
 70
    58
 90
        2
176
     1
 90
        1
176
     1
 90
        1
176
     1
 90
        2
176
     1
 40
0.6
176
     1
 40
30.0
176
     1
 62
     7
420
 16777215
176
     1
 90
        0
176
     1
 90
        0
176
     1
 62
     7
176
     1
 62
   257
176
     1
 90
        1
176
     1
 90
        1
176
     1
 40
1.0
176
     1
 90
        8
176
     1
 62
     7
176
     1
 40
1.0
176
     1
 90
        1
176
     1
 90
        6
176
     1
 90
        2
176
     1
 62
     7
176
     1
 90
        5
176
     1
 90
        0
176
     1
 90
        0
176
     1
290
     0
176
     1
 90
       13
176
     1
 40
0.0
176
     1
 90
        0
176
     1
290
     0
176
     1
290
     1
176
     1
290
     1
176
     1
290
     0
176
     1
290
     0
176
     1
290
     0
176
     1
290
     0
176
     1
290
     0
176
     1
290
     0
176
     1
 90
       50
176
     1
 40
0.0
176
     1
 40
1.0
176
     1
 90
        0
176
     1
 62
    18
420
        0
176
     1
 90
       50
176
     1
 90
        3
176
     1
 62
     5
420
      255
176
     1
290
     0
176
     1
 90
       50
176
     1
 90
       50
176
     1
 90
       50
176
     1
290
     0
176
     1
 90
       50
176
     1
 62
   256
176
     0
 40
1.0
176
     0
 90
        2
176
     1
  1
strokes_ogs.tif
176
     1
290
     0
176
     1
 40
1.0
176
     1
 40
1.0
176
     1
  0
VISUALSTYLE
  5
F1
102
{ACAD_REACTORS
330
EF
102
}
330
EF
100
AcDbVisualStyle
  2
FlatWithEdges
 70
     1
177
     3
291
     1
 70
    58
 90
        2
176
     1
 90
        1
176
     1
 90
        1
176
     1
 90
        2
176
     1
 40
0.6
176
     1
 40
30.0
176
     1
 62
     7
420
 16777215
176
     1
 90
        1
176
     1
 90
        0
176
     1
 62
     7
176
     1
 62
   257
176
     1
 90
        1
176
     1
 90
        1
176
     1
 40
1.0
176
     1
 90
        0
176
     1
 62
   257
176
     1
 40
1.0
176
     1
 90
        1
176
     1
 90
        6
176
     1
 90
        2
176
     1
 62
     7
176
     1
 90
        5
176
     1
 90
        0
176
     1
 90
        0
176
     1
290
     0
176
     1
 90
       13
176
     1
 40
0.0
176
     1
 90
        0
176
     1
290
     0
176
     1
290
     1
176
     1
290
     1
176
     1
290
     0
176
     1
290
     0
176
     1
290
     0
176
     1
290
     0
176
     1
290
     0
176
     1
290
     0
176
     1
 90
       50
176
     1
 40
0.0
176
     1
 40
1.0
176
     1
 90
        0
176
     1
 62
    18
420
        0
176
     1
 90
       50
176
     1
 90
        3
176
     1
 62
     5
420
      255
176
     1
290
     0
176
     1
 90
       50
176
     1
 90
       50
176
     1
 90
       50
176
     1
290
     0
176
     1
 90
       50
176
     1
 62
   256
176
     0
 40
1.0
176
     0
 90
        2
176
     1
  1
strokes_ogs.tif
176
     1
290
     0
176
     1
 40
1.0
176
     1
 40
1.0
176
     1
  0
VISUALSTYLE
  5
F2
102
{ACAD_REACTORS
330
EF
102
}
330
EF
100
AcDbVisualStyle
  2
Gouraud
 70
     2
177
     3
291
     1
 70
    58
 90
        2
176
     1
 90
        2
176
     1
 90
        1
176
     1
 90
        2
176
     1
 40
0.6
176
     1
 40
30.0
176
     1
 62
     7
420
 16777215
176
     1
 90
        0
176
     1
 90
        0
176
     1
 62
     7
176
     1
 62
   257
176
     1
 90
        1
176
     1
 90
        1
176
     1
 40
1.0
176
     1
 90
        0
176
     1
 62
     7
176
     1
 40
1.0
176
     1
 90
        1
176
     1
 90
        6
176
     1
 90
        2
176
     1
 62
     7
176
     1
 90
        5
176
     1
 90
        0
176
     1
 90
        0
176
     1
290
     0
176
     1
 90
       13
176
     1
 40
0.0
176
     1
 90
        0
176
     1
290
     0
176
     1
290
     1
176
     1
290
     1
176
     1
290
     0
176
     1
290
     0
176
     1
290
     0
176
     1
290
     0
176
     1
290
     0
176
     1
290
     0
176
     1
 90
       50
176
     1
 40
0.0
176
     1
 40
1.0
176
     1
 90
        0
176
     1
 62
    18
420
        0
176
     1
 90
       50
176
     1
 90
        3
176
     1
 62
     5
420
      255
176
     1
290
     0
176
     1
 90
       50
176
     1
 90
       50
176
     1
 90
       50
176
     1
290
     0
176
     1
 90
       50
176
     1
 62
   256
176
     0
 40
1.0
176
     0
 90
        2
176
     1
  1
strokes_ogs.tif
176
     1
290
     0
176
     1
 40
1.0
176
     1
 40
1.0
176
     1
  0
VISUALSTYLE
  5
F3
102
{ACAD_REACTORS
330
EF
102
}
330
EF
100
AcDbVisualStyle
  2
GouraudWithEdges
 70
     3
177
     3
291
     1
 70
    58
 90
        2
176
     1
 90
        2
176
     1
 90
        1
176
     1
 90
        2
176
     1
 40
0.6
176
     1
 40
30.0
176
     1
 62
     7
420
 16777215
176
     1
 90
        1
176
     1
 90
        0
176
     1
 62
     7
176
     1
 62
   257
176
     1
 90
        1
176
     1
 90
        1
176
     1
 40
1.0
176
     1
 90
        0
176
     1
 62
   257
176
     1
 40
1.0
176
     1
 90
        1
176
     1
 90
        6
176
     1
 90
        2
176
     1
 62
     7
176
     1
 90
        5
176
     1
 90
        0
176
     1
 90
        0
176
     1
290
     0
176
     1
 90
       13
176
     1
 40
0.0
176
     1
 90
        0
176
     1
290
     0
176
     1
290
     1
176
     1
290
     1
176
     1
290
     0
176
     1
290
     0
176
     1
290
     0
176
     1
290
     0
176
     1
290
     0
176
     1
290
     0
176
     1
 90
       50
176
     1
 40
0.0
176
     1
 40
1.0
176
     1
 90
        0
176
     1
 62
    18
420
        0
176
     1
 90
       50
176
     1
 90
        3
176
     1
 62
     5
420
      255
176
     1
290
     0
176
     1
 90
       50
176
     1
 90
       50
176
     1
 90
       50
176
     1
290
     0
176
     1
 90
       50
176
     1
 62
   256
176
     0
 40
1.0
176
     0
 90
        2
176
     1
  1
strokes_ogs.tif
176
     1
290
     0
176
     1
 40
1.0
176
     1
 40
1.0
176
     1
  0
VISUALSTYLE
  5
F7
102
{ACAD_REACTORS
330
EF
102
}
330
EF
100
AcDbVisualStyle
  2
Hidden
 70
     6
177
     3
291
     0
 70
    58
 90
        1
176
     1
 90
        2
176
     1
 90
        2
176
     1
 90
        0
176
     1
 40
0.6
176
     1
 40
30.0
176
     1
 62
     7
420
 16777215
176
     1
 90
        2
176
     1
 90
        2
176
     1
 62
     7
176
     1
 62
   257
176
     1
 90
        2
176
     1
 90
        1
176
     1
 40
40.0
176
     1
 90
        0
176
     1
 62
   257
176
     1
 40
1.0
176
     1
 90
        1
176
     1
 90
        6
176
     1
 90
        2
176
     1
 62
     7
176
     1
 90
        3
176
     1
 90
        0
176
     1
 90
        0
176
     1
290
     0
176
     1
 90
        1
176
     1
 40
0.0
176
     1
 90
        0
176
     1
290
     0
176
     1
290
     1
176
     1
290
     1
176
     1
290
     0
176
     1
290
     0
176
     1
290
     0
176
     1
290
     0
176
     1
290
     0
176
     1
290
     0
176
     1
 90
       50
176
     1
 40
0.0
176
     1
 40
1.0
176
     1
 90
        0
176
     1
 62
    18
420
        0
176
     1
 90
       50
176
     1
 90
        3
176
     1
 62
     5
420
      255
176
     1
290
     0
176
     1
 90
       50
176
     1
 90
       50
176
     1
 90
       50
176
     1
290
     0
176
     1
 90
       50
176
     1
 62
   256
176
     0
 40
1.0
176
     0
 90
        2
176
     1
  1
strokes_ogs.tif
176
     1
290
     0
176
     1
 40
1.0
176
     1
 40
1.0
176
     1
  0
VISUALSTYLE
  5
1E4
102
{ACAD_REACTORS
330
EF
102
}
330
EF
100
AcDbVisualStyle
  2
JitterOff
 70
    20
177
     3
291
     1
 70
    58
 90
        2
176
     0
 90
        2
176
     0
 90
        0
176
     0
 90
        0
176
     0
 40
0.6
176
     0
 40
30.0
176
     0
 62
     7
420
 16777215
176
     0
 90
        1
176
     0
 90
        4
176
     0
 62
     7
176
     0
 62
   257
176
     0
 90
        1
176
     0
 90
        1
176
     0
 40
1.0
176
     0
 90
       10
176
     2
 62
     7
176
     0
 40
1.0
176
     0
 90
        1
176
     0
 90
        6
176
     0
 90
        2
176
     0
 62
     7
176
     0
 90
        5
176
     0
 90
        0
176
     0
 90
        0
176
     0
290
     0
176
     0
 90
        1
176
     0
 40
0.0
176
     0
 90
        0
176
     0
290
     0
176
     1
290
     1
176
     1
290
     1
176
     1
290
     0
176
     1
290
     0
176
     1
290
     0
176
     1
290
     0
176
     1
290
     0
176
     1
290
     0
176
     1
 90
       50
176
     1
 40
0.0
176
     1
 40
1.0
176
     1
 90
        0
176
     1
 62
    18
420
        0
176
     1
 90
       50
176
     1
 90
        3
176
     1
 62
     5
420
      255
176
     1
290
     0
176
     1
 90
       50
176
     1
 90
       50
176
     1
 90
       50
176
     1
290
     0
176
     1
 90
       50
176
     1
 62
   256
176
     0
 40
1.0
176
     0
 90
        2
176
     1
  1
strokes_ogs.tif
176
     1
290
     0
176
     1
 40
1.0
176
     1
 40
1.0
176
     1
  0
VISUALSTYLE
  5
FD
102
{ACAD_REACTORS
330
EF
102
}
330
EF
100
AcDbVisualStyle
  2
Linepattern
 70
    14
177
     3
291
     1
 70
    58
 90
        2
176
     1
 90
        2
176
     1
 90
        1
176
     1
 90
        0
176
     1
 40
0.6
176
     1
 40
30.0
176
     1
 62
     7
420
 16777215
176
     1
 90
        1
176
     1
 90
        4
176
     1
 62
     7
176
     1
 62
   257
176
     1
 90
        7
176
     1
 90
        7
176
     1
 40
1.0
176
     1
 90
        8
176
     1
 62
     7
176
     1
 40
1.0
176
     1
 90
        1
176
     1
 90
        6
176
     1
 90
        2
176
     1
 62
     7
176
     1
 90
        5
176
     1
 90
        0
176
     1
 90
        0
176
     1
290
     0
176
     1
 90
        1
176
     1
 40
0.0
176
     1
 90
        0
176
     1
290
     0
176
     1
290
     1
176
     1
290
     1
176
     1
290
     0
176
     1
290
     0
176
     1
290
     0
176
     1
290
     0
176
     1
290
     0
176
     1
290
     0
176
     1
 90
       50
176
     1
 40
0.0
176
     1
 40
1.0
176
     1
 90
        0
176
     1
 62
    18
420
        0
176
     1
 90
       50
176
     1
 90
        3
176
     1
 62
     5
420
      255
176
     1
290
     0
176
     1
 90
       50
176
     1
 90
       50
176
     1
 90
       50
176
     1
290
     0
176
     1
 90
       50
176
     1
 62
   256
176
     0
 40
1.0
176
     0
 90
        2
176
     1
  1
strokes_ogs.tif
176
     1
290
     0
176
     1
 40
1.0
176
     1
 40
1.0
176
     1
  0
VISUALSTYLE
  5
1E5
102
{ACAD_REACTORS
330
EF
102
}
330
EF
100
AcDbVisualStyle
  2
OverhangOff
 70
    21
177
     3
291
     1
 70
    58
 90
        2
176
     0
 90
        2
176
     0
 90
        0
176
     0
 90
        0
176
     0
 40
0.6
176
     0
 40
30.0
176
     0
 62
     7
420
 16777215
176
     0
 90
        1
176
     0
 90
        4
176
     0
 62
     7
176
     0
 62
   257
176
     0
 90
        1
176
     0
 90
        1
176
     0
 40
1.0
176
     0
 90
        9
176
     2
 62
     7
176
     0
 40
1.0
176
     0
 90
        1
176
     0
 90
        6
176
     0
 90
        2
176
     0
 62
     7
176
     0
 90
        5
176
     0
 90
        0
176
     0
 90
        0
176
     0
290
     0
176
     0
 90
        1
176
     0
 40
0.0
176
     0
 90
        0
176
     0
290
     0
176
     1
290
     1
176
     1
290
     1
176
     1
290
     0
176
     1
290
     0
176
     1
290
     0
176
     1
290
     0
176
     1
290
     0
176
     1
290
     0
176
     1
 90
       50
176
     1
 40
0.0
176
     1
 40
1.0
176
     1
 90
        0
176
     1
 62
    18
420
        0
176
     1
 90
       50
176
     1
 90
        3
176
     1
 62
     5
420
      255
176
     1
290
     0
176
     1
 90
       50
176
     1
 90
       50
176
     1
 90
       50
176
     1
290
     0
176
     1
 90
       50
176
     1
 62
   256
176
     0
 40
1.0
176
     0
 90
        2
176
     1
  1
strokes_ogs.tif
176
     1
290
     0
176
     1
 40
1.0
176
     1
 40
1.0
176
     1
  0
VISUALSTYLE
  5
F9
102
{ACAD_REACTORS
330
EF
102
}
330
EF
100
AcDbVisualStyle
  2
Realistic
 70
     8
177
     3
291
     0
 70
    58
 90
        2
176
     1
 90
        3
176
     1
 90
        0
176
     1
 90
        2
176
     1
 40
0.6
176
     1
 40
30.0
176
     1
 62
     7
420
 16777215
176
     1
 90
        0
176
     1
 90
        0
176
     1
 62
     7
176
     1
 62
   257
176
     1
 90
        1
176
     1
 90
        1
176
     1
 40
1.0
176
     1
 90
        8
176
     1
 62
   257
176
     1
 40
1.0
176
     1
 90
        1
176
     1
 90
        6
176
     1
 90
        2
176
     1
 62
     7
176
     1
 90
        3
176
     1
 90
        0
176
     1
 90
        0
176
     1
290
     0
176
     1
 90
       13
176
     1
 40
0.0
176
     1
 90
        0
176
     1
290
     0
176
     1
290
     1
176
     1
290
     1
176
     1
290
     0
176
     1
290
     0
176
     1
290
     0
176
     1
290
     0
176
     1
290
     0
176
     1
290
     0
176
     1
 90
       50
176
     1
 40
0.0
176
     1
 40
1.0
176
     1
 90
        0
176
     1
 62
    18
420
        0
176
     1
 90
       50
176
     1
 90
        3
176
     1
 62
     5
420
      255
176
     1
290
     0
176
     1
 90
       50
176
     1
 90
       50
176
     1
 90
       50
176
     1
290
     0
176
     1
 90
       50
176
     1
 62
   256
176
     0
 40
1.0
176
     0
 90
        2
176
     1
  1
strokes_ogs.tif
176
     1
290
     0
176
     1
 40
1.0
176
     1
 40
1.0
176
     1
  0
VISUALSTYLE
  5
1F3
102
{ACAD_REACTORS
330
EF
102
}
330
EF
100
AcDbVisualStyle
  2
Shaded
 70
    27
177
     3
291
     0
 70
    58
 90
        2
176
     1
 90
        2
176
     1
 90
        1
176
     1
 90
        2
176
     1
 40
0.6
176
     1
 40
30.0
176
     1
 62
     7
420
 16777215
176
     1
 90
        0
176
     1
 90
        4
176
     1
 62
     7
176
     1
 62
   257
176
     1
 90
        1
176
     1
 90
        1
176
     1
 40
1.0
176
     1
 90
        8
176
     1
 62
   257
176
     1
 40
1.0
176
     1
 90
        1
176
     1
 90
        6
176
     1
 90
        2
176
     1
 62
     8
420
  7895160
176
     1
 90
        3
176
     1
 90
        0
176
     1
 90
        0
176
     1
290
     0
176
     1
 90
        5
176
     1
 40
0.0
176
     1
 90
        0
176
     1
290
     0
176
     1
290
     1
176
     1
290
     1
176
     1
290
     0
176
     1
290
     0
176
     1
290
     0
176
     1
290
     0
176
     1
290
     0
176
     1
290
     0
176
     1
 90
       50
176
     1
 40
0.0
176
     1
 40
1.0
176
     1
 90
        0
176
     1
 62
    18
420
        0
176
     1
 90
       50
176
     1
 90
        3
176
     1
 62
     5
420
      255
176
     1
290
     0
176
     1
 90
       50
176
     1
 90
       50
176
     1
 90
       50
176
     1
290
     0
176
     1
 90
       50
176
     1
 62
   256
176
     0
 40
1.0
176
     0
 90
        2
176
     1
  1
strokes_ogs.tif
176
     1
290
     0
176
     1
 40
1.0
176
     1
 40
1.0
176
     1
  0
VISUALSTYLE
  5
1F2
102
{ACAD_REACTORS
330
EF
102
}
330
EF
100
AcDbVisualStyle
  2
Shaded with edges
 70
    26
177
     3
291
     0
 70
    58
 90
        2
176
     1
 90
        2
176
     1
 90
        1
176
     1
 90
        2
176
     1
 40
0.6
176
     1
 40
30.0
176
     1
 62
     7
420
 16777215
176
     1
 90
        1
176
     1
 90
        2
176
     1
 62
     7
176
     1
 62
   257
176
     1
 90
        2
176
     1
 90
        1
176
     1
 40
1.0
176
     1
 90
        8
176
     1
 62
   257
176
     1
 40
1.0
176
     1
 90
        1
176
     1
 90
        6
176
     1
 90
        2
176
     1
 62
     7
176
     1
 90
        3
176
     1
 90
        0
176
     1
 90
        0
176
     1
290
     0
176
     1
 90
        5
176
     1
 40
0.0
176
     1
 90
        0
176
     1
290
     0
176
     1
290
     1
176
     1
290
     1
176
     1
290
     0
176
     1
290
     0
176
     1
290
     0
176
     1
290
     0
176
     1
290
     0
176
     1
290
     0
176
     1
 90
       50
176
     1
 40
0.0
176
     1
 40
1.0
176
     1
 90
        0
176
     1
 62
    18
420
        0
176
     1
 90
       50
176
     1
 90
        3
176
     1
 62
     5
420
      255
176
     1
290
     0
176
     1
 90
       50
176
     1
 90
       50
176
     1
 90
       50
176
     1
290
     0
176
     1
 90
       50
176
     1
 62
   256
176
     0
 40
1.0
176
     0
 90
        2
176
     1
  1
strokes_ogs.tif
176
     1
290
     0
176
     1
 40
1.0
176
     1
 40
1.0
176
     1
  0
VISUALSTYLE
  5
1EF
102
{ACAD_REACTORS
330
EF
102
}
330
EF
100
AcDbVisualStyle
  2
Shades of Gray
 70
    23
177
     3
291
     0
 70
    58
 90
        2
176
     1
 90
        2
176
     1
 90
        3
176
     1
 90
        0
176
     1
 40
0.6
176
     1
 40
30.0
176
     1
 62
     7
420
 16777215
176
     1
 90
        2
176
     1
 90
        2
176
     1
 62
     7
176
     1
 62
     7
176
     1
 90
        1
176
     1
 90
        1
176
     1
 40
40.0
176
     1
 90
        8
176
     1
 62
     7
176
     1
 40
1.0
176
     1
 90
        1
176
     1
 90
        6
176
     1
 90
        2
176
     1
 62
     7
176
     1
 90
        3
176
     1
 90
        0
176
     1
 90
        0
176
     1
290
     0
176
     1
 90
        1
176
     1
 40
0.0
176
     1
 90
        0
176
     1
290
     0
176
     1
290
     1
176
     1
290
     1
176
     1
290
     0
176
     1
290
     0
176
     1
290
     0
176
     1
290
     0
176
     1
290
     0
176
     1
290
     0
176
     1
 90
       50
176
     1
 40
0.0
176
     1
 40
1.0
176
     1
 90
        0
176
     1
 62
    18
420
        0
176
     1
 90
       50
176
     1
 90
        3
176
     1
 62
     5
420
      255
176
     1
290
     0
176
     1
 90
       50
176
     1
 90
       50
176
     1
 90
       50
176
     1
290
     0
176
     1
 90
       50
176
     1
 62
   256
176
     0
 40
1.0
176
     0
 90
        2
176
     1
  1
strokes_ogs.tif
176
     1
290
     0
176
     1
 40
1.0
176
     1
 40
1.0
176
     1
  0
VISUALSTYLE
  5
1F0
102
{ACAD_REACTORS
330
EF
102
}
330
EF
100
AcDbVisualStyle
  2
Sketchy
 70
    24
177
     3
291
     0
 70
    58
 90
        1
176
     1
 90
        2
176
     1
 90
        2
176
     1
 90
        0
176
     1
 40
0.6
176
     1
 40
30.0
176
     1
 62
     7
420
 16777215
176
     1
 90
        2
176
     1
 90
        2
176
     1
 62
     7
176
     1
 62
     7
176
     1
 90
        1
176
     1
 90
        1
176
     1
 40
40.0
176
     1
 90
       11
176
     1
 62
     7
176
     1
 40
1.0
176
     1
 90
        1
176
     1
 90
        6
176
     1
 90
        2
176
     1
 62
     7
176
     1
 90
        6
176
     1
 90
        0
176
     1
 90
        0
176
     1
290
     0
176
     1
 90
        1
176
     1
 40
0.0
176
     1
 90
        0
176
     1
290
     0
176
     1
290
     1
176
     1
290
     1
176
     1
290
     0
176
     1
290
     0
176
     1
290
     0
176
     1
290
     0
176
     1
290
     0
176
     1
290
     0
176
     1
 90
       50
176
     1
 40
0.0
176
     1
 40
1.0
176
     1
 90
        0
176
     1
 62
    18
420
        0
176
     1
 90
       50
176
     1
 90
        3
176
     1
 62
     5
420
      255
176
     1
290
     0
176
     1
 90
       50
176
     1
 90
       50
176
     1
 90
       50
176
     1
290
     0
176
     1
 90
       50
176
     1
 62
   256
176
     0
 40
1.0
176
     0
 90
        2
176
     1
  1
strokes_ogs.tif
176
     1
290
     0
176
     1
 40
1.0
176
     1
 40
1.0
176
     1
  0
VISUALSTYLE
  5
FC
102
{ACAD_REACTORS
330
EF
102
}
330
EF
100
AcDbVisualStyle
  2
Thicken
 70
    13
177
     3
291
     1
 70
    58
 90
        2
176
     1
 90
        2
176
     1
 90
        1
176
     1
 90
        0
176
     1
 40
0.6
176
     1
 40
30.0
176
     1
 62
     7
420
 16777215
176
     1
 90
        1
176
     1
 90
        4
176
     1
 62
     7
176
     1
 62
   257
176
     1
 90
        1
176
     1
 90
        1
176
     1
 40
1.0
176
     1
 90
       12
176
     1
 62
     7
176
     1
 40
1.0
176
     1
 90
        1
176
     1
 90
        6
176
     1
 90
        2
176
     1
 62
     7
176
     1
 90
        5
176
     1
 90
        0
176
     1
 90
        0
176
     1
290
     0
176
     1
 90
        1
176
     1
 40
0.0
176
     1
 90
        0
176
     1
290
     0
176
     1
290
     1
176
     1
290
     1
176
     1
290
     0
176
     1
290
     0
176
     1
290
     0
176
     1
290
     0
176
     1
290
     0
176
     1
290
     0
176
     1
 90
       50
176
     1
 40
0.0
176
     1
 40
1.0
176
     1
 90
        0
176
     1
 62
    18
420
        0
176
     1
 90
       50
176
     1
 90
        3
176
     1
 62
     5
420
      255
176
     1
290
     0
176
     1
 90
       50
176
     1
 90
       50
176
     1
 90
       50
176
     1
290
     0
176
     1
 90
       50
176
     1
 62
   256
176
     0
 40
1.0
176
     0
 90
        2
176
     1
  1
strokes_ogs.tif
176
     1
290
     0
176
     1
 40
1.0
176
     1
 40
1.0
176
     1
  0
VISUALSTYLE
  5
F6
102
{ACAD_REACTORS
330
EF
102
}
330
EF
100
AcDbVisualStyle
  2
Wireframe
 70
     5
177
     3
291
     0
 70
    58
 90
        0
176
     1
 90
        2
176
     1
 90
        0
176
     1
 90
        0
176
     1
 40
0.6
176
     1
 40
30.0
176
     1
 62
     7
420
 16777215
176
     1
 90
        1
176
     1
 90
        4
176
     1
 62
     7
176
     1
 62
   257
176
     1
 90
        1
176
     1
 90
        1
176
     1
 40
1.0
176
     1
 90
        0
176
     1
 62
   257
176
     1
 40
1.0
176
     1
 90
        1
176
     1
 90
        6
176
     1
 90
        2
176
     1
 62
     7
176
     1
 90
        3
176
     1
 90
        0
176
     1
 90
        0
176
     1
290
     0
176
     1
 90
        1
176
     1
 40
0.0
176
     1
 90
        0
176
     1
290
     0
176
     1
290
     1
176
     1
290
     1
176
     1
290
     0
176
     1
290
     0
176
     1
290
     0
176
     1
290
     0
176
     1
290
     0
176
     1
290
     0
176
     1
 90
       50
176
     1
 40
0.0
176
     1
 40
1.0
176
     1
 90
        0
176
     1
 62
    18
420
        0
176
     1
 90
       50
176
     1
 90
        3
176
     1
 62
     5
420
      255
176
     1
290
     0
176
     1
 90
       50
176
     1
 90
       50
176
     1
 90
       50
176
     1
290
     0
176
     1
 90
       50
176
     1
 62
   256
176
     0
 40
1.0
176
     0
 90
        2
176
     1
  1
strokes_ogs.tif
176
     1
290
     0
176
     1
 40
1.0
176
     1
 40
1.0
176
     1
  0
VISUALSTYLE
  5
1F1
102
{ACAD_REACTORS
330
EF
102
}
330
EF
100
AcDbVisualStyle
  2
X-Ray
 70
    25
177
     3
291
     0
 70
    58
 90
        2
176
     1
 90
        2
176
     1
 90
        1
176
     1
 90
        1
176
     1
 40
0.5
176
     1
 40
30.0
176
     1
 62
     7
420
 16777215
176
     1
 90
        1
176
     1
 90
        0
176
     1
 62
     7
176
     1
 62
   257
176
     1
 90
        1
176
     1
 90
        1
176
     1
 40
1.0
176
     1
 90
        8
176
     1
 62
     7
176
     1
 40
1.0
176
     1
 90
        1
176
     1
 90
        6
176
     1
 90
        2
176
     1
 62
     7
176
     1
 90
        3
176
     1
 90
        0
176
     1
 90
        0
176
     1
290
     0
176
     1
 90
       13
176
     1
 40
0.0
176
     1
 90
        0
176
     1
290
     0
176
     1
290
     1
176
     1
290
     1
176
     1
290
     0
176
     1
290
     0
176
     1
290
     0
176
     1
290
     0
176
     1
290
     0
176
     1
290
     0
176
     1
 90
       50
176
     1
 40
0.0
176
     1
 40
1.0
176
     1
 90
        0
176
     1
 62
    18
420
        0
176
     1
 90
       50
176
     1
 90
        3
176
     1
 62
     5
420
      255
176
     1
290
     0
176
     1
 90
       50
176
     1
 90
       50
176
     1
 90
       50
176
     1
290
     0
176
     1
 90
       50
176
     1
 62
   256
176
     0
 40
1.0
176
     0
 90
        2
176
     1
  1
strokes_ogs.tif
176
     1
290
     0
176
     1
 40
1.0
176
     1
 40
1.0
176
     1
  0
DICTIONARYVAR
  5
146
102
{ACAD_REACTORS
330
5E
102
}
330
5E
100
DictionaryVariables
280
     0
  1
1:1
  0
DICTIONARYVAR
  5
259
102
{ACAD_REACTORS
330
5E
102
}
330
5E
100
DictionaryVariables
280
     0
  1
3.500000
  0
DICTIONARYVAR
  5
25A
102
{ACAD_REACTORS
330
5E
102
}
330
5E
100
DictionaryVariables
280
     0
  1
acadiso.lin
  0
DICTIONARYVAR
  5
145
102
{ACAD_REACTORS
330
5E
102
}
330
5E
100
DictionaryVariables
280
     0
  1
STANDARD
  0
DICTIONARYVAR
  5
84
102
{ACAD_REACTORS
330
5E
102
}
330
5E
100
DictionaryVariables
280
     0
  1
STANDARD
  0
DICTIONARYVAR
  5
227
102
{ACAD_REACTORS
330
5E
102
}
330
5E
100
DictionaryVariables
280
     0
  1
Metric50
  0
DICTIONARYVAR
  5
228
102
{ACAD_REACTORS
330
5E
102
}
330
5E
100
DictionaryVariables
280
     0
  1
Metric50
  0
DICTIONARYVAR
  5
5F
102
{ACAD_REACTORS
330
5E
102
}
330
5E
100
DictionaryVariables
280
     0
  1
2
  0
DICTIONARYVAR
  5
63
102
{ACAD_REACTORS
330
5E
102
}
330
5E
100
DictionaryVariables
280
     0
  1
1
  0
DICTIONARYVAR
  5
1AE
102
{ACAD_REACTORS
330
5E
102
}
330
5E
100
DictionaryVariables
280
     0
  1
0
  0
DICTIONARYVAR
  5
1AF
102
{ACAD_REACTORS
330
5E
102
}
330
5E
100
DictionaryVariables
280
     0
  1
0
  0
DICTIONARY
  5
922
102
{ACAD_REACTORS
330
921
102
}
330
921
100
AcDbDictionary
281
     1
  0
DICTIONARY
  5
943
102
{ACAD_REACTORS
330
942
102
}
330
942
100
AcDbDictionary
281
     1
  0
TABLECONTENT
  5
1207
330
120A
100
AcDbLinkedData
  1

300

100
AcDbLinkedTableData
 90
        6
300
COLUMN
  1
LINKEDTABLEDATACOLUMN_BEGIN
300

 91
        0
301
CUSTOMDATA
  1
DATAMAP_BEGIN
 90
        0
309
DATAMAP_END
309
LINKEDTABLEDATACOLUMN_END
  1
FORMATTEDTABLEDATACOLUMN_BEGIN
300
COLUMNTABLEFORMAT
  1
TABLEFORMAT_BEGIN
 90
        3
170
     0
309
TABLEFORMAT_END
309
FORMATTEDTABLEDATACOLUMN_END
  1
TABLECOLUMN_BEGIN
 90
        0
 40
1500.0
309
TABLECOLUMN_END
300
COLUMN
  1
LINKEDTABLEDATACOLUMN_BEGIN
300

 91
        0
301
CUSTOMDATA
  1
DATAMAP_BEGIN
 90
        0
309
DATAMAP_END
309
LINKEDTABLEDATACOLUMN_END
  1
FORMATTEDTABLEDATACOLUMN_BEGIN
300
COLUMNTABLEFORMAT
  1
TABLEFORMAT_BEGIN
 90
        3
170
     0
309
TABLEFORMAT_END
309
FORMATTEDTABLEDATACOLUMN_END
  1
TABLECOLUMN_BEGIN
 90
        0
 40
5500.0
309
TABLECOLUMN_END
300
COLUMN
  1
LINKEDTABLEDATACOLUMN_BEGIN
300

 91
        0
301
CUSTOMDATA
  1
DATAMAP_BEGIN
 90
        0
309
DATAMAP_END
309
LINKEDTABLEDATACOLUMN_END
  1
FORMATTEDTABLEDATACOLUMN_BEGIN
300
COLUMNTABLEFORMAT
  1
TABLEFORMAT_BEGIN
 90
        3
170
     0
309
TABLEFORMAT_END
309
FORMATTEDTABLEDATACOLUMN_END
  1
TABLECOLUMN_BEGIN
 90
        0
 40
6000.0
309
TABLECOLUMN_END
300
COLUMN
  1
LINKEDTABLEDATACOLUMN_BEGIN
300

 91
        0
301
CUSTOMDATA
  1
DATAMAP_BEGIN
 90
        0
309
DATAMAP_END
309
LINKEDTABLEDATACOLUMN_END
  1
FORMATTEDTABLEDATACOLUMN_BEGIN
300
COLUMNTABLEFORMAT
  1
TABLEFORMAT_BEGIN
 90
        3
170
     0
309
TABLEFORMAT_END
309
FORMATTEDTABLEDATACOLUMN_END
  1
TABLECOLUMN_BEGIN
 90
        0
 40
1500.0
309
TABLECOLUMN_END
300
COLUMN
  1
LINKEDTABLEDATACOLUMN_BEGIN
300

 91
        0
301
CUSTOMDATA
  1
DATAMAP_BEGIN
 90
        0
309
DATAMAP_END
309
LINKEDTABLEDATACOLUMN_END
  1
FORMATTEDTABLEDATACOLUMN_BEGIN
300
COLUMNTABLEFORMAT
  1
TABLEFORMAT_BEGIN
 90
        3
170
     0
309
TABLEFORMAT_END
309
FORMATTEDTABLEDATACOLUMN_END
  1
TABLECOLUMN_BEGIN
 90
        0
 40
2000.0
309
TABLECOLUMN_END
300
COLUMN
  1
LINKEDTABLEDATACOLUMN_BEGIN
300

 91
        0
301
CUSTOMDATA
  1
DATAMAP_BEGIN
 90
        0
309
DATAMAP_END
309
LINKEDTABLEDATACOLUMN_END
  1
FORMATTEDTABLEDATACOLUMN_BEGIN
300
COLUMNTABLEFORMAT
  1
TABLEFORMAT_BEGIN
 90
        3
170
     0
309
TABLEFORMAT_END
309
FORMATTEDTABLEDATACOLUMN_END
  1
TABLECOLUMN_BEGIN
 90
        0
 40
2000.0
309
TABLECOLUMN_END
 91
        5
301
ROW
  1
LINKEDTABLEDATAROW_BEGIN
 90
        6
300
CELL
  1
LINKEDTABLEDATACELL_BEGIN
 90
        0
300

 91
        0
301
CUSTOMDATA
  1
DATAMAP_BEGIN
 90
        1
300
ACAD_ROUNDTRIP_2008_CELL_CHECKSUM
301
DATAMAP_VALUE
 93
        2
 90
        2
140
84710.0
 94
        0
300

302

304
ACVALUE_END
309
DATAMAP_END
 92
        0
 95
        1
302
CONTENT
  1
CELLCONTENT_BEGIN
 90
        1
300
VALUE
 93
        6
 90
        4
  1
Спецификация
 94
        0
300

302
Спецификация
304
ACVALUE_END
 91
        0
309
CELLCONTENT_END
  1
FORMATTEDCELLCONTENT_BEGIN
170
     1
300
CONTENTFORMAT
  1
CONTENTFORMAT_BEGIN
 90
        0
 91
        0
 92
        4
 93
        0
300

 40
0.0
140
1.0
 94
        1
 62
     0
340
789
144
300.0
309
CONTENTFORMAT_END
309
FORMATTEDCELLCONTENT_END
309
LINKEDTABLEDATACELL_END
  1
FORMATTEDTABLEDATACELL_BEGIN
300
CELLTABLEFORMAT
  1
TABLEFORMAT_BEGIN
 90
        1
170
     1
 91
    10240
 92
        0
 62
   257
 93
        1
300
CONTENTFORMAT
  1
CONTENTFORMAT_BEGIN
 90
        0
 91
        0
 92
      512
 93
        0
300

 40
0.0
140
1.0
 94
        5
 62
     0
340
0
144
0.18
309
CONTENTFORMAT_END
171
     1
301
MARGIN
  1
CELLMARGIN_BEGIN
 40
0.0
 40
0.06
 40
0.0
 40
0.06
 40
0.18
 40
0.18
309
CELLMARGIN_END
 94
        4
 95
        1
302
GRIDFORMAT
  1
GRIDFORMAT_BEGIN
 90
       63
 91
        1
 62
     0
 92
       -2
340
15
 93
        0
 40
0.045
309
GRIDFORMAT_END
 95
        4
302
GRIDFORMAT
  1
GRIDFORMAT_BEGIN
 90
       63
 91
        1
 62
     0
 92
       35
340
15
 93
        0
 40
0.045
309
GRIDFORMAT_END
 95
        8
302
GRIDFORMAT
  1
GRIDFORMAT_BEGIN
 90
       63
 91
        1
 62
     0
 92
       -2
340
15
 93
        0
 40
0.045
309
GRIDFORMAT_END
 95
       32
302
GRIDFORMAT
  1
GRIDFORMAT_BEGIN
 90
       16
 91
        1
 62
     0
 92
       -2
340
0
 93
        1
 40
0.045
309
GRIDFORMAT_END
309
TABLEFORMAT_END
309
FORMATTEDTABLEDATACELL_END
  1
TABLECELL_BEGIN
 90
        0
 91
        0
309
TABLECELL_END
300
CELL
  1
LINKEDTABLEDATACELL_BEGIN
 90
        0
300

 91
        0
301
CUSTOMDATA
  1
DATAMAP_BEGIN
 90
        1
300
ACAD_ROUNDTRIP_2008_CELL_CHECKSUM
301
DATAMAP_VALUE
 93
        2
 90
        2
140
0.0
 94
        0
300

302

304
ACVALUE_END
309
DATAMAP_END
 92
        0
 95
        0
309
LINKEDTABLEDATACELL_END
  1
FORMATTEDTABLEDATACELL_BEGIN
300
CELLTABLEFORMAT
  1
TABLEFORMAT_BEGIN
 90
        1
170
     1
 91
        0
 92
        0
 62
   257
 93
        1
300
CONTENTFORMAT
  1
CONTENTFORMAT_BEGIN
 90
        0
 91
        0
 92
      512
 93
        0
300

 40
0.0
140
1.0
 94
        1
 62
     0
340
0
144
0.18
309
CONTENTFORMAT_END
171
     0
 94
        3
 95
        1
302
GRIDFORMAT
  1
GRIDFORMAT_BEGIN
 90
       63
 91
        1
 62
     0
 92
       -2
340
15
 93
        0
 40
0.045
309
GRIDFORMAT_END
 95
        4
302
GRIDFORMAT
  1
GRIDFORMAT_BEGIN
 90
       63
 91
        1
 62
     0
 92
       35
340
15
 93
        0
 40
0.045
309
GRIDFORMAT_END
 95
       32
302
GRIDFORMAT
  1
GRIDFORMAT_BEGIN
 90
       16
 91
        1
 62
     0
 92
       -2
340
0
 93
        1
 40
0.045
309
GRIDFORMAT_END
309
TABLEFORMAT_END
309
FORMATTEDTABLEDATACELL_END
  1
TABLECELL_BEGIN
 90
        0
 91
        0
309
TABLECELL_END
300
CELL
  1
LINKEDTABLEDATACELL_BEGIN
 90
        0
300

 91
        0
301
CUSTOMDATA
  1
DATAMAP_BEGIN
 90
        1
300
ACAD_ROUNDTRIP_2008_CELL_CHECKSUM
301
DATAMAP_VALUE
 93
        2
 90
        2
140
0.0
 94
        0
300

302

304
ACVALUE_END
309
DATAMAP_END
 92
        0
 95
        0
309
LINKEDTABLEDATACELL_END
  1
FORMATTEDTABLEDATACELL_BEGIN
300
CELLTABLEFORMAT
  1
TABLEFORMAT_BEGIN
 90
        1
170
     1
 91
        0
 92
        0
 62
   257
 93
        1
300
CONTENTFORMAT
  1
CONTENTFORMAT_BEGIN
 90
        0
 91
        0
 92
      512
 93
        0
300

 40
0.0
140
1.0
 94
        1
 62
     0
340
0
144
0.18
309
CONTENTFORMAT_END
171
     0
 94
        3
 95
        1
302
GRIDFORMAT
  1
GRIDFORMAT_BEGIN
 90
       63
 91
        1
 62
     0
 92
       -2
340
15
 93
        0
 40
0.045
309
GRIDFORMAT_END
 95
        4
302
GRIDFORMAT
  1
GRIDFORMAT_BEGIN
 90
       63
 91
        1
 62
     0
 92
       35
340
15
 93
        0
 40
0.045
309
GRIDFORMAT_END
 95
       32
302
GRIDFORMAT
  1
GRIDFORMAT_BEGIN
 90
       16
 91
        1
 62
     0
 92
       -2
340
0
 93
        1
 40
0.045
309
GRIDFORMAT_END
309
TABLEFORMAT_END
309
FORMATTEDTABLEDATACELL_END
  1
TABLECELL_BEGIN
 90
        0
 91
        0
309
TABLECELL_END
300
CELL
  1
LINKEDTABLEDATACELL_BEGIN
 90
        0
300

 91
        0
301
CUSTOMDATA
  1
DATAMAP_BEGIN
 90
        1
300
ACAD_ROUNDTRIP_2008_CELL_CHECKSUM
301
DATAMAP_VALUE
 93
        2
 90
        2
140
0.0
 94
        0
300

302

304
ACVALUE_END
309
DATAMAP_END
 92
        0
 95
        0
309
LINKEDTABLEDATACELL_END
  1
FORMATTEDTABLEDATACELL_BEGIN
300
CELLTABLEFORMAT
  1
TABLEFORMAT_BEGIN
 90
        1
170
     1
 91
        0
 92
        0
 62
   257
 93
        1
300
CONTENTFORMAT
  1
CONTENTFORMAT_BEGIN
 90
        0
 91
        0
 92
      512
 93
        0
300

 40
0.0
140
1.0
 94
        1
 62
     0
340
0
144
0.18
309
CONTENTFORMAT_END
171
     0
 94
        3
 95
        1
302
GRIDFORMAT
  1
GRIDFORMAT_BEGIN
 90
       63
 91
        1
 62
     0
 92
       -2
340
15
 93
        0
 40
0.045
309
GRIDFORMAT_END
 95
        4
302
GRIDFORMAT
  1
GRIDFORMAT_BEGIN
 90
       63
 91
        1
 62
     0
 92
       35
340
15
 93
        0
 40
0.045
309
GRIDFORMAT_END
 95
       32
302
GRIDFORMAT
  1
GRIDFORMAT_BEGIN
 90
       16
 91
        1
 62
     0
 92
       -2
340
0
 93
        1
 40
0.045
309
GRIDFORMAT_END
309
TABLEFORMAT_END
309
FORMATTEDTABLEDATACELL_END
  1
TABLECELL_BEGIN
 90
        0
 91
        0
309
TABLECELL_END
300
CELL
  1
LINKEDTABLEDATACELL_BEGIN
 90
        0
300

 91
        0
301
CUSTOMDATA
  1
DATAMAP_BEGIN
 90
        1
300
ACAD_ROUNDTRIP_2008_CELL_CHECKSUM
301
DATAMAP_VALUE
 93
        2
 90
        2
140
0.0
 94
        0
300

302

304
ACVALUE_END
309
DATAMAP_END
 92
        0
 95
        0
309
LINKEDTABLEDATACELL_END
  1
FORMATTEDTABLEDATACELL_BEGIN
300
CELLTABLEFORMAT
  1
TABLEFORMAT_BEGIN
 90
        1
170
     1
 91
        0
 92
        0
 62
   257
 93
        1
300
CONTENTFORMAT
  1
CONTENTFORMAT_BEGIN
 90
        0
 91
        0
 92
      512
 93
        0
300

 40
0.0
140
1.0
 94
        1
 62
     0
340
0
144
0.18
309
CONTENTFORMAT_END
171
     0
 94
        3
 95
        1
302
GRIDFORMAT
  1
GRIDFORMAT_BEGIN
 90
       63
 91
        1
 62
     0
 92
       -2
340
15
 93
        0
 40
0.045
309
GRIDFORMAT_END
 95
        4
302
GRIDFORMAT
  1
GRIDFORMAT_BEGIN
 90
       63
 91
        1
 62
     0
 92
       35
340
15
 93
        0
 40
0.045
309
GRIDFORMAT_END
 95
       32
302
GRIDFORMAT
  1
GRIDFORMAT_BEGIN
 90
       16
 91
        1
 62
     0
 92
       -2
340
0
 93
        1
 40
0.045
309
GRIDFORMAT_END
309
TABLEFORMAT_END
309
FORMATTEDTABLEDATACELL_END
  1
TABLECELL_BEGIN
 90
        0
 91
        0
309
TABLECELL_END
300
CELL
  1
LINKEDTABLEDATACELL_BEGIN
 90
        0
300

 91
        0
301
CUSTOMDATA
  1
DATAMAP_BEGIN
 90
        1
300
ACAD_ROUNDTRIP_2008_CELL_CHECKSUM
301
DATAMAP_VALUE
 93
        2
 90
        2
140
0.0
 94
        0
300

302

304
ACVALUE_END
309
DATAMAP_END
 92
        0
 95
        0
309
LINKEDTABLEDATACELL_END
  1
FORMATTEDTABLEDATACELL_BEGIN
300
CELLTABLEFORMAT
  1
TABLEFORMAT_BEGIN
 90
        1
170
     1
 91
        0
 92
        0
 62
   257
 93
        1
300
CONTENTFORMAT
  1
CONTENTFORMAT_BEGIN
 90
        0
 91
        0
 92
      512
 93
        0
300

 40
0.0
140
1.0
 94
        1
 62
     0
340
0
144
0.18
309
CONTENTFORMAT_END
171
     0
 94
        3
 95
        1
302
GRIDFORMAT
  1
GRIDFORMAT_BEGIN
 90
       63
 91
        1
 62
     0
 92
       -2
340
15
 93
        0
 40
0.045
309
GRIDFORMAT_END
 95
        4
302
GRIDFORMAT
  1
GRIDFORMAT_BEGIN
 90
       63
 91
        1
 62
     0
 92
       35
340
15
 93
        0
 40
0.045
309
GRIDFORMAT_END
 95
       32
302
GRIDFORMAT
  1
GRIDFORMAT_BEGIN
 90
       63
 91
        1
 62
     0
 92
       -2
340
15
 93
        0
 40
0.045
309
GRIDFORMAT_END
309
TABLEFORMAT_END
309
FORMATTEDTABLEDATACELL_END
  1
TABLECELL_BEGIN
 90
        0
 91
        0
309
TABLECELL_END
 91
        0
301
CUSTOMDATA
  1
DATAMAP_BEGIN
 90
        0
309
DATAMAP_END
309
LINKEDTABLEDATAROW_END
  1
FORMATTEDTABLEDATAROW_BEGIN
300
ROWTABLEFORMAT
  1
TABLEFORMAT_BEGIN
 90
        2
170
     0
309
TABLEFORMAT_END
309
FORMATTEDTABLEDATAROW_END
  1
TABLEROW_BEGIN
 90
        1
 40
1000.0
309
TABLEROW_END
301
ROW
  1
LINKEDTABLEDATAROW_BEGIN
 90
        6
300
CELL
  1
LINKEDTABLEDATACELL_BEGIN
 90
        0
300

 91
        0
301
CUSTOMDATA
  1
DATAMAP_BEGIN
 90
        1
300
ACAD_ROUNDTRIP_2008_CELL_CHECKSUM
301
DATAMAP_VALUE
 93
        2
 90
        2
140
6648.0
 94
        0
300

302

304
ACVALUE_END
309
DATAMAP_END
 92
        0
 95
        1
302
CONTENT
  1
CELLCONTENT_BEGIN
 90
        1
300
VALUE
 93
        6
 90
        4
  1
Поз.
 94
        0
300

302
Поз.
304
ACVALUE_END
 91
        0
309
CELLCONTENT_END
  1
FORMATTEDCELLCONTENT_BEGIN
170
     1
300
CONTENTFORMAT
  1
CONTENTFORMAT_BEGIN
 90
        0
 91
        0
 92
        4
 93
        0
300

 40
0.0
140
1.0
 94
        1
 62
     0
340
789
144
0.18
309
CONTENTFORMAT_END
309
FORMATTEDCELLCONTENT_END
309
LINKEDTABLEDATACELL_END
  1
FORMATTEDTABLEDATACELL_BEGIN
300
CELLTABLEFORMAT
  1
TABLEFORMAT_BEGIN
 90
        1
170
     1
 91
    10240
 92
        0
 62
   257
 93
        1
300
CONTENTFORMAT
  1
CONTENTFORMAT_BEGIN
 90
        0
 91
        0
 92
      512
 93
        0
300

 40
0.0
140
1.0
 94
        1
 62
     0
340
0
144
0.18
309
CONTENTFORMAT_END
171
     1
301
MARGIN
  1
CELLMARGIN_BEGIN
 40
0.0
 40
0.06
 40
0.0
 40
0.06
 40
0.18
 40
0.18
309
CELLMARGIN_END
 94
        1
 95
        4
302
GRIDFORMAT
  1
GRIDFORMAT_BEGIN
 90
       63
 91
        1
 62
     0
 92
       35
340
15
 93
        0
 40
0.045
309
GRIDFORMAT_END
309
TABLEFORMAT_END
309
FORMATTEDTABLEDATACELL_END
  1
TABLECELL_BEGIN
 90
        0
 91
        0
309
TABLECELL_END
300
CELL
  1
LINKEDTABLEDATACELL_BEGIN
 90
        0
300

 91
        0
301
CUSTOMDATA
  1
DATAMAP_BEGIN
 90
        1
300
ACAD_ROUNDTRIP_2008_CELL_CHECKSUM
301
DATAMAP_VALUE
 93
        2
 90
        2
140
71324.0
 94
        0
300

302

304
ACVALUE_END
309
DATAMAP_END
 92
        0
 95
        1
302
CONTENT
  1
CELLCONTENT_BEGIN
 90
        1
300
VALUE
 93
        6
 90
        4
  1
Обозначение
 94
        0
300

302
Обозначение
304
ACVALUE_END
 91
        0
309
CELLCONTENT_END
  1
FORMATTEDCELLCONTENT_BEGIN
170
     1
300
CONTENTFORMAT
  1
CONTENTFORMAT_BEGIN
 90
        0
 91
        0
 92
        4
 93
        0
300

 40
0.0
140
1.0
 94
        1
 62
     0
340
789
144
250.0
309
CONTENTFORMAT_END
309
FORMATTEDCELLCONTENT_END
309
LINKEDTABLEDATACELL_END
  1
FORMATTEDTABLEDATACELL_BEGIN
300
CELLTABLEFORMAT
  1
TABLEFORMAT_BEGIN
 90
        1
170
     1
 91
    10240
 92
        0
 62
   257
 93
        1
300
CONTENTFORMAT
  1
CONTENTFORMAT_BEGIN
 90
        0
 91
        0
 92
      512
 93
        0
300

 40
0.0
140
1.0
 94
        5
 62
     0
340
0
144
0.18
309
CONTENTFORMAT_END
171
     1
301
MARGIN
  1
CELLMARGIN_BEGIN
 40
0.0
 40
0.06
 40
0.0
 40
0.06
 40
0.18
 40
0.18
309
CELLMARGIN_END
 94
        1
 95
        4
302
GRIDFORMAT
  1
GRIDFORMAT_BEGIN
 90
        0
 91
        1
 62
     7
 92
       -1
340
15
 93
        0
 40
0.045
309
GRIDFORMAT_END
309
TABLEFORMAT_END
309
FORMATTEDTABLEDATACELL_END
  1
TABLECELL_BEGIN
 90
        0
 91
        0
309
TABLECELL_END
300
CELL
  1
LINKEDTABLEDATACELL_BEGIN
 90
        0
300

 91
        0
301
CUSTOMDATA
  1
DATAMAP_BEGIN
 90
        1
300
ACAD_ROUNDTRIP_2008_CELL_CHECKSUM
301
DATAMAP_VALUE
 93
        2
 90
        2
140
84164.0
 94
        0
300

302

304
ACVALUE_END
309
DATAMAP_END
 92
        0
 95
        1
302
CONTENT
  1
CELLCONTENT_BEGIN
 90
        1
300
VALUE
 93
        6
 90
        4
  1
Наименование
 94
        0
300

302
Наименование
304
ACVALUE_END
 91
        0
309
CELLCONTENT_END
  1
FORMATTEDCELLCONTENT_BEGIN
170
     1
300
CONTENTFORMAT
  1
CONTENTFORMAT_BEGIN
 90
        0
 91
        0
 92
        4
 93
        0
300

 40
0.0
140
1.0
 94
        1
 62
     0
340
789
144
250.0
309
CONTENTFORMAT_END
309
FORMATTEDCELLCONTENT_END
309
LINKEDTABLEDATACELL_END
  1
FORMATTEDTABLEDATACELL_BEGIN
300
CELLTABLEFORMAT
  1
TABLEFORMAT_BEGIN
 90
        1
170
     1
 91
    10240
 92
        0
 62
   257
 93
        1
300
CONTENTFORMAT
  1
CONTENTFORMAT_BEGIN
 90
        0
 91
        0
 92
      512
 93
        0
300

 40
0.0
140
1.0
 94
        5
 62
     0
340
0
144
0.18
309
CONTENTFORMAT_END
171
     1
301
MARGIN
  1
CELLMARGIN_BEGIN
 40
0.0
 40
0.06
 40
0.0
 40
0.06
 40
0.18
 40
0.18
309
CELLMARGIN_END
 94
        1
 95
        4
302
GRIDFORMAT
  1
GRIDFORMAT_BEGIN
 90
        0
 91
        1
 62
     7
 92
       -1
340
15
 93
        0
 40
0.045
309
GRIDFORMAT_END
309
TABLEFORMAT_END
309
FORMATTEDTABLEDATACELL_END
  1
TABLECELL_BEGIN
 90
        0
 91
        0
309
TABLECELL_END
300
CELL
  1
LINKEDTABLEDATACELL_BEGIN
 90
        0
300

 91
        0
301
CUSTOMDATA
  1
DATAMAP_BEGIN
 90
        1
300
ACAD_ROUNDTRIP_2008_CELL_CHECKSUM
301
DATAMAP_VALUE
 93
        2
 90
        2
140
6655.0
 94
        0
300

302

304
ACVALUE_END
309
DATAMAP_END
 92
        0
 95
        1
302
CONTENT
  1
CELLCONTENT_BEGIN
 90
        1
300
VALUE
 93
        6
 90
        4
  1
Кол.
 94
        0
300

302
Кол.
304
ACVALUE_END
 91
        0
309
CELLCONTENT_END
  1
FORMATTEDCELLCONTENT_BEGIN
170
     1
300
CONTENTFORMAT
  1
CONTENTFORMAT_BEGIN
 90
        0
 91
        0
 92
        4
 93
        0
300

 40
0.0
140
1.0
 94
        1
 62
     0
340
789
144
250.0
309
CONTENTFORMAT_END
309
FORMATTEDCELLCONTENT_END
309
LINKEDTABLEDATACELL_END
  1
FORMATTEDTABLEDATACELL_BEGIN
300
CELLTABLEFORMAT
  1
TABLEFORMAT_BEGIN
 90
        1
170
     1
 91
    15360
 92
        0
 62
   257
 93
        1
300
CONTENTFORMAT
  1
CONTENTFORMAT_BEGIN
 90
        0
 91
        0
 92
      512
 93
        0
300

 40
0.0
140
1.0
 94
        5
 62
     0
340
0
144
0.18
309
CONTENTFORMAT_END
171
     1
301
MARGIN
  1
CELLMARGIN_BEGIN
 40
0.0
 40
0.0
 40
0.0
 40
0.0
 40
0.18
 40
0.18
309
CELLMARGIN_END
 94
        1
 95
        4
302
GRIDFORMAT
  1
GRIDFORMAT_BEGIN
 90
        0
 91
        1
 62
     7
 92
       -1
340
15
 93
        0
 40
0.045
309
GRIDFORMAT_END
309
TABLEFORMAT_END
309
FORMATTEDTABLEDATACELL_END
  1
TABLECELL_BEGIN
 90
        0
 91
        0
309
TABLECELL_END
300
CELL
  1
LINKEDTABLEDATACELL_BEGIN
 90
        0
300

 91
        0
301
CUSTOMDATA
  1
DATAMAP_BEGIN
 90
        1
300
ACAD_ROUNDTRIP_2008_CELL_CHECKSUM
301
DATAMAP_VALUE
 93
        2
 90
        2
140
71986.0
 94
        0
300

302

304
ACVALUE_END
309
DATAMAP_END
 92
        0
 95
        1
302
CONTENT
  1
CELLCONTENT_BEGIN
 90
        1
300
VALUE
 93
        6
 90
        4
  1
Масса    ед. кг
 94
        0
300

302
Масса    ед. кг
304
ACVALUE_END
 91
        0
309
CELLCONTENT_END
  1
FORMATTEDCELLCONTENT_BEGIN
170
     1
300
CONTENTFORMAT
  1
CONTENTFORMAT_BEGIN
 90
        0
 91
        0
 92
        4
 93
        0
300

 40
0.0
140
1.0
 94
        1
 62
     0
340
789
144
250.0
309
CONTENTFORMAT_END
309
FORMATTEDCELLCONTENT_END
309
LINKEDTABLEDATACELL_END
  1
FORMATTEDTABLEDATACELL_BEGIN
300
CELLTABLEFORMAT
  1
TABLEFORMAT_BEGIN
 90
        1
170
     1
 91
    15360
 92
        0
 62
   257
 93
        1
300
CONTENTFORMAT
  1
CONTENTFORMAT_BEGIN
 90
        0
 91
        0
 92
      512
 93
        0
300

 40
0.0
140
1.0
 94
        5
 62
     0
340
0
144
0.18
309
CONTENTFORMAT_END
171
     1
301
MARGIN
  1
CELLMARGIN_BEGIN
 40
0.0
 40
0.0
 40
0.0
 40
0.0
 40
0.18
 40
0.18
309
CELLMARGIN_END
 94
        1
 95
        4
302
GRIDFORMAT
  1
GRIDFORMAT_BEGIN
 90
        0
 91
        1
 62
     7
 92
       -1
340
15
 93
        0
 40
0.045
309
GRIDFORMAT_END
309
TABLEFORMAT_END
309
FORMATTEDTABLEDATACELL_END
  1
TABLECELL_BEGIN
 90
        0
 91
        0
309
TABLECELL_END
300
CELL
  1
LINKEDTABLEDATACELL_BEGIN
 90
        0
300

 91
        0
301
CUSTOMDATA
  1
DATAMAP_BEGIN
 90
        1
300
ACAD_ROUNDTRIP_2008_CELL_CHECKSUM
301
DATAMAP_VALUE
 93
        2
 90
        2
140
59436.0
 94
        0
300

302

304
ACVALUE_END
309
DATAMAP_END
 92
        0
 95
        1
302
CONTENT
  1
CELLCONTENT_BEGIN
 90
        1
300
VALUE
 93
        6
 90
        4
  1
Примечание
 94
        0
300

302
Примечание
304
ACVALUE_END
 91
        0
309
CELLCONTENT_END
  1
FORMATTEDCELLCONTENT_BEGIN
170
     1
300
CONTENTFORMAT
  1
CONTENTFORMAT_BEGIN
 90
        0
 91
        0
 92
        4
 93
        0
300

 40
0.0
140
1.0
 94
        1
 62
     0
340
789
144
250.0
309
CONTENTFORMAT_END
309
FORMATTEDCELLCONTENT_END
309
LINKEDTABLEDATACELL_END
  1
FORMATTEDTABLEDATACELL_BEGIN
300
CELLTABLEFORMAT
  1
TABLEFORMAT_BEGIN
 90
        1
170
     1
 91
    15360
 92
        0
 62
   257
 93
        1
300
CONTENTFORMAT
  1
CONTENTFORMAT_BEGIN
 90
        0
 91
        0
 92
      512
 93
        0
300

 40
0.0
140
1.0
 94
        5
 62
     0
340
0
144
0.18
309
CONTENTFORMAT_END
171
     1
301
MARGIN
  1
CELLMARGIN_BEGIN
 40
0.0
 40
0.0
 40
0.0
 40
0.0
 40
0.18
 40
0.18
309
CELLMARGIN_END
 94
        1
 95
        4
302
GRIDFORMAT
  1
GRIDFORMAT_BEGIN
 90
       63
 91
        1
 62
     0
 92
       35
340
15
 93
        0
 40
0.045
309
GRIDFORMAT_END
309
TABLEFORMAT_END
309
FORMATTEDTABLEDATACELL_END
  1
TABLECELL_BEGIN
 90
        0
 91
        0
309
TABLECELL_END
 91
        0
301
CUSTOMDATA
  1
DATAMAP_BEGIN
 90
        0
309
DATAMAP_END
309
LINKEDTABLEDATAROW_END
  1
FORMATTEDTABLEDATAROW_BEGIN
300
ROWTABLEFORMAT
  1
TABLEFORMAT_BEGIN
 90
        2
170
     0
309
TABLEFORMAT_END
309
FORMATTEDTABLEDATAROW_END
  1
TABLEROW_BEGIN
 90
        2
 40
1500.0
309
TABLEROW_END
301
ROW
  1
LINKEDTABLEDATAROW_BEGIN
 90
        6
300
CELL
  1
LINKEDTABLEDATACELL_BEGIN
 90
        0
300

 91
        0
301
CUSTOMDATA
  1
DATAMAP_BEGIN
 90
        1
300
ACAD_ROUNDTRIP_2008_CELL_CHECKSUM
301
DATAMAP_VALUE
 93
        2
 90
        2
140
0.0
 94
        0
300

302

304
ACVALUE_END
309
DATAMAP_END
 92
        0
 95
        1
302
CONTENT
  1
CELLCONTENT_BEGIN
 90
        1
300
VALUE
 93
        5
 90
        4
 94
        0
300

302

304
ACVALUE_END
 91
        0
309
CELLCONTENT_END
  1
FORMATTEDCELLCONTENT_BEGIN
170
     1
300
CONTENTFORMAT
  1
CONTENTFORMAT_BEGIN
 90
        0
 91
        0
 92
        4
 93
        0
300

 40
0.0
140
1.0
 94
        1
 62
     0
340
789
144
250.0
309
CONTENTFORMAT_END
309
FORMATTEDCELLCONTENT_END
309
LINKEDTABLEDATACELL_END
  1
FORMATTEDTABLEDATACELL_BEGIN
300
CELLTABLEFORMAT
  1
TABLEFORMAT_BEGIN
 90
        1
170
     1
 91
    10240
 92
        0
 62
   257
 93
        1
300
CONTENTFORMAT
  1
CONTENTFORMAT_BEGIN
 90
        0
 91
        0
 92
      512
 93
        0
300

 40
0.0
140
1.0
 94
        5
 62
     0
340
0
144
0.18
309
CONTENTFORMAT_END
171
     1
301
MARGIN
  1
CELLMARGIN_BEGIN
 40
0.0
 40
0.06
 40
0.0
 40
0.06
 40
0.18
 40
0.18
309
CELLMARGIN_END
 94
        2
 95
        8
302
GRIDFORMAT
  1
GRIDFORMAT_BEGIN
 90
        0
 91
        1
 62
     0
 92
       35
340
15
 93
        0
 40
0.045
309
GRIDFORMAT_END
 95
       32
302
GRIDFORMAT
  1
GRIDFORMAT_BEGIN
 90
        0
 91
        1
 62
     0
 92
       35
340
15
 93
        0
 40
0.045
309
GRIDFORMAT_END
309
TABLEFORMAT_END
309
FORMATTEDTABLEDATACELL_END
  1
TABLECELL_BEGIN
 90
        0
 91
        0
309
TABLECELL_END
300
CELL
  1
LINKEDTABLEDATACELL_BEGIN
 90
        0
300

 91
        0
301
CUSTOMDATA
  1
DATAMAP_BEGIN
 90
        1
300
ACAD_ROUNDTRIP_2008_CELL_CHECKSUM
301
DATAMAP_VALUE
 93
        2
 90
        2
140
0.0
 94
        0
300

302

304
ACVALUE_END
309
DATAMAP_END
 92
        0
 95
        1
302
CONTENT
  1
CELLCONTENT_BEGIN
 90
        1
300
VALUE
 93
        5
 90
        4
 94
        0
300

302

304
ACVALUE_END
 91
        0
309
CELLCONTENT_END
  1
FORMATTEDCELLCONTENT_BEGIN
170
     1
300
CONTENTFORMAT
  1
CONTENTFORMAT_BEGIN
 90
        0
 91
        0
 92
        4
 93
        0
300

 40
0.0
140
1.0
 94
        1
 62
     0
340
789
144
250.0
309
CONTENTFORMAT_END
309
FORMATTEDCELLCONTENT_END
309
LINKEDTABLEDATACELL_END
  1
FORMATTEDTABLEDATACELL_BEGIN
300
CELLTABLEFORMAT
  1
TABLEFORMAT_BEGIN
 90
        1
170
     1
 91
    15360
 92
        0
 62
   257
 93
        1
300
CONTENTFORMAT
  1
CONTENTFORMAT_BEGIN
 90
        0
 91
        0
 92
      512
 93
        0
300

 40
0.0
140
1.0
 94
        5
 62
     0
340
0
144
0.18
309
CONTENTFORMAT_END
171
     1
301
MARGIN
  1
CELLMARGIN_BEGIN
 40
0.0
 40
0.0
 40
0.0
 40
0.0
 40
0.18
 40
0.18
309
CELLMARGIN_END
 94
        2
 95
        4
302
GRIDFORMAT
  1
GRIDFORMAT_BEGIN
 90
       63
 91
        1
 62
     7
 92
       -2
340
15
 93
        0
 40
0.045
309
GRIDFORMAT_END
 95
       32
302
GRIDFORMAT
  1
GRIDFORMAT_BEGIN
 90
       63
 91
        1
 62
     7
 92
       35
340
15
 93
        0
 40
0.045
309
GRIDFORMAT_END
309
TABLEFORMAT_END
309
FORMATTEDTABLEDATACELL_END
  1
TABLECELL_BEGIN
 90
        0
 91
        0
309
TABLECELL_END
300
CELL
  1
LINKEDTABLEDATACELL_BEGIN
 90
        0
300

 91
        0
301
CUSTOMDATA
  1
DATAMAP_BEGIN
 90
        1
300
ACAD_ROUNDTRIP_2008_CELL_CHECKSUM
301
DATAMAP_VALUE
 93
        2
 90
        2
140
177865.0
 94
        0
300

302

304
ACVALUE_END
309
DATAMAP_END
 92
        0
 95
        1
302
CONTENT
  1
CELLCONTENT_BEGIN
 90
        1
300
VALUE
 93
        6
 90
        4
  1
Переходная плита Пп-1
 94
        0
300

302
Переходная плита Пп-1
304
ACVALUE_END
 91
        0
309
CELLCONTENT_END
  1
FORMATTEDCELLCONTENT_BEGIN
170
     1
300
CONTENTFORMAT
  1
CONTENTFORMAT_BEGIN
 90
        0
 91
        0
 92
        4
 93
        0
300

 40
0.0
140
1.0
 94
        1
 62
     0
340
789
144
250.0
309
CONTENTFORMAT_END
309
FORMATTEDCELLCONTENT_END
309
LINKEDTABLEDATACELL_END
  1
FORMATTEDTABLEDATACELL_BEGIN
300
CELLTABLEFORMAT
  1
TABLEFORMAT_BEGIN
 90
        1
170
     1
 91
    10240
 92
        0
 62
   257
 93
        1
300
CONTENTFORMAT
  1
CONTENTFORMAT_BEGIN
 90
        0
 91
        0
 92
      512
 93
        0
300

 40
0.0
140
1.0
 94
        5
 62
     0
340
0
144
0.18
309
CONTENTFORMAT_END
171
     1
301
MARGIN
  1
CELLMARGIN_BEGIN
 40
0.0
 40
0.06
 40
0.0
 40
0.06
 40
0.18
 40
0.18
309
CELLMARGIN_END
 94
        2
 95
        4
302
GRIDFORMAT
  1
GRIDFORMAT_BEGIN
 90
       63
 91
        1
 62
     7
 92
       -2
340
15
 93
        0
 40
0.045
309
GRIDFORMAT_END
 95
       32
302
GRIDFORMAT
  1
GRIDFORMAT_BEGIN
 90
       63
 91
        1
 62
     7
 92
       35
340
15
 93
        0
 40
0.045
309
GRIDFORMAT_END
309
TABLEFORMAT_END
309
FORMATTEDTABLEDATACELL_END
  1
TABLECELL_BEGIN
 90
        0
 91
        0
309
TABLECELL_END
300
CELL
  1
LINKEDTABLEDATACELL_BEGIN
 90
        0
300

 91
        0
301
CUSTOMDATA
  1
DATAMAP_BEGIN
 90
        1
300
ACAD_ROUNDTRIP_2008_CELL_CHECKSUM
301
DATAMAP_VALUE
 93
        2
 90
        2
140
0.0
 94
        0
300

302

304
ACVALUE_END
309
DATAMAP_END
 92
        0
 95
        1
302
CONTENT
  1
CELLCONTENT_BEGIN
 90
        1
300
VALUE
 93
        5
 90
        4
 94
        0
300

302

304
ACVALUE_END
 91
        0
309
CELLCONTENT_END
  1
FORMATTEDCELLCONTENT_BEGIN
170
     1
300
CONTENTFORMAT
  1
CONTENTFORMAT_BEGIN
 90
        0
 91
        0
 92
        4
 93
        0
300

 40
0.0
140
1.0
 94
        1
 62
     0
340
789
144
250.0
309
CONTENTFORMAT_END
309
FORMATTEDCELLCONTENT_END
309
LINKEDTABLEDATACELL_END
  1
FORMATTEDTABLEDATACELL_BEGIN
300
CELLTABLEFORMAT
  1
TABLEFORMAT_BEGIN
 90
        1
170
     1
 91
    15360
 92
        0
 62
   257
 93
        1
300
CONTENTFORMAT
  1
CONTENTFORMAT_BEGIN
 90
        0
 91
        0
 92
      512
 93
        0
300

 40
0.0
140
1.0
 94
        5
 62
     0
340
0
144
0.18
309
CONTENTFORMAT_END
171
     1
301
MARGIN
  1
CELLMARGIN_BEGIN
 40
0.0
 40
0.0
 40
0.0
 40
0.0
 40
0.18
 40
0.18
309
CELLMARGIN_END
 94
        1
 95
        4
302
GRIDFORMAT
  1
GRIDFORMAT_BEGIN
 90
       63
 91
        1
 62
     7
 92
       -2
340
15
 93
        0
 40
0.045
309
GRIDFORMAT_END
309
TABLEFORMAT_END
309
FORMATTEDTABLEDATACELL_END
  1
TABLECELL_BEGIN
 90
        0
 91
        0
309
TABLECELL_END
300
CELL
  1
LINKEDTABLEDATACELL_BEGIN
 90
        0
300

 91
        0
301
CUSTOMDATA
  1
DATAMAP_BEGIN
 90
        1
300
ACAD_ROUNDTRIP_2008_CELL_CHECKSUM
301
DATAMAP_VALUE
 93
        2
 90
        2
140
0.0
 94
        0
300

302

304
ACVALUE_END
309
DATAMAP_END
 92
        0
 95
        1
302
CONTENT
  1
CELLCONTENT_BEGIN
 90
        1
300
VALUE
 93
        5
 90
        4
 94
        0
300

302

304
ACVALUE_END
 91
        0
309
CELLCONTENT_END
  1
FORMATTEDCELLCONTENT_BEGIN
170
     1
300
CONTENTFORMAT
  1
CONTENTFORMAT_BEGIN
 90
        0
 91
        0
 92
        4
 93
        0
300

 40
0.0
140
1.0
 94
        1
 62
     0
340
789
144
250.0
309
CONTENTFORMAT_END
309
FORMATTEDCELLCONTENT_END
309
LINKEDTABLEDATACELL_END
  1
FORMATTEDTABLEDATACELL_BEGIN
300
CELLTABLEFORMAT
  1
TABLEFORMAT_BEGIN
 90
        1
170
     1
 91
    15360
 92
        0
 62
   257
 93
        1
300
CONTENTFORMAT
  1
CONTENTFORMAT_BEGIN
 90
        0
 91
        0
 92
      512
 93
        0
300

 40
0.0
140
1.0
 94
        5
 62
     0
340
0
144
0.18
309
CONTENTFORMAT_END
171
     1
301
MARGIN
  1
CELLMARGIN_BEGIN
 40
0.0
 40
0.0
 40
0.0
 40
0.0
 40
0.18
 40
0.18
309
CELLMARGIN_END
 94
        3
 95
        4
302
GRIDFORMAT
  1
GRIDFORMAT_BEGIN
 90
       63
 91
        1
 62
     7
 92
       -2
340
15
 93
        0
 40
0.045
309
GRIDFORMAT_END
 95
        8
302
GRIDFORMAT
  1
GRIDFORMAT_BEGIN
 90
        0
 91
        1
 62
     0
 92
       30
340
15
 93
        0
 40
0.045
309
GRIDFORMAT_END
 95
       32
302
GRIDFORMAT
  1
GRIDFORMAT_BEGIN
 90
       63
 91
        1
 62
     0
 92
       35
340
15
 93
        0
 40
0.045
309
GRIDFORMAT_END
309
TABLEFORMAT_END
309
FORMATTEDTABLEDATACELL_END
  1
TABLECELL_BEGIN
 90
        0
 91
        0
309
TABLECELL_END
300
CELL
  1
LINKEDTABLEDATACELL_BEGIN
 90
        0
300

 91
        0
301
CUSTOMDATA
  1
DATAMAP_BEGIN
 90
        1
300
ACAD_ROUNDTRIP_2008_CELL_CHECKSUM
301
DATAMAP_VALUE
 93
        2
 90
        2
140
0.0
 94
        0
300

302

304
ACVALUE_END
309
DATAMAP_END
 92
        0
 95
        1
302
CONTENT
  1
CELLCONTENT_BEGIN
 90
        1
300
VALUE
 93
        5
 90
      512
 94
        0
300

302

304
ACVALUE_END
 91
        0
309
CELLCONTENT_END
  1
FORMATTEDCELLCONTENT_BEGIN
170
     1
300
CONTENTFORMAT
  1
CONTENTFORMAT_BEGIN
 90
        0
 91
        0
 92
      512
 93
        0
300

 40
0.0
140
1.0
 94
        1
 62
     0
340
0
144
0.18
309
CONTENTFORMAT_END
309
FORMATTEDCELLCONTENT_END
309
LINKEDTABLEDATACELL_END
  1
FORMATTEDTABLEDATACELL_BEGIN
300
CELLTABLEFORMAT
  1
TABLEFORMAT_BEGIN
 90
        1
170
     1
 91
    15360
 92
        0
 62
   257
 93
        1
300
CONTENTFORMAT
  1
CONTENTFORMAT_BEGIN
 90
        0
 91
        0
 92
      512
 93
        0
300

 40
0.0
140
1.0
 94
        5
 62
     0
340
0
144
0.18
309
CONTENTFORMAT_END
171
     1
301
MARGIN
  1
CELLMARGIN_BEGIN
 40
0.0
 40
0.0
 40
0.0
 40
0.0
 40
0.18
 40
0.18
309
CELLMARGIN_END
 94
        1
 95
       32
302
GRIDFORMAT
  1
GRIDFORMAT_BEGIN
 90
       63
 91
        1
 62
     0
 92
       35
340
15
 93
        0
 40
0.045
309
GRIDFORMAT_END
309
TABLEFORMAT_END
309
FORMATTEDTABLEDATACELL_END
  1
TABLECELL_BEGIN
 90
        0
 91
        0
309
TABLECELL_END
 91
        0
301
CUSTOMDATA
  1
DATAMAP_BEGIN
 90
        0
309
DATAMAP_END
309
LINKEDTABLEDATAROW_END
  1
FORMATTEDTABLEDATAROW_BEGIN
300
ROWTABLEFORMAT
  1
TABLEFORMAT_BEGIN
 90
        2
170
     0
309
TABLEFORMAT_END
309
FORMATTEDTABLEDATAROW_END
  1
TABLEROW_BEGIN
 90
        3
 40
800.0
309
TABLEROW_END
301
ROW
  1
LINKEDTABLEDATAROW_BEGIN
 90
        6
300
CELL
  1
LINKEDTABLEDATACELL_BEGIN
 90
        0
300

 91
        0
301
CUSTOMDATA
  1
DATAMAP_BEGIN
 90
        1
300
ACAD_ROUNDTRIP_2008_CELL_CHECKSUM
301
DATAMAP_VALUE
 93
        2
 90
        2
140
0.0
 94
        0
300

302

304
ACVALUE_END
309
DATAMAP_END
 92
        0
 95
        1
302
CONTENT
  1
CELLCONTENT_BEGIN
 90
        1
300
VALUE
 93
        7
 90
        0
 94
        0
300

302

304
ACVALUE_END
 91
        0
309
CELLCONTENT_END
  1
FORMATTEDCELLCONTENT_BEGIN
170
     1
300
CONTENTFORMAT
  1
CONTENTFORMAT_BEGIN
 90
        0
 91
        0
 92
      512
 93
        0
300

 40
0.0
140
1.0
 94
        1
 62
     0
340
0
144
0.18
309
CONTENTFORMAT_END
309
FORMATTEDCELLCONTENT_END
309
LINKEDTABLEDATACELL_END
  1
FORMATTEDTABLEDATACELL_BEGIN
300
CELLTABLEFORMAT
  1
TABLEFORMAT_BEGIN
 90
        1
170
     1
 91
    10240
 92
        0
 62
   257
 93
        1
300
CONTENTFORMAT
  1
CONTENTFORMAT_BEGIN
 90
        0
 91
        0
 92
      512
 93
        0
300

 40
0.0
140
1.0
 94
        5
 62
     0
340
0
144
0.18
309
CONTENTFORMAT_END
171
     1
301
MARGIN
  1
CELLMARGIN_BEGIN
 40
0.0
 40
0.06
 40
0.0
 40
0.06
 40
0.18
 40
0.18
309
CELLMARGIN_END
 94
        1
 95
        8
302
GRIDFORMAT
  1
GRIDFORMAT_BEGIN
 90
        0
 91
        1
 62
     0
 92
       35
340
15
 93
        0
 40
0.045
309
GRIDFORMAT_END
309
TABLEFORMAT_END
309
FORMATTEDTABLEDATACELL_END
  1
TABLECELL_BEGIN
 90
        0
 91
        0
309
TABLECELL_END
300
CELL
  1
LINKEDTABLEDATACELL_BEGIN
 90
        0
300

 91
        0
301
CUSTOMDATA
  1
DATAMAP_BEGIN
 90
        1
300
ACAD_ROUNDTRIP_2008_CELL_CHECKSUM
301
DATAMAP_VALUE
 93
        2
 90
        2
140
0.0
 94
        0
300

302

304
ACVALUE_END
309
DATAMAP_END
 92
        0
 95
        1
302
CONTENT
  1
CELLCONTENT_BEGIN
 90
        1
300
VALUE
 93
        7
 90
        0
 94
        0
300

302

304
ACVALUE_END
 91
        0
309
CELLCONTENT_END
  1
FORMATTEDCELLCONTENT_BEGIN
170
     1
300
CONTENTFORMAT
  1
CONTENTFORMAT_BEGIN
 90
        0
 91
        0
 92
      512
 93
        0
300

 40
0.0
140
1.0
 94
        1
 62
     0
340
0
144
0.18
309
CONTENTFORMAT_END
309
FORMATTEDCELLCONTENT_END
309
LINKEDTABLEDATACELL_END
  1
FORMATTEDTABLEDATACELL_BEGIN
300
CELLTABLEFORMAT
  1
TABLEFORMAT_BEGIN
 90
        1
170
     1
 91
    15360
 92
        0
 62
   257
 93
        1
300
CONTENTFORMAT
  1
CONTENTFORMAT_BEGIN
 90
        0
 91
        0
 92
      512
 93
        0
300

 40
0.0
140
1.0
 94
        5
 62
     0
340
0
144
0.18
309
CONTENTFORMAT_END
171
     1
301
MARGIN
  1
CELLMARGIN_BEGIN
 40
0.0
 40
0.0
 40
0.0
 40
0.0
 40
0.18
 40
0.18
309
CELLMARGIN_END
 94
        1
 95
        4
302
GRIDFORMAT
  1
GRIDFORMAT_BEGIN
 90
       63
 91
        1
 62
     7
 92
       -2
340
15
 93
        0
 40
0.045
309
GRIDFORMAT_END
309
TABLEFORMAT_END
309
FORMATTEDTABLEDATACELL_END
  1
TABLECELL_BEGIN
 90
        0
 91
        0
309
TABLECELL_END
300
CELL
  1
LINKEDTABLEDATACELL_BEGIN
 90
        0
300

 91
        0
301
CUSTOMDATA
  1
DATAMAP_BEGIN
 90
        1
300
ACAD_ROUNDTRIP_2008_CELL_CHECKSUM
301
DATAMAP_VALUE
 93
        2
 90
        2
140
48753.0
 94
        0
300

302

304
ACVALUE_END
309
DATAMAP_END
 92
        0
 95
        1
302
CONTENT
  1
CELLCONTENT_BEGIN
 90
        1
300
VALUE
 93
        6
 90
        4
  1
Материалы
 94
        0
300

302
Материалы
304
ACVALUE_END
 91
        0
309
CELLCONTENT_END
  1
FORMATTEDCELLCONTENT_BEGIN
170
     1
300
CONTENTFORMAT
  1
CONTENTFORMAT_BEGIN
 90
        0
 91
        0
 92
        4
 93
        0
300

 40
0.0
140
1.0
 94
        1
 62
     0
340
789
144
250.0
309
CONTENTFORMAT_END
309
FORMATTEDCELLCONTENT_END
309
LINKEDTABLEDATACELL_END
  1
FORMATTEDTABLEDATACELL_BEGIN
300
CELLTABLEFORMAT
  1
TABLEFORMAT_BEGIN
 90
        1
170
     1
 91
    14336
 92
        0
 62
   257
 93
        1
300
CONTENTFORMAT
  1
CONTENTFORMAT_BEGIN
 90
        0
 91
        0
 92
      512
 93
        0
300

 40
0.0
140
1.0
 94
        5
 62
     0
340
0
144
0.18
309
CONTENTFORMAT_END
171
     1
301
MARGIN
  1
CELLMARGIN_BEGIN
 40
0.0
 40
150.0
 40
0.0
 40
150.0
 40
0.18
 40
0.18
309
CELLMARGIN_END
 94
        1
 95
        4
302
GRIDFORMAT
  1
GRIDFORMAT_BEGIN
 90
       63
 91
        1
 62
     7
 92
       -2
340
15
 93
        0
 40
0.045
309
GRIDFORMAT_END
309
TABLEFORMAT_END
309
FORMATTEDTABLEDATACELL_END
  1
TABLECELL_BEGIN
 90
        0
 91
        0
309
TABLECELL_END
300
CELL
  1
LINKEDTABLEDATACELL_BEGIN
 90
        0
300

 91
        0
301
CUSTOMDATA
  1
DATAMAP_BEGIN
 90
        1
300
ACAD_ROUNDTRIP_2008_CELL_CHECKSUM
301
DATAMAP_VALUE
 93
        2
 90
        2
140
0.0
 94
        0
300

302

304
ACVALUE_END
309
DATAMAP_END
 92
        0
 95
        1
302
CONTENT
  1
CELLCONTENT_BEGIN
 90
        1
300
VALUE
 93
        7
 90
        0
 94
        0
300

302

304
ACVALUE_END
 91
        0
309
CELLCONTENT_END
  1
FORMATTEDCELLCONTENT_BEGIN
170
     1
300
CONTENTFORMAT
  1
CONTENTFORMAT_BEGIN
 90
        0
 91
        0
 92
      512
 93
        0
300

 40
0.0
140
1.0
 94
        1
 62
     0
340
0
144
0.18
309
CONTENTFORMAT_END
309
FORMATTEDCELLCONTENT_END
309
LINKEDTABLEDATACELL_END
  1
FORMATTEDTABLEDATACELL_BEGIN
300
CELLTABLEFORMAT
  1
TABLEFORMAT_BEGIN
 90
        1
170
     1
 91
    15360
 92
        0
 62
   257
 93
        1
300
CONTENTFORMAT
  1
CONTENTFORMAT_BEGIN
 90
        0
 91
        0
 92
      512
 93
        0
300

 40
0.0
140
1.0
 94
        5
 62
     0
340
0
144
0.18
309
CONTENTFORMAT_END
171
     1
301
MARGIN
  1
CELLMARGIN_BEGIN
 40
0.0
 40
0.0
 40
0.0
 40
0.0
 40
0.18
 40
0.18
309
CELLMARGIN_END
 94
        3
 95
        4
302
GRIDFORMAT
  1
GRIDFORMAT_BEGIN
 90
       63
 91
        1
 62
     7
 92
       -2
340
15
 93
        0
 40
0.045
309
GRIDFORMAT_END
 95
        8
302
GRIDFORMAT
  1
GRIDFORMAT_BEGIN
 90
       63
 91
        1
 62
     7
 92
       35
340
15
 93
        0
 40
0.045
309
GRIDFORMAT_END
 95
       32
302
GRIDFORMAT
  1
GRIDFORMAT_BEGIN
 90
        0
 91
        1
 62
     0
 92
       30
340
15
 93
        0
 40
0.045
309
GRIDFORMAT_END
309
TABLEFORMAT_END
309
FORMATTEDTABLEDATACELL_END
  1
TABLECELL_BEGIN
 90
        0
 91
        0
309
TABLECELL_END
300
CELL
  1
LINKEDTABLEDATACELL_BEGIN
 90
        0
300

 91
        0
301
CUSTOMDATA
  1
DATAMAP_BEGIN
 90
        1
300
ACAD_ROUNDTRIP_2008_CELL_CHECKSUM
301
DATAMAP_VALUE
 93
        2
 90
        2
140
0.0
 94
        0
300

302

304
ACVALUE_END
309
DATAMAP_END
 92
        0
 95
        1
302
CONTENT
  1
CELLCONTENT_BEGIN
 90
        1
300
VALUE
 93
        7
 90
        0
 94
        0
300

302

304
ACVALUE_END
 91
        0
309
CELLCONTENT_END
  1
FORMATTEDCELLCONTENT_BEGIN
170
     1
300
CONTENTFORMAT
  1
CONTENTFORMAT_BEGIN
 90
        0
 91
        0
 92
      512
 93
        0
300

 40
0.0
140
1.0
 94
        1
 62
     0
340
0
144
0.18
309
CONTENTFORMAT_END
309
FORMATTEDCELLCONTENT_END
309
LINKEDTABLEDATACELL_END
  1
FORMATTEDTABLEDATACELL_BEGIN
300
CELLTABLEFORMAT
  1
TABLEFORMAT_BEGIN
 90
        1
170
     1
 91
    15360
 92
        0
 62
   257
 93
        1
300
CONTENTFORMAT
  1
CONTENTFORMAT_BEGIN
 90
        0
 91
        0
 92
      512
 93
        0
300

 40
0.0
140
1.0
 94
        5
 62
     0
340
0
144
0.18
309
CONTENTFORMAT_END
171
     1
301
MARGIN
  1
CELLMARGIN_BEGIN
 40
0.0
 40
0.0
 40
0.0
 40
0.0
 40
0.18
 40
0.18
309
CELLMARGIN_END
 94
        1
 95
        4
302
GRIDFORMAT
  1
GRIDFORMAT_BEGIN
 90
       63
 91
        1
 62
     7
 92
       -2
340
15
 93
        0
 40
0.045
309
GRIDFORMAT_END
309
TABLEFORMAT_END
309
FORMATTEDTABLEDATACELL_END
  1
TABLECELL_BEGIN
 90
        0
 91
        0
309
TABLECELL_END
300
CELL
  1
LINKEDTABLEDATACELL_BEGIN
 90
        0
300

 91
        0
301
CUSTOMDATA
  1
DATAMAP_BEGIN
 90
        1
300
ACAD_ROUNDTRIP_2008_CELL_CHECKSUM
301
DATAMAP_VALUE
 93
        2
 90
        2
140
0.0
 94
        0
300

302

304
ACVALUE_END
309
DATAMAP_END
 92
        0
 95
        1
302
CONTENT
  1
CELLCONTENT_BEGIN
 90
        1
300
VALUE
 93
        7
 90
        0
 94
        0
300

302

304
ACVALUE_END
 91
        0
309
CELLCONTENT_END
  1
FORMATTEDCELLCONTENT_BEGIN
170
     1
300
CONTENTFORMAT
  1
CONTENTFORMAT_BEGIN
 90
        0
 91
        0
 92
      512
 93
        0
300

 40
0.0
140
1.0
 94
        1
 62
     0
340
0
144
0.18
309
CONTENTFORMAT_END
309
FORMATTEDCELLCONTENT_END
309
LINKEDTABLEDATACELL_END
  1
FORMATTEDTABLEDATACELL_BEGIN
300
CELLTABLEFORMAT
  1
TABLEFORMAT_BEGIN
 90
        1
170
     1
 91
    15360
 92
        0
 62
   257
 93
        1
300
CONTENTFORMAT
  1
CONTENTFORMAT_BEGIN
 90
        0
 91
        0
 92
      512
 93
        0
300

 40
0.0
140
1.0
 94
        5
 62
     0
340
0
144
0.18
309
CONTENTFORMAT_END
171
     1
301
MARGIN
  1
CELLMARGIN_BEGIN
 40
0.0
 40
0.0
 40
0.0
 40
0.0
 40
0.18
 40
0.18
309
CELLMARGIN_END
 94
        2
 95
        8
302
GRIDFORMAT
  1
GRIDFORMAT_BEGIN
 90
       63
 91
        1
 62
     0
 92
       35
340
15
 93
        0
 40
0.045
309
GRIDFORMAT_END
 95
       32
302
GRIDFORMAT
  1
GRIDFORMAT_BEGIN
 90
       63
 91
        1
 62
     0
 92
       35
340
15
 93
        0
 40
0.045
309
GRIDFORMAT_END
309
TABLEFORMAT_END
309
FORMATTEDTABLEDATACELL_END
  1
TABLECELL_BEGIN
 90
        0
 91
        0
309
TABLECELL_END
 91
        0
301
CUSTOMDATA
  1
DATAMAP_BEGIN
 90
        0
309
DATAMAP_END
309
LINKEDTABLEDATAROW_END
  1
FORMATTEDTABLEDATAROW_BEGIN
300
ROWTABLEFORMAT
  1
TABLEFORMAT_BEGIN
 90
        2
170
     0
309
TABLEFORMAT_END
309
FORMATTEDTABLEDATAROW_END
  1
TABLEROW_BEGIN
 90
        3
 40
800.0
309
TABLEROW_END
301
ROW
  1
LINKEDTABLEDATAROW_BEGIN
 90
        6
300
CELL
  1
LINKEDTABLEDATACELL_BEGIN
 90
        0
300

 91
        0
301
CUSTOMDATA
  1
DATAMAP_BEGIN
 90
        1
300
ACAD_ROUNDTRIP_2008_CELL_CHECKSUM
301
DATAMAP_VALUE
 93
        2
 90
        2
140
0.0
 94
        0
300

302

304
ACVALUE_END
309
DATAMAP_END
 92
        0
 95
        1
302
CONTENT
  1
CELLCONTENT_BEGIN
 90
        1
300
VALUE
 93
        7
 90
        0
 94
        0
300

302

304
ACVALUE_END
 91
        0
309
CELLCONTENT_END
  1
FORMATTEDCELLCONTENT_BEGIN
170
     1
300
CONTENTFORMAT
  1
CONTENTFORMAT_BEGIN
 90
        0
 91
        0
 92
      512
 93
        0
300

 40
0.0
140
1.0
 94
        1
 62
     0
340
0
144
0.18
309
CONTENTFORMAT_END
309
FORMATTEDCELLCONTENT_END
309
LINKEDTABLEDATACELL_END
  1
FORMATTEDTABLEDATACELL_BEGIN
300
CELLTABLEFORMAT
  1
TABLEFORMAT_BEGIN
 90
        1
170
     1
 91
    10240
 92
        0
 62
   257
 93
        1
300
CONTENTFORMAT
  1
CONTENTFORMAT_BEGIN
 90
        0
 91
        0
 92
      512
 93
        0
300

 40
0.0
140
1.0
 94
        5
 62
     0
340
0
144
0.18
309
CONTENTFORMAT_END
171
     1
301
MARGIN
  1
CELLMARGIN_BEGIN
 40
0.0
 40
0.06
 40
0.0
 40
0.06
 40
0.18
 40
0.18
309
CELLMARGIN_END
 94
        2
 95
        4
302
GRIDFORMAT
  1
GRIDFORMAT_BEGIN
 90
       63
 91
        1
 62
     0
 92
       35
340
15
 93
        0
 40
0.045
309
GRIDFORMAT_END
 95
        8
302
GRIDFORMAT
  1
GRIDFORMAT_BEGIN
 90
        0
 91
        1
 62
     0
 92
       35
340
15
 93
        0
 40
0.045
309
GRIDFORMAT_END
309
TABLEFORMAT_END
309
FORMATTEDTABLEDATACELL_END
  1
TABLECELL_BEGIN
 90
        0
 91
        0
309
TABLECELL_END
300
CELL
  1
LINKEDTABLEDATACELL_BEGIN
 90
        0
300

 91
        0
301
CUSTOMDATA
  1
DATAMAP_BEGIN
 90
        1
300
ACAD_ROUNDTRIP_2008_CELL_CHECKSUM
301
DATAMAP_VALUE
 93
        2
 90
        2
140
27456.0
 94
        0
300

302

304
ACVALUE_END
309
DATAMAP_END
 92
        0
 95
        1
302
CONTENT
  1
CELLCONTENT_BEGIN
 90
        1
300
VALUE
 93
        6
 90
        4
  1
ГОСТ 26633-{\C256;2015}
 94
        0
300

302
ГОСТ 26633-{\C256;2015}
304
ACVALUE_END
 91
        0
309
CELLCONTENT_END
  1
FORMATTEDCELLCONTENT_BEGIN
170
     1
300
CONTENTFORMAT
  1
CONTENTFORMAT_BEGIN
 90
        0
 91
        0
 92
        4
 93
        0
300

 40
0.0
140
1.0
 94
        1
 62
     0
340
789
144
250.0
309
CONTENTFORMAT_END
309
FORMATTEDCELLCONTENT_END
309
LINKEDTABLEDATACELL_END
  1
FORMATTEDTABLEDATACELL_BEGIN
300
CELLTABLEFORMAT
  1
TABLEFORMAT_BEGIN
 90
        1
170
     1
 91
    15360
 92
        0
 62
   257
 93
        1
300
CONTENTFORMAT
  1
CONTENTFORMAT_BEGIN
 90
        0
 91
        0
 92
      512
 93
        0
300

 40
0.0
140
1.0
 94
        5
 62
     0
340
0
144
0.18
309
CONTENTFORMAT_END
171
     1
301
MARGIN
  1
CELLMARGIN_BEGIN
 40
0.0
 40
0.0
 40
0.0
 40
0.0
 40
0.18
 40
0.18
309
CELLMARGIN_END
 94
        2
 95
        4
302
GRIDFORMAT
  1
GRIDFORMAT_BEGIN
 90
       63
 91
        1
 62
     0
 92
       35
340
15
 93
        0
 40
0.045
309
GRIDFORMAT_END
 95
       32
302
GRIDFORMAT
  1
GRIDFORMAT_BEGIN
 90
       63
 91
        1
 62
     7
 92
       35
340
15
 93
        0
 40
0.045
309
GRIDFORMAT_END
309
TABLEFORMAT_END
309
FORMATTEDTABLEDATACELL_END
  1
TABLECELL_BEGIN
 90
        0
 91
        0
309
TABLECELL_END
300
CELL
  1
LINKEDTABLEDATACELL_BEGIN
 90
        0
300

 91
        0
301
CUSTOMDATA
  1
DATAMAP_BEGIN
 90
        1
300
ACAD_ROUNDTRIP_2008_CELL_CHECKSUM
301
DATAMAP_VALUE
 93
        2
 90
        2
140
22247.0
 94
        0
300

302

304
ACVALUE_END
309
DATAMAP_END
 92
        0
 95
        1
302
CONTENT
  1
CELLCONTENT_BEGIN
 90
        1
300
VALUE
 93
        6
 90
        4
  1
Бетон B30F300W8
 94
        0
300

302
Бетон B30F300W8
304
ACVALUE_END
 91
        0
309
CELLCONTENT_END
  1
FORMATTEDCELLCONTENT_BEGIN
170
     1
300
CONTENTFORMAT
  1
CONTENTFORMAT_BEGIN
 90
        0
 91
        0
 92
        4
 93
        0
300

 40
0.0
140
1.0
 94
        1
 62
     0
340
789
144
250.0
309
CONTENTFORMAT_END
309
FORMATTEDCELLCONTENT_END
309
LINKEDTABLEDATACELL_END
  1
FORMATTEDTABLEDATACELL_BEGIN
300
CELLTABLEFORMAT
  1
TABLEFORMAT_BEGIN
 90
        1
170
     1
 91
    10256
 92
        0
 62
   257
 93
        1
300
CONTENTFORMAT
  1
CONTENTFORMAT_BEGIN
 90
        0
 91
        0
 92
      512
 93
        0
300

 40
0.0
140
1.0
 94
        4
 62
     0
340
0
144
0.18
309
CONTENTFORMAT_END
171
     1
301
MARGIN
  1
CELLMARGIN_BEGIN
 40
0.0
 40
0.06
 40
0.0
 40
0.06
 40
0.18
 40
0.18
309
CELLMARGIN_END
 94
        2
 95
        4
302
GRIDFORMAT
  1
GRIDFORMAT_BEGIN
 90
       63
 91
        1
 62
     0
 92
       35
340
15
 93
        0
 40
0.045
309
GRIDFORMAT_END
 95
       32
302
GRIDFORMAT
  1
GRIDFORMAT_BEGIN
 90
       63
 91
        1
 62
     7
 92
       35
340
15
 93
        0
 40
0.045
309
GRIDFORMAT_END
309
TABLEFORMAT_END
309
FORMATTEDTABLEDATACELL_END
  1
TABLECELL_BEGIN
 90
        0
 91
        0
309
TABLECELL_END
300
CELL
  1
LINKEDTABLEDATACELL_BEGIN
 90
        0
300

 91
        0
301
CUSTOMDATA
  1
DATAMAP_BEGIN
 90
        1
300
ACAD_ROUNDTRIP_2008_CELL_CHECKSUM
301
DATAMAP_VALUE
 93
        2
 90
        2
140
0.0
 94
        0
300

302

304
ACVALUE_END
309
DATAMAP_END
 92
        0
 95
        1
302
CONTENT
  1
CELLCONTENT_BEGIN
 90
        1
300
VALUE
 93
        7
 90
        0
 94
        0
300

302

304
ACVALUE_END
 91
        0
309
CELLCONTENT_END
  1
FORMATTEDCELLCONTENT_BEGIN
170
     1
300
CONTENTFORMAT
  1
CONTENTFORMAT_BEGIN
 90
        0
 91
        0
 92
      512
 93
        0
300

 40
0.0
140
1.0
 94
        1
 62
     0
340
0
144
0.18
309
CONTENTFORMAT_END
309
FORMATTEDCELLCONTENT_END
309
LINKEDTABLEDATACELL_END
  1
FORMATTEDTABLEDATACELL_BEGIN
300
CELLTABLEFORMAT
  1
TABLEFORMAT_BEGIN
 90
        1
170
     1
 91
    15360
 92
        0
 62
   257
 93
        1
300
CONTENTFORMAT
  1
CONTENTFORMAT_BEGIN
 90
        0
 91
        0
 92
      512
 93
        0
300

 40
0.0
140
1.0
 94
        5
 62
     0
340
0
144
0.18
309
CONTENTFORMAT_END
171
     1
301
MARGIN
  1
CELLMARGIN_BEGIN
 40
0.0
 40
0.0
 40
0.0
 40
0.0
 40
0.18
 40
0.18
309
CELLMARGIN_END
 94
        2
 95
        4
302
GRIDFORMAT
  1
GRIDFORMAT_BEGIN
 90
       63
 91
        1
 62
     0
 92
       35
340
15
 93
        0
 40
0.045
309
GRIDFORMAT_END
 95
       32
302
GRIDFORMAT
  1
GRIDFORMAT_BEGIN
 90
        0
 91
        1
 62
     0
 92
       30
340
15
 93
        0
 40
0.045
309
GRIDFORMAT_END
309
TABLEFORMAT_END
309
FORMATTEDTABLEDATACELL_END
  1
TABLECELL_BEGIN
 90
        0
 91
        0
309
TABLECELL_END
300
CELL
  1
LINKEDTABLEDATACELL_BEGIN
 90
        0
300

 91
        0
301
CUSTOMDATA
  1
DATAMAP_BEGIN
 90
        1
300
ACAD_ROUNDTRIP_2008_CELL_CHECKSUM
301
DATAMAP_VALUE
 93
        2
 90
        2
140
0.0
 94
        0
300

302

304
ACVALUE_END
309
DATAMAP_END
 92
        0
 95
        1
302
CONTENT
  1
CELLCONTENT_BEGIN
 90
        1
300
VALUE
 93
        7
 90
        0
 94
        0
300

302

304
ACVALUE_END
 91
        0
309
CELLCONTENT_END
  1
FORMATTEDCELLCONTENT_BEGIN
170
     1
300
CONTENTFORMAT
  1
CONTENTFORMAT_BEGIN
 90
        0
 91
        0
 92
      512
 93
        0
300

 40
0.0
140
1.0
 94
        1
 62
     0
340
0
144
0.18
309
CONTENTFORMAT_END
309
FORMATTEDCELLCONTENT_END
309
LINKEDTABLEDATACELL_END
  1
FORMATTEDTABLEDATACELL_BEGIN
300
CELLTABLEFORMAT
  1
TABLEFORMAT_BEGIN
 90
        1
170
     1
 91
    15360
 92
        0
 62
   257
 93
        1
300
CONTENTFORMAT
  1
CONTENTFORMAT_BEGIN
 90
        0
 91
        0
 92
      512
 93
        0
300

 40
0.0
140
1.0
 94
        5
 62
     0
340
0
144
0.18
309
CONTENTFORMAT_END
171
     1
301
MARGIN
  1
CELLMARGIN_BEGIN
 40
0.0
 40
0.0
 40
0.0
 40
0.0
 40
0.18
 40
0.18
309
CELLMARGIN_END
 94
        2
 95
        4
302
GRIDFORMAT
  1
GRIDFORMAT_BEGIN
 90
       63
 91
        1
 62
     0
 92
       35
340
15
 93
        0
 40
0.045
309
GRIDFORMAT_END
 95
       32
302
GRIDFORMAT
  1
GRIDFORMAT_BEGIN
 90
       63
 91
        1
 62
     0
 92
       35
340
15
 93
        0
 40
0.045
309
GRIDFORMAT_END
309
TABLEFORMAT_END
309
FORMATTEDTABLEDATACELL_END
  1
TABLECELL_BEGIN
 90
        0
 91
        0
309
TABLECELL_END
300
CELL
  1
LINKEDTABLEDATACELL_BEGIN
 90
        0
300

 91
        0
301
CUSTOMDATA
  1
DATAMAP_BEGIN
 90
        1
300
ACAD_ROUNDTRIP_2008_CELL_CHECKSUM
301
DATAMAP_VALUE
 93
        2
 90
        2
140
7613.0
 94
        0
300

302

304
ACVALUE_END
309
DATAMAP_END
 92
        0
 95
        1
302
CONTENT
  1
CELLCONTENT_BEGIN
 90
        1
300
VALUE
 93
        6
 90
        4
  1
50.71м3
 94
        0
300

302
50.71м3
304
ACVALUE_END
 91
        0
309
CELLCONTENT_END
  1
FORMATTEDCELLCONTENT_BEGIN
170
     1
300
CONTENTFORMAT
  1
CONTENTFORMAT_BEGIN
 90
        0
 91
        0
 92
        4
 93
        0
300

 40
0.0
140
1.0
 94
        1
 62
     0
340
789
144
250.0
309
CONTENTFORMAT_END
309
FORMATTEDCELLCONTENT_END
309
LINKEDTABLEDATACELL_END
  1
FORMATTEDTABLEDATACELL_BEGIN
300
CELLTABLEFORMAT
  1
TABLEFORMAT_BEGIN
 90
        1
170
     1
 91
    15360
 92
        0
 62
   257
 93
        1
300
CONTENTFORMAT
  1
CONTENTFORMAT_BEGIN
 90
        0
 91
        0
 92
      512
 93
        0
300

 40
0.0
140
1.0
 94
        5
 62
     0
340
0
144
0.18
309
CONTENTFORMAT_END
171
     1
301
MARGIN
  1
CELLMARGIN_BEGIN
 40
0.0
 40
0.0
 40
0.0
 40
0.0
 40
0.18
 40
0.18
309
CELLMARGIN_END
 94
        2
 95
        4
302
GRIDFORMAT
  1
GRIDFORMAT_BEGIN
 90
       63
 91
        1
 62
     0
 92
       35
340
15
 93
        0
 40
0.045
309
GRIDFORMAT_END
 95
       32
302
GRIDFORMAT
  1
GRIDFORMAT_BEGIN
 90
       63
 91
        1
 62
     0
 92
       35
340
15
 93
        0
 40
0.045
309
GRIDFORMAT_END
309
TABLEFORMAT_END
309
FORMATTEDTABLEDATACELL_END
  1
TABLECELL_BEGIN
 90
        0
 91
        0
309
TABLECELL_END
 91
        0
301
CUSTOMDATA
  1
DATAMAP_BEGIN
 90
        0
309
DATAMAP_END
309
LINKEDTABLEDATAROW_END
  1
FORMATTEDTABLEDATAROW_BEGIN
300
ROWTABLEFORMAT
  1
TABLEFORMAT_BEGIN
 90
        2
170
     0
309
TABLEFORMAT_END
309
FORMATTEDTABLEDATAROW_END
  1
TABLEROW_BEGIN
 90
        3
 40
800.0
309
TABLEROW_END
 92
        0
100
AcDbFormattedTableData
300
TABLEFORMAT
  1
TABLEFORMAT_BEGIN
 90
        4
170
     1
 91
        0
 92
        0
 62
   257
 93
        1
300
CONTENTFORMAT
  1
CONTENTFORMAT_BEGIN
 90
        0
 91
        0
 92
      512
 93
        0
300

 40
0.0
140
1.0
 94
        1
 62
     0
340
0
144
0.18
309
CONTENTFORMAT_END
171
     0
 94
        0
309
TABLEFORMAT_END
 90
        1
 91
        0
 92
        0
 93
        0
 94
        5
100
AcDbTableContent
340
798
  0
TABLEGEOMETRY
  5
1208
330
120A
100
AcDbTableGeometry
 90
        5
 91
        6
 92
       30
 93
        7
 40
2990.484757729337
 41
390.0
330
0
 94
        1
 10
7904.75762113533
 20
-305.0
 30
0.0
 11
9250.0
 21
-500.0
 31
0.0
 43
2690.484757729337
 44
390.0
 45
2690.484757729337
 46
390.0
 95
        0
 93
        7
 40
300.0
 41
300.0
330
0
 94
        0
 93
        7
 40
300.0
 41
300.0
330
0
 94
        0
 93
        7
 40
300.0
 41
300.0
330
0
 94
        0
 93
        7
 40
300.0
 41
300.0
330
0
 94
        0
 93
        7
 40
300.0
 41
300.0
330
0
 94
        0
 93
        7
 40
939.6353928239479
 41
250.0
330
0
 94
        1
 10
430.1823035880224
 20
-625.0
 30
0.0
 11
750.0
 21
-750.0
 31
0.0
 43
639.6353928239478
 44
250.0
 45
639.6353928239478
 46
250.0
 95
        0
 93
        7
 40
2279.587298107781
 41
250.0
330
0
 94
        1
 10
1760.206350946115
 20
-625.0
 30
0.0
 11
2750.0
 21
-750.0
 31
0.0
 43
1979.58729810778
 44
250.0
 45
1979.58729810778
 46
250.0
 95
        0
 93
        7
 40
2517.087298107781
 41
250.0
330
0
 94
        1
 10
1891.456350946115
 20
-625.0
 30
0.0
 11
3000.0
 21
-750.0
 31
0.0
 43
2217.087298107781
 44
250.0
 45
2217.087298107781
 46
250.0
 95
        0
 93
        7
 40
652.1353928239478
 41
250.0
330
0
 94
        1
 10
423.9323035880224
 20
-625.0
 30
0.0
 11
750.0
 21
-750.0
 31
0.0
 43
652.1353928239478
 44
250.0
 45
652.1353928239478
 46
250.0
 95
        0
 93
        7
 40
999.0265014993944
 41
666.6666666666666
330
0
 94
        1
 10
500.4867492503108
 20
-416.6666666666642
 30
0.0
 11
1000.0
 21
-750.0
 31
0.0
 43
999.0265014993944
 44
666.6666666666666
 45
999.0265014993944
 46
666.6666666666666
 95
        0
 93
        7
 40
1842.087298107781
 41
325.0
330
0
 94
        1
 10
78.95635094611498
 20
-587.5
 30
0.0
 11
1000.0
 21
-750.0
 31
0.0
 43
1842.087298107781
 44
325.0
 45
1842.087298107781
 46
325.0
 95
        0
 93
        7
 40
300.0
 41
250.0
330
0
 94
        1
 10
750.0
 20
-275.0
 30
0.0
 11
750.0
 21
-400.0
 31
0.0
 43
0.0
 44
250.0
 45
0.0
 46
250.0
 95
        0
 93
        7
 40
0.0
 41
250.0
330
0
 94
        1
 10
2750.0
 20
-275.0
 30
0.0
 11
2750.0
 21
-400.0
 31
0.0
 43
0.0
 44
250.0
 45
0.0
 46
250.0
 95
        0
 93
        7
 40
4109.074596215561
 41
325.0
330
0
 94
        1
 10
1095.462701892218
 20
-237.5
 30
0.0
 11
3000.0
 21
-400.0
 31
0.0
 43
3809.074596215561
 44
325.0
 45
3809.074596215561
 46
325.0
 95
        0
 93
        7
 40
0.0
 41
250.0
330
0
 94
        1
 10
750.0
 20
-275.0
 30
0.0
 11
750.0
 21
-400.0
 31
0.0
 43
0.0
 44
250.0
 45
0.0
 46
250.0
 95
        0
 93
        7
 40
0.0
 41
250.0
330
0
 94
        1
 10
1000.0
 20
-275.0
 30
0.0
 11
1000.0
 21
-400.0
 31
0.0
 43
0.0
 44
250.0
 45
0.0
 46
250.0
 95
        0
 93
        7
 40
0.0
 41
250.0
330
0
 94
        1
 10
1000.0
 20
-275.0
 30
0.0
 11
1000.0
 21
-400.0
 31
0.0
 43
0.0
 44
250.0
 45
0.0
 46
250.0
 95
        0
 93
        7
 40
300.0
 41
250.0
330
0
 94
        1
 10
750.0
 20
-275.0
 30
0.0
 11
750.0
 21
-400.0
 31
0.0
 43
0.0
 44
250.0
 45
0.0
 46
250.0
 95
        0
 93
        7
 40
0.0
 41
250.0
330
0
 94
        1
 10
2750.0
 20
-275.0
 30
0.0
 11
2750.0
 21
-400.0
 31
0.0
 43
0.0
 44
250.0
 45
0.0
 46
250.0
 95
        0
 93
        7
 40
2067.087298107781
 41
325.0
330
0
 94
        1
 10
2116.456350946115
 20
-237.5
 30
0.0
 11
3000.0
 21
-400.0
 31
0.0
 43
1767.087298107781
 44
325.0
 45
1767.087298107781
 46
325.0
 95
        0
 93
        7
 40
0.0
 41
250.0
330
0
 94
        1
 10
750.0
 20
-275.0
 30
0.0
 11
750.0
 21
-400.0
 31
0.0
 43
0.0
 44
250.0
 45
0.0
 46
250.0
 95
        0
 93
        7
 40
0.0
 41
250.0
330
0
 94
        1
 10
1000.0
 20
-275.0
 30
0.0
 11
1000.0
 21
-400.0
 31
0.0
 43
0.0
 44
250.0
 45
0.0
 46
250.0
 95
        0
 93
        7
 40
0.0
 41
250.0
330
0
 94
        1
 10
1000.0
 20
-275.0
 30
0.0
 11
1000.0
 21
-400.0
 31
0.0
 43
0.0
 44
250.0
 45
0.0
 46
250.0
 95
        0
 93
        7
 40
300.0
 41
250.0
330
0
 94
        1
 10
750.0
 20
-275.0
 30
0.0
 11
750.0
 21
-400.0
 31
0.0
 43
0.0
 44
250.0
 45
0.0
 46
250.0
 95
        0
 93
        7
 40
2684.074596215561
 41
250.0
330
0
 94
        1
 10
1407.962701892218
 20
-275.0
 30
0.0
 11
2750.0
 21
-400.0
 31
0.0
 43
2684.074596215561
 44
250.0
 45
2684.074596215561
 46
250.0
 95
        0
 93
        7
 40
3184.074596215561
 41
250.0
330
0
 94
        1
 10
150.0
 20
-275.0
 30
0.0
 11
150.0
 21
-400.0
 31
0.0
 43
2884.074596215561
 44
250.0
 45
2884.074596215561
 46
250.0
 95
        0
 93
        7
 40
0.0
 41
250.0
330
0
 94
        1
 10
750.0
 20
-275.0
 30
0.0
 11
750.0
 21
-400.0
 31
0.0
 43
0.0
 44
250.0
 45
0.0
 46
250.0
 95
        0
 93
        7
 40
0.0
 41
250.0
330
0
 94
        1
 10
1000.0
 20
-275.0
 30
0.0
 11
1000.0
 21
-400.0
 31
0.0
 43
0.0
 44
250.0
 45
0.0
 46
250.0
 95
        0
 93
        7
 40
1230.965704891008
 41
250.0
330
0
 94
        1
 10
384.5171475545066
 20
-275.0
 30
0.0
 11
1000.0
 21
-400.0
 31
0.0
 43
1230.965704891008
 44
250.0
 45
1230.965704891008
 46
250.0
 95
        0
  0
DICTIONARY
  5
205
330
22
100
AcDbDictionary
280
     1
281
     1
  0
DICTIONARY
  5
1F9
330
ED
100
AcDbDictionary
280
     1
281
     1
  3
FBXASSET
360
1FA
  0
DICTIONARY
  5
1F7
330
EC
100
AcDbDictionary
280
     1
281
     1
  3
FBXASSET
360
1F8
  0
DICTIONARY
  5
173
330
EE
100
AcDbDictionary
280
     1
281
     1
  3
BUMPTILE
360
175
  3
DIFFUSETILE
360
174
  3
FBXASSET
360
1FB
  3
OPACITYTILE
360
176
  3
REFLECTIONTILE
360
177
  0
DICTIONARY
  5
799
330
798
100
AcDbDictionary
280
     1
281
     1
  3
ACAD_ROUNDTRIP_2008_TABLESTYLE_CELLSTYLEMAP
360
1206
  0
DICTIONARY
  5
162
330
7F
100
AcDbDictionary
280
     1
281
     1
  3
ACAD_ROUNDTRIP_2008_TABLESTYLE_CELLSTYLEMAP
360
1205
  0
XRECORD
  5
1FA
102
{ACAD_REACTORS
330
1F9
102
}
330
1F9
100
AcDbXrecord
280
     1
 70
     1
 90
429727718
  1
D62C5603-E3A1-4AEA-B7FB-FE5D8D0755AF
310
504B03040A0000080000CC70623B3DEE336E79000000790000001B0000006175746F6465736B2D64657369676E2D7061636B6167652E786D6C3C3F786D6C2076657273696F6E3D22312E302220656E636F64696E673D227574662D3822203F3E3C666F726D6174733E3C666F726D61743E687474703A2F2F736368656D612E
310
6175746F6465736B2E636F6D2F64657369676E2D7061636B6167652F323030393C2F666F726D61743E3C2F666F726D6174733E504B0304140006080800CC70623BD486FD9CA0000000F4000000130000005B436F6E74656E745F54797065735D2E786D6C7D8EC10E82300C865F65E91D8A1E8C310C0EEA1BF002731658846E
310
D98AC1B77784ABF1D8FE5FBFBF75BBCE937A534CCEB38643598122B6FEE978D0B0485F9C41B54DDD7D022595594E1A469170414C76A4D9A4D207E29CF43ECE46F218070CC6BECC4078ACAA135ACF422C856C0E68EA1BF5669944DDD7BCDE7B1F8E415D77AECB980613C2E4AC91FC167A2B244592486606FC29C8FD7F045B9A
310
EF7053A7E60B504B0304140006080800CC70623B853B8169EB0000007C01000008000000636F72652E786D6C8D90416EC3201045AF62CDB6C206821CC7C244919D9CA01740401C94182C03558F5F9C3852BBEB6A467FFE9B197D7EFC9E1EC5975982F5AE035262288C535E5B377690E21535501C055FBC8FBF6C503839990E
310
5619041F179FE64D52DE45E362569DD7661365082642A11EB9E920A89B99642953CC8E702F67A9EE7234257977194EC9EAE275C4EABCCF5EAD5940D4AC6F0E35A568B8F43562CD7046CD199FD07E60174276A7BE677B5EADB0E0D14EEFFB6A31321A0D82627C4084204C3F096B71DD52F6819B16635EADF63F509AF53FA164
310
5DDCD1EDDD17164090FCC8732078B56691CB33A85CD7DCC40F504B0304140006080800CC70623B55019EA25F0000007C00000007000000636E782E786D6C4DCB3B0E80201045D1AD90E915ED2CF8AC45050C11660C8261F98AB1B07AC9C97D42D718D865D3E909258CFD00CCE24AC6E326A164D74DC0B4128928FF32603847
310
2BA13128B1252AC747C6BAB984FC68F0B87FE8960A5C09FE86CFB69FBA01504B0304140006080800CC70623BDBABAAF470010000D40300000C0000006662782F636F72652E786D6CC553D16E823014FD95A6AF4B694182CC941A83FA05FB810A9511A125A5257EFE2E82712ECEB8A7F100CD39F7F69E734AF9FADC366850B6
310
AF8DCE7018308C942E4C59EB2AC3DE1D498AD15A706B8CFB56869196ADCAF00863C12B6B7C374385D14E6907A836A59A41D9F7CA615434B0C8705F7CAA5606D23BA8E84F41278B93AC54100640439DE0BDB320004D43C63716C7C399D30917DCFBBA9CD9BA8469F5B156168B24CED3F7248AC8769F27244EB73B92EED8862C
310
B7F13E0C179B3C8F979C8ECD82BBBABDAA2BAC924E9558448CBD9330242CFA08E3154B5651FCC6D215639C8EE5774DBE2B5F6CF2B5768B68963BB5F5588420E442FC700B1139D4CB01F450C1E918227C2E09DF070D8140C84E1E9AAB8F1340832A9CB13130A5F1376A908D57309505ECF2A0DF179C4E9D30F5B239B87E3823
310
7A79C6F31DE1A8A5AEC08474B03C7837EAE4938639B44E5932B833D2C6B6B279CDC613877FA26EE21F4A2A4C63EC7F29A2F301D1F9F7A0E37D145F504B0304140006080800CC70623B9C113CC27E0000009D0000000B0000006662782F636E782E786D6C4DCCDF0A83201C86E15B91DFB94BFB330DD428C8FB886521330DA7
310
6397BF1A1DECE883878F57749FCDA1B7892F1BBC047A23808C7F84D9FA55424E0BE6803A256208E9EF06C84F9B91703228B1C690F78B66B34CD9A5439DF5CF0BFBF65E35BCA1B8D6A5C6F540381E886698B5741C695F9503EBA150A2F8958E3DC3EA0B504B0304140006080800CC70623B7DF2F77C2A010000120200003100
310
00006662782F41393633353835312D344632462D344230382D423046372D3739314545314133324237412F636F72652E786D6C8D51DB8EC22014FC15C2939B0D2DB4B45643319AE817EC0F6041255A68B86CFCFC856D4D76DF7CE190393373060EDB3DC707F856CE6B6B7A480A0C81328395DA5C7B18C3057510EC3873D686
310
3F34088C18550F330C39BB3A1BA7051AAC09CA84841A2BD5020AEF55806078A44B0FFD7053A328440C89E1EFC52486BBB8AA8214A99D789CF9E05200300FC927E4FB4D5B375D43103D5527440FB843077C5AA3F5861C8F645F5787F59E95B390B318B55CE45AA638FAA2957BD7248B390B7A7CC51F9C124149C82B8C378810
310
84AB2F42B7B8DD56F413775B8C5999E9FF4471926F8AA236A1AE96B8B3CC434E5839373893369E1FAF30EA395917409EB7F26AF8801C171837A4A6AC9C89E9F9C9B1A58BA30FD6A5EF5DDDCF894B9AD9B6A59C957943A9FCAE2FD5BC4DFE03504B0304140006080800CC70623BAD7543B64E01000033030000300000006662
310
782F41393633353835312D344632462D344230382D423046372D3739314545314133324237412F636E782E786D6CD593CD6EC32010845F0571AD6CE3D48AD20813A9873E410FBD12D82434182C7EAAE6EDBB2424CD25871E7B41D6EC30B3FA84F9E67BB2E40B4234DE8DB46F1925E094D7C6ED479AD3AE5951B2113C789FEE
310
6C943839C1488B4C05DF079FE72A69D8C96C13AAD6B8631503449F83828872B949AC57D26200B826A308D316B4064D6E46FCDA41C05550DC9E483A00797BFD207EFB092A45DE9514C1BBD22178396BD39D891265658C238DEA00936C654E5E433CB65A26D9F6EDB5EBC14EBF49A45CB856E66048291F6939A9A81BB5C89177
310
38143CA680F4AA299D66A042CEB3354A2684DC9D8D178FE0D9B8B41CAAD720F880EE7EF93C0C18769E099ECC04D5A102C8049A8A05632F4DDF376CF1DE0F6BB65C2F8627B65A33C6BB62177CEBBDAD973006829F89F22E814B54F4BC2BE347F8AA8F681390B50FA73F804400B5F542E796F19FF974E7F78DB802FE05E20750
310
4B0304140006080800CC70623BE75B7789680500003C100000340000006662782F41393633353835312D344632462D344230382D423046372D3739314545314133324237412F6F626A656374732E786D6CAD575B8F9B3818FD2B887D06C22499CB8AA1CA655245D5B455A356FB305264C061D8018C6C3393D95FBFC7600890
310
A4CD5EF210B0B1BFEBF98E3F7B1FF6596ABC522E1296DF9BAE3D320D9A872C4AF2F8DE2CE5CEBA358D0FBEC719939D65A691938CDE9B6ADAF4BD98B3B2D05311DD91329583D9D5FC0F438434A7A611A644887B5384CF34233629258BA878B12322891DEFF6B66BD70BFB62634E8AE781D082709A4B588AF91C528CDA28B73F
310
1C998EEF39EABBEFA97FBD6A7C7E9553F9D3D79FE442923C3C523610337627CB87ABE99D359D4CC6D6E4FACAB5E6ABF9D2726FC6A3C5F56271377BB88362213924694B38DD99FE47C48627A1E7D49F5A8BB5E1A74C0A599ED3B0F21F1E56366B89112D681E218F0915D0D6F17AD41FBA2A369DCF6335D62ABBD39779D5DDD1
310
11D4D8DE3CBB96B2E04FB8202E41051754A1AA8E8F76B4C6DFE810B580B1547F4B84911149794252234D024EF8BBE963A95AE27B3D310A9D5C215C7960FAEE415ED75694C6AFB17BCACA5D99A60A9AA65F217B0BFC53292ACB92BF283FAD0D3621576592CB5BED907C2FA8E9DF794E35E97BEA31BED21FEB401ABB94C44839
310
DCACBF0E1C5DA8DA5B2F4DFFD32AD86F543D9E565E7056502E157C00AD2671CD534549AB752FCA9CDA00677A313F04E51B22FF19E57B300579E3C97EB29F682D92935CEC18CF901B7B54FD8C51F362B56FC72FE0B3C1EAE335EDCCBF5AEC39ADB17DC238973F804BA5E6F6BFE7AF1FB32E523BE9F3BD571418E3631DCA4D48
310
5250CF639223210A9446CA30052EDF057BD35F8329C1ECD84552BF0DC8D18BE7BCE23BFE6BD960AB4A7DE79923A103BEBD80F911CBAA2C60DB19B01CF164A5583B772EE6D3FFA56666CBCDA74DC97724A48F9A58967497E489C4D979006FD7A05E227A1EBDD0F737C623387A9C844D3709995625106D157315F8B8392CD4E0
310
A0B9A720C4BE9829CEF37EA1E13111214D53925356365ADA634861B52519DD27A00AEB808EAF0628E6F435519D446F45CF2C9CF5214F0A15B2F6D06B79DA3EE3CBF7F56780D2F4E7EF73A0F5E5B02A38D07DC852C6B7C1FBB6664213E0C39E3EBA7FF4E1AD23EA2829407C85E586727488B751B2DB9502BC7B228A3FD68B6E
310
A65A22397E690AA8D158D7E404EC8CDA235CC3B7D1898680131CEC2CDF2638C65196279577750F15884AEE19F94199155B92B13297978469D4F8D358DF0AEF7631E28DC8F0D9F437D5D39A83B2231A1D52D543813A824EF8D44BCFF2FA6A31BD1E8DAD87F1CCB526B3879935BF59CDADD5C37479BB1CDD4CA7B3556B516589
310
EF352754B706114D9C885EC9131DE6EFEB43D99AFE2391C2F958179413D7CFEF6B1B6DB1E7600F00DE6E5C67454A339A4BA2E0FBA85ED26F045D454F463DBFCE484C2F90F2E5E3666003662ED8F755951A7D1BECD5B30B550B2785C8E7320B7292A4838DDA71BBC863ED7613CAF659337A3354231D4FF4A182A54904C2898C
310
98B28C4AD0CE056CCF332A80986E571EE9DBC305BB5FEB7E509220A58D25CF042D712A806AC0AD0C657FDEF80D2D9CEAA2EE4D1C76F60BFE74219A06527D6F82DF6412526107381E55E353090704D085B52408A8913C4ED159D79BDA71BB4BC506F4831350EB6F975CD22D69BF7AC49B91A2C0A9DDA3D5CA36AD20FC478E37
310
E61844E2352865EBCB61A275A65283CAAA9DD27703B4102F5AF51EF5F573B75CBB5AD38BC845F7A49F82A0966A49C2E3EA5EA0ECD326CD965F1DB402C6FA8B51A4658C5C5E2EC9E214602E55810345408596591009A82E7E7FFACA19EEA299B14A0081A705CB3296EBC14CDF658DCD336EA6D1136881AAEB87B81AB9EE53D5
310
F5EB8BC8362082DA24122F98680A4E7930C01A0079749CEA14382A0783E5EBA5A10F8C098456A03D6A4AEB6BB881E2513747552A5DB22C7EDAF83BD5528081A365F7FF06504B0304140006080000CC70623B000000000000000000000000350000006662782F41393633353835312D344632462D344230382D423046372D37
310
39314545314133324237412F76657274696365732E62696E504B0304140006080800CC70623BF270F1330600000004000000360000006662782F41393633353835312D344632462D344230382D423046372D3739314545314133324237412F747269616E676C65732E62696E636660600000504B0304140006080000CC7062
310
3B000000000000000000000000370000006662782F41393633353835312D344632462D344230382D423046372D3739314545314133324237412F617474726962757465732E62696E504B0304140006080800CC70623B08DA0BD19000000041010000360000006662782F41393633353835312D344632462D344230382D4230
310
46372D3739314545314133324237412F6469726563746F72792E786D6C858F410AC3201045AF22B36F53E9A60B35CBEEBAE80D244E44489C6234F4F835464A48035D0DF398FF9F8AF63D0E6CC63039F212F8F9020C7D47C6792B21C5FE7403D62A1188E2E60C98D7234A5830286103A55745067B9D86B8A3CF9C7F90C11DE6
310
07FB144396D7B6A82D282E9A152AD114D5EF2CB866EEE831B8EEA07A7BB5A8D7D61A2BAAEB7FD5F70921FF497D00504B0304140006080800CC70623BEDD1DC58FD000000A00100003B0000006662782F41393633353835312D344632462D344230382D423046372D3739314545314133324237412F7265736F75726365732F
310
636F72652E786D6C8D504B6E833010BD0A9A6D65B00922041947112427E8052C33A156828DFCA97AFC9A40A576D7CDCCE87D344F8F9FBFE667F689CE6B6B3A6039850C8DB2A336530731DC4903D95970676DF82583CCC8193B5861107C72362E3BA4AC096842428D1D7107A5F7182053CF7474E0D507CE32973124857FE48B
310
540F3961CEF244279DE03EB81420DB9EAC1384436FA353E879B1B182C7A8C75DA3C7F453DF353A1075D537A7BA6464B8F535A99AE14A9A2BBD90E350DD183B5CFABE3AF262350B1EF4FC9351399401471025A527C218A1E53BAB5A5AB765F5469B96525EACF23FA6B88CFF34456DC2A1DCE36E360F82A5202F42F062ED2BAD
310
579969AFDD8A6F504B010214000A0000080000CC70623B3DEE336E79000000790000001B00000000000000000000000000000000006175746F6465736B2D64657369676E2D7061636B6167652E786D6C504B01021400140006080800CC70623BD486FD9CA0000000F40000001300000000000000000000000000B20000005B
310
436F6E74656E745F54797065735D2E786D6C504B01021400140006080800CC70623B853B8169EB0000007C010000080000000000000000000000000083010000636F72652E786D6C504B01021400140006080800CC70623B55019EA25F0000007C000000070000000000000000000000000094020000636E782E786D6C504B
310
01021400140006080800CC70623BDBABAAF470010000D40300000C00000000000000000000000000180300006662782F636F72652E786D6C504B01021400140006080800CC70623B9C113CC27E0000009D0000000B00000000000000000000000000B20400006662782F636E782E786D6C504B01021400140006080800CC70
310
623B7DF2F77C2A010000120200003100000000000000000000000000590500006662782F41393633353835312D344632462D344230382D423046372D3739314545314133324237412F636F72652E786D6C504B01021400140006080800CC70623BAD7543B64E010000330300003000000000000000000000000000D2060000
310
6662782F41393633353835312D344632462D344230382D423046372D3739314545314133324237412F636E782E786D6C504B01021400140006080800CC70623BE75B7789680500003C10000034000000000000000000000000006E0800006662782F41393633353835312D344632462D344230382D423046372D3739314545
310
314133324237412F6F626A656374732E786D6C504B01021400140006080000CC70623B0000000000000000000000003500000000000000000000000000280E00006662782F41393633353835312D344632462D344230382D423046372D3739314545314133324237412F76657274696365732E62696E504B01021400140006
310
080800CC70623BF270F133060000000400000036000000000000000000000000007B0E00006662782F41393633353835312D344632462D344230382D423046372D3739314545314133324237412F747269616E676C65732E62696E504B01021400140006080000CC70623B0000000000000000000000003700000000000000
310
000000000000D50E00006662782F41393633353835312D344632462D344230382D423046372D3739314545314133324237412F617474726962757465732E62696E504B01021400140006080800CC70623B08DA0BD1900000004101000036000000000000000000000000002A0F00006662782F41393633353835312D344632
310
462D344230382D423046372D3739314545314133324237412F6469726563746F72792E786D6C504B01021400140006080800CC70623BEDD1DC58FD000000A00100003B000000000000000000000000000E1000006662782F41393633353835312D344632462D344230382D423046372D3739314545314133324237412F7265
310
736F75726365732F636F72652E786D6C504B0506000000000E000E0080040000641100000000
  0
XRECORD
  5
1F8
102
{ACAD_REACTORS
330
1F7
102
}
330
1F7
100
AcDbXrecord
280
     1
 70
     1
 90
429727718
  1
30362254-06B7-45E0-A893-8CFA70E3D6BC
310
504B03040A0000080000CC70623B3DEE336E79000000790000001B0000006175746F6465736B2D64657369676E2D7061636B6167652E786D6C3C3F786D6C2076657273696F6E3D22312E302220656E636F64696E673D227574662D3822203F3E3C666F726D6174733E3C666F726D61743E687474703A2F2F736368656D612E
310
6175746F6465736B2E636F6D2F64657369676E2D7061636B6167652F323030393C2F666F726D61743E3C2F666F726D6174733E504B0304140006080800CC70623BD486FD9CA0000000F4000000130000005B436F6E74656E745F54797065735D2E786D6C7D8EC10E82300C865F65E91D8A1E8C310C0EEA1BF002731658846E
310
D98AC1B77784ABF1D8FE5FBFBF75BBCE937A534CCEB38643598122B6FEE978D0B0485F9C41B54DDD7D022595594E1A469170414C76A4D9A4D207E29CF43ECE46F218070CC6BECC4078ACAA135ACF422C856C0E68EA1BF5669944DDD7BCDE7B1F8E415D77AECB980613C2E4AC91FC167A2B244592486606FC29C8FD7F045B9A
310
EF7053A7E60B504B0304140006080800CC70623B1EC5D7A3EB0000007C01000008000000636F72652E786D6C8D90416EC3201045AF82665B6103C6756C6122AB4D4ED00B204C5C94182C03558F5F9C3852BBEB6A467FFE9B197D71FC9E6FE8CBACC17AD7032D0820E3B41FAD9B7A48F1820F808E52ACDEC75F36404ECDA687
310
4D0629A6D5A76597B477D1B89855E747B38B2A041301E95B6E7A08FAD3CCAA50296647B8168BD2573599823EBB0CA76447F43862C7BCCF5EAC59410E4DDD9C7973C2755553CCCFA4C603E3040F1565ED3B1FDE4E432BCA0D9622DAF9795FAF464533826484B498524CD807E51D79ED187F21878E10516EF63F505AC67F42C9
310
BA58B1FDDD071640D2FCC87D2045B96591CB3DA85CB7DCE40F504B0304140006080800CC70623B55019EA25F0000007C00000007000000636E782E786D6C4DCB3B0E80201045D1AD90E915ED2CF8AC45050C11660C8261F98AB1B07AC9C97D42D718D865D3E909258CFD00CCE24AC6E326A164D74DC0B4128928FF32603847
310
2BA13128B1252AC747C6BAB984FC68F0B87FE8960A5C09FE86CFB69FBA01504B0304140006080800CC70623B8C9102E971010000D40300000C0000006662782F636F72652E786D6CC5535B6E833010BC8AE5DF0A6C08340F1947A84D4ED00B38C6A128602363A31CBFCB234A53A551FA553EC09AD9F5CE8C31DB9E9B1AF5CA
310
7695D1198E428A91D2D214952E33ECDD315861B4E5CC1AE3BE9561A445A3323CC098B3D21ADFCE9034DA29ED00D5A6503328BA4E398C640D8B0C77F253352214DE4145770A5B214FA2546114020D759C75CE8200340D19DE981F0F6746269C33EFAB6266AB02A655C74A59CCF365BADC27CB5D902ED22848F6340DF238A141
310
BE88E2F57B92BFEDF23523433367AE6A2EEAA455C2A902F398D2751045018D3FA264435F3771F242571B4A1919CA6F9A7C5B3CD9E42BED16F12C776AEB308F40C848FC700B1139D4891EF410CEC810227CC6846F8386402064270EF5C5C709A05E49676C024C61FC95EA45ED154CA5211D1FF4FB8291A913A68E9B83EBBB33
310
E2A7673CDE118E5AE8124C0807CB8377834E366998436B950D7A7746DAD846D4CFD978E0F04FD455FC5D49D2D4C6FE9722321F10997F0F32DC47FE05504B0304140006080800CC70623BFFEA85907E0000009D0000000B0000006662782F636E782E786D6C4DCCD10A83201886E15B91FFDC95D95A811AB6F23E625948A6C3
310
E9D8E5AF46073BFAE0E1E365ED67B3E8ADC3CB78C7815C7240DA3DFC64DCC221C519D7805AC182F7F1EF06C88D9BE6703008B6049F9E274D7A1E938DBB5AE3D6131B2589BA0D3D965551E0B2EA732C9B9A624AAEB41E3A557677029960D9AFB4EF11165F504B0304140006080800CC70623B4FEEA4082C0100001202000031
310
0000006662782F39464131463745442D413632322D343644302D413938332D3331353338454246344243312F636F72652E786D6C8D515B6EC32010BC0AE2AB55850DD871ED0813254D72825EC00192A2C460F1A872FC42ED48ED5F7E00CDCECCCEB26C731F6FE05B39AFADE921293004CA082BB5B9F43086336A21D870E6AC
310
0D7F68109861543DCC30E4ECE26C9C164858139409093556AA051CBC570102714B8F1E7AF1A5C6A11862480C7F2DA6415C878B2A4891CA89C7990F2E050073937C42DE1DB7E4F87ED8A36D4329AA9B3D46DBAEAD504556557BD81DEBDD0761E52CE42C462D17B996298E3E6BE59E35C962CE821E1FF18553435012728A7187
310
0841987E927A8D9B35ADDF70BBC6989599FE4F1427F9A4286A132ABAC49D651EF234CD5CE04CDA78BA3DC2A8FB645D00B9DF8B57E215725C60BCA2A463E54C4CE327C7A65E1C7DB02E7DEFCBF594B864C5CA6CDBD49C957943E9FA5D5FBAF336F90F504B0304140006080800CC70623BAD7543B64E01000033030000300000
310
006662782F39464131463745442D413632322D343644302D413938332D3331353338454246344243312F636E782E786D6CD593CD6EC32010845F0571AD6CE3D48AD20813A9873E410FBD12D82434182C7EAAE6EDBB2424CD25871E7B41D6EC30B3FA84F9E67BB2E40B4234DE8DB46F1925E094D7C6ED479AD3AE5951B2113C
310
789FEE6C943839C1488B4C05DF079FE72A69D8C96C13AAD6B8631503449F83828872B949AC57D26200B826A308D316B4064D6E46FCDA41C05550DC9E483A00797BFD207EFB092A45DE9514C1BBD22178396BD39D891265658C238DEA00936C654E5E433CB65A26D9F6EDB5EBC14EBF49A45CB856E66048291F6939A9A81BB5
310
C8917738143CA680F4AA299D66A042CEB3354A2684DC9D8D178FE0D9B8B41CAAD720F880EE7EF93C0C18769E099ECC04D5A102C8049A8A05632F4DDF376CF1DE0F6BB65C2F8627B65A33C6BB62177CEBBDAD973006829F89F22E814B54F4BC2BE347F8AA8F681390B50FA73F804400B5F542E796F19FF974E7F78DB802FE05
310
E207504B0304140006080800CC70623B16AB87BA640500003C100000340000006662782F39464131463745442D413632322D343644302D413938332D3331353338454246344243312F6F626A656374732E786D6CAD575B6FA33818FD2B887DE6924B3BED8A326A92B68A663B534DD4D13E548A0C38942D60649B369D5FBFC7
310
600890A493BDE42160637FD7F31D7FF63E6FB3D478A55C242CBF3247B66B1A340F5994E4F19559CA8D75611A9F7D8F33263BCB4C232719BD32D5B4E97B316765A1A722BA21652A07B3B7B33F0D11D29C9A46981221AE4C113ED38CD8A4942CA2E2C58E882476BCD9DA23BB5ED8171B73523C0F841684D35CC252CCE79062D4
310
468DFA43D7747CCF51DF7D4FFDEB5593E3AB9CCA9FBEFE241792E4E19EB28198C968BAB8199F5D5A67D3E9C49A9E8F47D6EC76B6B0469F26EEFC7C3EBFBCBEB98462213924694B38DD98FE1D62C393D073EA4FADC5DAF04326852CCF6958F90F0F2B9BB5C48816348F90C7840A68EB78EDF68723159BCEE7891A6B95DDE9D3
310
BCEAEEE8086A6C6F9E5D4B59F0175C10A7A0820BAA5055C7473B5AE3CFDD452D602CD5DF12616444529E90D448938013FE6EFA58AA96F85E4F8C42275708571E98FE6827AF6B2B4AE3D7D83D64E5A64C53054DD3AF90BD06FEA9149565C94FCA0F6B834DC85599E4F2423B24DF0B6AFA979E534DFA9E7A4CC6FA631D486393
310
921829879BF5D781A373557BCB85E97FB90DB62B558F8795179C15944B051F40AB495CF35451D26A4727654E6D8033BD98EF82F21D91FF8AF2DD9982BCF1643BDD4EB516C9492E368C67C88DED563FC36D5EACF66DFF057C3658BDBFA69DF9578B3DA735B64F18C7F20770A9D45CFCF7FCF563D6456A277DBEF78A02637CA2
310
43B90A490AEAB94F72244481D24819A6C0E59B606BFA4B3025981DBB48EAB701D97BF19C577CC77F2D1B6C55A9EF3C732474C0B727303F625995056C3B02963D9EAC146BE78EC5FCEC7FA999EBC5EACBAAE41B12D27B4D2C0BBA49F244E2ECDC81B76B502F113D8F5EE8FB1BE3111CDD4FC2AA9B844CAB1288B68AB90A7CDC
310
1C166AB0D3DC5310625FCC14E779BFD0709F8890A629C9292B1B2DED31A4B0DA928CEE135085754027E3018A397D4D5427D15BD1330B677DC8934285AC3DF45A9EB68FF8F2B8FC0A509AFEECFD0FF2DE25CC6047F7214B195F07EFEB9A094D800F7BFAE8FED187B78EA8A3A400F115961BCAD1215E47C966530AF0EE8128FE
310
58CEBB996A8964FFA529A046635D9353B0336A8F700DDF46271A024E70B0B37C9DE01847591E54DED53D54202AB947E4076556AC49C6CA5C9E1226B7F1A7B1BE15DEED62C41B91E1B3E9AFAAA735036547343A925075041DF0A9979E893B391F8FCFA6967B3EFB644DCF6E5CEBFAE272625DCC6FAF3FB93793C5F90CE1EF57
310
407342756B10D1C489E8953CD1617E5CEECAD6F4EF8914CE5D5D504E5C3F1F9736DA62CFC11E00BCDDB8CC8A9466349744C1F75EBDA4DF09BA8A9E8C7A7E9991989E20E5DBDD6A6003664ED8F7A04A8DBE0DF6EAD9B9AA858342E47399053949D2C146EDB85DE4B176BB0965FBAC19BD19AA918E27FA50C1D22402E144464C
310
59462568E704B6E71915404CB72B8FF4EDE184DDAF753F284990D2C6926782963815403548A70C657FDEF80D2D9CEAA2AE4C1C76F60BFE74219A06527D6582DF6412526107381E55E353090704D085B52408D0933C4ED159D79BDA71BB4BC506F4831350EB6F979CD22D69BF7AC49B91A2C0A9DDA3D5CA36AD20FC478E37E6
310
1844E2352865EBCB6EA275A652E3836BE04EFB400BF1A2556F515F1FBB35B2AB35BD889C744FFA1004B5544B121E57F70215746DD2F5E2C1412B602CBF19455AC6C8E5E9922C4E01E65215385004546899059180EAFCF7A707CE7017CD8CDB0410789AB32C63B91E5CEBBBACB17AC6CD347A022D5075FD106377347AAABA7E
310
7D11590744509B44E205134DC1290F06580320F78E537D3D73540E06CB970B431F185308AD40BBD794D6D77003C5A36E8EAA54BA64597CD8F83BD552A080A365F7FF06504B0304140006080000CC70623B000000000000000000000000350000006662782F39464131463745442D413632322D343644302D413938332D3331
310
353338454246344243312F76657274696365732E62696E504B0304140006080800CC70623BF270F1330600000004000000360000006662782F39464131463745442D413632322D343644302D413938332D3331353338454246344243312F747269616E676C65732E62696E636660600000504B0304140006080000CC70623B
310
000000000000000000000000370000006662782F39464131463745442D413632322D343644302D413938332D3331353338454246344243312F617474726962757465732E62696E504B0304140006080800CC70623B08DA0BD19000000041010000360000006662782F39464131463745442D413632322D343644302D413938
310
332D3331353338454246344243312F6469726563746F72792E786D6C858F410AC3201045AF22B36F53E9A60B35CBEEBAE80D244E44489C6234F4F835464A48035D0DF398FF9F8AF63D0E6CC63039F212F8F9020C7D47C6792B21C5FE7403D62A1188E2E60C98D7234A5830286103A55745067B9D86B8A3CF9C7F90C11DE607
310
FB144396D7B6A82D282E9A152AD114D5EF2CB866EEE831B8EEA07A7BB5A8D7D61A2BAAEB7FD5F70921FF497D00504B0304140006080800CC70623B0D6EF93BFE000000A00100003B0000006662782F39464131463745442D413632322D343644302D413938332D3331353338454246344243312F7265736F75726365732F63
310
6F72652E786D6C8D50596E833010BD0A9ADFCA60B334011947A8694ED00B586642AC041B79A97AFC9A40A5F6AF3F33A3B7689E1E3F7DCD8FEC139DD7D6F4C0720A191A65476DA61E62B892236427C19DB5E1970C322367EC618541F0C9D9B8EC90B226A009093576C41D94DE63804C3DD2D18357379C652E63480A7FCF17A9
310
EE72C29CE5894E3AC17D702940B63D59270887DE46A7D0F36263058F518FBB468FE9A7BE6A7420864373B8D4873369AA8691FA421B3294352543C5CAF65C0F6FEF43CB8BD52C78D0F34F46E550061C419494B6843142CB0F5677F4B52BEB177AEC28E5C52AFF638ACBF84F53D42654E51E77B379102C05791282176B5F693D
310
CB4C7BED567C03504B010214000A0000080000CC70623B3DEE336E79000000790000001B00000000000000000000000000000000006175746F6465736B2D64657369676E2D7061636B6167652E786D6C504B01021400140006080800CC70623BD486FD9CA0000000F40000001300000000000000000000000000B20000005B
310
436F6E74656E745F54797065735D2E786D6C504B01021400140006080800CC70623B1EC5D7A3EB0000007C010000080000000000000000000000000083010000636F72652E786D6C504B01021400140006080800CC70623B55019EA25F0000007C000000070000000000000000000000000094020000636E782E786D6C504B
310
01021400140006080800CC70623B8C9102E971010000D40300000C00000000000000000000000000180300006662782F636F72652E786D6C504B01021400140006080800CC70623BFFEA85907E0000009D0000000B00000000000000000000000000B30400006662782F636E782E786D6C504B01021400140006080800CC70
310
623B4FEEA4082C0100001202000031000000000000000000000000005A0500006662782F39464131463745442D413632322D343644302D413938332D3331353338454246344243312F636F72652E786D6C504B01021400140006080800CC70623BAD7543B64E010000330300003000000000000000000000000000D5060000
310
6662782F39464131463745442D413632322D343644302D413938332D3331353338454246344243312F636E782E786D6C504B01021400140006080800CC70623B16AB87BA640500003C1000003400000000000000000000000000710800006662782F39464131463745442D413632322D343644302D413938332D3331353338
310
454246344243312F6F626A656374732E786D6C504B01021400140006080000CC70623B0000000000000000000000003500000000000000000000000000270E00006662782F39464131463745442D413632322D343644302D413938332D3331353338454246344243312F76657274696365732E62696E504B01021400140006
310
080800CC70623BF270F133060000000400000036000000000000000000000000007A0E00006662782F39464131463745442D413632322D343644302D413938332D3331353338454246344243312F747269616E676C65732E62696E504B01021400140006080000CC70623B0000000000000000000000003700000000000000
310
000000000000D40E00006662782F39464131463745442D413632322D343644302D413938332D3331353338454246344243312F617474726962757465732E62696E504B01021400140006080800CC70623B08DA0BD190000000410100003600000000000000000000000000290F00006662782F39464131463745442D413632
310
322D343644302D413938332D3331353338454246344243312F6469726563746F72792E786D6C504B01021400140006080800CC70623B0D6EF93BFE000000A00100003B000000000000000000000000000D1000006662782F39464131463745442D413632322D343644302D413938332D3331353338454246344243312F7265
310
736F75726365732F636F72652E786D6C504B0506000000000E000E0080040000641100000000
  0
XRECORD
  5
175
102
{ACAD_REACTORS
330
173
102
}
330
173
100
AcDbXrecord
280
     1
270
     1
271
     1
  0
XRECORD
  5
174
102
{ACAD_REACTORS
330
173
102
}
330
173
100
AcDbXrecord
280
     1
270
     1
271
     1
  0
XRECORD
  5
1FB
102
{ACAD_REACTORS
330
173
102
}
330
173
100
AcDbXrecord
280
     1
 70
     0
 90
1673772943
  1
ECE7A1D2-D628-4531-984C-D00F80459256
310
504B03040A0000080000CC70623B3DEE336E79000000790000001B0000006175746F6465736B2D64657369676E2D7061636B6167652E786D6C3C3F786D6C2076657273696F6E3D22312E302220656E636F64696E673D227574662D3822203F3E3C666F726D6174733E3C666F726D61743E687474703A2F2F736368656D612E
310
6175746F6465736B2E636F6D2F64657369676E2D7061636B6167652F323030393C2F666F726D61743E3C2F666F726D6174733E504B0304140006080800CC70623BD486FD9CA0000000F4000000130000005B436F6E74656E745F54797065735D2E786D6C7D8EC10E82300C865F65E91D8A1E8C310C0EEA1BF002731658846E
310
D98AC1B77784ABF1D8FE5FBFBF75BBCE937A534CCEB38643598122B6FEE978D0B0485F9C41B54DDD7D022595594E1A469170414C76A4D9A4D207E29CF43ECE46F218070CC6BECC4078ACAA135ACF422C856C0E68EA1BF5669944DDD7BCDE7B1F8E415D77AECB980613C2E4AC91FC167A2B244592486606FC29C8FD7F045B9A
310
EF7053A7E60B504B0304140006080800CC70623BD9DDAED0EC0000007C01000008000000636F72652E786D6C8D90416EC3201045AF82665B61836D9CD8C2444DD39CA01740405C94182C03558F5F9C3852BBEB6A467FFE9B197D7EF89E6EE8CB2CC17A37002D0820E394D7D68D03A478C17B4007C117EFE32F1B20272733C0
310
2A83E0E3E2D3BC49CABB685CCCAAF3DA6CA20CC14440EA969B0182FA34932C648AD911AEC52CD5558EA6A0CF2EC329598D1E47ACCEFBECC59A050463A7EA5833865FEBDD0E37353BE3EE8DBDE3F6786A48D375FBF6CC78B9C282473B3DEFABC5C86834888A900E538A49F5419B9EB47DD5BC907D4F082F57FB1F28CDFA9F50
310
B22ED6D5F6EE030B20687EE43E10BC5CB3C8E51E54AE6B6EE207504B0304140006080800CC70623B55019EA25F0000007C00000007000000636E782E786D6C4DCB3B0E80201045D1AD90E915ED2CF8AC45050C11660C8261F98AB1B07AC9C97D42D718D865D3E909258CFD00CCE24AC6E326A164D74DC0B4128928FF326038
310
472BA13128B1252AC747C6BAB984FC68F0B87FE8960A5C09FE86CFB69FBA01504B0304140006080800CC70623BA24EB22D72010000D40300000C0000006662782F636F72652E786D6CC5535B6E833010BC8AE5DF0A6C5E49888CA3A6694ED00B38E05014B091B1518EDFE511A5A9D228FD2A1F60CDEC7A67C6986DCE4D8D7A
310
69BA4AAB0C073EC548AA5C17952A33ECECD15B61B4E1CC686DBF9561A44423333CC098B3D268D7CE50AE9595CA02AA74216750749DB418E5352C32DCE59FB211BE70162ABA93DF8AFC244AE9073ED050C759670D0840D390E18DF9F1706664C23973AE2A66B62A605A75ACA4C13C4976E1364A12EF355A2EBD384AF65EFA96
310
BC7B8BED2EA6719AAE16FB8491A199335B351775B991C2CA02F390D2D40B028F861F41BCA68B7518BFD0D59A524686F29B26D7164F36B94AD9289CE54E6D1DE6010819891F6E21228B3AD1831EC219194284CF98F06DD01008846CC5A1BEF83801D4CBDC6A1303536877A57A513B0953A94FC707FDBE6064EA84A9E3E6E0FA
310
EE8CF0E9198F7784A316AA0413C2C2F2E0ECA0934D1AE6D05A69BCDE9E91D2A611F573361E38FC1375157F5752AE6B6DFE4B11990F88CCBF0719EE23FF02504B0304140006080800CC70623B408A7D3B7C0000009D0000000B0000006662782F636E782E786D6C4DCCD10A83201886E15B91FFDC552A92A0064DBC8F581632
310
D3703A76F9ABD1C18E3E78F878E5F0D9027ABBFCF2292AE86E2D20171F69F6715550CB827B40839639A5F2770314A7CD293819B45C73AAFB45B35BA61ACAA1C1C7E7855C58C15BC331339661262CC762340413D68D77DA5B42298546CBE6573AF60CEB2F504B0304140006080800CC70623B449FB9BD290100001202000031
310
0000006662782F36394639363044362D344446342D343946362D394244322D3234314243333846323333332F636F72652E786D6C8D515B6EC32010BC0AE22B55850D98B871848994463E412FE002495162B07854397EA176A4F62F3F2C9A9D991D587EB84F37F0AD7D30CEF6905418026DA553C65E7A98E219ED203808EE9D
310
8B7F6810D871D23D2C3014FCE25D9A57483A1BB58D19B54EE9151C43D0110279CB971E06F9A5A7B11A53CC8C70ADE6515EC78BAE4895DB992778883E0700CB907242D17643D7E2538BD869608875438BBAE38922CAC8F1BDD90DB4691A5E2F42C153326A951B95E398B3D1FE599322163C9AE9115F7A3D46ADA0A018778810
310
84E907617BDCEE297BC5BB3DC6BC2EF47FA234AB2745C9D8D8D035EE220B50105E2F0DC1954B9FB747187D9F9D8FA0CCDB042D5FA0C015C65B42DF78BD10F3F3B363CB56C7109DCFDFBBB97E662ED92EB62D13BC2E1BCAE5777DB9966D8A1F504B0304140006080800CC70623BAD7543B64E01000033030000300000006662
310
782F36394639363044362D344446342D343946362D394244322D3234314243333846323333332F636E782E786D6CD593CD6EC32010845F0571AD6CE3D48AD20813A9873E410FBD12D82434182C7EAAE6EDBB2424CD25871E7B41D6EC30B3FA84F9E67BB2E40B4234DE8DB46F1925E094D7C6ED479AD3AE5951B2113C789FEE
310
6C943839C1488B4C05DF079FE72A69D8C96C13AAD6B8631503449F83828872B949AC57D26200B826A308D316B4064D6E46FCDA41C05550DC9E483A00797BFD207EFB092A45DE9514C1BBD22178396BD39D891265658C238DEA00936C654E5E433CB65A26D9F6EDB5EBC14EBF49A45CB856E66048291F6939A9A81BB5C89177
310
38143CA680F4AA299D66A042CEB3354A2684DC9D8D178FE0D9B8B41CAAD720F880EE7EF93C0C18769E099ECC04D5A102C8049A8A05632F4DDF376CF1DE0F6BB65C2F8627B65A33C6BB62177CEBBDAD973006829F89F22E814B54F4BC2BE347F8AA8F681390B50FA73F804400B5F542E796F19FF974E7F78DB802FE05E20750
310
4B0304140006080800CC70623B8D05915C650500003B100000340000006662782F36394639363044362D344446342D343946362D394244322D3234314243333846323333332F6F626A656374732E786D6CAD575B6FA33814FE2B887D06429276DA1565D4266D158D3A339A6846FB502932E050B66023DB74D2FDF5FB190C01
310
9276B2973C046C8ECFF53B17071F77456EBD502133CEAE6CDF9DD81665314F32965ED995DA3A17B6F5310C04E7AA47665B8C14F4CAD6DB7618A48257A5D94AE89654B91AEDDEDDFC61C998326A5B714EA4BCB265FC440BE2924AF184CA6737218AB8E976E7FA6E4338649B0A523E8D98964450A6A029F619B8588D52FE7039
310
B1BD30F0F4F730D0FF866AF6369557DB33949F31A9088B0F848DD8CCFCF9F2767A76E99CCDE733677E3EF59D9BBB9BA5E37F984D16E78BC5E5F5ED25044B25C0C96822E8D60EEFE11B91C581D77CEA34368A1F5329E68CD1B8B61F16D63A1B8E092D294B10C78C4A48EB593D192E7DED9BDEE7995E1B91FDEDD3ACEA9FE831
310
6A756F9F7D4D79F4274C90A7A04248AA51D5F8C718DAE06FB2F75AC4796EBE65D22A88A22223B995679120E2D50E41AA49C260C046A35368846B0BECD0DFF3EBEB8AD4F835768F69B9ADF25C43D30E6B646F807FAA64AD59F61715C7A54127C4AACA98BA3006A9D792DAE165E0D59B61A01FB3A9F9D838D2DAE62445C86166
310
F37564E842E7DE6A69879FEEA2DD5AE7E371E1A5E025154AC307D06A03D73EB5978C58FFA4C8E9033066E0F3BD53BEC1F39F91BE7B55103791EDE6BBB991A2046172CB4581D8B893FA674DDA17A77B3B7C413D1B511FD2743BFF8A38F03A658705E3ADF8015C3A3417FF3D7E439FF591DA0B5F18BC20C1B8981957AE6392A3
310
F43C640C01D1A0B4728E2DD4F26DB4B3C3152A252A3B4E913CEC1C72F012782FF88EFF8637AA552DBEF76408E8A8DE9E50F9E1CB3A2DA0DB1B6039A893B56063DC5B3E3FFB5F72E67AB9FEB4AEC496C4F4C1149625DD662C53E89D7BF0F6151A046260D1337DFDC94502430F83B0EE07A130A224BCAD7DAE1D9FB6CD422FF6
310
920702629C4BB9AE79C12F243C6432A6794E18E5552BA56B431AAB5D91317302B2B071E86C3A42B1A02F999E24061403B5D0EB639195DA655DD3EBEAB4FB862DDF579F014AD0E73C22F99E28DA57FB98E75C6CA2D74D53086D600F4786E0FE3144B771A8A7B900F03594DB8A633CBC49B2EDB69228BB479CF863B5E807AAAB
310
23872F6DFEB4129B949CA33823F58830E86D65621E10047D9DB34D862E8EAC3C2ABC2F7B2C40D67CDFE01F5545B92105AF983AC54D93D69E56FB8E797F88913F898A9FEC705D3F9D1B54EC8426FB500D40A03BD0119B06E1B95DDC7EB8F6975367793EBD70E66733DFB9BC982F9CE564727731999F5D4ECFCE3B8D6A4DC2A0
310
6D50FD148437D110834A64C6CDDF57FBACB5C307A2A477DFE4939736CFEF2B175371E0E10CF0DD1D5C15654E0BCA14D1E87DD02FF93782A162C0A3D95F1524A52770F972BF1EE9809D13CE7DD599467F8ECE9ADD85CE85A34CD45355448C64F9E8A031DC2D596ACC6E5DD93D9B82DE2EF5CAF81363A8E47996A0DE24564A79
310
4115AACE09C55E14540231FDA13C319787134EBF34E3A022514E5B4D9E0826E25C02D5805B15ABE1BEF51B26383D445DD9E875EE33FE4C22DA16427D65A3BCA92CA6D28DD01DF5DC53330704308475351050232CCD31583787BA75774AFB06E5070DD0C8EF484E19968C5D83BA5B90B244D31E54D55A372320FE4786B7EA58
310
44E135AA5467CB7EA333A61683CC6A8C3257034C10CF46F40EF9F5BE59BE5BD30C3C72D235E95D10345C1D45445A5F0BB47E46A5EBE5570F9380B5FA629579952296A773720405982B9DE04011506178964401AA8BDF1FBF0A8EAB6861DD6580C0E38217056766716DAEB2D6FA0917D3E4116581EADB879C4E7CFFB11EFACD
310
3D641311495D92C8676CB409A72D18610D803CE8A626049E8EC1887CB5B44CC39883690DDA8399B4B9855B481E7D71D4A9D22F96E5BB73BF5793020C02137BF837504B0304140006080000CC70623B000000000000000000000000350000006662782F36394639363044362D344446342D343946362D394244322D32343142
310
43333846323333332F76657274696365732E62696E504B0304140006080800CC70623BF270F1330600000004000000360000006662782F36394639363044362D344446342D343946362D394244322D3234314243333846323333332F747269616E676C65732E62696E636660600000504B0304140006080000CC70623B0000
310
00000000000000000000370000006662782F36394639363044362D344446342D343946362D394244322D3234314243333846323333332F617474726962757465732E62696E504B0304140006080800CC70623B08DA0BD19000000041010000360000006662782F36394639363044362D344446342D343946362D394244322D
310
3234314243333846323333332F6469726563746F72792E786D6C858F410AC3201045AF22B36F53E9A60B35CBEEBAE80D244E44489C6234F4F835464A48035D0DF398FF9F8AF63D0E6CC63039F212F8F9020C7D47C6792B21C5FE7403D62A1188E2E60C98D7234A5830286103A55745067B9D86B8A3CF9C7F90C11DE607FB14
310
4396D7B6A82D282E9A152AD114D5EF2CB866EEE831B8EEA07A7BB5A8D7D61A2BAAEB7FD5F70921FF497D00504B0304140006080800CC70623BCA768048FE000000A00100003B0000006662782F36394639363044362D344446342D343946362D394244322D3234314243333846323333332F7265736F75726365732F636F72
310
652E786D6C8D50596E833010BD0A9ADFCA60D600328E9AA639412F609909B1126CE4A5EAF16B0295DABFFECC8CDEA2797AECF8353F924FB44E193D409E5248504B332A3D0D10FC95B4901C39B3C6F85F3248B49871801506CE266BC2B243D2688FDA47549B11775038871E12F988C7004EDE7016A9083E2ADC3D5D84BC8B09
310
D33C8D74D471E6BC8D0192EDC93A815B742658898E651BCB59086ADC356A8C3FD555A1055ED7E7E254D615792D0F075295F585746FF53B694EE78A565DD736979A65AB9933AFE69F8CD2A2F038022F28ED489E135A7CE4554F9BBEA85E68DB53CAB255FEC71496F19FA6A0B42F8B3DEE6673C0F318E4497096AD7DC5F52C33
310
EEB55BFE0D504B010214000A0000080000CC70623B3DEE336E79000000790000001B00000000000000000000000000000000006175746F6465736B2D64657369676E2D7061636B6167652E786D6C504B01021400140006080800CC70623BD486FD9CA0000000F40000001300000000000000000000000000B20000005B436F
310
6E74656E745F54797065735D2E786D6C504B01021400140006080800CC70623BD9DDAED0EC0000007C010000080000000000000000000000000083010000636F72652E786D6C504B01021400140006080800CC70623B55019EA25F0000007C000000070000000000000000000000000095020000636E782E786D6C504B0102
310
1400140006080800CC70623BA24EB22D72010000D40300000C00000000000000000000000000190300006662782F636F72652E786D6C504B01021400140006080800CC70623B408A7D3B7C0000009D0000000B00000000000000000000000000B50400006662782F636E782E786D6C504B01021400140006080800CC70623B
310
449FB9BD290100001202000031000000000000000000000000005A0500006662782F36394639363044362D344446342D343946362D394244322D3234314243333846323333332F636F72652E786D6C504B01021400140006080800CC70623BAD7543B64E010000330300003000000000000000000000000000D20600006662
310
782F36394639363044362D344446342D343946362D394244322D3234314243333846323333332F636E782E786D6C504B01021400140006080800CC70623B8D05915C650500003B10000034000000000000000000000000006E0800006662782F36394639363044362D344446342D343946362D394244322D32343142433338
310
46323333332F6F626A656374732E786D6C504B01021400140006080000CC70623B0000000000000000000000003500000000000000000000000000250E00006662782F36394639363044362D344446342D343946362D394244322D3234314243333846323333332F76657274696365732E62696E504B010214001400060808
310
00CC70623BF270F13306000000040000003600000000000000000000000000780E00006662782F36394639363044362D344446342D343946362D394244322D3234314243333846323333332F747269616E676C65732E62696E504B01021400140006080000CC70623B00000000000000000000000037000000000000000000
310
00000000D20E00006662782F36394639363044362D344446342D343946362D394244322D3234314243333846323333332F617474726962757465732E62696E504B01021400140006080800CC70623B08DA0BD190000000410100003600000000000000000000000000270F00006662782F36394639363044362D344446342D
310
343946362D394244322D3234314243333846323333332F6469726563746F72792E786D6C504B01021400140006080800CC70623BCA768048FE000000A00100003B000000000000000000000000000B1000006662782F36394639363044362D344446342D343946362D394244322D3234314243333846323333332F7265736F
310
75726365732F636F72652E786D6C504B0506000000000E000E0080040000621100000000
  0
XRECORD
  5
176
102
{ACAD_REACTORS
330
173
102
}
330
173
100
AcDbXrecord
280
     1
270
     1
271
     1
  0
XRECORD
  5
177
102
{ACAD_REACTORS
330
173
102
}
330
173
100
AcDbXrecord
280
     1
270
     1
271
     1
  0
CELLSTYLEMAP
  5
1206
102
{ACAD_REACTORS
330
799
102
}
330
799
100
AcDbCellStyleMap
 90
        3
300
CELLSTYLE
  1
TABLEFORMAT_BEGIN
 90
        5
170
     1
 91
        0
 92
    32768
 62
   257
 93
        1
300
CONTENTFORMAT
  1
CONTENTFORMAT_BEGIN
 90
        0
 91
        0
 92
        4
 93
        0
300

 40
0.0
140
1.0
 94
        5
 62
     7
340
789
144
300.0
309
CONTENTFORMAT_END
171
     1
301
MARGIN
  1
CELLMARGIN_BEGIN
 40
150.0
 40
150.0
 40
1.5
 40
1.5
 40
0.18
 40
0.18
309
CELLMARGIN_END
 94
        6
 95
        1
302
GRIDFORMAT
  1
GRIDFORMAT_BEGIN
 90
        0
 91
        1
 62
     7
 92
       -1
340
15
 93
        0
 40
0.045
309
GRIDFORMAT_END
 95
        2
302
GRIDFORMAT
  1
GRIDFORMAT_BEGIN
 90
        0
 91
        1
 62
     7
 92
       -1
340
15
 93
        0
 40
0.045
309
GRIDFORMAT_END
 95
        4
302
GRIDFORMAT
  1
GRIDFORMAT_BEGIN
 90
        0
 91
        1
 62
     7
 92
       -1
340
15
 93
        0
 40
0.045
309
GRIDFORMAT_END
 95
        8
302
GRIDFORMAT
  1
GRIDFORMAT_BEGIN
 90
        0
 91
        1
 62
     7
 92
       -1
340
15
 93
        0
 40
0.045
309
GRIDFORMAT_END
 95
       16
302
GRIDFORMAT
  1
GRIDFORMAT_BEGIN
 90
        0
 91
        1
 62
     7
 92
       -1
340
15
 93
        0
 40
0.045
309
GRIDFORMAT_END
 95
       32
302
GRIDFORMAT
  1
GRIDFORMAT_BEGIN
 90
        0
 91
        1
 62
     7
 92
       -1
340
15
 93
        0
 40
0.045
309
GRIDFORMAT_END
309
TABLEFORMAT_END
  1
CELLSTYLE_BEGIN
 90
        1
 91
        1
300
_TITLE
309
CELLSTYLE_END
300
CELLSTYLE
  1
TABLEFORMAT_BEGIN
 90
        5
170
     1
 91
        0
 92
        0
 62
   257
 93
        1
300
CONTENTFORMAT
  1
CONTENTFORMAT_BEGIN
 90
        0
 91
        0
 92
        4
 93
        0
300

 40
0.0
140
1.0
 94
        5
 62
     7
340
789
144
250.0
309
CONTENTFORMAT_END
171
     1
301
MARGIN
  1
CELLMARGIN_BEGIN
 40
150.0
 40
150.0
 40
1.5
 40
1.5
 40
0.18
 40
0.18
309
CELLMARGIN_END
 94
        6
 95
        1
302
GRIDFORMAT
  1
GRIDFORMAT_BEGIN
 90
        0
 91
        1
 62
     7
 92
       35
340
15
 93
        0
 40
0.045
309
GRIDFORMAT_END
 95
        2
302
GRIDFORMAT
  1
GRIDFORMAT_BEGIN
 90
        0
 91
        1
 62
     7
 92
       35
340
15
 93
        0
 40
0.045
309
GRIDFORMAT_END
 95
        4
302
GRIDFORMAT
  1
GRIDFORMAT_BEGIN
 90
        0
 91
        1
 62
     7
 92
       35
340
15
 93
        0
 40
0.045
309
GRIDFORMAT_END
 95
        8
302
GRIDFORMAT
  1
GRIDFORMAT_BEGIN
 90
        0
 91
        1
 62
     7
 92
       35
340
15
 93
        0
 40
0.045
309
GRIDFORMAT_END
 95
       16
302
GRIDFORMAT
  1
GRIDFORMAT_BEGIN
 90
        0
 91
        1
 62
     7
 92
       35
340
15
 93
        0
 40
0.045
309
GRIDFORMAT_END
 95
       32
302
GRIDFORMAT
  1
GRIDFORMAT_BEGIN
 90
        0
 91
        1
 62
     7
 92
       35
340
15
 93
        0
 40
0.045
309
GRIDFORMAT_END
309
TABLEFORMAT_END
  1
CELLSTYLE_BEGIN
 90
        2
 91
        2
300
_HEADER
309
CELLSTYLE_END
300
CELLSTYLE
  1
TABLEFORMAT_BEGIN
 90
        5
170
     1
 91
        0
 92
        0
 62
   257
 93
        1
300
CONTENTFORMAT
  1
CONTENTFORMAT_BEGIN
 90
        0
 91
        0
 92
        4
 93
        0
300

 40
0.0
140
1.0
 94
        5
 62
     7
340
789
144
250.0
309
CONTENTFORMAT_END
171
     1
301
MARGIN
  1
CELLMARGIN_BEGIN
 40
50.0
 40
150.0
 40
1.5
 40
1.5
 40
0.18
 40
0.18
309
CELLMARGIN_END
 94
        6
 95
        1
302
GRIDFORMAT
  1
GRIDFORMAT_BEGIN
 90
        0
 91
        1
 62
     7
 92
       35
340
16
 93
        0
 40
0.045
309
GRIDFORMAT_END
 95
        2
302
GRIDFORMAT
  1
GRIDFORMAT_BEGIN
 90
        0
 91
        1
 62
     7
 92
       13
340
16
 93
        0
 40
0.045
309
GRIDFORMAT_END
 95
        4
302
GRIDFORMAT
  1
GRIDFORMAT_BEGIN
 90
        0
 91
        1
 62
     7
 92
       35
340
16
 93
        0
 40
0.045
309
GRIDFORMAT_END
 95
        8
302
GRIDFORMAT
  1
GRIDFORMAT_BEGIN
 90
        0
 91
        1
 62
     7
 92
       35
340
16
 93
        0
 40
0.045
309
GRIDFORMAT_END
 95
       16
302
GRIDFORMAT
  1
GRIDFORMAT_BEGIN
 90
        0
 91
        1
 62
     7
 92
       35
340
16
 93
        0
 40
0.045
309
GRIDFORMAT_END
 95
       32
302
GRIDFORMAT
  1
GRIDFORMAT_BEGIN
 90
        0
 91
        1
 62
     7
 92
       35
340
16
 93
        0
 40
0.045
309
GRIDFORMAT_END
309
TABLEFORMAT_END
  1
CELLSTYLE_BEGIN
 90
        3
 91
        2
300
_DATA
309
CELLSTYLE_END
  0
CELLSTYLEMAP
  5
1205
102
{ACAD_REACTORS
330
162
102
}
330
162
100
AcDbCellStyleMap
 90
        3
300
CELLSTYLE
  1
TABLEFORMAT_BEGIN
 90
        5
170
     1
 91
        0
 92
    32768
 62
   257
 93
        1
300
CONTENTFORMAT
  1
CONTENTFORMAT_BEGIN
 90
        0
 91
        0
 92
      512
 93
        0
300

 40
0.0
140
1.0
 94
        5
 62
     0
340
11
144
6.0
309
CONTENTFORMAT_END
171
     1
301
MARGIN
  1
CELLMARGIN_BEGIN
 40
1.5
 40
1.5
 40
1.5
 40
1.5
 40
4.5
 40
4.5
309
CELLMARGIN_END
 94
        6
 95
        1
302
GRIDFORMAT
  1
GRIDFORMAT_BEGIN
 90
        0
 91
        1
 62
     0
 92
       -2
340
14
 93
        0
 40
1.125
309
GRIDFORMAT_END
 95
        2
302
GRIDFORMAT
  1
GRIDFORMAT_BEGIN
 90
        0
 91
        1
 62
     0
 92
       -2
340
14
 93
        0
 40
1.125
309
GRIDFORMAT_END
 95
        4
302
GRIDFORMAT
  1
GRIDFORMAT_BEGIN
 90
        0
 91
        1
 62
     0
 92
       -2
340
14
 93
        0
 40
1.125
309
GRIDFORMAT_END
 95
        8
302
GRIDFORMAT
  1
GRIDFORMAT_BEGIN
 90
        0
 91
        1
 62
     0
 92
       -2
340
14
 93
        0
 40
1.125
309
GRIDFORMAT_END
 95
       16
302
GRIDFORMAT
  1
GRIDFORMAT_BEGIN
 90
        0
 91
        1
 62
     0
 92
       -2
340
14
 93
        0
 40
1.125
309
GRIDFORMAT_END
 95
       32
302
GRIDFORMAT
  1
GRIDFORMAT_BEGIN
 90
        0
 91
        1
 62
     0
 92
       -2
340
14
 93
        0
 40
1.125
309
GRIDFORMAT_END
309
TABLEFORMAT_END
  1
CELLSTYLE_BEGIN
 90
        1
 91
        1
300
_TITLE
309
CELLSTYLE_END
300
CELLSTYLE
  1
TABLEFORMAT_BEGIN
 90
        5
170
     1
 91
        0
 92
        0
 62
   257
 93
        1
300
CONTENTFORMAT
  1
CONTENTFORMAT_BEGIN
 90
        0
 91
        0
 92
      512
 93
        0
300

 40
0.0
140
1.0
 94
        5
 62
     0
340
11
144
4.5
309
CONTENTFORMAT_END
171
     1
301
MARGIN
  1
CELLMARGIN_BEGIN
 40
1.5
 40
1.5
 40
1.5
 40
1.5
 40
4.5
 40
4.5
309
CELLMARGIN_END
 94
        6
 95
        1
302
GRIDFORMAT
  1
GRIDFORMAT_BEGIN
 90
        0
 91
        1
 62
     0
 92
       -2
340
14
 93
        0
 40
1.125
309
GRIDFORMAT_END
 95
        2
302
GRIDFORMAT
  1
GRIDFORMAT_BEGIN
 90
        0
 91
        1
 62
     0
 92
       -2
340
14
 93
        0
 40
1.125
309
GRIDFORMAT_END
 95
        4
302
GRIDFORMAT
  1
GRIDFORMAT_BEGIN
 90
        0
 91
        1
 62
     0
 92
       -2
340
14
 93
        0
 40
1.125
309
GRIDFORMAT_END
 95
        8
302
GRIDFORMAT
  1
GRIDFORMAT_BEGIN
 90
        0
 91
        1
 62
     0
 92
       -2
340
14
 93
        0
 40
1.125
309
GRIDFORMAT_END
 95
       16
302
GRIDFORMAT
  1
GRIDFORMAT_BEGIN
 90
        0
 91
        1
 62
     0
 92
       -2
340
14
 93
        0
 40
1.125
309
GRIDFORMAT_END
 95
       32
302
GRIDFORMAT
  1
GRIDFORMAT_BEGIN
 90
        0
 91
        1
 62
     0
 92
       -2
340
14
 93
        0
 40
1.125
309
GRIDFORMAT_END
309
TABLEFORMAT_END
  1
CELLSTYLE_BEGIN
 90
        2
 91
        1
300
_HEADER
309
CELLSTYLE_END
300
CELLSTYLE
  1
TABLEFORMAT_BEGIN
 90
        5
170
     1
 91
        0
 92
        0
 62
   257
 93
        1
300
CONTENTFORMAT
  1
CONTENTFORMAT_BEGIN
 90
        0
 91
        0
 92
      512
 93
        0
300

 40
0.0
140
1.0
 94
        2
 62
     0
340
11
144
4.5
309
CONTENTFORMAT_END
171
     1
301
MARGIN
  1
CELLMARGIN_BEGIN
 40
1.5
 40
1.5
 40
1.5
 40
1.5
 40
4.5
 40
4.5
309
CELLMARGIN_END
 94
        6
 95
        1
302
GRIDFORMAT
  1
GRIDFORMAT_BEGIN
 90
        0
 91
        1
 62
     0
 92
       -2
340
14
 93
        0
 40
1.125
309
GRIDFORMAT_END
 95
        2
302
GRIDFORMAT
  1
GRIDFORMAT_BEGIN
 90
        0
 91
        1
 62
     0
 92
       -2
340
14
 93
        0
 40
1.125
309
GRIDFORMAT_END
 95
        4
302
GRIDFORMAT
  1
GRIDFORMAT_BEGIN
 90
        0
 91
        1
 62
     0
 92
       -2
340
14
 93
        0
 40
1.125
309
GRIDFORMAT_END
 95
        8
302
GRIDFORMAT
  1
GRIDFORMAT_BEGIN
 90
        0
 91
        1
 62
     0
 92
       -2
340
14
 93
        0
 40
1.125
309
GRIDFORMAT_END
 95
       16
302
GRIDFORMAT
  1
GRIDFORMAT_BEGIN
 90
        0
 91
        1
 62
     0
 92
       -2
340
14
 93
        0
 40
1.125
309
GRIDFORMAT_END
 95
       32
302
GRIDFORMAT
  1
GRIDFORMAT_BEGIN
 90
        0
 91
        1
 62
     0
 92
       -2
340
14
 93
        0
 40
1.125
309
GRIDFORMAT_END
309
TABLEFORMAT_END
  1
CELLSTYLE_BEGIN
 90
        3
 91
        2
300
_DATA
309
CELLSTYLE_END
  0
ENDSEC
  0
SECTION
  2
ACDSDATA
 70
     2
 71
     8
  0
ACDSSCHEMA
 90
        0
  1
AcDb_Thumbnail_Schema
  2
AcDbDs::ID
280
    10
 91
        8
  2
Thumbnail_Data
280
    15
 91
        0
101
ACDSRECORD
 95
        0
 90
        1
  2
AcDbDs::TreatedAsObjectData
280
     1
291
     1
101
ACDSRECORD
 95
        0
 90
        2
  2
AcDbDs::Legacy
280
     1
291
     1
101
ACDSRECORD
  1
AcDbDs::ID
 90
        3
  2
AcDs:Indexable
280
     1
291
     1
101
ACDSRECORD
  1
AcDbDs::ID
 90
        4
  2
AcDbDs::HandleAttribute
280
     7
282
     1
  0
ACDSSCHEMA
 90
        1
  1
AcDbDs::TreatedAsObjectDataSchema
  2
AcDbDs::TreatedAsObjectData
280
     1
 91
        0
  0
ACDSSCHEMA
 90
        2
  1
AcDbDs::LegacySchema
  2
AcDbDs::Legacy
280
     1
 91
        0
  0
ACDSSCHEMA
 90
        3
  1
AcDbDs::IndexedPropertySchema
  2
AcDs:Indexable
280
     1
 91
        0
  0
ACDSSCHEMA
 90
        4
  1
AcDbDs::HandleAttributeSchema
  2
AcDbDs::HandleAttribute
280
     7
 91
        1
284
     1
  0
ACDSRECORD
 90
        0
  2
AcDbDs::ID
280
    10
320
22
  2
Thumbnail_Data
280
    15
 94
      896
310
89504E470D0A1A0A0000000D49484452000001000000009108030000001BE1960600000300504C5445212830FFFFFF2128300000000000000000000000000000000000000000000000000000330000660000990000CC0000FF0033000033330033660033990033CC0033FF0066000066330066660066990066CC0066FF0099
310
000099330099660099990099CC0099FF00CC0000CC3300CC6600CC9900CCCC00CCFF00FF0000FF3300FF6600FF9900FFCC00FFFF3300003300333300663300993300CC3300FF3333003333333333663333993333CC3333FF3366003366333366663366993366CC3366FF3399003399333399663399993399CC3399FF33CC00
310
33CC3333CC6633CC9933CCCC33CCFF33FF0033FF3333FF6633FF9933FFCC33FFFF6600006600336600666600996600CC6600FF6633006633336633666633996633CC6633FF6666006666336666666666996666CC6666FF6699006699336699666699996699CC6699FF66CC0066CC3366CC6666CC9966CCCC66CCFF66FF0066
310
FF3366FF6666FF9966FFCC66FFFF9900009900339900669900999900CC9900FF9933009933339933669933999933CC9933FF9966009966339966669966999966CC9966FF9999009999339999669999999999CC9999FF99CC0099CC3399CC6699CC9999CCCC99CCFF99FF0099FF3399FF6699FF9999FFCC99FFFFCC0000CC00
310
33CC0066CC0099CC00CCCC00FFCC3300CC3333CC3366CC3399CC33CCCC33FFCC6600CC6633CC6666CC6699CC66CCCC66FFCC9900CC9933CC9966CC9999CC99CCCC99FFCCCC00CCCC33CCCC66CCCC99CCCCCCCCCCFFCCFF00CCFF33CCFF66CCFF99CCFFCCCCFFFFFF0000FF0033FF0066FF0099FF00CCFF00FFFF3300FF3333
310
FF3366FF3399FF33CCFF33FFFF6600FF6633FF6666FF6699FF66CCFF66FFFF9900FF9933FF9966FF9999FF99CCFF99FFFFCC00FFCC33FFCC66FFCC99FFCCCCFFCCFFFFFF00FFFF33FFFF66FFFF99FFFFCCFFFFFF0000000D0D0D1A1A1A2828283535354343435050505D5D5D6B6B6B787878868686939393A1A1A1AEAEAEBB
310
BBBBC9C9C9D6D6D6E4E4E4F1F1F1FFFFFF0000000000000000000000000000000000000000000000000000000000002E4550F10000003B4944415478DAEDC13101000000C2A0F54F6D0B2FA0000000000000000000000000000000000000000000000000000000000000000000000000CE06919100016C9A5B1B0000000049
310
454E44AE426082
  0
ENDSEC
  0
EOF
