  0
SECTION
  2
HEADER
  9
$ACADVER
  1
AC1032
  9
$ACADMAINTVER
 90
      248
  9
$DWGCODEPAGE
  3
ANSI_1251
  9
$LASTSAVEDBY
  1
User
  9
$REQUIREDVERSIONS
160
                 0
  9
$INSBASE
 10
0.0
 20
0.0
 30
0.0
  9
$EXTMIN
 10
956.9909684954254
 20
911.1912867690117
 30
0.0
  9
$EXTMAX
 10
42205.98999854022
 20
20220.19385077989
 30
0.0
  9
$LIMMIN
 10
0.0
 20
0.0
  9
$LIMMAX
 10
420.0
 20
297.0
  9
$ORTHOMODE
 70
     0
  9
$REGENMODE
 70
     1
  9
$FILLMODE
 70
     1
  9
$QTEXTMODE
 70
     0
  9
$MIRRTEXT
 70
     0
  9
$LTSCALE
 40
1.0
  9
$ATTMODE
 70
     1
  9
$TEXTSIZE
 40
2.5
  9
$TRACEWID
 40
1.0
  9
$TEXTSTYLE
  7
Standard
  9
$CLAYER
  8
0
  9
$CELTYPE
  6
ByLayer
  9
$CECOLOR
 62
   256
  9
$CELTSCALE
 40
1.0
  9
$DISPSILH
 70
     0
  9
$DIMSCALE
 40
1.0
  9
$DIMASZ
 40
2.5
  9
$DIMEXO
 40
0.625
  9
$DIMDLI
 40
3.75
  9
$DIMRND
 40
0.0
  9
$DIMDLE
 40
0.0
  9
$DIMEXE
 40
1.25
  9
$DIMTP
 40
0.0
  9
$DIMTM
 40
0.0
  9
$DIMTXT
 40
2.5
  9
$DIMCEN
 40
2.5
  9
$DIMTSZ
 40
0.0
  9
$DIMTOL
 70
     0
  9
$DIMLIM
 70
     0
  9
$DIMTIH
 70
     0
  9
$DIMTOH
 70
     0
  9
$DIMSE1
 70
     0
  9
$DIMSE2
 70
     0
  9
$DIMTAD
 70
     1
  9
$DIMZIN
 70
     8
  9
$DIMBLK
  1

  9
$DIMASO
 70
     1
  9
$DIMSHO
 70
     1
  9
$DIMPOST
  1

  9
$DIMAPOST
  1

  9
$DIMALT
 70
     0
  9
$DIMALTD
 70
     3
  9
$DIMALTF
 40
0.03937007874016
  9
$DIMLFAC
 40
1.0
  9
$DIMTOFL
 70
     1
  9
$DIMTVP
 40
0.0
  9
$DIMTIX
 70
     0
  9
$DIMSOXD
 70
     0
  9
$DIMSAH
 70
     0
  9
$DIMBLK1
  1

  9
$DIMBLK2
  1

  9
$DIMSTYLE
  2
ISO-25
  9
$DIMCLRD
 70
     0
  9
$DIMCLRE
 70
     0
  9
$DIMCLRT
 70
     0
  9
$DIMTFAC
 40
1.0
  9
$DIMGAP
 40
0.625
  9
$DIMJUST
 70
     0
  9
$DIMSD1
 70
     0
  9
$DIMSD2
 70
     0
  9
$DIMTOLJ
 70
     0
  9
$DIMTZIN
 70
     8
  9
$DIMALTZ
 70
     0
  9
$DIMALTTZ
 70
     0
  9
$DIMUPT
 70
     0
  9
$DIMDEC
 70
     2
  9
$DIMTDEC
 70
     2
  9
$DIMALTU
 70
     2
  9
$DIMALTTD
 70
     3
  9
$DIMTXSTY
  7
Standard
  9
$DIMAUNIT
 70
     0
  9
$DIMADEC
 70
     0
  9
$DIMALTRND
 40
0.0
  9
$DIMAZIN
 70
     0
  9
$DIMDSEP
 70
    44
  9
$DIMATFIT
 70
     3
  9
$DIMFRAC
 70
     0
  9
$DIMLDRBLK
  1

  9
$DIMLUNIT
 70
     2
  9
$DIMLWD
 70
    -2
  9
$DIMLWE
 70
    -2
  9
$DIMTMOVE
 70
     0
  9
$DIMFXL
 40
1.0
  9
$DIMFXLON
 70
     0
  9
$DIMJOGANG
 40
0.7853981633974483
  9
$DIMTFILL
 70
     0
  9
$DIMTFILLCLR
 70
     0
  9
$DIMARCSYM
 70
     0
  9
$DIMLTYPE
  6

  9
$DIMLTEX1
  6

  9
$DIMLTEX2
  6

  9
$DIMTXTDIRECTION
 70
     0
  9
$LUNITS
 70
     2
  9
$LUPREC
 70
     4
  9
$SKETCHINC
 40
1.0
  9
$FILLETRAD
 40
0.0
  9
$AUNITS
 70
     0
  9
$AUPREC
 70
     0
  9
$MENU
  1
.
  9
$ELEVATION
 40
0.0
  9
$PELEVATION
 40
0.0
  9
$THICKNESS
 40
0.0
  9
$LIMCHECK
 70
     0
  9
$CHAMFERA
 40
0.0
  9
$CHAMFERB
 40
0.0
  9
$CHAMFERC
 40
0.0
  9
$CHAMFERD
 40
0.0
  9
$SKPOLY
 70
     0
  9
$TDCREATE
 40
2461252.426226852
  9
$TDUCREATE
 40
2461252.301226852
  9
$TDUPDATE
 40
2461252.426458333
  9
$TDUUPDATE
 40
2461252.301458333
  9
$TDINDWG
 40
0.0002314815
  9
$TDUSRTIMER
 40
0.0002314815
  9
$USRTIMER
 70
     1
  9
$ANGBASE
 50
0.0
  9
$ANGDIR
 70
     0
  9
$PDMODE
 70
     0
  9
$PDSIZE
 40
0.0
  9
$PLINEWID
 40
0.0
  9
$SPLFRAME
 70
     0
  9
$SPLINETYPE
 70
     6
  9
$SPLINESEGS
 70
     8
  9
$HANDSEED
  5
15B0
  9
$SURFTAB1
 70
     6
  9
$SURFTAB2
 70
     6
  9
$SURFTYPE
 70
     6
  9
$SURFU
 70
     6
  9
$SURFV
 70
     6
  9
$UCSBASE
  2

  9
$UCSNAME
  2

  9
$UCSORG
 10
0.0
 20
0.0
 30
0.0
  9
$UCSXDIR
 10
1.0
 20
0.0
 30
0.0
  9
$UCSYDIR
 10
0.0
 20
1.0
 30
0.0
  9
$UCSORTHOREF
  2

  9
$UCSORTHOVIEW
 70
     0
  9
$UCSORGTOP
 10
0.0
 20
0.0
 30
0.0
  9
$UCSORGBOTTOM
 10
0.0
 20
0.0
 30
0.0
  9
$UCSORGLEFT
 10
0.0
 20
0.0
 30
0.0
  9
$UCSORGRIGHT
 10
0.0
 20
0.0
 30
0.0
  9
$UCSORGFRONT
 10
0.0
 20
0.0
 30
0.0
  9
$UCSORGBACK
 10
0.0
 20
0.0
 30
0.0
  9
$PUCSBASE
  2

  9
$PUCSNAME
  2

  9
$PUCSORG
 10
0.0
 20
0.0
 30
0.0
  9
$PUCSXDIR
 10
1.0
 20
0.0
 30
0.0
  9
$PUCSYDIR
 10
0.0
 20
1.0
 30
0.0
  9
$PUCSORTHOREF
  2

  9
$PUCSORTHOVIEW
 70
     0
  9
$PUCSORGTOP
 10
0.0
 20
0.0
 30
0.0
  9
$PUCSORGBOTTOM
 10
0.0
 20
0.0
 30
0.0
  9
$PUCSORGLEFT
 10
0.0
 20
0.0
 30
0.0
  9
$PUCSORGRIGHT
 10
0.0
 20
0.0
 30
0.0
  9
$PUCSORGFRONT
 10
0.0
 20
0.0
 30
0.0
  9
$PUCSORGBACK
 10
0.0
 20
0.0
 30
0.0
  9
$USERI1
 70
     0
  9
$USERI2
 70
     0
  9
$USERI3
 70
     0
  9
$USERI4
 70
     0
  9
$USERI5
 70
     0
  9
$USERR1
 40
0.0
  9
$USERR2
 40
0.0
  9
$USERR3
 40
0.0
  9
$USERR4
 40
0.0
  9
$USERR5
 40
0.0
  9
$WORLDVIEW
 70
     1
  9
$SHADEDGE
 70
     3
  9
$SHADEDIF
 70
    70
  9
$TILEMODE
 70
     1
  9
$MAXACTVP
 70
    64
  9
$PINSBASE
 10
0.0
 20
0.0
 30
0.0
  9
$PLIMCHECK
 70
     0
  9
$PEXTMIN
 10
0.0
 20
0.0
 30
0.0
  9
$PEXTMAX
 10
0.0
 20
0.0
 30
0.0
  9
$PLIMMIN
 10
0.0
 20
0.0
  9
$PLIMMAX
 10
12.0
 20
9.0
  9
$UNITMODE
 70
     0
  9
$VISRETAIN
 70
     1
  9
$PLINEGEN
 70
     0
  9
$PSLTSCALE
 70
     1
  9
$TREEDEPTH
 70
  3020
  9
$CMLSTYLE
  2
Standard
  9
$CMLJUST
 70
     0
  9
$CMLSCALE
 40
20.0
  9
$PROXYGRAPHICS
 70
     1
  9
$MEASUREMENT
 70
     1
  9
$CELWEIGHT
370
    -1
  9
$ENDCAPS
280
     0
  9
$JOINSTYLE
280
     0
  9
$LWDISPLAY
290
     0
  9
$INSUNITS
 70
     4
  9
$HYPERLINKBASE
  1

  9
$STYLESHEET
  1

  9
$XEDIT
290
     1
  9
$CEPSNTYPE
380
     0
  9
$PSTYLEMODE
290
     1
  9
$FINGERPRINTGUID
  2
{6D24A021-A1BC-A544-BC29-5E8027FA3411}
  9
$VERSIONGUID
  2
{C89172B8-48A5-0E47-A7AB-1777405E967E}
  9
$EXTNAMES
290
     1
  9
$PSVPSCALE
 40
0.0
  9
$OLESTARTUP
290
     0
  9
$SORTENTS
280
   127
  9
$INDEXCTL
280
     0
  9
$HIDETEXT
280
     1
  9
$XCLIPFRAME
280
     2
  9
$HALOGAP
280
     0
  9
$OBSCOLOR
 70
   257
  9
$OBSLTYPE
280
     0
  9
$INTERSECTIONDISPLAY
280
     0
  9
$INTERSECTIONCOLOR
 70
   257
  9
$DIMASSOC
280
     2
  9
$PROJECTNAME
  1

  9
$CAMERADISPLAY
290
     0
  9
$LENSLENGTH
 40
50.0
  9
$CAMERAHEIGHT
 40
0.0
  9
$STEPSPERSEC
 40
2.0
  9
$STEPSIZE
 40
6.0
  9
$3DDWFPREC
 40
2.0
  9
$PSOLWIDTH
 40
5.0
  9
$PSOLHEIGHT
 40
80.0
  9
$LOFTANG1
 40
1.570796326794896
  9
$LOFTANG2
 40
1.570796326794896
  9
$LOFTMAG1
 40
0.0
  9
$LOFTMAG2
 40
0.0
  9
$LOFTPARAM
 70
     7
  9
$LOFTNORMALS
280
     1
  9
$LATITUDE
 40
37.795
  9
$LONGITUDE
 40
-122.394
  9
$NORTHDIRECTION
 40
0.0
  9
$TIMEZONE
 70
 -8000
  9
$LIGHTGLYPHDISPLAY
280
     1
  9
$TILEMODELIGHTSYNCH
280
     1
  9
$CMATERIAL
347
EC
  9
$SOLIDHIST
280
     0
  9
$SHOWHIST
280
     1
  9
$DWFFRAME
280
     2
  9
$DGNFRAME
280
     0
  9
$REALWORLDSCALE
290
     1
  9
$INTERFERECOLOR
 62
     1
  9
$INTERFEREOBJVS
345
F9
  9
$INTERFEREVPVS
346
F6
  9
$CSHADOW
280
     0
  9
$SHADOWPLANELOCATION
 40
0.0
  0
ENDSEC
  0
SECTION
  2
CLASSES
  0
CLASS
  1
ACDBDICTIONARYWDFLT
  2
AcDbDictionaryWithDefault
  3
ObjectDBX Classes
 90
        0
 91
        1
280
     0
281
     0
  0
CLASS
  1
DICTIONARYVAR
  2
AcDbDictionaryVar
  3
ObjectDBX Classes
 90
        0
 91
       12
280
     0
281
     0
  0
CLASS
  1
TABLESTYLE
  2
AcDbTableStyle
  3
ObjectDBX Classes
 90
     4095
 91
        1
280
     0
281
     0
  0
CLASS
  1
MATERIAL
  2
AcDbMaterial
  3
ObjectDBX Classes
 90
     1153
 91
        3
280
     0
281
     0
  0
CLASS
  1
VISUALSTYLE
  2
AcDbVisualStyle
  3
ObjectDBX Classes
 90
     4095
 91
       24
280
     0
281
     0
  0
CLASS
  1
SCALE
  2
AcDbScale
  3
ObjectDBX Classes
 90
     1153
 91
       18
280
     0
281
     0
  0
CLASS
  1
MLEADERSTYLE
  2
AcDbMLeaderStyle
  3
ACDB_MLEADERSTYLE_CLASS
 90
     4095
 91
        2
280
     0
281
     0
  0
CLASS
  1
CELLSTYLEMAP
  2
AcDbCellStyleMap
  3
ObjectDBX Classes
 90
     1152
 91
        1
280
     0
281
     0
  0
CLASS
  1
EXACXREFPANELOBJECT
  2
ExAcXREFPanelObject
  3
EXAC_ESW
 90
     1025
 91
        0
280
     0
281
     0
  0
CLASS
  1
NPOCOLLECTION
  2
AcDbImpNonPersistentObjectsCollection
  3
ObjectDBX Classes
 90
     1153
 91
        0
280
     0
281
     0
  0
CLASS
  1
LAYER_INDEX
  2
AcDbLayerIndex
  3
ObjectDBX Classes
 90
        0
 91
        0
280
     0
281
     0
  0
CLASS
  1
SPATIAL_INDEX
  2
AcDbSpatialIndex
  3
ObjectDBX Classes
 90
        0
 91
        0
280
     0
281
     0
  0
CLASS
  1
IDBUFFER
  2
AcDbIdBuffer
  3
ObjectDBX Classes
 90
        0
 91
        0
280
     0
281
     0
  0
CLASS
  1
ACDBSECTIONVIEWSTYLE
  2
AcDbSectionViewStyle
  3
ObjectDBX Classes
 90
     1025
 91
        1
280
     0
281
     0
  0
CLASS
  1
ACDBDETAILVIEWSTYLE
  2
AcDbDetailViewStyle
  3
ObjectDBX Classes
 90
     1025
 91
        1
280
     0
281
     0
  0
CLASS
  1
SORTENTSTABLE
  2
AcDbSortentsTable
  3
ObjectDBX Classes
 90
        0
 91
        6
280
     0
281
     0
  0
CLASS
  1
ACAD_EVALUATION_GRAPH
  2
AcDbEvalGraph
  3
ObjectDBX Classes
 90
     1153
 91
        1
280
     0
281
     0
  0
CLASS
  1
BLOCKVISIBILITYPARAMETER
  2
AcDbBlockVisibilityParameter
  3
ObjectDBX Classes
 90
     1153
 91
        1
280
     0
281
     0
  0
CLASS
  1
BLOCKVISIBILITYGRIP
  2
AcDbBlockVisibilityGrip
  3
ObjectDBX Classes
 90
     1153
 91
        1
280
     0
281
     0
  0
CLASS
  1
BLOCKGRIPLOCATIONCOMPONENT
  2
AcDbBlockGripExpr
  3
ObjectDBX Classes
 90
     1153
 91
        4
280
     0
281
     0
  0
CLASS
  1
BLOCKLINEARPARAMETER
  2
AcDbBlockLinearParameter
  3
ObjectDBX Classes
 90
     1153
 91
        1
280
     0
281
     0
  0
CLASS
  1
BLOCKLINEARGRIP
  2
AcDbBlockLinearGrip
  3
ObjectDBX Classes
 90
     1153
 91
        1
280
     0
281
     0
  0
CLASS
  1
BLOCKSTRETCHACTION
  2
AcDbBlockStretchAction
  3
ObjectDBX Classes
 90
     1153
 91
        2
280
     0
281
     0
  0
CLASS
  1
ACDB_DYNAMICBLOCKPURGEPREVENTER_VERSION
  2
AcDbDynamicBlockPurgePreventer
  3
ObjectDBX Classes
 90
     1153
 91
        1
280
     0
281
     0
  0
CLASS
  1
WIPEOUT
  2
AcDbWipeout
  3
WipeOut|Product Desc: Object Enabler for WipeOut entity | Company: Autodesk, Inc. | WEB Address: www.autodesk.com
 90
     2175
 91
        1
280
     0
281
     1
  0
CLASS
  1
MULTILEADER
  2
AcDbMLeader
  3
ACDB_MLEADER_CLASS
 90
     1025
 91
       34
280
     0
281
     1
  0
CLASS
  1
ACDB_BLOCKREPRESENTATION_DATA
  2
AcDbBlockRepresentationData
  3
ObjectDBX Classes
 90
     1153
 91
      104
280
     0
281
     0
  0
CLASS
  1
WIPEOUTVARIABLES
  2
AcDbWipeoutVariables
  3
"WipeOut|Product Desc:     WipeOut Dbx Application|Company:          Autodesk, Inc.|WEB Address:      www.autodesk.com"
 90
        0
 91
        1
280
     0
281
     0
  0
ENDSEC
  0
SECTION
  2
TABLES
  0
TABLE
  2
VPORT
  5
8
330
0
100
AcDbSymbolTable
 70
     1
  0
VPORT
  5
EA
330
8
100
AcDbSymbolTableRecord
100
AcDbViewportTableRecord
  2
*Active
 70
     0
 10
0.0
 20
0.0
 11
1.0
 21
1.0
 12
31561.76389111114
 22
9777.655493500683
 13
0.0
 23
0.0
 14
10.0
 24
10.0
 15
10.0
 25
10.0
 16
0.0
 26
0.0
 36
1.0
 17
0.0
 27
0.0
 37
0.0
 40
44338.48632270197
 41
1.930260047281323
 42
50.0
 43
0.0
 44
0.0
 50
0.0
 51
0.0
 71
     0
 72
  1000
 73
     1
 74
     3
 75
     0
 76
     1
 77
     0
 78
     0
281
     0
 65
     1
110
0.0
120
0.0
130
0.0
111
1.0
121
0.0
131
0.0
112
0.0
122
1.0
132
0.0
 79
     0
146
0.0
348
F5
 60
     3
 61
     5
292
     1
282
     1
141
0.0
142
0.0
 63
   250
421
  3355443
1001
ACAD_NAV_VCDISPLAY
1070
     3
  0
ENDTAB
  0
TABLE
  2
LTYPE
  5
5
330
0
100
AcDbSymbolTable
 70
     3
  0
LTYPE
  5
14
330
5
100
AcDbSymbolTableRecord
100
AcDbLinetypeTableRecord
  2
ByBlock
 70
     0
  3

 72
    65
 73
     0
 40
0.0
  0
LTYPE
  5
15
330
5
100
AcDbSymbolTableRecord
100
AcDbLinetypeTableRecord
  2
ByLayer
 70
     0
  3

 72
    65
 73
     0
 40
0.0
  0
LTYPE
  5
16
330
5
100
AcDbSymbolTableRecord
100
AcDbLinetypeTableRecord
  2
Continuous
 70
     0
  3
Solid line
 72
    65
 73
     0
 40
0.0
  0
LTYPE
  5
7AF
330
5
100
AcDbSymbolTableRecord
100
AcDbLinetypeTableRecord
  2
DASHED
 70
     0
  3
Dashed __ __ __ __ __ __ __ __ __ __ __ __ __ _
 72
    65
 73
     2
 40
19.05
 49
12.7
 74
     0
 49
-6.349999999999999
 74
     0
  0
LTYPE
  5
7B0
330
5
100
AcDbSymbolTableRecord
100
AcDbLinetypeTableRecord
  2
DASHDOT
 70
     0
  3
Dash dot __ . __ . __ . __ . __ . __ . __ . __
 72
    65
 73
     4
 40
25.4
 49
12.7
 74
     0
 49
-6.349999999999999
 74
     0
 49
0.0
 74
     0
 49
-6.349999999999999
 74
     0
  0
ENDTAB
  0
TABLE
  2
LAYER
  5
2
102
{ACAD_XDICTIONARY
360
1FF
102
}
330
0
100
AcDbSymbolTable
 70
    14
  0
LAYER
  5
10
102
{ACAD_XDICTIONARY
360
13C
102
}
330
2
100
AcDbSymbolTableRecord
100
AcDbLayerTableRecord
  2
0
 70
     0
 62
     7
  6
Continuous
370
    -3
390
F
347
EE
348
0
  0
LAYER
  5
7B1
330
2
100
AcDbSymbolTableRecord
100
AcDbLayerTableRecord
  2
Defpoints
 70
     0
 62
     7
  6
Continuous
290
     0
370
    -3
390
F
347
EE
348
0
  0
LAYER
  5
7B2
330
2
100
AcDbSymbolTableRecord
100
AcDbLayerTableRecord
  2
$Тонкие
 70
     0
 62
     8
  6
Continuous
370
    13
390
F
347
EE
348
0
  0
LAYER
  5
7B3
330
2
100
AcDbSymbolTableRecord
100
AcDbLayerTableRecord
  2
$Слои конструкции
 70
     0
 62
     7
  6
Continuous
370
    35
390
F
347
EE
348
0
  0
LAYER
  5
7B4
330
2
100
AcDbSymbolTableRecord
100
AcDbLayerTableRecord
  2
$Пунктир
 70
     0
 62
     3
  6
DASHED
370
    13
390
F
347
EE
348
0
  0
LAYER
  5
7B5
330
2
100
AcDbSymbolTableRecord
100
AcDbLayerTableRecord
  2
$Оси
 70
     0
 62
     1
  6
DASHDOT
370
    13
390
F
347
EE
348
0
  0
LAYER
  5
7B6
330
2
100
AcDbSymbolTableRecord
100
AcDbLayerTableRecord
  2
$Размеры
 70
     0
 62
     5
  6
Continuous
370
    13
390
F
347
EE
348
0
  0
LAYER
  5
7B7
330
2
100
AcDbSymbolTableRecord
100
AcDbLayerTableRecord
  2
$Выноски
 70
     0
 62
     5
  6
Continuous
370
    13
390
F
347
EE
348
0
  0
LAYER
  5
7B8
330
2
100
AcDbSymbolTableRecord
100
AcDbLayerTableRecord
  2
$ Пунктир
 70
     0
 62
     3
  6
DASHED
370
    -3
390
F
347
EE
348
0
  0
LAYER
  5
7B9
330
2
100
AcDbSymbolTableRecord
100
AcDbLayerTableRecord
  2
$ Оси
 70
     0
 62
    20
  6
DASHDOT
370
    -3
390
F
347
EE
348
0
  0
LAYER
  5
7BA
330
2
100
AcDbSymbolTableRecord
100
AcDbLayerTableRecord
  2
$ Слои конструкции $
 70
     0
 62
     7
  6
Continuous
370
    35
390
F
347
EE
348
0
1001
AcAecLayerStandard
1000

1000

1001
AcCmTransparency
1071
        0
  0
LAYER
  5
7BB
330
2
100
AcDbSymbolTableRecord
100
AcDbLayerTableRecord
  2
!OIS-K-s0.25
 70
     0
 62
    10
  6
Continuous
370
    -3
390
F
347
EE
348
0
1001
AcAecLayerStandard
1000

1000

1001
AcCmTransparency
1071
        0
  0
LAYER
  5
7BC
330
2
100
AcDbSymbolTableRecord
100
AcDbLayerTableRecord
  2
!OIS-K-construct
 70
     0
 62
   125
  6
Continuous
370
    -3
390
F
347
EE
348
0
1001
AcAecLayerStandard
1000

1000

1001
AcCmTransparency
1071
        0
  0
LAYER
  5
7BD
330
2
100
AcDbSymbolTableRecord
100
AcDbLayerTableRecord
  2
∅25
 70
     0
 62
   114
  6
Continuous
370
    30
390
F
347
EE
348
0
1001
AcAecLayerStandard
1000

1000

1001
AcCmTransparency
1071
        0
  0
ENDTAB
  0
TABLE
  2
STYLE
  5
3
330
0
100
AcDbSymbolTable
 70
     4
  0
STYLE
  5
11
330
3
100
AcDbSymbolTableRecord
100
AcDbTextStyleTableRecord
  2
Standard
 70
     0
 40
0.0
 41
1.0
 50
0.0
 71
     0
 42
2.5
  3
arial.ttf
  4

1001
ACAD
1000
Arial
1071
       34
  0
STYLE
  5
132
330
3
100
AcDbSymbolTableRecord
100
AcDbTextStyleTableRecord
  2
Аннотативный
 70
     0
 40
0.0
 41
1.0
 50
0.0
 71
     0
 42
2.5
  3
arial.ttf
  4

1001
AcadAnnotative
1000
AnnotativeData
1002
{
1070
     1
1070
     1
1002
}
1001
ACAD
1000
Arial
1071
       34
  0
STYLE
  5
7BE
330
3
100
AcDbSymbolTableRecord
100
AcDbTextStyleTableRecord
  2
ГОСТ 2.304
 70
     0
 40
0.0
 41
1.0
 50
0.0
 71
     0
 42
250.0
  3
CS_Gost2304.shx
  4

  0
STYLE
  5
7BF
330
3
100
AcDbSymbolTableRecord
100
AcDbTextStyleTableRecord
  2
@ТРАНСПРОЕКТ
 70
     0
 40
0.0
 41
1.0
 50
15.0
 71
     0
 42
250.0
  3
isocpeur.ttf
  4

1001
ACAD
1000
ISOCPEUR
1071
       34
  0
ENDTAB
  0
TABLE
  2
VIEW
  5
6
330
0
100
AcDbSymbolTable
 70
     0
  0
ENDTAB
  0
TABLE
  2
UCS
  5
7
330
0
100
AcDbSymbolTable
 70
     0
  0
ENDTAB
  0
TABLE
  2
APPID
  5
9
330
0
100
AcDbSymbolTable
 70
    21
  0
APPID
  5
12
330
9
100
AcDbSymbolTableRecord
100
AcDbRegAppTableRecord
  2
ACAD
 70
     0
  0
APPID
  5
9E
330
9
100
AcDbSymbolTableRecord
100
AcDbRegAppTableRecord
  2
ACAD_PSEXT
 70
     0
  0
APPID
  5
133
330
9
100
AcDbSymbolTableRecord
100
AcDbRegAppTableRecord
  2
AcadAnnoPO
 70
     0
  0
APPID
  5
134
330
9
100
AcDbSymbolTableRecord
100
AcDbRegAppTableRecord
  2
AcadAnnotative
 70
     0
  0
APPID
  5
135
330
9
100
AcDbSymbolTableRecord
100
AcDbRegAppTableRecord
  2
ACAD_DSTYLE_DIMJAG
 70
     0
  0
APPID
  5
136
330
9
100
AcDbSymbolTableRecord
100
AcDbRegAppTableRecord
  2
ACAD_DSTYLE_DIMTALN
 70
     0
  0
APPID
  5
165
330
9
100
AcDbSymbolTableRecord
100
AcDbRegAppTableRecord
  2
ACAD_MLEADERVER
 70
     0
  0
APPID
  5
217
330
9
100
AcDbSymbolTableRecord
100
AcDbRegAppTableRecord
  2
ACAD_NAV_VCDISPLAY
 70
     0
  0
APPID
  5
7C3
330
9
100
AcDbSymbolTableRecord
100
AcDbRegAppTableRecord
  2
McsXdata5
 70
     0
  0
APPID
  5
7C4
330
9
100
AcDbSymbolTableRecord
100
AcDbRegAppTableRecord
  2
AcDbDynamicBlockGUID
 70
     0
  0
APPID
  5
7C5
330
9
100
AcDbSymbolTableRecord
100
AcDbRegAppTableRecord
  2
ACAD_DSTYLE_DIMBREAK
 70
     0
  0
APPID
  5
7C6
330
9
100
AcDbSymbolTableRecord
100
AcDbRegAppTableRecord
  2
AcDbBlockRepETag
 70
     0
  0
APPID
  5
7C7
330
9
100
AcDbSymbolTableRecord
100
AcDbRegAppTableRecord
  2
ACAUTHENVIRON
 70
     0
  0
APPID
  5
7C8
330
9
100
AcDbSymbolTableRecord
100
AcDbRegAppTableRecord
  2
AcDbDynamicBlockTrueName
 70
     0
  0
APPID
  5
7C9
330
9
100
AcDbSymbolTableRecord
100
AcDbRegAppTableRecord
  2
AcDbBlockRepBTag
 70
     0
  0
APPID
  5
7CA
330
9
100
AcDbSymbolTableRecord
100
AcDbRegAppTableRecord
  2
GradientColor1ACI
 70
     0
  0
APPID
  5
7CB
330
9
100
AcDbSymbolTableRecord
100
AcDbRegAppTableRecord
  2
GradientColor2ACI
 70
     0
  0
APPID
  5
7CC
330
9
100
AcDbSymbolTableRecord
100
AcDbRegAppTableRecord
  2
mc3dDrM
 70
     0
  0
APPID
  5
7CD
330
9
100
AcDbSymbolTableRecord
100
AcDbRegAppTableRecord
  2
mc3dCrTime
 70
     0
  0
APPID
  5
7CE
330
9
100
AcDbSymbolTableRecord
100
AcDbRegAppTableRecord
  2
AcAecLayerStandard
 70
     0
  0
APPID
  5
7CF
330
9
100
AcDbSymbolTableRecord
100
AcDbRegAppTableRecord
  2
AcCmTransparency
 70
     0
  0
ENDTAB
  0
TABLE
  2
DIMSTYLE
  5
A
330
0
100
AcDbSymbolTable
 70
     6
100
AcDbDimStyleTable
 71
     2
340
27
340
137
  0
DIMSTYLE
105
1B0
330
A
100
AcDbSymbolTableRecord
100
AcDbDimStyleTableRecord
  2
Standard
 70
     0
340
11
  0
DIMSTYLE
105
137
330
A
100
AcDbSymbolTableRecord
100
AcDbDimStyleTableRecord
  2
Аннотативный
 70
     0
 40
0.0
 41
2.5
 42
0.625
 43
3.75
 44
1.25
 73
     0
 74
     0
 77
     1
 78
     8
140
2.5
141
2.5
143
0.03937007874016
147
0.625
171
     3
172
     1
271
     2
272
     2
274
     3
278
    44
283
     0
284
     8
340
11
1001
AcadAnnotative
1000
AnnotativeData
1002
{
1070
     1
1070
     1
1002
}
1001
ACAD_DSTYLE_DIMJAG
1070
   388
1040
1.5
1001
ACAD_DSTYLE_DIMTALN
1070
   392
1070
     0
  0
DIMSTYLE
105
27
330
A
100
AcDbSymbolTableRecord
100
AcDbDimStyleTableRecord
  2
ISO-25
 70
     0
 41
2.5
 42
0.625
 43
3.75
 44
1.25
 73
     0
 74
     0
 77
     1
 78
     8
140
2.5
141
2.5
143
0.03937007874016
147
0.625
171
     3
172
     1
271
     2
272
     2
274
     3
278
    44
283
     0
284
     8
340
11
  0
DIMSTYLE
105
7C0
330
A
100
AcDbSymbolTableRecord
100
AcDbDimStyleTableRecord
  2
СПДС
 70
     0
 40
100.0
 41
2.5
 42
0.625
 43
7.0
 44
2.0
 46
2.0
 50
90.0
 69
     1
 73
     0
 74
     0
 77
     1
 78
     8
 79
     2
 90
        1
140
2.5
141
2.5
146
0.75
147
1.0
172
     1
271
     0
278
    44
279
     1
284
     8
340
7BE
342
2BC
343
2BC
344
2BC
  0
DIMSTYLE
105
7C1
102
{ACAD_REACTORS
330
AB8
330
AB9
330
ABA
330
ABB
330
AC7
330
AC8
330
AC9
330
ACA
330
ACF
330
AD8
330
AD9
330
ADA
330
ADB
330
ADC
330
ADD
330
ADE
330
ADF
330
AE0
330
D58
330
D59
330
D5A
330
D5B
330
D5C
330
D5D
330
D5E
330
D62
330
D63
330
D64
330
D65
330
D66
330
D67
330
D68
330
D69
330
D6A
330
D6B
330
D6C
330
D6D
330
D6E
330
D6F
330
D70
330
D71
330
D72
330
D73
330
D93
330
CEB
330
CF7
330
CFB
330
CFC
330
CFD
330
CFE
330
CFF
330
D01
330
D02
330
D03
330
D04
330
D05
330
D06
330
D07
330
D08
330
D09
330
D0D
330
D0E
330
D0F
330
D10
330
D11
330
D12
330
D13
330
D14
102
}
330
A
100
AcDbSymbolTableRecord
100
AcDbDimStyleTableRecord
  2
@TN  1-50
 70
     0
 40
50.0
 41
1.5
 42
1.0
 44
0.7
 73
     0
 74
     0
 77
     1
140
2.5
141
0.0
147
0.5
176
     5
177
     5
178
     5
179
     3
271
     0
272
     0
275
     1
340
7BF
342
2BC
345
16
346
16
347
16
371
    13
372
    13
1001
ACAD_DSTYLE_DIMBREAK
1070
   391
1040
1.0
1001
ACAD_DSTYLE_DIMJAG
1070
   388
1040
1.5
1001
ACAD_DSTYLE_DIMTALN
1070
   392
1070
     0
  0
DIMSTYLE
105
7C2
102
{ACAD_REACTORS
330
D4D
330
D4E
330
D4F
330
D50
330
D51
330
D52
330
D53
330
D3B
330
D3C
330
D3D
330
D3E
330
D3F
330
D40
330
D41
330
D42
330
D43
330
D44
330
D45
330
D46
330
D47
330
D48
330
D49
330
D4A
330
D4B
330
D4C
102
}
330
A
100
AcDbSymbolTableRecord
100
AcDbDimStyleTableRecord
  2
@TN  1-25
 70
     0
 40
25.0
 41
1.5
 42
1.0
 44
0.7
 73
     0
 74
     0
 77
     1
140
2.5
141
0.0
147
0.5
176
   256
177
   256
178
   256
179
     3
271
     0
272
     0
275
     1
340
7BF
342
2BC
345
16
346
16
347
16
371
    13
372
    13
1001
ACAD_DSTYLE_DIMBREAK
1070
   391
1040
1.0
1001
ACAD_DSTYLE_DIMJAG
1070
   388
1040
1.5
1001
ACAD_DSTYLE_DIMTALN
1070
   392
1070
     0
  0
ENDTAB
  0
TABLE
  2
BLOCK_RECORD
  5
1
330
0
100
AcDbSymbolTable
 70
   196
  0
BLOCK_RECORD
  5
1F
102
{ACAD_XDICTIONARY
360
1CE
102
}
330
1
100
AcDbSymbolTableRecord
100
AcDbBlockTableRecord
  2
*Model_Space
340
22
 70
     0
280
     1
281
     0
  0
BLOCK_RECORD
  5
D2
330
1
100
AcDbSymbolTableRecord
100
AcDbBlockTableRecord
  2
*Paper_Space
340
D3
 70
     0
280
     1
281
     0
  0
BLOCK_RECORD
  5
D6
330
1
100
AcDbSymbolTableRecord
100
AcDbBlockTableRecord
  2
*Paper_Space0
340
D7
 70
     0
280
     1
281
     0
  0
BLOCK_RECORD
  5
2B9
330
1
100
AcDbSymbolTableRecord
100
AcDbBlockTableRecord
  2
_NONE
340
0
 70
     0
280
     1
281
     0
1001
McsXdata5
1071
      211
1004
0600000000000000B70000001C000000E304000000000000000000001F050A02280202090214EE0211535444504152545F434F52525F444F4E4509020CEE0209336443767444617461120385000202020103020B130234300000000600000002000000080000001C000000E304000000000000000000007801136662656460
1004
6060040000D2001D08000000020103020B13023F3B00000006000000020000001C0000001C000000E3040000000000000000000078015360649164844066261666962567403C061096020020F4028F1C0000001A
  0
BLOCK_RECORD
  5
2BC
330
1
100
AcDbSymbolTableRecord
100
AcDbBlockTableRecord
  2
_Oblique
340
0
102
{BLKREFS
331
6B1
331
6B2
331
6BF
331
6C0
331
6CD
331
6CE
331
6D8
331
6D9
331
6E4
331
6E5
331
6F2
331
6F3
331
700
331
701
331
70B
331
70C
331
717
331
718
331
79A
331
79B
331
7A8
331
7A9
331
634
331
635
331
641
331
642
331
64D
331
64E
331
659
331
65A
331
665
331
666
331
671
331
672
331
67D
331
67E
331
68B
331
68C
331
697
331
698
331
6A5
331
6A6
331
725
331
726
331
733
331
734
331
741
331
742
331
74D
331
74E
331
75B
331
75C
331
769
331
76A
331
776
331
777
331
782
331
783
331
78E
331
78F
331
450
331
451
331
45C
331
45D
331
468
331
469
331
474
331
475
331
482
331
483
331
490
331
491
331
49C
331
49D
331
4AA
331
4AB
331
4B6
331
4B7
331
4C4
331
4C5
331
3DF
331
3E0
331
3EB
331
3EC
331
3F7
331
3F8
331
403
331
404
331
411
331
412
331
41F
331
420
331
42B
331
42C
331
436
331
437
331
442
331
443
331
543
331
544
331
54F
331
550
331
55C
331
55D
331
568
331
569
331
574
331
575
331
581
331
582
331
58D
331
58E
331
59B
331
59C
331
5A9
331
5AA
331
5B6
331
5B7
331
4D2
331
4D3
331
4E0
331
4E1
331
4EC
331
4ED
331
4F7
331
4F8
331
503
331
504
331
511
331
512
331
51D
331
51E
331
529
331
52A
331
536
331
537
331
361
331
362
331
36F
331
370
331
37B
331
37C
331
387
331
388
331
393
331
394
331
3A1
331
3A2
331
3AD
331
3AE
331
3BB
331
3BC
331
3C7
331
3C8
331
3D3
331
3D4
331
315
331
316
331
321
331
322
331
32F
331
330
331
33D
331
33E
331
349
331
34A
331
355
331
356
331
5C2
331
5C3
331
5CF
331
5D0
331
5DB
331
5DC
331
5E8
331
5E9
331
5F4
331
5F5
331
601
331
602
331
60D
331
60E
331
61A
331
61B
331
628
331
629
331
15A8
331
1533
331
1534
331
153C
331
153D
331
1546
331
1547
331
154F
331
1550
331
1559
331
155A
331
1565
331
1566
331
156E
331
156F
331
1577
331
1578
331
1581
331
1582
331
158A
331
158B
331
1594
331
1595
331
159D
331
159E
331
15A7
331
14BC
331
14BD
331
14C8
331
14C9
331
14D0
331
14D1
331
14DE
331
14DF
331
14E6
331
14E7
331
14F0
331
14F1
331
14FA
331
14FB
331
1503
331
1504
331
150D
331
150E
331
1517
331
1518
331
1520
331
1521
331
152A
331
152B
331
144B
331
144C
331
1453
331
1454
331
145D
331
145E
331
1466
331
1467
331
146F
331
1470
331
1478
331
1479
331
1482
331
1483
331
148C
331
148D
331
1495
331
1496
331
149F
331
14A0
331
14A8
331
14A9
331
14B2
331
14B3
331
13C8
331
13D4
331
13D5
331
13DE
331
13DF
331
13E8
331
13E9
331
13F1
331
13F2
331
13FA
331
13FB
331
1403
331
1404
331
140D
331
140E
331
1416
331
1417
331
141F
331
1420
331
1429
331
142A
331
1435
331
1436
331
143D
331
143E
331
12D8
331
12D9
331
12E4
331
12E5
331
12EC
331
12ED
331
12F6
331
12F7
331
12FF
331
1300
331
1308
331
1309
331
1311
331
1312
331
131A
331
131B
331
1323
331
1324
331
132D
331
132E
331
1336
331
1337
331
1340
331
1341
331
1349
331
134A
331
1227
331
1228
331
1230
331
1231
331
123A
331
123B
331
1244
331
1245
331
124D
331
124E
331
1256
331
1257
331
125F
331
1353
331
1354
331
135F
331
1360
331
136C
331
136D
331
1374
331
1375
331
137E
331
137F
331
138A
331
138B
331
1397
331
1398
331
139F
331
13A0
331
13A9
331
13AA
331
13B3
331
13B4
331
13BD
331
13BE
331
13C7
331
1260
331
1269
331
126A
331
1272
331
1273
331
127B
331
127C
331
1284
331
1285
331
128E
331
128F
331
1297
331
1298
331
12A1
331
12A2
331
12AA
331
12AB
331
12B3
331
12B4
331
12BC
331
12BD
331
12C5
331
12C6
331
12CE
331
12CF
102
}
 70
     0
280
     1
281
     0
1001
McsXdata5
1071
      211
1004
0600000000000000B70000001C000000E304000000000000000000001F050A02280202090214EE0211535444504152545F434F52525F444F4E4509020CEE0209336443767444617461120385000202020103020B130234300000000600000002000000080000001C000000E304000000000000000000007801136662656460
1004
6060040000D2001D08000000020103020B13023F3B00000006000000020000001C0000001C000000E3040000000000000000000078015360649164844066261666962567403C061096020020F4028F1C0000001A
  0
BLOCK_RECORD
  5
2C0
102
{ACAD_XDICTIONARY
360
2C1
102
}
330
1
100
AcDbSymbolTableRecord
100
AcDbBlockTableRecord
  2
A$C418A7A78
340
0
102
{BLKREFS
331
D74
331
D75
102
}
 70
     6
280
     1
281
     0
  0
BLOCK_RECORD
  5
2C8
102
{ACAD_XDICTIONARY
360
2C9
102
}
330
1
100
AcDbSymbolTableRecord
100
AcDbBlockTableRecord
  2
d25 v3.0
340
0
310
2800000020000000200000000100080000000000000400000000000000000000000000000000000000000000000080000080000000808000800000008000800080800000C0C0C000C0DCC000F0CAA6000020400000206000002080000020A0000020C0000020E00000400000004020000040400000406000004080000040A0
310
000040C0000040E00000600000006020000060400000606000006080000060A0000060C0000060E00000800000008020000080400000806000008080000080A0000080C0000080E00000A0000000A0200000A0400000A0600000A0800000A0A00000A0C00000A0E00000C0000000C0200000C0400000C0600000C0800000C0
310
A00000C0C00000C0E00000E0000000E0200000E0400000E0600000E0800000E0A00000E0C00000E0E00040000000400020004000400040006000400080004000A0004000C0004000E00040200000402020004020400040206000402080004020A0004020C0004020E000404000004040200040404000404060004040800040
310
40A0004040C0004040E00040600000406020004060400040606000406080004060A0004060C0004060E00040800000408020004080400040806000408080004080A0004080C0004080E00040A0000040A0200040A0400040A0600040A0800040A0A00040A0C00040A0E00040C0000040C0200040C0400040C0600040C08000
310
40C0A00040C0C00040C0E00040E0000040E0200040E0400040E0600040E0800040E0A00040E0C00040E0E00080000000800020008000400080006000800080008000A0008000C0008000E00080200000802020008020400080206000802080008020A0008020C0008020E00080400000804020008040400080406000804080
310
008040A0008040C0008040E00080600000806020008060400080606000806080008060A0008060C0008060E00080800000808020008080400080806000808080008080A0008080C0008080E00080A0000080A0200080A0400080A0600080A0800080A0A00080A0C00080A0E00080C0000080C0200080C0400080C0600080C0
310
800080C0A00080C0C00080C0E00080E0000080E0200080E0400080E0600080E0800080E0A00080E0C00080E0E000C0000000C0002000C0004000C0006000C0008000C000A000C000C000C000E000C0200000C0202000C0204000C0206000C0208000C020A000C020C000C020E000C0400000C0402000C0404000C0406000C0
310
408000C040A000C040C000C040E000C0600000C0602000C0604000C0606000C0608000C060A000C060C000C060E000C0800000C0802000C0804000C0806000C0808000C080A000C080C000C080E000C0A00000C0A02000C0A04000C0A06000C0A08000C0A0A000C0A0C000C0A0E000C0C00000C0C02000C0C04000C0C06000
310
C0C08000C0C0A000F0FBFF00A4A0A000808080000000FF0000FF000000FFFF00FF000000FF00FF00FFFF0000FFFFFF0000000000000000000000000000000000000000000000000000000000000000000000000000000000000000000000000000000000000000000000000000000000000000000000000000000000000068
310
FFFFFF680000000000000000000000000000000000000000006868686868FFFF000000FFFF68000000000000000000000000000000000000680000FFFFFF00000000000000FFFF680000000000000000000000000000000068FFFF000000000000000000000000FFFF6800000000000000000000000000FFFF000000000000
310
00000000000000000000FFFF680000000000000000000068FF000000000000000000000000000000000000FF6800000000000000000068FF0000000000000000000000000000000000000000FF68000000000000000068FF0000000000000000000000000000000000000000FF680000000000000068FF0000000000000000
310
0000000000000000000000000000FF6800000000006800FF00000000000000000000000000000000000000000000FF68000000000068FF000000000000000000000000000000000000000000000000FF680000000068FF000000000000000000000000000000000000000000000000FF6800000000FF000000000000000000
310
0000000000000000000000000000000000FF68000000FF0000000000000000000000000000000000000000000000000000FF68000000FF0000000000000000000000000000000000000000000000000000FF6800000068FF000000000000000000000000000000000000000000000000FF680000000068FF00000000000000
310
0000000000000000000000000000000000FF68000000006800FF00000000000000000000000000000000000000000000FF6800000000006800FF00000000000000000000000000000000000000000000FF6800000000000068FF00000000000000006868686868000000000000000000FF680000000000000068FF00000000
310
00000000680068006800000000000000FF68000000000000000068FF0000000000000000686868686800000000000000FF6800000000000000000068FF000000000000006868686868000000000000FF680000000000000000000000FFFF00000000000000000000000000000000FFFF6800000000000000000000000068FF
310
FF000000000000000000000000FFFF686800000000000000000000000000680000FFFFFF00000000000000FFFF6868000000000000000000000000000000006868686868FFFF000000FFFF686800000000000000000000000000000000000000000000006868FFFFFF68680000000000000000000000000000000000000000
310
0000000000000000000000000000000000000000000000000000000000000000000000000000000000000000000000000000000000000000
 70
     4
280
     1
281
     0
1001
AcDbBlockRepETag
1070
     1
1071
        6
1001
AcDbDynamicBlockTrueName
1000
d25 v3.0
1001
AcDbDynamicBlockGUID
1000
{B625AA44-B29F-BC43-AE9D-AB5447C6B643}
  0
BLOCK_RECORD
  5
2DF
330
1
100
AcDbSymbolTableRecord
100
AcDbBlockTableRecord
  2
Зк д
340
0
310
2800000020000000200000000100080000000000000400000000000000000000000000000000000000000000000080000080000000808000800000008000800080800000C0C0C000C0DCC000F0CAA6000020400000206000002080000020A0000020C0000020E00000400000004020000040400000406000004080000040A0
310
000040C0000040E00000600000006020000060400000606000006080000060A0000060C0000060E00000800000008020000080400000806000008080000080A0000080C0000080E00000A0000000A0200000A0400000A0600000A0800000A0A00000A0C00000A0E00000C0000000C0200000C0400000C0600000C0800000C0
310
A00000C0C00000C0E00000E0000000E0200000E0400000E0600000E0800000E0A00000E0C00000E0E00040000000400020004000400040006000400080004000A0004000C0004000E00040200000402020004020400040206000402080004020A0004020C0004020E000404000004040200040404000404060004040800040
310
40A0004040C0004040E00040600000406020004060400040606000406080004060A0004060C0004060E00040800000408020004080400040806000408080004080A0004080C0004080E00040A0000040A0200040A0400040A0600040A0800040A0A00040A0C00040A0E00040C0000040C0200040C0400040C0600040C08000
310
40C0A00040C0C00040C0E00040E0000040E0200040E0400040E0600040E0800040E0A00040E0C00040E0E00080000000800020008000400080006000800080008000A0008000C0008000E00080200000802020008020400080206000802080008020A0008020C0008020E00080400000804020008040400080406000804080
310
008040A0008040C0008040E00080600000806020008060400080606000806080008060A0008060C0008060E00080800000808020008080400080806000808080008080A0008080C0008080E00080A0000080A0200080A0400080A0600080A0800080A0A00080A0C00080A0E00080C0000080C0200080C0400080C0600080C0
310
800080C0A00080C0C00080C0E00080E0000080E0200080E0400080E0600080E0800080E0A00080E0C00080E0E000C0000000C0002000C0004000C0006000C0008000C000A000C000C000C000E000C0200000C0202000C0204000C0206000C0208000C020A000C020C000C020E000C0400000C0402000C0404000C0406000C0
310
408000C040A000C040C000C040E000C0600000C0602000C0604000C0606000C0608000C060A000C060C000C060E000C0800000C0802000C0804000C0806000C0808000C080A000C080C000C080E000C0A00000C0A02000C0A04000C0A06000C0A08000C0A0A000C0A0C000C0A0E000C0C00000C0C02000C0C04000C0C06000
310
C0C08000C0C0A000F0FBFF00A4A0A000808080000000FF0000FF000000FFFF00FF000000FF00FF00FFFF0000FFFFFF00FFFFFFFFFFFFFFFFFFFFFFFFFFFFFFFFFFFFFFFFFFFFFFFFFFFFFFFFFFFFFFFFFFFFFFFFFFFFFFFFFFFFFFFFFFFFFFFFFFFFFFFFFFFFFFFFFFFFFFFFFFFFFFFFFFFFFFFFFFFFFFFFFFFFFFFFFFFFFF
310
FFFFFFFFFFFFFFFFFFFFFFFFFFFFFFFFFFFFFFFFFFFFFFFFFFFFFFFFFFFFFFFFFFFFFFFFFFFFFFFFFFFFFFFFFFFFFFFFFFFFFFFFFFFFFFFFFFFFFFFFFFFFFFFFFFFFFFFFFFFFFFFFFFFFFFFFFFFFFFFFFFFFFFFFFFFFFFFFFFFFFFFFFFFFFFFFFFFFFFFFFFFFFFFFFFFFFFFFFFFFFFFFFFFFFFFFFFFFFFFFFFFFFFFFFFFFFF
310
FFFFFFFFFFFFFFFFFFFFFFFFFFFFFFFFFFFFFFFFFFFFFFFFFFFFFFFFFFFFFFFFFFFFFFFFFFFFFFFFFFFFFFFFFFFFFFFFFFFFFFFFFFFFFFFFFFFFFFFFFFFFFFFFFFFFFFFFFFFFFFFFFFFFFFFFFFFFFFFFFFFFFFFAFAFAFAFAFAFAFAFAFFFFFFFFFFFFFFFFFFFFFFFFFAFAFAFAFAFAFAFAFAFFFFFAFFFFFFFFFFFFFFFAFFFFFF
310
FFFFFFFFFFFFFFFFFFFAFFFFFFFFFFFFFFFAFFFFFAFAFAFAFAFAFAFAFAFFFFFFFFFFFFFFFFFFFFFFFFFAFAFAFAFAFAFAFAFAFFFFFFFFFFFFFAFAFFFFFFFFFFFFFFFFFFFFFFFFFFFFFFFFFFFFFAFAFFFFFFFFFFFFFFFFFFFFFAFAFFFFFFFFFFFFFFFFFFFFFFFFFFFFFFFFFFFFFAFAFFFFFFFFFFFFFFFFFFFFFAFAFFFFFFFFFF
310
FFFFFFFFFFFFFFFFFFFFFFFFFFFAFAFFFFFFFFFFFFFFFFFFFFFAFAFFFFFFFFFFFFFFFFFFFFFFFFFFFFFFFFFFFFFAFAFFFFFFFFFFFFFFFFFFFFFAFAFFFFFFFFFFFFFFFFFFFFFFFFFFFFFFFFFFFFFAFAFFFFFFFFFFFFFFFFFFFFFAFAFFFFFFFFFFFFFFFFFFFFFFFFFFFFFFFFFFFFFAFAFFFFFFFFFFFFFFFFFFFFFAFAFFFFFFFF
310
FFFFFFFFFFFFFFFFFFFFFFFFFFFFFAFAFFFFFFFFFFFFFFFFFFFFFAFAFFFFFFFFFFFFFFFFFFFFFFFFFFFFFFFFFFFFFAFAFFFFFFFFFFFFFAFAFAFAFAFAFAFAFAFAFAFAFAFAFAFAFAFAFAFAFAFAFAFAFAFAFAFAFAFAFFFFFAFFFFFFFFFFFFFFFFFFFFFFFFFFFFFFFFFFFFFFFFFFFFFFFAFAFFFFFFFAFFFFFAFAFAFAFAFAFAFAFA
310
FAFAFAFAFAFAFAFAFAFAFAFAFAFAFAFAFAFAFAFAFAFFFFFFFFFFFFFFFFFFFFFFFFFFFFFFFFFFFFFFFFFFFFFFFFFFFFFFFFFFFFFFFFFFFFFFFFFFFFFFFFFFFFFFFFFFFFFFFFFFFFFFFFFFFFFFFFFFFFFFFFFFFFFFFFFFFFFFFFFFFFFFFFFFFFFFFFFFFFFFFFFFFFFFFFFFFFFFFFFFFFFFFFFFFFFFFFFFFFFFFFFFFFFFFFFFFF
310
FFFFFFFFFFFFFFFFFFFFFFFFFFFFFFFFFFFFFFFFFFFFFFFFFFFFFFFFFFFFFFFFFFFFFFFFFFFFFFFFFFFFFFFFFFFFFFFFFFFFFFFFFFFFFFFFFFFFFFFFFFFFFFFFFFFFFFFFFFFFFFFFFFFFFFFFFFFFFFFFFFFFFFFFFFFFFFFFFFFFFFFFFFFFFFFFFFFFFFFFFFFFFFFFFFFFFFFFFFFFFFFFFFFFFFFFFFFFFFFFFFFFFFFFFFFFFF
310
FFFFFFFFFFFFFFFFFFFFFFFFFFFFFFFFFFFFFFFFFFFFFFFFFFFFFFFFFFFFFFFFFFFFFFFFFFFFFFFFFFFFFFFFFFFFFFFFFFFFFFFFFFFFFFFF
102
{BLKREFS
331
CED
331
CEE
331
CEF
102
}
 70
     6
280
     1
281
     0
  0
BLOCK_RECORD
  5
2E8
102
{ACAD_XDICTIONARY
360
2E9
102
}
330
1
100
AcDbSymbolTableRecord
100
AcDbBlockTableRecord
  2
A$C57DF1AEC
340
0
102
{BLKREFS
331
2F5
331
2F6
331
2F7
331
2F8
331
2F9
331
2FA
331
2FB
331
2FC
331
2FD
331
2FE
331
2FF
331
300
331
301
331
302
331
303
102
}
 70
     6
280
     1
281
     0
1001
AcDbDynamicBlockGUID
1000
{A4FFB705-D0A7-47FA-98A8-C404BAE31BE2}
  0
BLOCK_RECORD
  5
2F1
102
{ACAD_XDICTIONARY
360
2F2
102
}
330
1
100
AcDbSymbolTableRecord
100
AcDbBlockTableRecord
  2
A$C56837E69
340
0
102
{BLKREFS
331
CF0
102
}
 70
     6
280
     1
281
     0
  0
BLOCK_RECORD
  5
305
102
{ACAD_XDICTIONARY
360
306
102
}
330
1
100
AcDbSymbolTableRecord
100
AcDbBlockTableRecord
  2
*U8
340
0
102
{BLKREFS
331
B5B
331
B65
331
B6F
331
B79
331
B83
331
B8D
331
B97
331
BA1
331
BAB
331
BB5
331
BBF
331
BC9
331
C4B
331
C55
331
C5F
331
C69
331
C73
331
C7D
331
C87
331
C91
331
C9B
331
CA5
331
CAF
331
CB9
331
BD3
331
BDD
331
BE7
331
BF1
331
BFB
331
C05
331
C0F
331
C19
331
C23
331
C2D
331
C37
331
C41
331
AE3
331
AED
331
AF7
331
B01
331
B0B
331
B15
331
B1F
331
B29
331
B33
331
B3D
331
B47
331
B51
331
CC3
331
CCD
331
CD7
331
CE1
102
}
 70
     0
280
     1
281
     0
1001
AcDbBlockRepBTag
1070
     1
1005
2C8
  0
BLOCK_RECORD
  5
310
330
1
100
AcDbSymbolTableRecord
100
AcDbBlockTableRecord
  2
*D9
340
0
 70
     0
280
     1
281
     0
  0
BLOCK_RECORD
  5
31C
330
1
100
AcDbSymbolTableRecord
100
AcDbBlockTableRecord
  2
*D10
340
0
 70
     0
280
     1
281
     0
  0
BLOCK_RECORD
  5
328
330
1
100
AcDbSymbolTableRecord
100
AcDbBlockTableRecord
  2
*D11
340
0
 70
     0
280
     1
281
     0
  0
BLOCK_RECORD
  5
336
330
1
100
AcDbSymbolTableRecord
100
AcDbBlockTableRecord
  2
*D12
340
0
 70
     0
280
     1
281
     0
  0
BLOCK_RECORD
  5
344
330
1
100
AcDbSymbolTableRecord
100
AcDbBlockTableRecord
  2
*D13
340
0
 70
     0
280
     1
281
     0
  0
BLOCK_RECORD
  5
350
330
1
100
AcDbSymbolTableRecord
100
AcDbBlockTableRecord
  2
*D14
340
0
 70
     0
280
     1
281
     0
  0
BLOCK_RECORD
  5
35C
330
1
100
AcDbSymbolTableRecord
100
AcDbBlockTableRecord
  2
*D15
340
0
 70
     0
280
     1
281
     0
  0
BLOCK_RECORD
  5
368
330
1
100
AcDbSymbolTableRecord
100
AcDbBlockTableRecord
  2
*D16
340
0
 70
     0
280
     1
281
     0
  0
BLOCK_RECORD
  5
376
330
1
100
AcDbSymbolTableRecord
100
AcDbBlockTableRecord
  2
*D17
340
0
 70
     0
280
     1
281
     0
  0
BLOCK_RECORD
  5
382
330
1
100
AcDbSymbolTableRecord
100
AcDbBlockTableRecord
  2
*D18
340
0
 70
     0
280
     1
281
     0
  0
BLOCK_RECORD
  5
38E
330
1
100
AcDbSymbolTableRecord
100
AcDbBlockTableRecord
  2
*D19
340
0
 70
     0
280
     1
281
     0
  0
BLOCK_RECORD
  5
39A
330
1
100
AcDbSymbolTableRecord
100
AcDbBlockTableRecord
  2
*D20
340
0
 70
     0
280
     1
281
     0
  0
BLOCK_RECORD
  5
3A8
330
1
100
AcDbSymbolTableRecord
100
AcDbBlockTableRecord
  2
*D21
340
0
 70
     0
280
     1
281
     0
  0
BLOCK_RECORD
  5
3B4
330
1
100
AcDbSymbolTableRecord
100
AcDbBlockTableRecord
  2
*D22
340
0
 70
     0
280
     1
281
     0
  0
BLOCK_RECORD
  5
3C2
330
1
100
AcDbSymbolTableRecord
100
AcDbBlockTableRecord
  2
*D23
340
0
 70
     0
280
     1
281
     0
  0
BLOCK_RECORD
  5
3CE
330
1
100
AcDbSymbolTableRecord
100
AcDbBlockTableRecord
  2
*D24
340
0
 70
     0
280
     1
281
     0
  0
BLOCK_RECORD
  5
3DA
330
1
100
AcDbSymbolTableRecord
100
AcDbBlockTableRecord
  2
*D25
340
0
 70
     0
280
     1
281
     0
  0
BLOCK_RECORD
  5
3E6
330
1
100
AcDbSymbolTableRecord
100
AcDbBlockTableRecord
  2
*D26
340
0
 70
     0
280
     1
281
     0
  0
BLOCK_RECORD
  5
3F2
330
1
100
AcDbSymbolTableRecord
100
AcDbBlockTableRecord
  2
*D27
340
0
 70
     0
280
     1
281
     0
  0
BLOCK_RECORD
  5
3FE
330
1
100
AcDbSymbolTableRecord
100
AcDbBlockTableRecord
  2
*D28
340
0
 70
     0
280
     1
281
     0
  0
BLOCK_RECORD
  5
40A
330
1
100
AcDbSymbolTableRecord
100
AcDbBlockTableRecord
  2
*D29
340
0
 70
     0
280
     1
281
     0
  0
BLOCK_RECORD
  5
418
330
1
100
AcDbSymbolTableRecord
100
AcDbBlockTableRecord
  2
*D30
340
0
 70
     0
280
     1
281
     0
  0
BLOCK_RECORD
  5
426
330
1
100
AcDbSymbolTableRecord
100
AcDbBlockTableRecord
  2
*D31
340
0
 70
     0
280
     1
281
     0
  0
BLOCK_RECORD
  5
432
330
1
100
AcDbSymbolTableRecord
100
AcDbBlockTableRecord
  2
*D32
340
0
 70
     0
280
     1
281
     0
  0
BLOCK_RECORD
  5
43D
330
1
100
AcDbSymbolTableRecord
100
AcDbBlockTableRecord
  2
*D33
340
0
 70
     0
280
     1
281
     0
  0
BLOCK_RECORD
  5
449
330
1
100
AcDbSymbolTableRecord
100
AcDbBlockTableRecord
  2
*D34
340
0
 70
     0
280
     1
281
     0
  0
BLOCK_RECORD
  5
457
330
1
100
AcDbSymbolTableRecord
100
AcDbBlockTableRecord
  2
*D35
340
0
 70
     0
280
     1
281
     0
  0
BLOCK_RECORD
  5
463
330
1
100
AcDbSymbolTableRecord
100
AcDbBlockTableRecord
  2
*D36
340
0
 70
     0
280
     1
281
     0
  0
BLOCK_RECORD
  5
46F
330
1
100
AcDbSymbolTableRecord
100
AcDbBlockTableRecord
  2
*D37
340
0
 70
     0
280
     1
281
     0
  0
BLOCK_RECORD
  5
47B
330
1
100
AcDbSymbolTableRecord
100
AcDbBlockTableRecord
  2
*D38
340
0
 70
     0
280
     1
281
     0
  0
BLOCK_RECORD
  5
489
330
1
100
AcDbSymbolTableRecord
100
AcDbBlockTableRecord
  2
*D39
340
0
 70
     0
280
     1
281
     0
  0
BLOCK_RECORD
  5
497
330
1
100
AcDbSymbolTableRecord
100
AcDbBlockTableRecord
  2
*D40
340
0
 70
     0
280
     1
281
     0
  0
BLOCK_RECORD
  5
4A3
330
1
100
AcDbSymbolTableRecord
100
AcDbBlockTableRecord
  2
*D41
340
0
 70
     0
280
     1
281
     0
  0
BLOCK_RECORD
  5
4B1
330
1
100
AcDbSymbolTableRecord
100
AcDbBlockTableRecord
  2
*D42
340
0
 70
     0
280
     1
281
     0
  0
BLOCK_RECORD
  5
4BD
330
1
100
AcDbSymbolTableRecord
100
AcDbBlockTableRecord
  2
*D43
340
0
 70
     0
280
     1
281
     0
  0
BLOCK_RECORD
  5
4CB
330
1
100
AcDbSymbolTableRecord
100
AcDbBlockTableRecord
  2
*D44
340
0
 70
     0
280
     1
281
     0
  0
BLOCK_RECORD
  5
4D9
330
1
100
AcDbSymbolTableRecord
100
AcDbBlockTableRecord
  2
*D45
340
0
 70
     0
280
     1
281
     0
  0
BLOCK_RECORD
  5
4E7
330
1
100
AcDbSymbolTableRecord
100
AcDbBlockTableRecord
  2
*D46
340
0
 70
     0
280
     1
281
     0
  0
BLOCK_RECORD
  5
4F3
330
1
100
AcDbSymbolTableRecord
100
AcDbBlockTableRecord
  2
*D47
340
0
 70
     0
280
     1
281
     0
  0
BLOCK_RECORD
  5
4FE
330
1
100
AcDbSymbolTableRecord
100
AcDbBlockTableRecord
  2
*D48
340
0
 70
     0
280
     1
281
     0
  0
BLOCK_RECORD
  5
50A
330
1
100
AcDbSymbolTableRecord
100
AcDbBlockTableRecord
  2
*D49
340
0
 70
     0
280
     1
281
     0
  0
BLOCK_RECORD
  5
518
330
1
100
AcDbSymbolTableRecord
100
AcDbBlockTableRecord
  2
*D50
340
0
 70
     0
280
     1
281
     0
  0
BLOCK_RECORD
  5
524
330
1
100
AcDbSymbolTableRecord
100
AcDbBlockTableRecord
  2
*D51
340
0
 70
     0
280
     1
281
     0
  0
BLOCK_RECORD
  5
530
330
1
100
AcDbSymbolTableRecord
100
AcDbBlockTableRecord
  2
*D52
340
0
 70
     0
280
     1
281
     0
  0
BLOCK_RECORD
  5
53D
330
1
100
AcDbSymbolTableRecord
100
AcDbBlockTableRecord
  2
*D53
340
0
 70
     0
280
     1
281
     0
  0
BLOCK_RECORD
  5
54A
330
1
100
AcDbSymbolTableRecord
100
AcDbBlockTableRecord
  2
*D54
340
0
 70
     0
280
     1
281
     0
  0
BLOCK_RECORD
  5
556
330
1
100
AcDbSymbolTableRecord
100
AcDbBlockTableRecord
  2
*D55
340
0
 70
     0
280
     1
281
     0
  0
BLOCK_RECORD
  5
563
330
1
100
AcDbSymbolTableRecord
100
AcDbBlockTableRecord
  2
*D56
340
0
 70
     0
280
     1
281
     0
  0
BLOCK_RECORD
  5
56F
330
1
100
AcDbSymbolTableRecord
100
AcDbBlockTableRecord
  2
*D57
340
0
 70
     0
280
     1
281
     0
  0
BLOCK_RECORD
  5
57B
330
1
100
AcDbSymbolTableRecord
100
AcDbBlockTableRecord
  2
*D58
340
0
 70
     0
280
     1
281
     0
  0
BLOCK_RECORD
  5
588
330
1
100
AcDbSymbolTableRecord
100
AcDbBlockTableRecord
  2
*D59
340
0
 70
     0
280
     1
281
     0
  0
BLOCK_RECORD
  5
594
330
1
100
AcDbSymbolTableRecord
100
AcDbBlockTableRecord
  2
*D60
340
0
 70
     0
280
     1
281
     0
  0
BLOCK_RECORD
  5
5A2
330
1
100
AcDbSymbolTableRecord
100
AcDbBlockTableRecord
  2
*D61
340
0
 70
     0
280
     1
281
     0
  0
BLOCK_RECORD
  5
5B0
330
1
100
AcDbSymbolTableRecord
100
AcDbBlockTableRecord
  2
*D62
340
0
 70
     0
280
     1
281
     0
  0
BLOCK_RECORD
  5
5BD
330
1
100
AcDbSymbolTableRecord
100
AcDbBlockTableRecord
  2
*D63
340
0
 70
     0
280
     1
281
     0
  0
BLOCK_RECORD
  5
5C9
330
1
100
AcDbSymbolTableRecord
100
AcDbBlockTableRecord
  2
*D64
340
0
 70
     0
280
     1
281
     0
  0
BLOCK_RECORD
  5
5D6
330
1
100
AcDbSymbolTableRecord
100
AcDbBlockTableRecord
  2
*D65
340
0
 70
     0
280
     1
281
     0
  0
BLOCK_RECORD
  5
5E2
330
1
100
AcDbSymbolTableRecord
100
AcDbBlockTableRecord
  2
*D66
340
0
 70
     0
280
     1
281
     0
  0
BLOCK_RECORD
  5
5EF
330
1
100
AcDbSymbolTableRecord
100
AcDbBlockTableRecord
  2
*D67
340
0
 70
     0
280
     1
281
     0
  0
BLOCK_RECORD
  5
5FB
330
1
100
AcDbSymbolTableRecord
100
AcDbBlockTableRecord
  2
*D68
340
0
 70
     0
280
     1
281
     0
  0
BLOCK_RECORD
  5
608
330
1
100
AcDbSymbolTableRecord
100
AcDbBlockTableRecord
  2
*D69
340
0
 70
     0
280
     1
281
     0
  0
BLOCK_RECORD
  5
614
330
1
100
AcDbSymbolTableRecord
100
AcDbBlockTableRecord
  2
*D70
340
0
 70
     0
280
     1
281
     0
  0
BLOCK_RECORD
  5
621
330
1
100
AcDbSymbolTableRecord
100
AcDbBlockTableRecord
  2
*D71
340
0
 70
     0
280
     1
281
     0
  0
BLOCK_RECORD
  5
62F
330
1
100
AcDbSymbolTableRecord
100
AcDbBlockTableRecord
  2
*D72
340
0
 70
     0
280
     1
281
     0
  0
BLOCK_RECORD
  5
63B
330
1
100
AcDbSymbolTableRecord
100
AcDbBlockTableRecord
  2
*D73
340
0
 70
     0
280
     1
281
     0
  0
BLOCK_RECORD
  5
648
330
1
100
AcDbSymbolTableRecord
100
AcDbBlockTableRecord
  2
*D74
340
0
 70
     0
280
     1
281
     0
  0
BLOCK_RECORD
  5
654
330
1
100
AcDbSymbolTableRecord
100
AcDbBlockTableRecord
  2
*D75
340
0
 70
     0
280
     1
281
     0
  0
BLOCK_RECORD
  5
660
330
1
100
AcDbSymbolTableRecord
100
AcDbBlockTableRecord
  2
*D76
340
0
 70
     0
280
     1
281
     0
  0
BLOCK_RECORD
  5
66C
330
1
100
AcDbSymbolTableRecord
100
AcDbBlockTableRecord
  2
*D77
340
0
 70
     0
280
     1
281
     0
  0
BLOCK_RECORD
  5
678
330
1
100
AcDbSymbolTableRecord
100
AcDbBlockTableRecord
  2
*D78
340
0
 70
     0
280
     1
281
     0
  0
BLOCK_RECORD
  5
684
330
1
100
AcDbSymbolTableRecord
100
AcDbBlockTableRecord
  2
*D79
340
0
 70
     0
280
     1
281
     0
  0
BLOCK_RECORD
  5
692
330
1
100
AcDbSymbolTableRecord
100
AcDbBlockTableRecord
  2
*D80
340
0
 70
     0
280
     1
281
     0
  0
BLOCK_RECORD
  5
69E
330
1
100
AcDbSymbolTableRecord
100
AcDbBlockTableRecord
  2
*D81
340
0
 70
     0
280
     1
281
     0
  0
BLOCK_RECORD
  5
6AC
330
1
100
AcDbSymbolTableRecord
100
AcDbBlockTableRecord
  2
*D82
340
0
 70
     0
280
     1
281
     0
  0
BLOCK_RECORD
  5
6B8
330
1
100
AcDbSymbolTableRecord
100
AcDbBlockTableRecord
  2
*D83
340
0
 70
     0
280
     1
281
     0
  0
BLOCK_RECORD
  5
6C6
330
1
100
AcDbSymbolTableRecord
100
AcDbBlockTableRecord
  2
*D84
340
0
 70
     0
280
     1
281
     0
  0
BLOCK_RECORD
  5
6D4
330
1
100
AcDbSymbolTableRecord
100
AcDbBlockTableRecord
  2
*D85
340
0
 70
     0
280
     1
281
     0
  0
BLOCK_RECORD
  5
6DF
330
1
100
AcDbSymbolTableRecord
100
AcDbBlockTableRecord
  2
*D86
340
0
 70
     0
280
     1
281
     0
  0
BLOCK_RECORD
  5
6EB
330
1
100
AcDbSymbolTableRecord
100
AcDbBlockTableRecord
  2
*D87
340
0
 70
     0
280
     1
281
     0
  0
BLOCK_RECORD
  5
6F9
330
1
100
AcDbSymbolTableRecord
100
AcDbBlockTableRecord
  2
*D88
340
0
 70
     0
280
     1
281
     0
  0
BLOCK_RECORD
  5
707
330
1
100
AcDbSymbolTableRecord
100
AcDbBlockTableRecord
  2
*D89
340
0
 70
     0
280
     1
281
     0
  0
BLOCK_RECORD
  5
712
330
1
100
AcDbSymbolTableRecord
100
AcDbBlockTableRecord
  2
*D90
340
0
 70
     0
280
     1
281
     0
  0
BLOCK_RECORD
  5
71E
330
1
100
AcDbSymbolTableRecord
100
AcDbBlockTableRecord
  2
*D91
340
0
 70
     0
280
     1
281
     0
  0
BLOCK_RECORD
  5
72C
330
1
100
AcDbSymbolTableRecord
100
AcDbBlockTableRecord
  2
*D92
340
0
 70
     0
280
     1
281
     0
  0
BLOCK_RECORD
  5
73A
330
1
100
AcDbSymbolTableRecord
100
AcDbBlockTableRecord
  2
*D93
340
0
 70
     0
280
     1
281
     0
  0
BLOCK_RECORD
  5
748
330
1
100
AcDbSymbolTableRecord
100
AcDbBlockTableRecord
  2
*D94
340
0
 70
     0
280
     1
281
     0
  0
BLOCK_RECORD
  5
754
330
1
100
AcDbSymbolTableRecord
100
AcDbBlockTableRecord
  2
*D95
340
0
 70
     0
280
     1
281
     0
  0
BLOCK_RECORD
  5
762
330
1
100
AcDbSymbolTableRecord
100
AcDbBlockTableRecord
  2
*D96
340
0
 70
     0
280
     1
281
     0
  0
BLOCK_RECORD
  5
770
330
1
100
AcDbSymbolTableRecord
100
AcDbBlockTableRecord
  2
*D97
340
0
 70
     0
280
     1
281
     0
  0
BLOCK_RECORD
  5
77D
330
1
100
AcDbSymbolTableRecord
100
AcDbBlockTableRecord
  2
*D98
340
0
 70
     0
280
     1
281
     0
  0
BLOCK_RECORD
  5
789
330
1
100
AcDbSymbolTableRecord
100
AcDbBlockTableRecord
  2
*D99
340
0
 70
     0
280
     1
281
     0
  0
BLOCK_RECORD
  5
795
330
1
100
AcDbSymbolTableRecord
100
AcDbBlockTableRecord
  2
*D100
340
0
 70
     0
280
     1
281
     0
  0
BLOCK_RECORD
  5
7A1
330
1
100
AcDbSymbolTableRecord
100
AcDbBlockTableRecord
  2
*D101
340
0
 70
     0
280
     1
281
     0
  0
BLOCK_RECORD
  5
D94
330
1
100
AcDbSymbolTableRecord
100
AcDbBlockTableRecord
  2
*D103
340
0
 70
     0
280
     1
281
     0
  0
BLOCK_RECORD
  5
DA0
330
1
100
AcDbSymbolTableRecord
100
AcDbBlockTableRecord
  2
*D104
340
0
 70
     0
280
     1
281
     0
  0
BLOCK_RECORD
  5
DAC
330
1
100
AcDbSymbolTableRecord
100
AcDbBlockTableRecord
  2
*D105
340
0
 70
     0
280
     1
281
     0
  0
BLOCK_RECORD
  5
DB9
330
1
100
AcDbSymbolTableRecord
100
AcDbBlockTableRecord
  2
*D106
340
0
 70
     0
280
     1
281
     0
  0
BLOCK_RECORD
  5
DC6
330
1
100
AcDbSymbolTableRecord
100
AcDbBlockTableRecord
  2
*D107
340
0
 70
     0
280
     1
281
     0
  0
BLOCK_RECORD
  5
DD2
330
1
100
AcDbSymbolTableRecord
100
AcDbBlockTableRecord
  2
*D108
340
0
 70
     0
280
     1
281
     0
  0
BLOCK_RECORD
  5
DDE
330
1
100
AcDbSymbolTableRecord
100
AcDbBlockTableRecord
  2
*D109
340
0
 70
     0
280
     1
281
     0
  0
BLOCK_RECORD
  5
DEA
330
1
100
AcDbSymbolTableRecord
100
AcDbBlockTableRecord
  2
*D110
340
0
 70
     0
280
     1
281
     0
  0
BLOCK_RECORD
  5
DF7
330
1
100
AcDbSymbolTableRecord
100
AcDbBlockTableRecord
  2
*D111
340
0
 70
     0
280
     1
281
     0
  0
BLOCK_RECORD
  5
E03
330
1
100
AcDbSymbolTableRecord
100
AcDbBlockTableRecord
  2
*D112
340
0
 70
     0
280
     1
281
     0
  0
BLOCK_RECORD
  5
E0F
330
1
100
AcDbSymbolTableRecord
100
AcDbBlockTableRecord
  2
*D113
340
0
 70
     0
280
     1
281
     0
  0
BLOCK_RECORD
  5
E1B
330
1
100
AcDbSymbolTableRecord
100
AcDbBlockTableRecord
  2
*D114
340
0
 70
     0
280
     1
281
     0
  0
BLOCK_RECORD
  5
E28
330
1
100
AcDbSymbolTableRecord
100
AcDbBlockTableRecord
  2
*D115
340
0
 70
     0
280
     1
281
     0
  0
BLOCK_RECORD
  5
E34
330
1
100
AcDbSymbolTableRecord
100
AcDbBlockTableRecord
  2
*D116
340
0
 70
     0
280
     1
281
     0
  0
BLOCK_RECORD
  5
E41
330
1
100
AcDbSymbolTableRecord
100
AcDbBlockTableRecord
  2
*D117
340
0
 70
     0
280
     1
281
     0
  0
BLOCK_RECORD
  5
E4D
330
1
100
AcDbSymbolTableRecord
100
AcDbBlockTableRecord
  2
*D118
340
0
 70
     0
280
     1
281
     0
  0
BLOCK_RECORD
  5
E59
330
1
100
AcDbSymbolTableRecord
100
AcDbBlockTableRecord
  2
*D119
340
0
 70
     0
280
     1
281
     0
  0
BLOCK_RECORD
  5
E65
330
1
100
AcDbSymbolTableRecord
100
AcDbBlockTableRecord
  2
*D120
340
0
 70
     0
280
     1
281
     0
  0
BLOCK_RECORD
  5
E71
330
1
100
AcDbSymbolTableRecord
100
AcDbBlockTableRecord
  2
*D121
340
0
 70
     0
280
     1
281
     0
  0
BLOCK_RECORD
  5
E7D
330
1
100
AcDbSymbolTableRecord
100
AcDbBlockTableRecord
  2
*D122
340
0
 70
     0
280
     1
281
     0
  0
BLOCK_RECORD
  5
E8A
330
1
100
AcDbSymbolTableRecord
100
AcDbBlockTableRecord
  2
*D123
340
0
 70
     0
280
     1
281
     0
  0
BLOCK_RECORD
  5
E98
330
1
100
AcDbSymbolTableRecord
100
AcDbBlockTableRecord
  2
*D124
340
0
 70
     0
280
     1
281
     0
  0
BLOCK_RECORD
  5
EA4
330
1
100
AcDbSymbolTableRecord
100
AcDbBlockTableRecord
  2
*D125
340
0
 70
     0
280
     1
281
     0
  0
BLOCK_RECORD
  5
EB1
330
1
100
AcDbSymbolTableRecord
100
AcDbBlockTableRecord
  2
*D126
340
0
 70
     0
280
     1
281
     0
  0
BLOCK_RECORD
  5
EBD
330
1
100
AcDbSymbolTableRecord
100
AcDbBlockTableRecord
  2
*D127
340
0
 70
     0
280
     1
281
     0
  0
BLOCK_RECORD
  5
EC9
330
1
100
AcDbSymbolTableRecord
100
AcDbBlockTableRecord
  2
*D128
340
0
 70
     0
280
     1
281
     0
  0
BLOCK_RECORD
  5
ED5
330
1
100
AcDbSymbolTableRecord
100
AcDbBlockTableRecord
  2
*D129
340
0
 70
     0
280
     1
281
     0
  0
BLOCK_RECORD
  5
EE1
330
1
100
AcDbSymbolTableRecord
100
AcDbBlockTableRecord
  2
*D130
340
0
 70
     0
280
     1
281
     0
  0
BLOCK_RECORD
  5
EED
330
1
100
AcDbSymbolTableRecord
100
AcDbBlockTableRecord
  2
*D131
340
0
 70
     0
280
     1
281
     0
  0
BLOCK_RECORD
  5
EFA
330
1
100
AcDbSymbolTableRecord
100
AcDbBlockTableRecord
  2
*D132
340
0
 70
     0
280
     1
281
     0
  0
BLOCK_RECORD
  5
F06
330
1
100
AcDbSymbolTableRecord
100
AcDbBlockTableRecord
  2
*D133
340
0
 70
     0
280
     1
281
     0
  0
BLOCK_RECORD
  5
F13
330
1
100
AcDbSymbolTableRecord
100
AcDbBlockTableRecord
  2
*D134
340
0
 70
     0
280
     1
281
     0
  0
BLOCK_RECORD
  5
F1F
330
1
100
AcDbSymbolTableRecord
100
AcDbBlockTableRecord
  2
*D135
340
0
 70
     0
280
     1
281
     0
  0
BLOCK_RECORD
  5
F2C
330
1
100
AcDbSymbolTableRecord
100
AcDbBlockTableRecord
  2
*D136
340
0
 70
     0
280
     1
281
     0
  0
BLOCK_RECORD
  5
F3A
330
1
100
AcDbSymbolTableRecord
100
AcDbBlockTableRecord
  2
*D137
340
0
 70
     0
280
     1
281
     0
  0
BLOCK_RECORD
  5
F4A
330
1
100
AcDbSymbolTableRecord
100
AcDbBlockTableRecord
  2
*D138
340
0
 70
     0
280
     1
281
     0
  0
BLOCK_RECORD
  5
F56
330
1
100
AcDbSymbolTableRecord
100
AcDbBlockTableRecord
  2
*D139
340
0
 70
     0
280
     1
281
     0
  0
BLOCK_RECORD
  5
F63
330
1
100
AcDbSymbolTableRecord
100
AcDbBlockTableRecord
  2
*D140
340
0
 70
     0
280
     1
281
     0
  0
BLOCK_RECORD
  5
F71
330
1
100
AcDbSymbolTableRecord
100
AcDbBlockTableRecord
  2
*D141
340
0
 70
     0
280
     1
281
     0
  0
BLOCK_RECORD
  5
F81
330
1
100
AcDbSymbolTableRecord
100
AcDbBlockTableRecord
  2
*D142
340
0
 70
     0
280
     1
281
     0
  0
BLOCK_RECORD
  5
F8D
330
1
100
AcDbSymbolTableRecord
100
AcDbBlockTableRecord
  2
*D143
340
0
 70
     0
280
     1
281
     0
  0
BLOCK_RECORD
  5
F9A
330
1
100
AcDbSymbolTableRecord
100
AcDbBlockTableRecord
  2
*D144
340
0
 70
     0
280
     1
281
     0
  0
BLOCK_RECORD
  5
FA7
330
1
100
AcDbSymbolTableRecord
100
AcDbBlockTableRecord
  2
*D145
340
0
 70
     0
280
     1
281
     0
  0
BLOCK_RECORD
  5
FB4
330
1
100
AcDbSymbolTableRecord
100
AcDbBlockTableRecord
  2
*D146
340
0
 70
     0
280
     1
281
     0
  0
BLOCK_RECORD
  5
FC1
330
1
100
AcDbSymbolTableRecord
100
AcDbBlockTableRecord
  2
*D147
340
0
 70
     0
280
     1
281
     0
  0
BLOCK_RECORD
  5
FCE
330
1
100
AcDbSymbolTableRecord
100
AcDbBlockTableRecord
  2
*D148
340
0
 70
     0
280
     1
281
     0
  0
BLOCK_RECORD
  5
FDB
330
1
100
AcDbSymbolTableRecord
100
AcDbBlockTableRecord
  2
*D149
340
0
 70
     0
280
     1
281
     0
  0
BLOCK_RECORD
  5
FE7
330
1
100
AcDbSymbolTableRecord
100
AcDbBlockTableRecord
  2
*D150
340
0
 70
     0
280
     1
281
     0
  0
BLOCK_RECORD
  5
FF3
330
1
100
AcDbSymbolTableRecord
100
AcDbBlockTableRecord
  2
*D151
340
0
 70
     0
280
     1
281
     0
  0
BLOCK_RECORD
  5
FFF
330
1
100
AcDbSymbolTableRecord
100
AcDbBlockTableRecord
  2
*D152
340
0
 70
     0
280
     1
281
     0
  0
BLOCK_RECORD
  5
100C
330
1
100
AcDbSymbolTableRecord
100
AcDbBlockTableRecord
  2
*D153
340
0
 70
     0
280
     1
281
     0
  0
BLOCK_RECORD
  5
1018
330
1
100
AcDbSymbolTableRecord
100
AcDbBlockTableRecord
  2
*D154
340
0
 70
     0
280
     1
281
     0
  0
BLOCK_RECORD
  5
1024
330
1
100
AcDbSymbolTableRecord
100
AcDbBlockTableRecord
  2
*D155
340
0
 70
     0
280
     1
281
     0
  0
BLOCK_RECORD
  5
1031
330
1
100
AcDbSymbolTableRecord
100
AcDbBlockTableRecord
  2
*D156
340
0
 70
     0
280
     1
281
     0
  0
BLOCK_RECORD
  5
103F
330
1
100
AcDbSymbolTableRecord
100
AcDbBlockTableRecord
  2
*D157
340
0
 70
     0
280
     1
281
     0
  0
BLOCK_RECORD
  5
104B
330
1
100
AcDbSymbolTableRecord
100
AcDbBlockTableRecord
  2
*D158
340
0
 70
     0
280
     1
281
     0
  0
BLOCK_RECORD
  5
105B
330
1
100
AcDbSymbolTableRecord
100
AcDbBlockTableRecord
  2
*D159
340
0
 70
     0
280
     1
281
     0
  0
BLOCK_RECORD
  5
1067
330
1
100
AcDbSymbolTableRecord
100
AcDbBlockTableRecord
  2
*D160
340
0
 70
     0
280
     1
281
     0
  0
BLOCK_RECORD
  5
1074
330
1
100
AcDbSymbolTableRecord
100
AcDbBlockTableRecord
  2
*D161
340
0
 70
     0
280
     1
281
     0
  0
BLOCK_RECORD
  5
1080
330
1
100
AcDbSymbolTableRecord
100
AcDbBlockTableRecord
  2
*D162
340
0
 70
     0
280
     1
281
     0
  0
BLOCK_RECORD
  5
108C
330
1
100
AcDbSymbolTableRecord
100
AcDbBlockTableRecord
  2
*D163
340
0
 70
     0
280
     1
281
     0
  0
BLOCK_RECORD
  5
1098
330
1
100
AcDbSymbolTableRecord
100
AcDbBlockTableRecord
  2
*D164
340
0
 70
     0
280
     1
281
     0
  0
BLOCK_RECORD
  5
10A5
330
1
100
AcDbSymbolTableRecord
100
AcDbBlockTableRecord
  2
*D165
340
0
 70
     0
280
     1
281
     0
  0
BLOCK_RECORD
  5
10B2
330
1
100
AcDbSymbolTableRecord
100
AcDbBlockTableRecord
  2
*D166
340
0
 70
     0
280
     1
281
     0
  0
BLOCK_RECORD
  5
10BE
330
1
100
AcDbSymbolTableRecord
100
AcDbBlockTableRecord
  2
*D167
340
0
 70
     0
280
     1
281
     0
  0
BLOCK_RECORD
  5
10CB
330
1
100
AcDbSymbolTableRecord
100
AcDbBlockTableRecord
  2
*D168
340
0
 70
     0
280
     1
281
     0
  0
BLOCK_RECORD
  5
10D7
330
1
100
AcDbSymbolTableRecord
100
AcDbBlockTableRecord
  2
*D169
340
0
 70
     0
280
     1
281
     0
  0
BLOCK_RECORD
  5
10E4
330
1
100
AcDbSymbolTableRecord
100
AcDbBlockTableRecord
  2
*D170
340
0
 70
     0
280
     1
281
     0
  0
BLOCK_RECORD
  5
10F1
330
1
100
AcDbSymbolTableRecord
100
AcDbBlockTableRecord
  2
*D171
340
0
 70
     0
280
     1
281
     0
  0
BLOCK_RECORD
  5
10FF
330
1
100
AcDbSymbolTableRecord
100
AcDbBlockTableRecord
  2
*D172
340
0
 70
     0
280
     1
281
     0
  0
BLOCK_RECORD
  5
110B
330
1
100
AcDbSymbolTableRecord
100
AcDbBlockTableRecord
  2
*D173
340
0
 70
     0
280
     1
281
     0
  0
BLOCK_RECORD
  5
111B
330
1
100
AcDbSymbolTableRecord
100
AcDbBlockTableRecord
  2
*D174
340
0
 70
     0
280
     1
281
     0
  0
BLOCK_RECORD
  5
1127
330
1
100
AcDbSymbolTableRecord
100
AcDbBlockTableRecord
  2
*D175
340
0
 70
     0
280
     1
281
     0
  0
BLOCK_RECORD
  5
1134
330
1
100
AcDbSymbolTableRecord
100
AcDbBlockTableRecord
  2
*D176
340
0
 70
     0
280
     1
281
     0
  0
BLOCK_RECORD
  5
1141
330
1
100
AcDbSymbolTableRecord
100
AcDbBlockTableRecord
  2
*D177
340
0
 70
     0
280
     1
281
     0
  0
BLOCK_RECORD
  5
114D
330
1
100
AcDbSymbolTableRecord
100
AcDbBlockTableRecord
  2
*D178
340
0
 70
     0
280
     1
281
     0
  0
BLOCK_RECORD
  5
115A
330
1
100
AcDbSymbolTableRecord
100
AcDbBlockTableRecord
  2
*D179
340
0
 70
     0
280
     1
281
     0
  0
BLOCK_RECORD
  5
1167
330
1
100
AcDbSymbolTableRecord
100
AcDbBlockTableRecord
  2
*D180
340
0
 70
     0
280
     1
281
     0
  0
BLOCK_RECORD
  5
1173
330
1
100
AcDbSymbolTableRecord
100
AcDbBlockTableRecord
  2
*D181
340
0
 70
     0
280
     1
281
     0
  0
BLOCK_RECORD
  5
1180
330
1
100
AcDbSymbolTableRecord
100
AcDbBlockTableRecord
  2
*D182
340
0
 70
     0
280
     1
281
     0
  0
BLOCK_RECORD
  5
118C
330
1
100
AcDbSymbolTableRecord
100
AcDbBlockTableRecord
  2
*D183
340
0
 70
     0
280
     1
281
     0
  0
BLOCK_RECORD
  5
1198
330
1
100
AcDbSymbolTableRecord
100
AcDbBlockTableRecord
  2
*D184
340
0
 70
     0
280
     1
281
     0
  0
BLOCK_RECORD
  5
11A5
330
1
100
AcDbSymbolTableRecord
100
AcDbBlockTableRecord
  2
*D185
340
0
 70
     0
280
     1
281
     0
  0
BLOCK_RECORD
  5
11B1
330
1
100
AcDbSymbolTableRecord
100
AcDbBlockTableRecord
  2
*D186
340
0
 70
     0
280
     1
281
     0
  0
BLOCK_RECORD
  5
11BE
330
1
100
AcDbSymbolTableRecord
100
AcDbBlockTableRecord
  2
*D187
340
0
 70
     0
280
     1
281
     0
  0
BLOCK_RECORD
  5
11CC
330
1
100
AcDbSymbolTableRecord
100
AcDbBlockTableRecord
  2
*D188
340
0
 70
     0
280
     1
281
     0
  0
BLOCK_RECORD
  5
11D9
330
1
100
AcDbSymbolTableRecord
100
AcDbBlockTableRecord
  2
*D189
340
0
 70
     0
280
     1
281
     0
  0
BLOCK_RECORD
  5
11E5
330
1
100
AcDbSymbolTableRecord
100
AcDbBlockTableRecord
  2
*D190
340
0
 70
     0
280
     1
281
     0
  0
BLOCK_RECORD
  5
11F2
330
1
100
AcDbSymbolTableRecord
100
AcDbBlockTableRecord
  2
*D191
340
0
 70
     0
280
     1
281
     0
  0
BLOCK_RECORD
  5
11FE
330
1
100
AcDbSymbolTableRecord
100
AcDbBlockTableRecord
  2
*D192
340
0
 70
     0
280
     1
281
     0
  0
BLOCK_RECORD
  5
120B
330
1
100
AcDbSymbolTableRecord
100
AcDbBlockTableRecord
  2
*D193
340
0
 70
     0
280
     1
281
     0
  0
BLOCK_RECORD
  5
1217
330
1
100
AcDbSymbolTableRecord
100
AcDbBlockTableRecord
  2
*D194
340
0
 70
     0
280
     1
281
     0
  0
BLOCK_RECORD
  5
13CD
330
1
100
AcDbSymbolTableRecord
100
AcDbBlockTableRecord
  2
*D195
340
0
 70
     0
280
     1
281
     0
  0
ENDTAB
  0
ENDSEC
  0
SECTION
  2
BLOCKS
  0
BLOCK
  5
20
330
1F
100
AcDbEntity
  8
0
100
AcDbBlockBegin
  2
*Model_Space
 70
     0
 10
0.0
 20
0.0
 30
0.0
  3
*Model_Space
  1

  0
ENDBLK
  5
21
330
1F
100
AcDbEntity
  8
0
100
AcDbBlockEnd
  0
BLOCK
  5
D4
330
D2
100
AcDbEntity
 67
     1
  8
0
100
AcDbBlockBegin
  2
*Paper_Space
 70
     0
 10
0.0
 20
0.0
 30
0.0
  3
*Paper_Space
  1

  0
ENDBLK
  5
D5
330
D2
100
AcDbEntity
 67
     1
  8
0
100
AcDbBlockEnd
  0
BLOCK
  5
D8
330
D6
100
AcDbEntity
 67
     1
  8
0
100
AcDbBlockBegin
  2
*Paper_Space0
 70
     0
 10
0.0
 20
0.0
 30
0.0
  3
*Paper_Space0
  1

  0
ENDBLK
  5
D9
330
D6
100
AcDbEntity
 67
     1
  8
0
100
AcDbBlockEnd
  0
BLOCK
  5
2BA
330
2B9
100
AcDbEntity
  8
0
100
AcDbBlockBegin
  2
_NONE
 70
     0
 10
0.0
 20
0.0
 30
0.0
  3
_NONE
  1

  0
ENDBLK
  5
2BB
330
2B9
100
AcDbEntity
  8
0
100
AcDbBlockEnd
  0
BLOCK
  5
2BD
330
2BC
100
AcDbEntity
  8
0
100
AcDbBlockBegin
  2
_Oblique
 70
     0
 10
0.0
 20
0.0
 30
0.0
  3
_Oblique
  1

  0
LINE
  5
2BE
330
2BC
100
AcDbEntity
  8
0
  6
ByBlock
 62
     0
370
    -2
100
AcDbLine
 10
-0.5
 20
-0.5
 30
0.0
 11
0.5
 21
0.5
 31
0.0
  0
ENDBLK
  5
2BF
330
2BC
100
AcDbEntity
  8
0
100
AcDbBlockEnd
  0
BLOCK
  5
2C3
330
2C0
100
AcDbEntity
  8
0
100
AcDbBlockBegin
  2
A$C418A7A78
 70
     0
 10
0.0
 20
0.0
 30
0.0
  3
A$C418A7A78
  1

  0
LWPOLYLINE
  5
2C4
330
2C0
100
AcDbEntity
  8
$Пунктир
100
AcDbPolyline
 90
        4
 70
     0
 43
0.0
 10
-22.0
 20
-800.0
 10
-22.0
 20
0.0
 10
22.0
 20
0.0
 10
22.0
 20
-800.0
  0
LWPOLYLINE
  5
2C5
330
2C0
100
AcDbEntity
  8
0
100
AcDbPolyline
 90
        4
 70
     1
 43
0.0
 10
25.0
 20
-800.0
 10
25.0
 20
0.0
 10
-25.0
 20
0.0
 10
-25.0
 20
-800.0
  0
LWPOLYLINE
  5
2C6
330
2C0
100
AcDbEntity
  8
$Оси
100
AcDbPolyline
 90
        2
 70
     0
 43
0.0
 10
0.0
 20
50.0
 10
0.0
 20
-850.0
  0
ENDBLK
  5
2C7
330
2C0
100
AcDbEntity
  8
0
100
AcDbBlockEnd
  0
BLOCK
  5
2D7
330
2C8
100
AcDbEntity
  8
0
100
AcDbBlockBegin
  2
d25 v3.0
 70
     0
 10
0.0
 20
0.0
 30
0.0
  3
d25 v3.0
  1

  0
CIRCLE
  5
2D8
330
2C8
100
AcDbEntity
  8
Defpoints
100
AcDbCircle
 10
0.0
 20
0.0
 30
0.0
 40
0.0135
1001
AcDbBlockRepETag
1070
     1
1071
        0
1005
2D8
  0
CIRCLE
  5
2D9
330
2C8
100
AcDbEntity
  8
$ Слои конструкции $
100
AcDbCircle
 10
0.0
 20
0.0
 30
0.0
 40
0.0125
1001
AcDbBlockRepETag
1070
     1
1071
        1
1005
2D9
  0
HATCH
  5
2DA
330
2C8
100
AcDbEntity
  8
0
 62
   114
100
AcDbHatch
 10
0.0
 20
0.0
 30
0.0
210
0.0
220
0.0
230
1.0
  2
SOLID,_I
 70
     1
 71
     0
 91
        2
 92
        7
 72
     1
 73
     1
 93
        2
 10
-0.0125
 20
0.0
 42
1.0
 10
0.0125
 20
0.0
 42
1.0
 97
        0
 92
       24
 93
        4
 72
     1
 10
-0.0022223912474587
 20
0.004580929717843
 11
0.0019061801811128
 21
0.004580929717843
 72
     1
 10
0.0019061801811128
 20
0.004580929717843
 11
0.0031119515470528
 21
0.009080929717843
 72
     1
 10
0.0031119515470528
 20
0.009080929717843
 11
-0.0010166198815186
 21
0.009080929717843
 72
     1
 10
-0.0010166198815186
 20
0.009080929717843
 11
-0.0022223912474587
 21
0.004580929717843
 97
        0
 75
     2
 76
     1
 47
0.0000503328894807
 98
        1
 10
-0.0040031984643747
 20
0.0042287806138575
450
        0
451
        0
460
0.0
461
0.0
452
        0
462
0.0
453
        0
470

1001
ACAD
1010
0.0
1020
0.0
1030
0.0
1001
AcDbBlockRepETag
1070
     1
1071
        3
1005
2DA
  0
LWPOLYLINE
  5
2DB
330
2C8
100
AcDbEntity
  8
!OIS-K-construct
 60
     1
100
AcDbPolyline
 90
        5
 70
     0
 43
0.0
 10
0.0
 20
-0.0134999999999996
 10
0.0
 20
0.0134999999999996
 10
0.0666128209085475
 20
0.0134999999999996
 10
0.0666128209085474
 20
-0.0134999999999996
 10
0.0
 20
-0.0134999999999996
1001
AcDbBlockRepETag
1070
     1
1071
        4
1005
2DB
  0
LINE
  5
2DC
330
2C8
100
AcDbEntity
  8
!OIS-K-s0.25
 60
     1
100
AcDbLine
 10
0.0
 20
0.0
 30
0.0
 11
0.0666128209085474
 21
0.0
 31
0.0
1001
AcDbBlockRepETag
1070
     1
1071
        5
1005
2DC
  0
TEXT
  5
2DD
330
2C8
100
AcDbEntity
  8
Defpoints
 62
   250
100
AcDbText
 10
-0.0024289987384917
 20
0.0057314483237347
 30
0.0
 40
0.003
  1
25
 51
15.0
  7
@ТРАНСПРОЕКТ
100
AcDbText
1001
AcDbBlockRepETag
1070
     1
1071
        2
1005
2DD
  0
ENDBLK
  5
2DE
330
2C8
100
AcDbEntity
  8
0
100
AcDbBlockEnd
  0
BLOCK
  5
2E0
330
2DF
100
AcDbEntity
  8
0
100
AcDbBlockBegin
  2
Зк д
 70
     0
 10
0.0
 20
0.0
 30
0.0
  3
Зк д
  1

  0
LWPOLYLINE
  5
2E1
330
2DF
100
AcDbEntity
  8
$Пунктир
100
AcDbPolyline
 90
        4
 70
     1
 43
0.0
 10
2776131.09350247
 20
562786.1773047136
 10
2776481.09350247
 20
562786.1773047136
 10
2776481.09350247
 20
562766.1773047137
 10
2776131.09350247
 20
562766.1773047137
  0
LWPOLYLINE
  5
2E2
330
2DF
100
AcDbEntity
  8
$Пунктир
100
AcDbPolyline
 90
        4
 70
     1
 43
0.0
 10
2776170.09350247
 20
562652.1773047136
 10
2776170.09350247
 20
562766.1773047137
 10
2776192.09350247
 20
562766.1773047137
 10
2776192.09350247
 20
562652.1773047136
  0
LWPOLYLINE
  5
2E3
330
2DF
100
AcDbEntity
  8
$Пунктир
100
AcDbPolyline
 90
        4
 70
     1
 43
0.0
 10
2776381.09350247
 20
562652.1773047136
 10
2776481.09350247
 20
562652.1773047136
 10
2776481.09350247
 20
562636.1773047136
 10
2776381.09350247
 20
562636.1773047136
  0
LWPOLYLINE
  5
2E4
330
2DF
100
AcDbEntity
  8
$Пунктир
100
AcDbPolyline
 90
        4
 70
     1
 43
0.0
 10
2776442.09350247
 20
562652.1773047136
 10
2776442.09350247
 20
562766.1773047137
 10
2776420.09350247
 20
562766.1773047137
 10
2776420.09350247
 20
562652.1773047136
  0
LWPOLYLINE
  5
2E5
330
2DF
100
AcDbEntity
  8
$Пунктир
100
AcDbPolyline
 90
        4
 70
     1
 43
0.0
 10
2776420.09350247
 20
562786.1773047136
 10
2776442.09350247
 20
562786.1773047136
 10
2776442.09350247
 20
562766.1773047137
 10
2776420.09350247
 20
562766.1773047137
  0
LWPOLYLINE
  5
2E6
330
2DF
100
AcDbEntity
  8
$Пунктир
100
AcDbPolyline
 90
        4
 70
     1
 43
0.0
 10
2776131.09350247
 20
562652.1773047136
 10
2776231.09350247
 20
562652.1773047136
 10
2776231.09350247
 20
562636.1773047136
 10
2776131.09350247
 20
562636.1773047136
  0
ENDBLK
  5
2E7
330
2DF
100
AcDbEntity
  8
0
100
AcDbBlockEnd
  0
BLOCK
  5
2EB
330
2E8
100
AcDbEntity
  8
0
100
AcDbBlockBegin
  2
A$C57DF1AEC
 70
     0
 10
0.0
 20
0.0
 30
0.0
  3
A$C57DF1AEC
  1

  0
LWPOLYLINE
  5
2EC
330
2E8
100
AcDbEntity
  8
$Слои конструкции
100
AcDbPolyline
 90
        4
 70
     1
 43
0.0
 10
175.0
 20
170.0
 10
175.0
 20
-170.0
 10
-175.0
 20
-170.0
 10
-175.0
 20
170.0
  0
LWPOLYLINE
  5
2ED
330
2E8
100
AcDbEntity
  8
$Оси
 48
0.2
100
AcDbPolyline
 90
        2
 70
     0
 43
0.0
 10
0.0
 20
-185.0
 10
0.0
 20
185.0
  0
LWPOLYLINE
  5
2EE
330
2E8
100
AcDbEntity
  8
$Оси
 48
0.2
100
AcDbPolyline
 90
        2
 70
     0
 43
0.0
 10
-190.0
 20
0.0
 10
190.0
 20
0.0
  0
WIPEOUT
  5
2EF
330
2E8
100
AcDbEntity
  8
$Тонкие
160
               140
310
8C000000010000008400000006000000050000000000000000E065C0000000000040654000000000000000000000000000E06540000000000040654000000000000000000000000000E0654000000000004065C000000000000000000000000000E065C000000000004065C000000000000000000000000000E065C0000000
310
00004065400000000000000000
100
AcDbWipeout
 90
        0
 10
-175.0
 20
-170.0
 30
0.0
 11
350.0
 21
0.0
 31
0.0
 12
0.0
 22
350.0
 32
0.0
 13
1.0
 23
1.0
340
0
 70
     7
280
     1
281
    50
282
    50
283
     0
290
     0
360
0
 71
     2
 91
        5
 14
-0.5
 24
-0.4714285714285715
 14
0.5
 24
-0.4714285714285715
 14
0.5
 24
0.5
 14
-0.5
 24
0.5
 14
-0.5
 24
-0.4714285714285715
  0
ENDBLK
  5
2F0
330
2E8
100
AcDbEntity
  8
0
100
AcDbBlockEnd
  0
BLOCK
  5
2F4
330
2F1
100
AcDbEntity
  8
0
100
AcDbBlockBegin
  2
A$C56837E69
 70
     0
 10
0.0
 20
0.0
 30
0.0
  3
A$C56837E69
  1

  0
INSERT
  5
2F5
330
2F1
100
AcDbEntity
  8
$Слои конструкции
100
AcDbBlockReference
  2
A$C57DF1AEC
 10
189.9997613746673
 20
8185.000039401463
 30
0.0
 41
-1.0
1001
mc3dCrTime
1071
1869074540
1071
 31249585
  0
INSERT
  5
2F6
330
2F1
100
AcDbEntity
  8
$Слои конструкции
100
AcDbBlockReference
  2
A$C57DF1AEC
 10
189.9997613742016
 20
6185.000039400999
 30
0.0
 41
-1.0
1001
mc3dCrTime
1071
1869074640
1071
 31249585
  0
INSERT
  5
2F7
330
2F1
100
AcDbEntity
  8
$Слои конструкции
100
AcDbBlockReference
  2
A$C57DF1AEC
 10
189.9997613742016
 20
4185.000039400999
 30
0.0
 41
-1.0
1001
mc3dCrTime
1071
1869074740
1071
 31249585
  0
INSERT
  5
2F8
330
2F1
100
AcDbEntity
  8
$Слои конструкции
100
AcDbBlockReference
  2
A$C57DF1AEC
 10
189.9997613746673
 20
185.0000393991358
 30
0.0
 41
-1.0
1001
mc3dCrTime
1071
1869074840
1071
 31249585
  0
INSERT
  5
2F9
330
2F1
100
AcDbEntity
  8
$Слои конструкции
100
AcDbBlockReference
  2
A$C57DF1AEC
 10
189.9997613746673
 20
2185.000039400998
 30
0.0
 41
-1.0
1001
mc3dCrTime
1071
1869074940
1071
 31249585
  0
INSERT
  5
2FA
330
2F1
100
AcDbEntity
  8
$Слои конструкции
100
AcDbBlockReference
  2
A$C57DF1AEC
 10
12385.0437198407
 20
8185.00003942044
 30
0.0
 41
-1.0
1001
mc3dCrTime
1071
1869075040
1071
 31249585
  0
INSERT
  5
2FB
330
2F1
100
AcDbEntity
  8
$Слои конструкции
100
AcDbBlockReference
  2
A$C57DF1AEC
 10
12385.04371984023
 20
6185.000039419975
 30
0.0
 41
-1.0
1001
mc3dCrTime
1071
1869075140
1071
 31249585
  0
INSERT
  5
2FC
330
2F1
100
AcDbEntity
  8
$Слои конструкции
100
AcDbBlockReference
  2
A$C57DF1AEC
 10
12385.04371984023
 20
4185.000039419974
 30
0.0
 41
-1.0
1001
mc3dCrTime
1071
1869075240
1071
 31249585
  0
INSERT
  5
2FD
330
2F1
100
AcDbEntity
  8
$Слои конструкции
100
AcDbBlockReference
  2
A$C57DF1AEC
 10
12385.0437198407
 20
185.0000394181115
 30
0.0
 41
-1.0
1001
mc3dCrTime
1071
1869075340
1071
 31249585
  0
INSERT
  5
2FE
330
2F1
100
AcDbEntity
  8
$Слои конструкции
100
AcDbBlockReference
  2
A$C57DF1AEC
 10
12385.0437198407
 20
2185.000039419974
 30
0.0
 41
-1.0
1001
mc3dCrTime
1071
1869075440
1071
 31249585
  0
INSERT
  5
2FF
330
2F1
100
AcDbEntity
  8
$Слои конструкции
100
AcDbBlockReference
  2
A$C57DF1AEC
 10
24576.08767830534
 20
8185.0000394393
 30
0.0
 41
-1.0
1001
mc3dCrTime
1071
1869075540
1071
 31249585
  0
INSERT
  5
300
330
2F1
100
AcDbEntity
  8
$Слои конструкции
100
AcDbBlockReference
  2
A$C57DF1AEC
 10
24576.08767830488
 20
6185.000039438834
 30
0.0
 41
-1.0
1001
mc3dCrTime
1071
1869075640
1071
 31249585
  0
INSERT
  5
301
330
2F1
100
AcDbEntity
  8
$Слои конструкции
100
AcDbBlockReference
  2
A$C57DF1AEC
 10
24576.08767830488
 20
4185.000039438834
 30
0.0
 41
-1.0
1001
mc3dCrTime
1071
1869075740
1071
 31249585
  0
INSERT
  5
302
330
2F1
100
AcDbEntity
  8
$Слои конструкции
100
AcDbBlockReference
  2
A$C57DF1AEC
 10
24576.08767830534
 20
185.0000394369708
 30
0.0
 41
-1.0
1001
mc3dCrTime
1071
1869075840
1071
 31249585
  0
INSERT
  5
303
330
2F1
100
AcDbEntity
  8
$Слои конструкции
100
AcDbBlockReference
  2
A$C57DF1AEC
 10
24576.08767830534
 20
2185.000039438834
 30
0.0
 41
-1.0
1001
mc3dCrTime
1071
1869075940
1071
 31249585
  0
ENDBLK
  5
304
330
2F1
100
AcDbEntity
  8
0
100
AcDbBlockEnd
  0
BLOCK
  5
308
330
305
100
AcDbEntity
  8
0
100
AcDbBlockBegin
  2
*U8
 70
     1
 10
0.0
 20
0.0
 30
0.0
  3
*U8
  1

  0
CIRCLE
  5
309
330
305
100
AcDbEntity
  8
Defpoints
100
AcDbCircle
 10
0.0
 20
0.0
 30
0.0
 40
0.0135
1001
AcDbBlockRepETag
1070
     1
1071
        0
1005
309
  0
CIRCLE
  5
30A
330
305
100
AcDbEntity
  8
$ Слои конструкции $
100
AcDbCircle
 10
0.0
 20
0.0
 30
0.0
 40
0.0125
1001
AcDbBlockRepETag
1070
     1
1071
        1
1005
30A
  0
HATCH
  5
30B
330
305
100
AcDbEntity
  8
0
 62
   114
100
AcDbHatch
 10
0.0
 20
0.0
 30
0.0
210
0.0
220
0.0
230
1.0
  2
SOLID,_I
 70
     1
 71
     0
 91
        2
 92
        7
 72
     1
 73
     1
 93
        2
 10
-0.0125
 20
0.0
 42
1.0
 10
0.0125
 20
0.0
 42
1.0
 97
        0
 92
       24
 93
        4
 72
     1
 10
-0.0022223912474587
 20
0.004580929717843
 11
0.0019061801811128
 21
0.004580929717843
 72
     1
 10
0.0019061801811128
 20
0.004580929717843
 11
0.0031119515470528
 21
0.009080929717843
 72
     1
 10
0.0031119515470528
 20
0.009080929717843
 11
-0.0010166198815186
 21
0.009080929717843
 72
     1
 10
-0.0010166198815186
 20
0.009080929717843
 11
-0.0022223912474587
 21
0.004580929717843
 97
        0
 75
     2
 76
     1
 47
0.0000503328894807
 98
        1
 10
-0.0040031984643747
 20
0.0042287806138575
450
        0
451
        0
460
0.0
461
0.0
452
        0
462
0.0
453
        0
470

1001
ACAD
1010
0.0
1020
0.0
1030
0.0
1001
AcDbBlockRepETag
1070
     1
1071
        3
1005
30B
  0
LWPOLYLINE
  5
30C
330
305
100
AcDbEntity
  8
!OIS-K-construct
 60
     1
100
AcDbPolyline
 90
        5
 70
     0
 43
0.0
 10
0.0
 20
-0.0134999999999996
 10
0.0
 20
0.0134999999999996
 10
0.0732502248931351
 20
0.0134999999999996
 10
0.0732502248931351
 20
-0.0134999999999997
 10
0.0
 20
-0.0134999999999996
1001
AcDbBlockRepETag
1070
     1
1071
        4
1005
30C
  0
LINE
  5
30D
330
305
100
AcDbEntity
  8
!OIS-K-s0.25
 60
     1
100
AcDbLine
 10
0.0
 20
0.0
 30
0.0
 11
0.0732502248931351
 21
0.0
 31
0.0
1001
AcDbBlockRepETag
1070
     1
1071
        5
1005
30D
  0
TEXT
  5
30E
330
305
100
AcDbEntity
  8
Defpoints
 62
   250
100
AcDbText
 10
-0.0024289987384917
 20
0.0057314483237347
 30
0.0
 40
0.003
  1
25
 51
15.0
  7
@ТРАНСПРОЕКТ
100
AcDbText
1001
AcDbBlockRepETag
1070
     1
1071
        2
1005
30E
  0
ENDBLK
  5
30F
330
305
100
AcDbEntity
  8
0
100
AcDbBlockEnd
  0
BLOCK
  5
311
330
310
100
AcDbEntity
  8
0
100
AcDbBlockBegin
  2
*D9
 70
     1
 10
0.0
 20
0.0
 30
0.0
  3
*D9
  1

  0
LINE
  5
312
330
310
100
AcDbEntity
  8
$Размеры
  6
Continuous
 62
     5
440
 16777216
370
    13
100
AcDbLine
 10
68553.88010280579
 20
69452.21707141329
 30
0.0
 11
68553.88010280579
 21
68797.84171300137
 31
0.0
  0
LINE
  5
313
330
310
100
AcDbEntity
  8
$Размеры
  6
Continuous
 62
     5
440
 16777216
370
    13
100
AcDbLine
 10
94483.88010280579
 20
69452.21707139548
 30
0.0
 11
94483.88010280579
 21
68797.84171300137
 31
0.0
  0
LINE
  5
314
330
310
100
AcDbEntity
  8
$Размеры
  6
Continuous
 62
     5
440
 16777216
370
    13
100
AcDbLine
 10
68553.88010280579
 20
68832.84171300137
 30
0.0
 11
94483.88010280579
 21
68832.84171300137
 31
0.0
  0
INSERT
  5
315
330
310
100
AcDbEntity
  8
$Размеры
 62
     5
440
 16777216
 48
100.0
370
    13
100
AcDbBlockReference
  2
_Oblique
 10
68553.88010280579
 20
68832.84171300137
 30
0.0
 41
75.0
 42
75.0
 43
75.0
 50
180.0
  0
INSERT
  5
316
330
310
100
AcDbEntity
  8
$Размеры
 62
     5
440
 16777216
 48
100.0
370
    13
100
AcDbBlockReference
  2
_Oblique
 10
94483.88010280579
 20
68832.84171300137
 30
0.0
 41
75.0
 42
75.0
 43
75.0
  0
MTEXT
  5
317
330
310
100
AcDbEntity
  8
$Размеры
 62
     5
440
 16777216
 48
100.0
100
AcDbMText
 10
81518.88010280579
 20
68920.34171300137
 30
0.0
 40
125.0
 41
0.0
 46
0.0
 71
     5
 72
     1
  1
\A1;25930
  7
@ТРАНСПРОЕКТ
 73
     1
 44
1.0
  0
POINT
  5
318
330
310
100
AcDbEntity
  8
Defpoints
 62
     0
440
 16777216
 48
100.0
100
AcDbPoint
 10
68553.88010280579
 20
69502.21707141329
 30
0.0
  0
POINT
  5
319
330
310
100
AcDbEntity
  8
Defpoints
 62
     0
440
 16777216
 48
100.0
100
AcDbPoint
 10
94483.88010280579
 20
69502.21707139548
 30
0.0
  0
POINT
  5
31A
330
310
100
AcDbEntity
  8
Defpoints
 62
     0
440
 16777216
 48
100.0
100
AcDbPoint
 10
94483.88010280579
 20
68832.84171300137
 30
0.0
  0
ENDBLK
  5
31B
330
310
100
AcDbEntity
  8
0
100
AcDbBlockEnd
  0
BLOCK
  5
31D
330
31C
100
AcDbEntity
  8
0
100
AcDbBlockBegin
  2
*D10
 70
     1
 10
0.0
 20
0.0
 30
0.0
  3
*D10
  1

  0
LINE
  5
31E
330
31C
100
AcDbEntity
  8
$Размеры
  6
Continuous
 62
     5
440
 16777216
370
    13
100
AcDbLine
 10
68503.88010279927
 20
69702.21707139408
 30
0.0
 11
68007.8077871371
 21
69702.21707139408
 31
0.0
  0
LINE
  5
31F
330
31C
100
AcDbEntity
  8
$Размеры
  6
Continuous
 62
     5
440
 16777216
370
    13
100
AcDbLine
 10
68503.88010280579
 20
78802.29839509923
 30
0.0
 11
68007.8077871371
 21
78802.29839509923
 31
0.0
  0
LINE
  5
320
330
31C
100
AcDbEntity
  8
$Размеры
  6
Continuous
 62
     5
440
 16777216
370
    13
100
AcDbLine
 10
68042.8077871371
 20
69702.21707139408
 30
0.0
 11
68042.8077871371
 21
78802.29839509923
 31
0.0
  0
INSERT
  5
321
330
31C
100
AcDbEntity
  8
$Размеры
 62
     5
440
 16777216
 48
100.0
370
    13
100
AcDbBlockReference
  2
_Oblique
 10
68042.8077871371
 20
69702.21707139408
 30
0.0
 41
75.0
 42
75.0
 43
75.0
 50
270.0
  0
INSERT
  5
322
330
31C
100
AcDbEntity
  8
$Размеры
 62
     5
440
 16777216
 48
100.0
370
    13
100
AcDbBlockReference
  2
_Oblique
 10
68042.8077871371
 20
78802.29839509923
 30
0.0
 41
75.0
 42
75.0
 43
75.0
 50
90.0
  0
MTEXT
  5
323
330
31C
100
AcDbEntity
  8
$Размеры
 62
     5
440
 16777216
 48
100.0
100
AcDbMText
 10
67955.3077871371
 20
74252.25773324666
 30
0.0
 40
125.0
 41
0.0
 46
0.0
 71
     5
 72
     1
  1
\A1;9100
  7
@ТРАНСПРОЕКТ
 11
0.0
 21
1.0
 31
0.0
 73
     1
 44
1.0
  0
POINT
  5
324
330
31C
100
AcDbEntity
  8
Defpoints
 62
     0
440
 16777216
 48
100.0
100
AcDbPoint
 10
68553.88010279927
 20
69702.21707139408
 30
0.0
  0
POINT
  5
325
330
31C
100
AcDbEntity
  8
Defpoints
 62
     0
440
 16777216
 48
100.0
100
AcDbPoint
 10
68553.88010280579
 20
78802.29839509923
 30
0.0
  0
POINT
  5
326
330
31C
100
AcDbEntity
  8
Defpoints
 62
     0
440
 16777216
 48
100.0
100
AcDbPoint
 10
68042.8077871371
 20
78802.29839509923
 30
0.0
  0
ENDBLK
  5
327
330
31C
100
AcDbEntity
  8
0
100
AcDbBlockEnd
  0
BLOCK
  5
329
330
328
100
AcDbEntity
  8
0
100
AcDbBlockBegin
  2
*D11
 70
     1
 10
0.0
 20
0.0
 30
0.0
  3
*D11
  1

  0
LINE
  5
32A
330
328
100
AcDbEntity
  8
$Размеры
  6
Continuous
 62
     5
440
 16777216
370
    13
100
AcDbLine
 10
68503.88010279927
 20
69702.21707139408
 30
0.0
 11
68007.8077871371
 21
69702.21707139408
 31
0.0
  0
LINE
  5
32B
330
328
100
AcDbEntity
  8
$Размеры
  6
Continuous
 62
     5
440
 16777216
370
    13
100
AcDbLine
 10
68503.88010280579
 20
69502.21707141329
 30
0.0
 11
68007.8077871371
 21
69502.21707141329
 31
0.0
  0
LINE
  5
32C
330
328
100
AcDbEntity
  8
$Размеры
  6
Continuous
 62
     5
440
 16777216
370
    13
100
AcDbLine
 10
68042.8077871371
 20
69502.21707141329
 30
0.0
 11
68042.8077871371
 21
69127.21707141329
 31
0.0
  0
LINE
  5
32D
330
328
100
AcDbEntity
  8
$Размеры
  6
Continuous
 62
     5
440
 16777216
370
    13
100
AcDbLine
 10
68042.8077871371
 20
69502.21707141329
 30
0.0
 11
68042.8077871371
 21
69127.21707141329
 31
0.0
  0
LINE
  5
32E
330
328
100
AcDbEntity
  8
$Размеры
  6
Continuous
 62
     5
440
 16777216
370
    13
100
AcDbLine
 10
68042.8077871371
 20
69702.21707139408
 30
0.0
 11
68042.8077871371
 21
69502.21707141329
 31
0.0
  0
INSERT
  5
32F
330
328
100
AcDbEntity
  8
$Размеры
 62
     5
440
 16777216
 48
100.0
370
    13
100
AcDbBlockReference
  2
_Oblique
 10
68042.8077871371
 20
69702.21707139408
 30
0.0
 41
75.0
 42
75.0
 43
75.0
 50
90.0
  0
INSERT
  5
330
330
328
100
AcDbEntity
  8
$Размеры
 62
     5
440
 16777216
 48
100.0
370
    13
100
AcDbBlockReference
  2
_Oblique
 10
68042.8077871371
 20
69502.21707141329
 30
0.0
 41
75.0
 42
75.0
 43
75.0
 50
270.0
  0
MTEXT
  5
331
330
328
100
AcDbEntity
  8
$Размеры
 62
     5
440
 16777216
 48
100.0
100
AcDbMText
 10
67955.3077871371
 20
69277.21707141329
 30
0.0
 40
125.0
 41
0.0
 46
0.0
 71
     5
 72
     1
  1
\A1;200
  7
@ТРАНСПРОЕКТ
 11
0.0
 21
1.0
 31
0.0
 73
     1
 44
1.0
  0
POINT
  5
332
330
328
100
AcDbEntity
  8
Defpoints
 62
     0
440
 16777216
 48
100.0
100
AcDbPoint
 10
68553.88010279927
 20
69702.21707139408
 30
0.0
  0
POINT
  5
333
330
328
100
AcDbEntity
  8
Defpoints
 62
     0
440
 16777216
 48
100.0
100
AcDbPoint
 10
68553.88010280579
 20
69502.21707141329
 30
0.0
  0
POINT
  5
334
330
328
100
AcDbEntity
  8
Defpoints
 62
     0
440
 16777216
 48
100.0
100
AcDbPoint
 10
68042.8077871371
 20
69502.21707141329
 30
0.0
  0
ENDBLK
  5
335
330
328
100
AcDbEntity
  8
0
100
AcDbBlockEnd
  0
BLOCK
  5
337
330
336
100
AcDbEntity
  8
0
100
AcDbBlockBegin
  2
*D12
 70
     1
 10
0.0
 20
0.0
 30
0.0
  3
*D12
  1

  0
LINE
  5
338
330
336
100
AcDbEntity
  8
$Размеры
  6
Continuous
 62
     5
440
 16777216
370
    13
100
AcDbLine
 10
68503.88010280579
 20
78802.29839509923
 30
0.0
 11
68007.8077871371
 21
78802.29839509923
 31
0.0
  0
LINE
  5
339
330
336
100
AcDbEntity
  8
$Размеры
  6
Continuous
 62
     5
440
 16777216
370
    13
100
AcDbLine
 10
68503.88010280579
 20
79002.29839511855
 30
0.0
 11
68007.8077871371
 21
79002.29839511855
 31
0.0
  0
LINE
  5
33A
330
336
100
AcDbEntity
  8
$Размеры
  6
Continuous
 62
     5
440
 16777216
370
    13
100
AcDbLine
 10
68042.8077871371
 20
79002.29839511855
 30
0.0
 11
68042.8077871371
 21
79377.29839511856
 31
0.0
  0
LINE
  5
33B
330
336
100
AcDbEntity
  8
$Размеры
  6
Continuous
 62
     5
440
 16777216
370
    13
100
AcDbLine
 10
68042.8077871371
 20
79002.29839511855
 30
0.0
 11
68042.8077871371
 21
79377.29839511856
 31
0.0
  0
LINE
  5
33C
330
336
100
AcDbEntity
  8
$Размеры
  6
Continuous
 62
     5
440
 16777216
370
    13
100
AcDbLine
 10
68042.8077871371
 20
78802.29839509923
 30
0.0
 11
68042.8077871371
 21
79002.29839511855
 31
0.0
  0
INSERT
  5
33D
330
336
100
AcDbEntity
  8
$Размеры
 62
     5
440
 16777216
 48
100.0
370
    13
100
AcDbBlockReference
  2
_Oblique
 10
68042.8077871371
 20
78802.29839509923
 30
0.0
 41
75.0
 42
75.0
 43
75.0
 50
270.0
  0
INSERT
  5
33E
330
336
100
AcDbEntity
  8
$Размеры
 62
     5
440
 16777216
 48
100.0
370
    13
100
AcDbBlockReference
  2
_Oblique
 10
68042.8077871371
 20
79002.29839511855
 30
0.0
 41
75.0
 42
75.0
 43
75.0
 50
90.0
  0
MTEXT
  5
33F
330
336
100
AcDbEntity
  8
$Размеры
 62
     5
440
 16777216
 48
100.0
100
AcDbMText
 10
67955.3077871371
 20
79227.29839511855
 30
0.0
 40
125.0
 41
0.0
 46
0.0
 71
     5
 72
     1
  1
\A1;200
  7
@ТРАНСПРОЕКТ
 11
0.0
 21
1.0
 31
0.0
 73
     1
 44
1.0
  0
POINT
  5
340
330
336
100
AcDbEntity
  8
Defpoints
 62
     0
440
 16777216
 48
100.0
100
AcDbPoint
 10
68553.88010280579
 20
78802.29839509923
 30
0.0
  0
POINT
  5
341
330
336
100
AcDbEntity
  8
Defpoints
 62
     0
440
 16777216
 48
100.0
100
AcDbPoint
 10
68553.88010280579
 20
79002.29839511855
 30
0.0
  0
POINT
  5
342
330
336
100
AcDbEntity
  8
Defpoints
 62
     0
440
 16777216
 48
100.0
100
AcDbPoint
 10
68042.8077871371
 20
79002.29839511855
 30
0.0
  0
ENDBLK
  5
343
330
336
100
AcDbEntity
  8
0
100
AcDbBlockEnd
  0
BLOCK
  5
345
330
344
100
AcDbEntity
  8
0
100
AcDbBlockBegin
  2
*D13
 70
     1
 10
0.0
 20
0.0
 30
0.0
  3
*D13
  1

  0
LINE
  5
346
330
344
100
AcDbEntity
  8
$Размеры
  6
Continuous
 62
     5
440
 16777216
370
    13
100
AcDbLine
 10
69103.88010280579
 20
83012.52283253672
 30
0.0
 11
69103.88010280579
 21
83504.12268642488
 31
0.0
  0
LINE
  5
347
330
344
100
AcDbEntity
  8
$Размеры
  6
Continuous
 62
     5
440
 16777216
370
    13
100
AcDbLine
 10
68553.88010280579
 20
83012.52283253672
 30
0.0
 11
68553.88010280579
 21
83504.12268642488
 31
0.0
  0
LINE
  5
348
330
344
100
AcDbEntity
  8
$Размеры
  6
Continuous
 62
     5
440
 16777216
370
    13
100
AcDbLine
 10
69103.88010280579
 20
83469.12268642487
 30
0.0
 11
68553.88010280579
 21
83469.12268642487
 31
0.0
  0
INSERT
  5
349
330
344
100
AcDbEntity
  8
$Размеры
 62
     5
440
 16777216
 48
100.0
370
    13
100
AcDbBlockReference
  2
_Oblique
 10
69103.88010280579
 20
83469.12268642487
 30
0.0
 41
75.0
 42
75.0
 43
75.0
  0
INSERT
  5
34A
330
344
100
AcDbEntity
  8
$Размеры
 62
     5
440
 16777216
 48
100.0
370
    13
100
AcDbBlockReference
  2
_Oblique
 10
68553.88010280579
 20
83469.12268642487
 30
0.0
 41
75.0
 42
75.0
 43
75.0
 50
180.0
  0
MTEXT
  5
34B
330
344
100
AcDbEntity
  8
$Размеры
 62
     5
440
 16777216
 48
100.0
100
AcDbMText
 10
68828.88010280579
 20
83556.62268642488
 30
0.0
 40
125.0
 41
0.0
 46
0.0
 71
     5
 72
     1
  1
\A1;550
  7
@ТРАНСПРОЕКТ
 73
     1
 44
1.0
  0
POINT
  5
34C
330
344
100
AcDbEntity
  8
Defpoints
 62
     0
440
 16777216
 48
100.0
100
AcDbPoint
 10
69103.88010280579
 20
82962.52283253672
 30
0.0
  0
POINT
  5
34D
330
344
100
AcDbEntity
  8
Defpoints
 62
     0
440
 16777216
 48
100.0
100
AcDbPoint
 10
68553.88010280579
 20
82962.52283253672
 30
0.0
  0
POINT
  5
34E
330
344
100
AcDbEntity
  8
Defpoints
 62
     0
440
 16777216
 48
100.0
100
AcDbPoint
 10
68553.88010280579
 20
83469.12268642487
 30
0.0
  0
ENDBLK
  5
34F
330
344
100
AcDbEntity
  8
0
100
AcDbBlockEnd
  0
BLOCK
  5
351
330
350
100
AcDbEntity
  8
0
100
AcDbBlockBegin
  2
*D14
 70
     1
 10
0.0
 20
0.0
 30
0.0
  3
*D14
  1

  0
LINE
  5
352
330
350
100
AcDbEntity
  8
$Размеры
  6
Continuous
 62
     5
440
 16777216
370
    13
100
AcDbLine
 10
69103.88010280579
 20
83012.52283253672
 30
0.0
 11
69103.88010280579
 21
83504.12268642488
 31
0.0
  0
LINE
  5
353
330
350
100
AcDbEntity
  8
$Размеры
  6
Continuous
 62
     5
440
 16777216
370
    13
100
AcDbLine
 10
81668.8801028058
 20
83104.40694929578
 30
0.0
 11
81668.8801028058
 21
83504.12268642488
 31
0.0
  0
LINE
  5
354
330
350
100
AcDbEntity
  8
$Размеры
  6
Continuous
 62
     5
440
 16777216
370
    13
100
AcDbLine
 10
69103.88010280579
 20
83469.12268642487
 30
0.0
 11
81668.8801028058
 21
83469.12268642487
 31
0.0
  0
INSERT
  5
355
330
350
100
AcDbEntity
  8
$Размеры
 62
     5
440
 16777216
 48
100.0
370
    13
100
AcDbBlockReference
  2
_Oblique
 10
69103.88010280579
 20
83469.12268642487
 30
0.0
 41
75.0
 42
75.0
 43
75.0
 50
180.0
  0
INSERT
  5
356
330
350
100
AcDbEntity
  8
$Размеры
 62
     5
440
 16777216
 48
100.0
370
    13
100
AcDbBlockReference
  2
_Oblique
 10
81668.8801028058
 20
83469.12268642487
 30
0.0
 41
75.0
 42
75.0
 43
75.0
  0
MTEXT
  5
357
330
350
100
AcDbEntity
  8
$Размеры
 62
     5
440
 16777216
 48
100.0
100
AcDbMText
 10
75386.38010280579
 20
83556.62268642488
 30
0.0
 40
125.0
 41
0.0
 46
0.0
 71
     5
 72
     1
  1
\A1;12565
  7
@ТРАНСПРОЕКТ
 73
     1
 44
1.0
  0
POINT
  5
358
330
350
100
AcDbEntity
  8
Defpoints
 62
     0
440
 16777216
 48
100.0
100
AcDbPoint
 10
69103.88010280579
 20
82962.52283253672
 30
0.0
  0
POINT
  5
359
330
350
100
AcDbEntity
  8
Defpoints
 62
     0
440
 16777216
 48
100.0
100
AcDbPoint
 10
81668.8801028058
 20
83054.40694929577
 30
0.0
  0
POINT
  5
35A
330
350
100
AcDbEntity
  8
Defpoints
 62
     0
440
 16777216
 48
100.0
100
AcDbPoint
 10
81668.8801028058
 20
83469.12268642487
 30
0.0
  0
ENDBLK
  5
35B
330
350
100
AcDbEntity
  8
0
100
AcDbBlockEnd
  0
BLOCK
  5
35D
330
35C
100
AcDbEntity
  8
0
100
AcDbBlockBegin
  2
*D15
 70
     1
 10
0.0
 20
0.0
 30
0.0
  3
*D15
  1

  0
LINE
  5
35E
330
35C
100
AcDbEntity
  8
$Размеры
  6
Continuous
 62
     5
440
 16777216
370
    13
100
AcDbLine
 10
81668.8801028058
 20
83104.40694929578
 30
0.0
 11
81668.8801028058
 21
83504.12268642488
 31
0.0
  0
LINE
  5
35F
330
35C
100
AcDbEntity
  8
$Размеры
  6
Continuous
 62
     5
440
 16777216
370
    13
100
AcDbLine
 10
94233.88010280579
 20
83012.52283253672
 30
0.0
 11
94233.88010280579
 21
83504.12268642488
 31
0.0
  0
LINE
  5
360
330
35C
100
AcDbEntity
  8
$Размеры
  6
Continuous
 62
     5
440
 16777216
370
    13
100
AcDbLine
 10
81668.8801028058
 20
83469.12268642487
 30
0.0
 11
94233.88010280579
 21
83469.12268642487
 31
0.0
  0
INSERT
  5
361
330
35C
100
AcDbEntity
  8
$Размеры
 62
     5
440
 16777216
 48
100.0
370
    13
100
AcDbBlockReference
  2
_Oblique
 10
81668.8801028058
 20
83469.12268642487
 30
0.0
 41
75.0
 42
75.0
 43
75.0
 50
180.0
  0
INSERT
  5
362
330
35C
100
AcDbEntity
  8
$Размеры
 62
     5
440
 16777216
 48
100.0
370
    13
100
AcDbBlockReference
  2
_Oblique
 10
94233.88010280579
 20
83469.12268642487
 30
0.0
 41
75.0
 42
75.0
 43
75.0
  0
MTEXT
  5
363
330
35C
100
AcDbEntity
  8
$Размеры
 62
     5
440
 16777216
 48
100.0
100
AcDbMText
 10
87951.38010280579
 20
83556.62268642488
 30
0.0
 40
125.0
 41
0.0
 46
0.0
 71
     5
 72
     1
  1
\A1;12565
  7
@ТРАНСПРОЕКТ
 73
     1
 44
1.0
  0
POINT
  5
364
330
35C
100
AcDbEntity
  8
Defpoints
 62
     0
440
 16777216
 48
100.0
100
AcDbPoint
 10
81668.8801028058
 20
83054.40694929577
 30
0.0
  0
POINT
  5
365
330
35C
100
AcDbEntity
  8
Defpoints
 62
     0
440
 16777216
 48
100.0
100
AcDbPoint
 10
94233.88010280579
 20
82962.52283253672
 30
0.0
  0
POINT
  5
366
330
35C
100
AcDbEntity
  8
Defpoints
 62
     0
440
 16777216
 48
100.0
100
AcDbPoint
 10
94233.88010280579
 20
83469.12268642487
 30
0.0
  0
ENDBLK
  5
367
330
35C
100
AcDbEntity
  8
0
100
AcDbBlockEnd
  0
BLOCK
  5
369
330
368
100
AcDbEntity
  8
0
100
AcDbBlockBegin
  2
*D16
 70
     1
 10
0.0
 20
0.0
 30
0.0
  3
*D16
  1

  0
LINE
  5
36A
330
368
100
AcDbEntity
  8
$Размеры
  6
Continuous
 62
     5
440
 16777216
370
    13
100
AcDbLine
 10
94233.88010280579
 20
83012.52283253672
 30
0.0
 11
94233.88010280579
 21
83504.12268642488
 31
0.0
  0
LINE
  5
36B
330
368
100
AcDbEntity
  8
$Размеры
  6
Continuous
 62
     5
440
 16777216
370
    13
100
AcDbLine
 10
94483.88010280579
 20
83012.52283253672
 30
0.0
 11
94483.88010280579
 21
83504.12268642488
 31
0.0
  0
LINE
  5
36C
330
368
100
AcDbEntity
  8
$Размеры
  6
Continuous
 62
     5
440
 16777216
370
    13
100
AcDbLine
 10
94483.88010280579
 20
83469.12268642487
 30
0.0
 11
94858.88010280579
 21
83469.12268642487
 31
0.0
  0
LINE
  5
36D
330
368
100
AcDbEntity
  8
$Размеры
  6
Continuous
 62
     5
440
 16777216
370
    13
100
AcDbLine
 10
94483.88010280579
 20
83469.12268642487
 30
0.0
 11
94858.88010280579
 21
83469.12268642487
 31
0.0
  0
LINE
  5
36E
330
368
100
AcDbEntity
  8
$Размеры
  6
Continuous
 62
     5
440
 16777216
370
    13
100
AcDbLine
 10
94233.88010280579
 20
83469.12268642487
 30
0.0
 11
94483.88010280579
 21
83469.12268642487
 31
0.0
  0
INSERT
  5
36F
330
368
100
AcDbEntity
  8
$Размеры
 62
     5
440
 16777216
 48
100.0
370
    13
100
AcDbBlockReference
  2
_Oblique
 10
94233.88010280579
 20
83469.12268642487
 30
0.0
 41
75.0
 42
75.0
 43
75.0
 50
180.0
  0
INSERT
  5
370
330
368
100
AcDbEntity
  8
$Размеры
 62
     5
440
 16777216
 48
100.0
370
    13
100
AcDbBlockReference
  2
_Oblique
 10
94483.88010280579
 20
83469.12268642487
 30
0.0
 41
75.0
 42
75.0
 43
75.0
  0
MTEXT
  5
371
330
368
100
AcDbEntity
  8
$Размеры
 62
     5
440
 16777216
 48
100.0
100
AcDbMText
 10
94708.8801028058
 20
83556.62268642488
 30
0.0
 40
125.0
 41
0.0
 46
0.0
 71
     5
 72
     1
  1
\A1;250
  7
@ТРАНСПРОЕКТ
 73
     1
 44
1.0
  0
POINT
  5
372
330
368
100
AcDbEntity
  8
Defpoints
 62
     0
440
 16777216
 48
100.0
100
AcDbPoint
 10
94233.88010280579
 20
82962.52283253672
 30
0.0
  0
POINT
  5
373
330
368
100
AcDbEntity
  8
Defpoints
 62
     0
440
 16777216
 48
100.0
100
AcDbPoint
 10
94483.88010280579
 20
82962.52283253672
 30
0.0
  0
POINT
  5
374
330
368
100
AcDbEntity
  8
Defpoints
 62
     0
440
 16777216
 48
100.0
100
AcDbPoint
 10
94483.88010280579
 20
83469.12268642487
 30
0.0
  0
ENDBLK
  5
375
330
368
100
AcDbEntity
  8
0
100
AcDbBlockEnd
  0
BLOCK
  5
377
330
376
100
AcDbEntity
  8
0
100
AcDbBlockBegin
  2
*D17
 70
     1
 10
0.0
 20
0.0
 30
0.0
  3
*D17
  1

  0
LINE
  5
378
330
376
100
AcDbEntity
  8
$Размеры
  6
Continuous
 62
     5
440
 16777216
370
    13
100
AcDbLine
 10
94508.88010280579
 20
82987.52283253673
 30
0.0
 11
95246.49194701295
 21
82987.52283253673
 31
0.0
  0
LINE
  5
379
330
376
100
AcDbEntity
  8
$Размеры
  6
Continuous
 62
     5
440
 16777216
370
    13
100
AcDbLine
 10
94533.8801028058
 20
82002.52283253671
 30
0.0
 11
95246.49194701295
 21
82002.52283253671
 31
0.0
  0
LINE
  5
37A
330
376
100
AcDbEntity
  8
$Размеры
  6
Continuous
 62
     5
440
 16777216
370
    13
100
AcDbLine
 10
95211.49194701296
 20
82987.52283253673
 30
0.0
 11
95211.49194701296
 21
82002.52283253671
 31
0.0
  0
INSERT
  5
37B
330
376
100
AcDbEntity
  8
$Размеры
 62
     5
440
 16777216
 48
100.0
370
    13
100
AcDbBlockReference
  2
_Oblique
 10
95211.49194701296
 20
82987.52283253673
 30
0.0
 41
75.0
 42
75.0
 43
75.0
 50
90.0
  0
INSERT
  5
37C
330
376
100
AcDbEntity
  8
$Размеры
 62
     5
440
 16777216
 48
100.0
370
    13
100
AcDbBlockReference
  2
_Oblique
 10
95211.49194701296
 20
82002.52283253671
 30
0.0
 41
75.0
 42
75.0
 43
75.0
 50
270.0
  0
MTEXT
  5
37D
330
376
100
AcDbEntity
  8
$Размеры
 62
     5
440
 16777216
 48
100.0
100
AcDbMText
 10
95123.99194701295
 20
82495.02283253672
 30
0.0
 40
125.0
 41
0.0
 46
0.0
 71
     5
 72
     1
  1
\A1;985
  7
@ТРАНСПРОЕКТ
 11
0.0
 21
1.0
 31
0.0
 73
     1
 44
1.0
  0
POINT
  5
37E
330
376
100
AcDbEntity
  8
Defpoints
 62
     0
440
 16777216
 48
100.0
100
AcDbPoint
 10
94458.8801028058
 20
82987.52283253673
 30
0.0
  0
POINT
  5
37F
330
376
100
AcDbEntity
  8
Defpoints
 62
     0
440
 16777216
 48
100.0
100
AcDbPoint
 10
94483.88010280579
 20
82002.52283253671
 30
0.0
  0
POINT
  5
380
330
376
100
AcDbEntity
  8
Defpoints
 62
     0
440
 16777216
 48
100.0
100
AcDbPoint
 10
95211.49194701296
 20
82002.52283253671
 30
0.0
  0
ENDBLK
  5
381
330
376
100
AcDbEntity
  8
0
100
AcDbBlockEnd
  0
BLOCK
  5
383
330
382
100
AcDbEntity
  8
0
100
AcDbBlockBegin
  2
*D18
 70
     1
 10
0.0
 20
0.0
 30
0.0
  3
*D18
  1

  0
LINE
  5
384
330
382
100
AcDbEntity
  8
$Размеры
  6
Continuous
 62
     5
440
 16777216
370
    13
100
AcDbLine
 10
94099.9240612723
 20
78252.25773328496
 30
0.0
 11
95003.83378838748
 21
78252.25773328496
 31
0.0
  0
LINE
  5
385
330
382
100
AcDbEntity
  8
$Размеры
  6
Continuous
 62
     5
440
 16777216
370
    13
100
AcDbLine
 10
94099.9240612723
 20
70252.25773328263
 30
0.0
 11
95003.83378838748
 21
70252.25773328263
 31
0.0
  0
LINE
  5
386
330
382
100
AcDbEntity
  8
$Размеры
  6
Continuous
 62
     5
440
 16777216
370
    13
100
AcDbLine
 10
94968.83378838747
 20
78252.25773328496
 30
0.0
 11
94968.83378838747
 21
70252.25773328263
 31
0.0
  0
INSERT
  5
387
330
382
100
AcDbEntity
  8
$Размеры
 62
     5
440
 16777216
 48
100.0
370
    13
100
AcDbBlockReference
  2
_Oblique
 10
94968.83378838747
 20
78252.25773328496
 30
0.0
 41
75.0
 42
75.0
 43
75.0
 50
90.0
  0
INSERT
  5
388
330
382
100
AcDbEntity
  8
$Размеры
 62
     5
440
 16777216
 48
100.0
370
    13
100
AcDbBlockReference
  2
_Oblique
 10
94968.83378838747
 20
70252.25773328263
 30
0.0
 41
75.0
 42
75.0
 43
75.0
 50
270.0
  0
MTEXT
  5
389
330
382
100
AcDbEntity
  8
$Размеры
 62
     5
440
 16777216
 48
100.0
100
AcDbMText
 10
94881.33378838748
 20
74252.2577332838
 30
0.0
 40
125.0
 41
0.0
 46
0.0
 71
     5
 72
     1
  1
\A1;4х2000=8000
  7
@ТРАНСПРОЕКТ
 11
0.0
 21
1.0
 31
0.0
 73
     1
 44
1.0
  0
POINT
  5
38A
330
382
100
AcDbEntity
  8
Defpoints
 62
     0
440
 16777216
 48
100.0
100
AcDbPoint
 10
94049.92406127229
 20
78252.25773328496
 30
0.0
  0
POINT
  5
38B
330
382
100
AcDbEntity
  8
Defpoints
 62
     0
440
 16777216
 48
100.0
100
AcDbPoint
 10
94049.92406127229
 20
70252.25773328263
 30
0.0
  0
POINT
  5
38C
330
382
100
AcDbEntity
  8
Defpoints
 62
     0
440
 16777216
 48
100.0
100
AcDbPoint
 10
94968.83378838747
 20
70252.25773328263
 30
0.0
  0
ENDBLK
  5
38D
330
382
100
AcDbEntity
  8
0
100
AcDbBlockEnd
  0
BLOCK
  5
38F
330
38E
100
AcDbEntity
  8
0
100
AcDbBlockBegin
  2
*D19
 70
     1
 10
0.0
 20
0.0
 30
0.0
  3
*D19
  1

  0
LINE
  5
390
330
38E
100
AcDbEntity
  8
$Размеры
  6
Continuous
 62
     5
440
 16777216
370
    13
100
AcDbLine
 10
94099.9240612723
 20
70252.25773328263
 30
0.0
 11
95003.83378838748
 21
70252.25773328263
 31
0.0
  0
LINE
  5
391
330
38E
100
AcDbEntity
  8
$Размеры
  6
Continuous
 62
     5
440
 16777216
370
    13
100
AcDbLine
 10
94533.8801028058
 20
69702.21707139408
 30
0.0
 11
95003.83378838748
 21
69702.21707139408
 31
0.0
  0
LINE
  5
392
330
38E
100
AcDbEntity
  8
$Размеры
  6
Continuous
 62
     5
440
 16777216
370
    13
100
AcDbLine
 10
94968.83378838747
 20
70252.25773328263
 30
0.0
 11
94968.83378838747
 21
69702.21707139408
 31
0.0
  0
INSERT
  5
393
330
38E
100
AcDbEntity
  8
$Размеры
 62
     5
440
 16777216
 48
100.0
370
    13
100
AcDbBlockReference
  2
_Oblique
 10
94968.83378838747
 20
70252.25773328263
 30
0.0
 41
75.0
 42
75.0
 43
75.0
 50
90.0
  0
INSERT
  5
394
330
38E
100
AcDbEntity
  8
$Размеры
 62
     5
440
 16777216
 48
100.0
370
    13
100
AcDbBlockReference
  2
_Oblique
 10
94968.83378838747
 20
69702.21707139408
 30
0.0
 41
75.0
 42
75.0
 43
75.0
 50
270.0
  0
MTEXT
  5
395
330
38E
100
AcDbEntity
  8
$Размеры
 62
     5
440
 16777216
 48
100.0
100
AcDbMText
 10
94881.33378838748
 20
69977.23740233836
 30
0.0
 40
125.0
 41
0.0
 46
0.0
 71
     5
 72
     1
  1
\A1;550
  7
@ТРАНСПРОЕКТ
 11
0.0
 21
1.0
 31
0.0
 73
     1
 44
1.0
  0
POINT
  5
396
330
38E
100
AcDbEntity
  8
Defpoints
 62
     0
440
 16777216
 48
100.0
100
AcDbPoint
 10
94049.92406127229
 20
70252.25773328263
 30
0.0
  0
POINT
  5
397
330
38E
100
AcDbEntity
  8
Defpoints
 62
     0
440
 16777216
 48
100.0
100
AcDbPoint
 10
94483.88010280579
 20
69702.21707139408
 30
0.0
  0
POINT
  5
398
330
38E
100
AcDbEntity
  8
Defpoints
 62
     0
440
 16777216
 48
100.0
100
AcDbPoint
 10
94968.83378838747
 20
69702.21707139408
 30
0.0
  0
ENDBLK
  5
399
330
38E
100
AcDbEntity
  8
0
100
AcDbBlockEnd
  0
BLOCK
  5
39B
330
39A
100
AcDbEntity
  8
0
100
AcDbBlockBegin
  2
*D20
 70
     1
 10
0.0
 20
0.0
 30
0.0
  3
*D20
  1

  0
LINE
  5
39C
330
39A
100
AcDbEntity
  8
$Размеры
  6
Continuous
 62
     5
440
 16777216
370
    13
100
AcDbLine
 10
94533.8801028058
 20
69702.21707139408
 30
0.0
 11
95003.83378838748
 21
69702.21707139408
 31
0.0
  0
LINE
  5
39D
330
39A
100
AcDbEntity
  8
$Размеры
  6
Continuous
 62
     5
440
 16777216
370
    13
100
AcDbLine
 10
94533.8801028058
 20
69502.21707141353
 30
0.0
 11
95003.83378838748
 21
69502.21707141353
 31
0.0
  0
LINE
  5
39E
330
39A
100
AcDbEntity
  8
$Размеры
  6
Continuous
 62
     5
440
 16777216
370
    13
100
AcDbLine
 10
94968.83378838747
 20
69502.21707141353
 30
0.0
 11
94968.83378838747
 21
69127.21707141352
 31
0.0
  0
LINE
  5
39F
330
39A
100
AcDbEntity
  8
$Размеры
  6
Continuous
 62
     5
440
 16777216
370
    13
100
AcDbLine
 10
94968.83378838747
 20
69502.21707141353
 30
0.0
 11
94968.83378838747
 21
69127.21707141352
 31
0.0
  0
LINE
  5
3A0
330
39A
100
AcDbEntity
  8
$Размеры
  6
Continuous
 62
     5
440
 16777216
370
    13
100
AcDbLine
 10
94968.83378838747
 20
69702.21707139408
 30
0.0
 11
94968.83378838747
 21
69502.21707141353
 31
0.0
  0
INSERT
  5
3A1
330
39A
100
AcDbEntity
  8
$Размеры
 62
     5
440
 16777216
 48
100.0
370
    13
100
AcDbBlockReference
  2
_Oblique
 10
94968.83378838747
 20
69702.21707139408
 30
0.0
 41
75.0
 42
75.0
 43
75.0
 50
90.0
  0
INSERT
  5
3A2
330
39A
100
AcDbEntity
  8
$Размеры
 62
     5
440
 16777216
 48
100.0
370
    13
100
AcDbBlockReference
  2
_Oblique
 10
94968.83378838747
 20
69502.21707141353
 30
0.0
 41
75.0
 42
75.0
 43
75.0
 50
270.0
  0
MTEXT
  5
3A3
330
39A
100
AcDbEntity
  8
$Размеры
 62
     5
440
 16777216
 48
100.0
100
AcDbMText
 10
94881.33378838748
 20
69277.21707141353
 30
0.0
 40
125.0
 41
0.0
 46
0.0
 71
     5
 72
     1
  1
\A1;200
  7
@ТРАНСПРОЕКТ
 11
0.0
 21
1.0
 31
0.0
 73
     1
 44
1.0
  0
POINT
  5
3A4
330
39A
100
AcDbEntity
  8
Defpoints
 62
     0
440
 16777216
 48
100.0
100
AcDbPoint
 10
94483.88010280579
 20
69702.21707139408
 30
0.0
  0
POINT
  5
3A5
330
39A
100
AcDbEntity
  8
Defpoints
 62
     0
440
 16777216
 48
100.0
100
AcDbPoint
 10
94483.88010280579
 20
69502.21707141353
 30
0.0
  0
POINT
  5
3A6
330
39A
100
AcDbEntity
  8
Defpoints
 62
     0
440
 16777216
 48
100.0
100
AcDbPoint
 10
94968.83378838747
 20
69502.21707141353
 30
0.0
  0
ENDBLK
  5
3A7
330
39A
100
AcDbEntity
  8
0
100
AcDbBlockEnd
  0
BLOCK
  5
3A9
330
3A8
100
AcDbEntity
  8
0
100
AcDbBlockBegin
  2
*D21
 70
     1
 10
0.0
 20
0.0
 30
0.0
  3
*D21
  1

  0
LINE
  5
3AA
330
3A8
100
AcDbEntity
  8
$Размеры
  6
Continuous
 62
     5
440
 16777216
370
    13
100
AcDbLine
 10
94099.9240612723
 20
78252.25773328496
 30
0.0
 11
95003.83378838748
 21
78252.25773328496
 31
0.0
  0
LINE
  5
3AB
330
3A8
100
AcDbEntity
  8
$Размеры
  6
Continuous
 62
     5
440
 16777216
370
    13
100
AcDbLine
 10
94533.88010281232
 20
78802.29839509923
 30
0.0
 11
95003.83378838748
 21
78802.29839509923
 31
0.0
  0
LINE
  5
3AC
330
3A8
100
AcDbEntity
  8
$Размеры
  6
Continuous
 62
     5
440
 16777216
370
    13
100
AcDbLine
 10
94968.83378838747
 20
78252.25773328496
 30
0.0
 11
94968.83378838747
 21
78802.29839509923
 31
0.0
  0
INSERT
  5
3AD
330
3A8
100
AcDbEntity
  8
$Размеры
 62
     5
440
 16777216
 48
100.0
370
    13
100
AcDbBlockReference
  2
_Oblique
 10
94968.83378838747
 20
78252.25773328496
 30
0.0
 41
75.0
 42
75.0
 43
75.0
 50
270.0
  0
INSERT
  5
3AE
330
3A8
100
AcDbEntity
  8
$Размеры
 62
     5
440
 16777216
 48
100.0
370
    13
100
AcDbBlockReference
  2
_Oblique
 10
94968.83378838747
 20
78802.29839509923
 30
0.0
 41
75.0
 42
75.0
 43
75.0
 50
90.0
  0
MTEXT
  5
3AF
330
3A8
100
AcDbEntity
  8
$Размеры
 62
     5
440
 16777216
 48
100.0
100
AcDbMText
 10
94881.33378838748
 20
78527.2780641921
 30
0.0
 40
125.0
 41
0.0
 46
0.0
 71
     5
 72
     1
  1
\A1;550
  7
@ТРАНСПРОЕКТ
 11
0.0
 21
1.0
 31
0.0
 73
     1
 44
1.0
  0
POINT
  5
3B0
330
3A8
100
AcDbEntity
  8
Defpoints
 62
     0
440
 16777216
 48
100.0
100
AcDbPoint
 10
94049.92406127229
 20
78252.25773328496
 30
0.0
  0
POINT
  5
3B1
330
3A8
100
AcDbEntity
  8
Defpoints
 62
     0
440
 16777216
 48
100.0
100
AcDbPoint
 10
94483.88010281231
 20
78802.29839509923
 30
0.0
  0
POINT
  5
3B2
330
3A8
100
AcDbEntity
  8
Defpoints
 62
     0
440
 16777216
 48
100.0
100
AcDbPoint
 10
94968.83378838747
 20
78802.29839509923
 30
0.0
  0
ENDBLK
  5
3B3
330
3A8
100
AcDbEntity
  8
0
100
AcDbBlockEnd
  0
BLOCK
  5
3B5
330
3B4
100
AcDbEntity
  8
0
100
AcDbBlockBegin
  2
*D22
 70
     1
 10
0.0
 20
0.0
 30
0.0
  3
*D22
  1

  0
LINE
  5
3B6
330
3B4
100
AcDbEntity
  8
$Размеры
  6
Continuous
 62
     5
440
 16777216
370
    13
100
AcDbLine
 10
94533.88010281232
 20
78802.29839509923
 30
0.0
 11
95003.83378838748
 21
78802.29839509923
 31
0.0
  0
LINE
  5
3B7
330
3B4
100
AcDbEntity
  8
$Размеры
  6
Continuous
 62
     5
440
 16777216
370
    13
100
AcDbLine
 10
94533.88010281232
 20
79002.29839511855
 30
0.0
 11
95003.83378838748
 21
79002.29839511855
 31
0.0
  0
LINE
  5
3B8
330
3B4
100
AcDbEntity
  8
$Размеры
  6
Continuous
 62
     5
440
 16777216
370
    13
100
AcDbLine
 10
94968.83378838747
 20
79002.29839511855
 30
0.0
 11
94968.83378838747
 21
79377.29839511856
 31
0.0
  0
LINE
  5
3B9
330
3B4
100
AcDbEntity
  8
$Размеры
  6
Continuous
 62
     5
440
 16777216
370
    13
100
AcDbLine
 10
94968.83378838747
 20
79002.29839511855
 30
0.0
 11
94968.83378838747
 21
79377.29839511856
 31
0.0
  0
LINE
  5
3BA
330
3B4
100
AcDbEntity
  8
$Размеры
  6
Continuous
 62
     5
440
 16777216
370
    13
100
AcDbLine
 10
94968.83378838747
 20
78802.29839509923
 30
0.0
 11
94968.83378838747
 21
79002.29839511855
 31
0.0
  0
INSERT
  5
3BB
330
3B4
100
AcDbEntity
  8
$Размеры
 62
     5
440
 16777216
 48
100.0
370
    13
100
AcDbBlockReference
  2
_Oblique
 10
94968.83378838747
 20
78802.29839509923
 30
0.0
 41
75.0
 42
75.0
 43
75.0
 50
270.0
  0
INSERT
  5
3BC
330
3B4
100
AcDbEntity
  8
$Размеры
 62
     5
440
 16777216
 48
100.0
370
    13
100
AcDbBlockReference
  2
_Oblique
 10
94968.83378838747
 20
79002.29839511855
 30
0.0
 41
75.0
 42
75.0
 43
75.0
 50
90.0
  0
MTEXT
  5
3BD
330
3B4
100
AcDbEntity
  8
$Размеры
 62
     5
440
 16777216
 48
100.0
100
AcDbMText
 10
94881.33378838748
 20
79227.29839511855
 30
0.0
 40
125.0
 41
0.0
 46
0.0
 71
     5
 72
     1
  1
\A1;200
  7
@ТРАНСПРОЕКТ
 11
0.0
 21
1.0
 31
0.0
 73
     1
 44
1.0
  0
POINT
  5
3BE
330
3B4
100
AcDbEntity
  8
Defpoints
 62
     0
440
 16777216
 48
100.0
100
AcDbPoint
 10
94483.88010281231
 20
78802.29839509923
 30
0.0
  0
POINT
  5
3BF
330
3B4
100
AcDbEntity
  8
Defpoints
 62
     0
440
 16777216
 48
100.0
100
AcDbPoint
 10
94483.88010281231
 20
79002.29839511855
 30
0.0
  0
POINT
  5
3C0
330
3B4
100
AcDbEntity
  8
Defpoints
 62
     0
440
 16777216
 48
100.0
100
AcDbPoint
 10
94968.83378838747
 20
79002.29839511855
 30
0.0
  0
ENDBLK
  5
3C1
330
3B4
100
AcDbEntity
  8
0
100
AcDbBlockEnd
  0
BLOCK
  5
3C3
330
3C2
100
AcDbEntity
  8
0
100
AcDbBlockBegin
  2
*D23
 70
     1
 10
0.0
 20
0.0
 30
0.0
  3
*D23
  1

  0
LINE
  5
3C4
330
3C2
100
AcDbEntity
  8
$Размеры
  6
Continuous
 62
     5
440
 16777216
370
    13
100
AcDbLine
 10
69473.83614434116
 20
79265.0836562285
 30
0.0
 11
69473.83614434116
 21
79570.50290236331
 31
0.0
  0
LINE
  5
3C5
330
3C2
100
AcDbEntity
  8
$Размеры
  6
Continuous
 62
     5
440
 16777216
370
    13
100
AcDbLine
 10
68553.88010280579
 20
79052.29839511856
 30
0.0
 11
68553.88010280579
 21
79570.50290236331
 31
0.0
  0
LINE
  5
3C6
330
3C2
100
AcDbEntity
  8
$Размеры
  6
Continuous
 62
     5
440
 16777216
370
    13
100
AcDbLine
 10
69473.83614434116
 20
79535.50290236331
 30
0.0
 11
68553.88010280579
 21
79535.50290236331
 31
0.0
  0
INSERT
  5
3C7
330
3C2
100
AcDbEntity
  8
$Размеры
 62
     5
440
 16777216
 48
100.0
370
    13
100
AcDbBlockReference
  2
_Oblique
 10
69473.83614434116
 20
79535.50290236331
 30
0.0
 41
75.0
 42
75.0
 43
75.0
  0
INSERT
  5
3C8
330
3C2
100
AcDbEntity
  8
$Размеры
 62
     5
440
 16777216
 48
100.0
370
    13
100
AcDbBlockReference
  2
_Oblique
 10
68553.88010280579
 20
79535.50290236331
 30
0.0
 41
75.0
 42
75.0
 43
75.0
 50
180.0
  0
MTEXT
  5
3C9
330
3C2
100
AcDbEntity
  8
$Размеры
 62
     5
440
 16777216
 48
100.0
100
AcDbMText
 10
69013.85812357347
 20
79623.00290236331
 30
0.0
 40
125.0
 41
0.0
 46
0.0
 71
     5
 72
     1
  1
\A1;920
  7
@ТРАНСПРОЕКТ
 73
     1
 44
1.0
  0
POINT
  5
3CA
330
3C2
100
AcDbEntity
  8
Defpoints
 62
     0
440
 16777216
 48
100.0
100
AcDbPoint
 10
69473.83614434116
 20
79215.0836562285
 30
0.0
  0
POINT
  5
3CB
330
3C2
100
AcDbEntity
  8
Defpoints
 62
     0
440
 16777216
 48
100.0
100
AcDbPoint
 10
68553.88010280579
 20
79002.29839511855
 30
0.0
  0
POINT
  5
3CC
330
3C2
100
AcDbEntity
  8
Defpoints
 62
     0
440
 16777216
 48
100.0
100
AcDbPoint
 10
68553.88010280579
 20
79535.50290236331
 30
0.0
  0
ENDBLK
  5
3CD
330
3C2
100
AcDbEntity
  8
0
100
AcDbBlockEnd
  0
BLOCK
  5
3CF
330
3CE
100
AcDbEntity
  8
0
100
AcDbBlockBegin
  2
*D24
 70
     1
 10
0.0
 20
0.0
 30
0.0
  3
*D24
  1

  0
LINE
  5
3D0
330
3CE
100
AcDbEntity
  8
$Размеры
  6
Continuous
 62
     5
440
 16777216
370
    13
100
AcDbLine
 10
69473.83614434116
 20
79265.0836562285
 30
0.0
 11
69473.83614434116
 21
79570.50290236331
 31
0.0
  0
LINE
  5
3D1
330
3CE
100
AcDbEntity
  8
$Размеры
  6
Continuous
 62
     5
440
 16777216
370
    13
100
AcDbLine
 10
81668.8801028058
 20
79265.0836562285
 30
0.0
 11
81668.8801028058
 21
79570.50290236331
 31
0.0
  0
LINE
  5
3D2
330
3CE
100
AcDbEntity
  8
$Размеры
  6
Continuous
 62
     5
440
 16777216
370
    13
100
AcDbLine
 10
69473.83614434116
 20
79535.50290236331
 30
0.0
 11
81668.8801028058
 21
79535.50290236331
 31
0.0
  0
INSERT
  5
3D3
330
3CE
100
AcDbEntity
  8
$Размеры
 62
     5
440
 16777216
 48
100.0
370
    13
100
AcDbBlockReference
  2
_Oblique
 10
69473.83614434116
 20
79535.50290236331
 30
0.0
 41
75.0
 42
75.0
 43
75.0
 50
180.0
  0
INSERT
  5
3D4
330
3CE
100
AcDbEntity
  8
$Размеры
 62
     5
440
 16777216
 48
100.0
370
    13
100
AcDbBlockReference
  2
_Oblique
 10
81668.8801028058
 20
79535.50290236331
 30
0.0
 41
75.0
 42
75.0
 43
75.0
  0
MTEXT
  5
3D5
330
3CE
100
AcDbEntity
  8
$Размеры
 62
     5
440
 16777216
 48
100.0
100
AcDbMText
 10
75571.35812357348
 20
79623.00290236331
 30
0.0
 40
125.0
 41
0.0
 46
0.0
 71
     5
 72
     1
  1
\A1;12195
  7
@ТРАНСПРОЕКТ
 73
     1
 44
1.0
  0
POINT
  5
3D6
330
3CE
100
AcDbEntity
  8
Defpoints
 62
     0
440
 16777216
 48
100.0
100
AcDbPoint
 10
69473.83614434116
 20
79215.0836562285
 30
0.0
  0
POINT
  5
3D7
330
3CE
100
AcDbEntity
  8
Defpoints
 62
     0
440
 16777216
 48
100.0
100
AcDbPoint
 10
81668.8801028058
 20
79215.0836562285
 30
0.0
  0
POINT
  5
3D8
330
3CE
100
AcDbEntity
  8
Defpoints
 62
     0
440
 16777216
 48
100.0
100
AcDbPoint
 10
81668.8801028058
 20
79535.50290236331
 30
0.0
  0
ENDBLK
  5
3D9
330
3CE
100
AcDbEntity
  8
0
100
AcDbBlockEnd
  0
BLOCK
  5
3DB
330
3DA
100
AcDbEntity
  8
0
100
AcDbBlockBegin
  2
*D25
 70
     1
 10
0.0
 20
0.0
 30
0.0
  3
*D25
  1

  0
LINE
  5
3DC
330
3DA
100
AcDbEntity
  8
$Размеры
  6
Continuous
 62
     5
440
 16777216
370
    13
100
AcDbLine
 10
81668.8801028058
 20
79265.0836562285
 30
0.0
 11
81668.8801028058
 21
79570.50290236331
 31
0.0
  0
LINE
  5
3DD
330
3DA
100
AcDbEntity
  8
$Размеры
  6
Continuous
 62
     5
440
 16777216
370
    13
100
AcDbLine
 10
93859.92406127183
 20
79265.12431806279
 30
0.0
 11
93859.92406127183
 21
79570.50290236331
 31
0.0
  0
LINE
  5
3DE
330
3DA
100
AcDbEntity
  8
$Размеры
  6
Continuous
 62
     5
440
 16777216
370
    13
100
AcDbLine
 10
81668.8801028058
 20
79535.50290236331
 30
0.0
 11
93859.92406127183
 21
79535.50290236331
 31
0.0
  0
INSERT
  5
3DF
330
3DA
100
AcDbEntity
  8
$Размеры
 62
     5
440
 16777216
 48
100.0
370
    13
100
AcDbBlockReference
  2
_Oblique
 10
81668.8801028058
 20
79535.50290236331
 30
0.0
 41
75.0
 42
75.0
 43
75.0
 50
180.0
  0
INSERT
  5
3E0
330
3DA
100
AcDbEntity
  8
$Размеры
 62
     5
440
 16777216
 48
100.0
370
    13
100
AcDbBlockReference
  2
_Oblique
 10
93859.92406127183
 20
79535.50290236331
 30
0.0
 41
75.0
 42
75.0
 43
75.0
  0
MTEXT
  5
3E1
330
3DA
100
AcDbEntity
  8
$Размеры
 62
     5
440
 16777216
 48
100.0
100
AcDbMText
 10
87764.40208203881
 20
79623.00290236331
 30
0.0
 40
125.0
 41
0.0
 46
0.0
 71
     5
 72
     1
  1
\A1;12191
  7
@ТРАНСПРОЕКТ
 73
     1
 44
1.0
  0
POINT
  5
3E2
330
3DA
100
AcDbEntity
  8
Defpoints
 62
     0
440
 16777216
 48
100.0
100
AcDbPoint
 10
81668.8801028058
 20
79215.0836562285
 30
0.0
  0
POINT
  5
3E3
330
3DA
100
AcDbEntity
  8
Defpoints
 62
     0
440
 16777216
 48
100.0
100
AcDbPoint
 10
93859.92406127183
 20
79215.12431806279
 30
0.0
  0
POINT
  5
3E4
330
3DA
100
AcDbEntity
  8
Defpoints
 62
     0
440
 16777216
 48
100.0
100
AcDbPoint
 10
93859.92406127183
 20
79535.50290236331
 30
0.0
  0
ENDBLK
  5
3E5
330
3DA
100
AcDbEntity
  8
0
100
AcDbBlockEnd
  0
BLOCK
  5
3E7
330
3E6
100
AcDbEntity
  8
0
100
AcDbBlockBegin
  2
*D26
 70
     1
 10
0.0
 20
0.0
 30
0.0
  3
*D26
  1

  0
LINE
  5
3E8
330
3E6
100
AcDbEntity
  8
$Размеры
  6
Continuous
 62
     5
440
 16777216
370
    13
100
AcDbLine
 10
93859.92406127183
 20
79265.12431806279
 30
0.0
 11
93859.92406127183
 21
79570.50290236331
 31
0.0
  0
LINE
  5
3E9
330
3E6
100
AcDbEntity
  8
$Размеры
  6
Continuous
 62
     5
440
 16777216
370
    13
100
AcDbLine
 10
94483.88010281231
 20
79052.29839511856
 30
0.0
 11
94483.88010281231
 21
79570.50290236331
 31
0.0
  0
LINE
  5
3EA
330
3E6
100
AcDbEntity
  8
$Размеры
  6
Continuous
 62
     5
440
 16777216
370
    13
100
AcDbLine
 10
93859.92406127183
 20
79535.50290236331
 30
0.0
 11
94483.88010281231
 21
79535.50290236331
 31
0.0
  0
INSERT
  5
3EB
330
3E6
100
AcDbEntity
  8
$Размеры
 62
     5
440
 16777216
 48
100.0
370
    13
100
AcDbBlockReference
  2
_Oblique
 10
93859.92406127183
 20
79535.50290236331
 30
0.0
 41
75.0
 42
75.0
 43
75.0
 50
180.0
  0
INSERT
  5
3EC
330
3E6
100
AcDbEntity
  8
$Размеры
 62
     5
440
 16777216
 48
100.0
370
    13
100
AcDbBlockReference
  2
_Oblique
 10
94483.88010281231
 20
79535.50290236331
 30
0.0
 41
75.0
 42
75.0
 43
75.0
  0
MTEXT
  5
3ED
330
3E6
100
AcDbEntity
  8
$Размеры
 62
     5
440
 16777216
 48
100.0
100
AcDbMText
 10
94171.90208204207
 20
79623.00290236331
 30
0.0
 40
125.0
 41
0.0
 46
0.0
 71
     5
 72
     1
  1
\A1;624
  7
@ТРАНСПРОЕКТ
 73
     1
 44
1.0
  0
POINT
  5
3EE
330
3E6
100
AcDbEntity
  8
Defpoints
 62
     0
440
 16777216
 48
100.0
100
AcDbPoint
 10
93859.92406127183
 20
79215.12431806279
 30
0.0
  0
POINT
  5
3EF
330
3E6
100
AcDbEntity
  8
Defpoints
 62
     0
440
 16777216
 48
100.0
100
AcDbPoint
 10
94483.88010281231
 20
79002.29839511855
 30
0.0
  0
POINT
  5
3F0
330
3E6
100
AcDbEntity
  8
Defpoints
 62
     0
440
 16777216
 48
100.0
100
AcDbPoint
 10
94483.88010281231
 20
79535.50290236331
 30
0.0
  0
ENDBLK
  5
3F1
330
3E6
100
AcDbEntity
  8
0
100
AcDbBlockEnd
  0
BLOCK
  5
3F3
330
3F2
100
AcDbEntity
  8
0
100
AcDbBlockBegin
  2
*D27
 70
     1
 10
0.0
 20
0.0
 30
0.0
  3
*D27
  1

  0
LINE
  5
3F4
330
3F2
100
AcDbEntity
  8
$Размеры
  6
Continuous
 62
     5
440
 16777216
370
    13
100
AcDbLine
 10
68528.8801028058
 20
82987.52283253673
 30
0.0
 11
68067.66942999652
 21
82987.52283253673
 31
0.0
  0
LINE
  5
3F5
330
3F2
100
AcDbEntity
  8
$Размеры
  6
Continuous
 62
     5
440
 16777216
370
    13
100
AcDbLine
 10
68503.88010280579
 20
82002.52283253671
 30
0.0
 11
68067.66942999652
 21
82002.52283253671
 31
0.0
  0
LINE
  5
3F6
330
3F2
100
AcDbEntity
  8
$Размеры
  6
Continuous
 62
     5
440
 16777216
370
    13
100
AcDbLine
 10
68102.66942999652
 20
82987.52283253673
 30
0.0
 11
68102.66942999652
 21
82002.52283253671
 31
0.0
  0
INSERT
  5
3F7
330
3F2
100
AcDbEntity
  8
$Размеры
 62
     5
440
 16777216
 48
100.0
370
    13
100
AcDbBlockReference
  2
_Oblique
 10
68102.66942999652
 20
82987.52283253673
 30
0.0
 41
75.0
 42
75.0
 43
75.0
 50
90.0
  0
INSERT
  5
3F8
330
3F2
100
AcDbEntity
  8
$Размеры
 62
     5
440
 16777216
 48
100.0
370
    13
100
AcDbBlockReference
  2
_Oblique
 10
68102.66942999652
 20
82002.52283253671
 30
0.0
 41
75.0
 42
75.0
 43
75.0
 50
270.0
  0
MTEXT
  5
3F9
330
3F2
100
AcDbEntity
  8
$Размеры
 62
     5
440
 16777216
 48
100.0
100
AcDbMText
 10
68015.16942999652
 20
82495.02283253672
 30
0.0
 40
125.0
 41
0.0
 46
0.0
 71
     5
 72
     1
  1
\A1;985
  7
@ТРАНСПРОЕКТ
 11
0.0
 21
1.0
 31
0.0
 73
     1
 44
1.0
  0
POINT
  5
3FA
330
3F2
100
AcDbEntity
  8
Defpoints
 62
     0
440
 16777216
 48
100.0
100
AcDbPoint
 10
68578.88010280579
 20
82987.52283253673
 30
0.0
  0
POINT
  5
3FB
330
3F2
100
AcDbEntity
  8
Defpoints
 62
     0
440
 16777216
 48
100.0
100
AcDbPoint
 10
68553.88010280579
 20
82002.52283253671
 30
0.0
  0
POINT
  5
3FC
330
3F2
100
AcDbEntity
  8
Defpoints
 62
     0
440
 16777216
 48
100.0
100
AcDbPoint
 10
68102.66942999652
 20
82002.52283253671
 30
0.0
  0
ENDBLK
  5
3FD
330
3F2
100
AcDbEntity
  8
0
100
AcDbBlockEnd
  0
BLOCK
  5
3FF
330
3FE
100
AcDbEntity
  8
0
100
AcDbBlockBegin
  2
*D28
 70
     1
 10
0.0
 20
0.0
 30
0.0
  3
*D28
  1

  0
LINE
  5
400
330
3FE
100
AcDbEntity
  8
$Слои конструкции
  6
Continuous
 62
     5
440
 16777216
370
    13
100
AcDbLine
 10
68503.88010280579
 20
79002.29839511855
 30
0.0
 11
67695.85514316847
 21
79002.29839511855
 31
0.0
  0
LINE
  5
401
330
3FE
100
AcDbEntity
  8
$Слои конструкции
  6
Continuous
 62
     5
440
 16777216
370
    13
100
AcDbLine
 10
68503.88010280579
 20
69502.21707141329
 30
0.0
 11
67695.85514316847
 21
69502.21707141329
 31
0.0
  0
LINE
  5
402
330
3FE
100
AcDbEntity
  8
$Слои конструкции
  6
Continuous
 62
     5
440
 16777216
370
    13
100
AcDbLine
 10
67730.85514316847
 20
79002.29839511855
 30
0.0
 11
67730.85514316847
 21
69502.21707141329
 31
0.0
  0
INSERT
  5
403
330
3FE
100
AcDbEntity
  8
$Слои конструкции
 62
     5
440
 16777216
 48
100.0
370
    13
100
AcDbBlockReference
  2
_Oblique
 10
67730.85514316847
 20
79002.29839511855
 30
0.0
 41
75.0
 42
75.0
 43
75.0
 50
90.0
  0
INSERT
  5
404
330
3FE
100
AcDbEntity
  8
$Слои конструкции
 62
     5
440
 16777216
 48
100.0
370
    13
100
AcDbBlockReference
  2
_Oblique
 10
67730.85514316847
 20
69502.21707141329
 30
0.0
 41
75.0
 42
75.0
 43
75.0
 50
270.0
  0
MTEXT
  5
405
330
3FE
100
AcDbEntity
  8
$Слои конструкции
 62
     5
440
 16777216
 48
100.0
100
AcDbMText
 10
67643.35514316847
 20
74252.25773326593
 30
0.0
 40
125.0
 41
0.0
 46
0.0
 71
     5
 72
     1
  1
\A1;9500
  7
@ТРАНСПРОЕКТ
 11
0.0
 21
1.0
 31
0.0
 73
     1
 44
1.0
  0
POINT
  5
406
330
3FE
100
AcDbEntity
  8
Defpoints
 62
     0
440
 16777216
 48
100.0
100
AcDbPoint
 10
68553.88010280579
 20
79002.29839511855
 30
0.0
  0
POINT
  5
407
330
3FE
100
AcDbEntity
  8
Defpoints
 62
     0
440
 16777216
 48
100.0
100
AcDbPoint
 10
68553.88010280579
 20
69502.21707141329
 30
0.0
  0
POINT
  5
408
330
3FE
100
AcDbEntity
  8
Defpoints
 62
     0
440
 16777216
 48
100.0
100
AcDbPoint
 10
67730.85514316847
 20
69502.21707141329
 30
0.0
  0
ENDBLK
  5
409
330
3FE
100
AcDbEntity
  8
0
100
AcDbBlockEnd
  0
BLOCK
  5
40B
330
40A
100
AcDbEntity
  8
0
100
AcDbBlockBegin
  2
*D29
 70
     1
 10
0.0
 20
0.0
 30
0.0
  3
*D29
  1

  0
LINE
  5
40C
330
40A
100
AcDbEntity
  8
$Слои конструкции
  6
Continuous
 62
     5
440
 16777216
370
    13
100
AcDbLine
 10
54865.77796467021
 20
82222.82794410899
 30
0.0
 11
54431.20581930736
 21
82222.82794410899
 31
0.0
  0
LINE
  5
40D
330
40A
100
AcDbEntity
  8
$Слои конструкции
  6
Continuous
 62
     5
440
 16777216
370
    13
100
AcDbLine
 10
54865.77796467021
 20
82002.52283253671
 30
0.0
 11
54431.20581930736
 21
82002.52283253671
 31
0.0
  0
LINE
  5
40E
330
40A
100
AcDbEntity
  8
$Слои конструкции
  6
Continuous
 62
     5
440
 16777216
370
    13
100
AcDbLine
 10
54466.20581930736
 20
82002.52283253671
 30
0.0
 11
54466.20581930736
 21
81627.52283253672
 31
0.0
  0
LINE
  5
40F
330
40A
100
AcDbEntity
  8
$Слои конструкции
  6
Continuous
 62
     5
440
 16777216
370
    13
100
AcDbLine
 10
54466.20581930736
 20
82002.52283253671
 30
0.0
 11
54466.20581930736
 21
81627.52283253672
 31
0.0
  0
LINE
  5
410
330
40A
100
AcDbEntity
  8
$Слои конструкции
  6
Continuous
 62
     5
440
 16777216
370
    13
100
AcDbLine
 10
54466.20581930736
 20
82222.82794410899
 30
0.0
 11
54466.20581930736
 21
82002.52283253671
 31
0.0
  0
INSERT
  5
411
330
40A
100
AcDbEntity
  8
$Слои конструкции
 62
     5
440
 16777216
 48
100.0
370
    13
100
AcDbBlockReference
  2
_Oblique
 10
54466.20581930736
 20
82222.82794410899
 30
0.0
 41
75.0
 42
75.0
 43
75.0
 50
90.0
  0
INSERT
  5
412
330
40A
100
AcDbEntity
  8
$Слои конструкции
 62
     5
440
 16777216
 48
100.0
370
    13
100
AcDbBlockReference
  2
_Oblique
 10
54466.20581930736
 20
82002.52283253671
 30
0.0
 41
75.0
 42
75.0
 43
75.0
 50
270.0
  0
MTEXT
  5
413
330
40A
100
AcDbEntity
  8
$Слои конструкции
 62
     5
440
 16777216
 48
100.0
100
AcDbMText
 10
54378.70581930736
 20
81777.52283253672
 30
0.0
 40
125.0
 41
0.0
 46
0.0
 71
     5
 72
     1
  1
\A1;220
  7
@ТРАНСПРОЕКТ
 11
0.0
 21
1.0
 31
0.0
 73
     1
 44
1.0
  0
POINT
  5
414
330
40A
100
AcDbEntity
  8
Defpoints
 62
     0
440
 16777216
 48
100.0
100
AcDbPoint
 10
54915.77796467021
 20
82222.82794410899
 30
0.0
  0
POINT
  5
415
330
40A
100
AcDbEntity
  8
Defpoints
 62
     0
440
 16777216
 48
100.0
100
AcDbPoint
 10
54915.77796467021
 20
82002.52283253671
 30
0.0
  0
POINT
  5
416
330
40A
100
AcDbEntity
  8
Defpoints
 62
     0
440
 16777216
 48
100.0
100
AcDbPoint
 10
54466.20581930736
 20
82002.52283253671
 30
0.0
  0
ENDBLK
  5
417
330
40A
100
AcDbEntity
  8
0
100
AcDbBlockEnd
  0
BLOCK
  5
419
330
418
100
AcDbEntity
  8
0
100
AcDbBlockBegin
  2
*D30
 70
     1
 10
0.0
 20
0.0
 30
0.0
  3
*D30
  1

  0
LINE
  5
41A
330
418
100
AcDbEntity
  8
$Слои конструкции
  6
Continuous
 62
     5
440
 16777216
370
    13
100
AcDbLine
 10
54212.49291696819
 20
82022.98228016344
 30
0.0
 11
54212.49291696819
 21
82322.98228016345
 31
0.0
  0
LINE
  5
41B
330
418
100
AcDbEntity
  8
$Слои конструкции
  6
Continuous
 62
     5
440
 16777216
370
    13
100
AcDbLine
 10
54212.49291696819
 20
82322.98228016345
 30
0.0
 11
54466.20581930736
 21
82322.82794410899
 31
0.0
  0
LINE
  5
41C
330
418
100
AcDbEntity
  8
$Слои конструкции
  6
Continuous
 62
     5
440
 16777216
370
    13
100
AcDbLine
 10
54665.77796467021
 20
82422.82794410899
 30
0.0
 11
54431.20581930736
 21
82422.82794410899
 31
0.0
  0
LINE
  5
41D
330
418
100
AcDbEntity
  8
$Слои конструкции
  6
Continuous
 62
     5
440
 16777216
370
    13
100
AcDbLine
 10
54865.77796467021
 20
82222.82794410899
 30
0.0
 11
54431.20581930736
 21
82222.82794410899
 31
0.0
  0
LINE
  5
41E
330
418
100
AcDbEntity
  8
$Слои конструкции
  6
Continuous
 62
     5
440
 16777216
370
    13
100
AcDbLine
 10
54466.20581930736
 20
82422.82794410899
 30
0.0
 11
54466.20581930736
 21
82222.82794410899
 31
0.0
  0
INSERT
  5
41F
330
418
100
AcDbEntity
  8
$Слои конструкции
 62
     5
440
 16777216
 48
100.0
370
    13
100
AcDbBlockReference
  2
_Oblique
 10
54466.20581930736
 20
82422.82794410899
 30
0.0
 41
75.0
 42
75.0
 43
75.0
 50
90.0
  0
INSERT
  5
420
330
418
100
AcDbEntity
  8
$Слои конструкции
 62
     5
440
 16777216
 48
100.0
370
    13
100
AcDbBlockReference
  2
_Oblique
 10
54466.20581930736
 20
82222.82794410899
 30
0.0
 41
75.0
 42
75.0
 43
75.0
 50
270.0
  0
MTEXT
  5
421
330
418
100
AcDbEntity
  8
$Слои конструкции
 62
     5
440
 16777216
 48
100.0
100
AcDbMText
 10
54124.99291696819
 20
82172.98228016344
 30
0.0
 40
125.0
 41
0.0
 46
0.0
 71
     5
 72
     1
  1
\A1;200
  7
@ТРАНСПРОЕКТ
 11
0.0
 21
1.0
 31
0.0
 73
     1
 44
1.0
  0
POINT
  5
422
330
418
100
AcDbEntity
  8
Defpoints
 62
     0
440
 16777216
 48
100.0
100
AcDbPoint
 10
54715.77796467021
 20
82422.82794410899
 30
0.0
  0
POINT
  5
423
330
418
100
AcDbEntity
  8
Defpoints
 62
     0
440
 16777216
 48
100.0
100
AcDbPoint
 10
54915.77796467021
 20
82222.82794410899
 30
0.0
  0
POINT
  5
424
330
418
100
AcDbEntity
  8
Defpoints
 62
     0
440
 16777216
 48
100.0
100
AcDbPoint
 10
54466.20581930736
 20
82222.82794410899
 30
0.0
  0
ENDBLK
  5
425
330
418
100
AcDbEntity
  8
0
100
AcDbBlockEnd
  0
BLOCK
  5
427
330
426
100
AcDbEntity
  8
0
100
AcDbBlockBegin
  2
*D31
 70
     1
 10
0.0
 20
0.0
 30
0.0
  3
*D31
  1

  0
LINE
  5
428
330
426
100
AcDbEntity
  8
$Слои конструкции
  6
Continuous
 62
     5
440
 16777216
370
    13
100
AcDbLine
 10
54665.77796467021
 20
82422.82794410899
 30
0.0
 11
54431.20581930736
 21
82422.82794410899
 31
0.0
  0
LINE
  5
429
330
426
100
AcDbEntity
  8
$Слои конструкции
  6
Continuous
 62
     5
440
 16777216
370
    13
100
AcDbLine
 10
54665.77796467021
 20
82622.82794410898
 30
0.0
 11
54431.20581930736
 21
82622.82794410898
 31
0.0
  0
LINE
  5
42A
330
426
100
AcDbEntity
  8
$Слои конструкции
  6
Continuous
 62
     5
440
 16777216
370
    13
100
AcDbLine
 10
54466.20581930736
 20
82422.82794410899
 30
0.0
 11
54466.20581930736
 21
82622.82794410898
 31
0.0
  0
INSERT
  5
42B
330
426
100
AcDbEntity
  8
$Слои конструкции
 62
     5
440
 16777216
 48
100.0
370
    13
100
AcDbBlockReference
  2
_Oblique
 10
54466.20581930736
 20
82422.82794410899
 30
0.0
 41
75.0
 42
75.0
 43
75.0
 50
270.0
  0
INSERT
  5
42C
330
426
100
AcDbEntity
  8
$Слои конструкции
 62
     5
440
 16777216
 48
100.0
370
    13
100
AcDbBlockReference
  2
_Oblique
 10
54466.20581930736
 20
82622.82794410898
 30
0.0
 41
75.0
 42
75.0
 43
75.0
 50
90.0
  0
MTEXT
  5
42D
330
426
100
AcDbEntity
  8
$Слои конструкции
 62
     5
440
 16777216
 48
100.0
100
AcDbMText
 10
54378.70581930736
 20
82522.82794410945
 30
0.0
 40
125.0
 41
0.0
 46
0.0
 71
     5
 72
     1
  1
\A1;200
  7
@ТРАНСПРОЕКТ
 11
0.0
 21
1.0
 31
0.0
 73
     1
 44
1.0
  0
POINT
  5
42E
330
426
100
AcDbEntity
  8
Defpoints
 62
     0
440
 16777216
 48
100.0
100
AcDbPoint
 10
54715.77796467021
 20
82422.82794410899
 30
0.0
  0
POINT
  5
42F
330
426
100
AcDbEntity
  8
Defpoints
 62
     0
440
 16777216
 48
100.0
100
AcDbPoint
 10
54715.77796467021
 20
82622.82794410898
 30
0.0
  0
POINT
  5
430
330
426
100
AcDbEntity
  8
Defpoints
 62
     0
440
 16777216
 48
100.0
100
AcDbPoint
 10
54466.20581930736
 20
82622.82794410898
 30
0.0
  0
ENDBLK
  5
431
330
426
100
AcDbEntity
  8
0
100
AcDbBlockEnd
  0
BLOCK
  5
433
330
432
100
AcDbEntity
  8
0
100
AcDbBlockBegin
  2
*D32
 70
     1
 10
0.0
 20
0.0
 30
0.0
  3
*D32
  1

  0
LINE
  5
434
330
432
100
AcDbEntity
  8
$Слои конструкции
  6
Continuous
 62
     5
440
 16777216
370
    13
100
AcDbLine
 10
54665.77796467021
 20
82622.82794410898
 30
0.0
 11
54431.20581930736
 21
82622.82794410898
 31
0.0
  0
LINE
  5
435
330
432
100
AcDbEntity
  8
$Слои конструкции
  6
Continuous
 62
     5
440
 16777216
370
    13
100
AcDbLine
 10
54865.77796467021
 20
82633.82794243225
 30
0.0
 11
54431.20581930736
 21
82633.82794243225
 31
0.0
  0
INSERT
  5
436
330
432
100
AcDbEntity
  8
$Слои конструкции
 62
     5
440
 16777216
 48
100.0
370
    13
100
AcDbBlockReference
  2
_Oblique
 10
54466.20581930736
 20
82622.82794410898
 30
0.0
 41
75.0
 42
75.0
 43
75.0
 50
90.0
  0
INSERT
  5
437
330
432
100
AcDbEntity
  8
$Слои конструкции
 62
     5
440
 16777216
 48
100.0
370
    13
100
AcDbBlockReference
  2
_Oblique
 10
54466.20581930736
 20
82633.82794243225
 30
0.0
 41
75.0
 42
75.0
 43
75.0
 50
270.0
  0
MTEXT
  5
438
330
432
100
AcDbEntity
  8
$Слои конструкции
 62
     5
440
 16777216
 48
100.0
100
AcDbMText
 10
54124.99291696819
 20
82709.42041015613
 30
0.0
 40
125.0
 41
0.0
 46
0.0
 71
     5
 72
     1
  1
\A1;11
  7
@ТРАНСПРОЕКТ
 11
0.0
 21
1.0
 31
0.0
 73
     1
 44
1.0
  0
POINT
  5
439
330
432
100
AcDbEntity
  8
Defpoints
 62
     0
440
 16777216
 48
100.0
100
AcDbPoint
 10
54715.77796467021
 20
82622.82794410898
 30
0.0
  0
POINT
  5
43A
330
432
100
AcDbEntity
  8
Defpoints
 62
     0
440
 16777216
 48
100.0
100
AcDbPoint
 10
54915.77796467021
 20
82633.82794243225
 30
0.0
  0
POINT
  5
43B
330
432
100
AcDbEntity
  8
Defpoints
 62
     0
440
 16777216
 48
100.0
100
AcDbPoint
 10
54466.20581930736
 20
82633.82794243225
 30
0.0
  0
ENDBLK
  5
43C
330
432
100
AcDbEntity
  8
0
100
AcDbBlockEnd
  0
BLOCK
  5
43E
330
43D
100
AcDbEntity
  8
0
100
AcDbBlockBegin
  2
*D33
 70
     1
 10
0.0
 20
0.0
 30
0.0
  3
*D33
  1

  0
LINE
  5
43F
330
43D
100
AcDbEntity
  8
$Слои конструкции
  6
Continuous
 62
     5
440
 16777216
370
    13
100
AcDbLine
 10
54865.77796467021
 20
82998.30286050786
 30
0.0
 11
54431.20581930736
 21
82998.30286050786
 31
0.0
  0
LINE
  5
440
330
43D
100
AcDbEntity
  8
$Слои конструкции
  6
Continuous
 62
     5
440
 16777216
370
    13
100
AcDbLine
 10
54865.77796467021
 20
82633.82794243225
 30
0.0
 11
54431.20581930736
 21
82633.82794243225
 31
0.0
  0
LINE
  5
441
330
43D
100
AcDbEntity
  8
$Слои конструкции
  6
Continuous
 62
     5
440
 16777216
370
    13
100
AcDbLine
 10
54466.20581930736
 20
82998.30286050786
 30
0.0
 11
54466.20581930736
 21
82633.82794243225
 31
0.0
  0
INSERT
  5
442
330
43D
100
AcDbEntity
  8
$Слои конструкции
 62
     5
440
 16777216
 48
100.0
370
    13
100
AcDbBlockReference
  2
_Oblique
 10
54466.20581930736
 20
82998.30286050786
 30
0.0
 41
75.0
 42
75.0
 43
75.0
 50
90.0
  0
INSERT
  5
443
330
43D
100
AcDbEntity
  8
$Слои конструкции
 62
     5
440
 16777216
 48
100.0
370
    13
100
AcDbBlockReference
  2
_Oblique
 10
54466.20581930736
 20
82633.82794243225
 30
0.0
 41
75.0
 42
75.0
 43
75.0
 50
270.0
  0
MTEXT
  5
444
330
43D
100
AcDbEntity
  8
$Слои конструкции
 62
     5
440
 16777216
 48
100.0
100
AcDbMText
 10
54378.70581930736
 20
82816.06540147006
 30
0.0
 40
125.0
 41
0.0
 46
0.0
 71
     5
 72
     1
  1
\A1;364
  7
@ТРАНСПРОЕКТ
 11
0.0
 21
1.0
 31
0.0
 73
     1
 44
1.0
  0
POINT
  5
445
330
43D
100
AcDbEntity
  8
Defpoints
 62
     0
440
 16777216
 48
100.0
100
AcDbPoint
 10
54915.77796467021
 20
82998.30286050786
 30
0.0
  0
POINT
  5
446
330
43D
100
AcDbEntity
  8
Defpoints
 62
     0
440
 16777216
 48
100.0
100
AcDbPoint
 10
54915.77796467021
 20
82633.82794243225
 30
0.0
  0
POINT
  5
447
330
43D
100
AcDbEntity
  8
Defpoints
 62
     0
440
 16777216
 48
100.0
100
AcDbPoint
 10
54466.20581930736
 20
82633.82794243225
 30
0.0
  0
ENDBLK
  5
448
330
43D
100
AcDbEntity
  8
0
100
AcDbBlockEnd
  0
BLOCK
  5
44A
330
449
100
AcDbEntity
  8
0
100
AcDbBlockBegin
  2
*D34
 70
     1
 10
0.0
 20
0.0
 30
0.0
  3
*D34
  1

  0
LINE
  5
44B
330
449
100
AcDbEntity
  8
$Размеры
  6
Continuous
 62
     5
440
 16777216
370
    13
100
AcDbLine
 10
56065.77421475295
 20
82302.52283253673
 30
0.0
 11
56759.33120156498
 21
82302.52283253673
 31
0.0
  0
LINE
  5
44C
330
449
100
AcDbEntity
  8
$Размеры
  6
Continuous
 62
     5
440
 16777216
370
    13
100
AcDbLine
 10
55765.77796467021
 20
82002.52283253671
 30
0.0
 11
56759.33120156498
 21
82002.52283253671
 31
0.0
  0
LINE
  5
44D
330
449
100
AcDbEntity
  8
$Размеры
  6
Continuous
 62
     5
440
 16777216
370
    13
100
AcDbLine
 10
56724.33120156498
 20
82002.52283253671
 30
0.0
 11
56724.33120156498
 21
81617.02600801026
 31
0.0
  0
LINE
  5
44E
330
449
100
AcDbEntity
  8
$Размеры
  6
Continuous
 62
     5
440
 16777216
370
    13
100
AcDbLine
 10
56724.33120156498
 20
82002.52283253671
 30
0.0
 11
56724.33120156498
 21
81617.02600801026
 31
0.0
  0
LINE
  5
44F
330
449
100
AcDbEntity
  8
$Размеры
  6
Continuous
 62
     5
440
 16777216
370
    13
100
AcDbLine
 10
56724.33120156498
 20
82302.52283253673
 30
0.0
 11
56724.33120156498
 21
82002.52283253671
 31
0.0
  0
INSERT
  5
450
330
449
100
AcDbEntity
  8
$Размеры
 62
     5
440
 16777216
 48
100.0
370
    13
100
AcDbBlockReference
  2
_Oblique
 10
56724.33120156498
 20
82302.52283253673
 30
0.0
 41
75.0
 42
75.0
 43
75.0
 50
90.0
  0
INSERT
  5
451
330
449
100
AcDbEntity
  8
$Размеры
 62
     5
440
 16777216
 48
100.0
370
    13
100
AcDbBlockReference
  2
_Oblique
 10
56724.33120156498
 20
82002.52283253671
 30
0.0
 41
75.0
 42
75.0
 43
75.0
 50
270.0
  0
MTEXT
  5
452
330
449
100
AcDbEntity
  8
$Размеры
 62
     5
440
 16777216
 48
100.0
100
AcDbMText
 10
56636.83120156498
 20
81767.02600801025
 30
0.0
 40
125.0
 41
0.0
 46
0.0
 71
     5
 72
     1
  1
\A1;300
  7
@ТРАНСПРОЕКТ
 11
0.0
 21
1.0
 31
0.0
 73
     1
 44
1.0
  0
POINT
  5
453
330
449
100
AcDbEntity
  8
Defpoints
 62
     0
440
 16777216
 48
100.0
100
AcDbPoint
 10
56015.77421475295
 20
82302.52283253673
 30
0.0
  0
POINT
  5
454
330
449
100
AcDbEntity
  8
Defpoints
 62
     0
440
 16777216
 48
100.0
100
AcDbPoint
 10
55715.77796467021
 20
82002.52283253671
 30
0.0
  0
POINT
  5
455
330
449
100
AcDbEntity
  8
Defpoints
 62
     0
440
 16777216
 48
100.0
100
AcDbPoint
 10
56724.33120156498
 20
82002.52283253671
 30
0.0
  0
ENDBLK
  5
456
330
449
100
AcDbEntity
  8
0
100
AcDbBlockEnd
  0
BLOCK
  5
458
330
457
100
AcDbEntity
  8
0
100
AcDbBlockBegin
  2
*D35
 70
     1
 10
0.0
 20
0.0
 30
0.0
  3
*D35
  1

  0
LINE
  5
459
330
457
100
AcDbEntity
  8
$Размеры
  6
Continuous
 62
     5
440
 16777216
370
    13
100
AcDbLine
 10
55715.77796467021
 20
81952.52283253672
 30
0.0
 11
55715.77796467021
 21
81333.52900916152
 31
0.0
  0
LINE
  5
45A
330
457
100
AcDbEntity
  8
$Размеры
  6
Continuous
 62
     5
440
 16777216
370
    13
100
AcDbLine
 10
54915.77796467021
 20
81952.52283253672
 30
0.0
 11
54915.77796467021
 21
81333.52900916152
 31
0.0
  0
LINE
  5
45B
330
457
100
AcDbEntity
  8
$Размеры
  6
Continuous
 62
     5
440
 16777216
370
    13
100
AcDbLine
 10
55715.77796467021
 20
81368.52900916151
 30
0.0
 11
54915.77796467021
 21
81368.52900916151
 31
0.0
  0
INSERT
  5
45C
330
457
100
AcDbEntity
  8
$Размеры
 62
     5
440
 16777216
 48
100.0
370
    13
100
AcDbBlockReference
  2
_Oblique
 10
55715.77796467021
 20
81368.52900916151
 30
0.0
 41
75.0
 42
75.0
 43
75.0
  0
INSERT
  5
45D
330
457
100
AcDbEntity
  8
$Размеры
 62
     5
440
 16777216
 48
100.0
370
    13
100
AcDbBlockReference
  2
_Oblique
 10
54915.77796467021
 20
81368.52900916151
 30
0.0
 41
75.0
 42
75.0
 43
75.0
 50
180.0
  0
MTEXT
  5
45E
330
457
100
AcDbEntity
  8
$Размеры
 62
     5
440
 16777216
 48
100.0
100
AcDbMText
 10
55315.77796467021
 20
81456.02900916152
 30
0.0
 40
125.0
 41
0.0
 46
0.0
 71
     5
 72
     1
  1
\A1;800
  7
@ТРАНСПРОЕКТ
 73
     1
 44
1.0
  0
POINT
  5
45F
330
457
100
AcDbEntity
  8
Defpoints
 62
     0
440
 16777216
 48
100.0
100
AcDbPoint
 10
55715.77796467021
 20
82002.52283253671
 30
0.0
  0
POINT
  5
460
330
457
100
AcDbEntity
  8
Defpoints
 62
     0
440
 16777216
 48
100.0
100
AcDbPoint
 10
54915.77796467021
 20
82002.52283253671
 30
0.0
  0
POINT
  5
461
330
457
100
AcDbEntity
  8
Defpoints
 62
     0
440
 16777216
 48
100.0
100
AcDbPoint
 10
54915.77796467021
 20
81368.52900916151
 30
0.0
  0
ENDBLK
  5
462
330
457
100
AcDbEntity
  8
0
100
AcDbBlockEnd
  0
BLOCK
  5
464
330
463
100
AcDbEntity
  8
0
100
AcDbBlockBegin
  2
*D36
 70
     1
 10
0.0
 20
0.0
 30
0.0
  3
*D36
  1

  0
LINE
  5
465
330
463
100
AcDbEntity
  8
$Размеры
  6
Continuous
 62
     5
440
 16777216
370
    13
100
AcDbLine
 10
55715.77796467021
 20
81952.52283253672
 30
0.0
 11
55715.77796467021
 21
81333.52900916152
 31
0.0
  0
LINE
  5
466
330
463
100
AcDbEntity
  8
$Размеры
  6
Continuous
 62
     5
440
 16777216
370
    13
100
AcDbLine
 10
63215.77796467021
 20
81987.0575852868
 30
0.0
 11
63215.77796467021
 21
81333.52900916152
 31
0.0
  0
LINE
  5
467
330
463
100
AcDbEntity
  8
$Размеры
  6
Continuous
 62
     5
440
 16777216
370
    13
100
AcDbLine
 10
55715.77796467021
 20
81368.52900916151
 30
0.0
 11
63215.77796467021
 21
81368.52900916151
 31
0.0
  0
INSERT
  5
468
330
463
100
AcDbEntity
  8
$Размеры
 62
     5
440
 16777216
 48
100.0
370
    13
100
AcDbBlockReference
  2
_Oblique
 10
55715.77796467021
 20
81368.52900916151
 30
0.0
 41
75.0
 42
75.0
 43
75.0
 50
180.0
  0
INSERT
  5
469
330
463
100
AcDbEntity
  8
$Размеры
 62
     5
440
 16777216
 48
100.0
370
    13
100
AcDbBlockReference
  2
_Oblique
 10
63215.77796467021
 20
81368.52900916151
 30
0.0
 41
75.0
 42
75.0
 43
75.0
  0
MTEXT
  5
46A
330
463
100
AcDbEntity
  8
$Размеры
 62
     5
440
 16777216
 48
100.0
100
AcDbMText
 10
59465.77796467021
 20
81456.02900916152
 30
0.0
 40
125.0
 41
0.0
 46
0.0
 71
     5
 72
     1
  1
\A1;7500
  7
@ТРАНСПРОЕКТ
 73
     1
 44
1.0
  0
POINT
  5
46B
330
463
100
AcDbEntity
  8
Defpoints
 62
     0
440
 16777216
 48
100.0
100
AcDbPoint
 10
55715.77796467021
 20
82002.52283253671
 30
0.0
  0
POINT
  5
46C
330
463
100
AcDbEntity
  8
Defpoints
 62
     0
440
 16777216
 48
100.0
100
AcDbPoint
 10
63215.77796467021
 20
82037.05758528679
 30
0.0
  0
POINT
  5
46D
330
463
100
AcDbEntity
  8
Defpoints
 62
     0
440
 16777216
 48
100.0
100
AcDbPoint
 10
63215.77796467021
 20
81368.52900916151
 30
0.0
  0
ENDBLK
  5
46E
330
463
100
AcDbEntity
  8
0
100
AcDbBlockEnd
  0
BLOCK
  5
470
330
46F
100
AcDbEntity
  8
0
100
AcDbBlockBegin
  2
*D37
 70
     1
 10
0.0
 20
0.0
 30
0.0
  3
*D37
  1

  0
LINE
  5
471
330
46F
100
AcDbEntity
  8
$Размеры
  6
Continuous
 62
     5
440
 16777216
370
    13
100
AcDbLine
 10
63215.77796467021
 20
81987.0575852868
 30
0.0
 11
63215.77796467021
 21
81333.52900916152
 31
0.0
  0
LINE
  5
472
330
46F
100
AcDbEntity
  8
$Размеры
  6
Continuous
 62
     5
440
 16777216
370
    13
100
AcDbLine
 10
64015.85577832116
 20
81987.04546320589
 30
0.0
 11
64015.85577832116
 21
81333.52900916152
 31
0.0
  0
LINE
  5
473
330
46F
100
AcDbEntity
  8
$Размеры
  6
Continuous
 62
     5
440
 16777216
370
    13
100
AcDbLine
 10
63215.77796467021
 20
81368.52900916151
 30
0.0
 11
64015.85577832116
 21
81368.52900916151
 31
0.0
  0
INSERT
  5
474
330
46F
100
AcDbEntity
  8
$Размеры
 62
     5
440
 16777216
 48
100.0
370
    13
100
AcDbBlockReference
  2
_Oblique
 10
63215.77796467021
 20
81368.52900916151
 30
0.0
 41
75.0
 42
75.0
 43
75.0
 50
180.0
  0
INSERT
  5
475
330
46F
100
AcDbEntity
  8
$Размеры
 62
     5
440
 16777216
 48
100.0
370
    13
100
AcDbBlockReference
  2
_Oblique
 10
64015.85577832116
 20
81368.52900916151
 30
0.0
 41
75.0
 42
75.0
 43
75.0
  0
MTEXT
  5
476
330
46F
100
AcDbEntity
  8
$Размеры
 62
     5
440
 16777216
 48
100.0
100
AcDbMText
 10
63615.81687149568
 20
81456.02900916152
 30
0.0
 40
125.0
 41
0.0
 46
0.0
 71
     5
 72
     1
  1
\A1;800
  7
@ТРАНСПРОЕКТ
 73
     1
 44
1.0
  0
POINT
  5
477
330
46F
100
AcDbEntity
  8
Defpoints
 62
     0
440
 16777216
 48
100.0
100
AcDbPoint
 10
63215.77796467021
 20
82037.05758528679
 30
0.0
  0
POINT
  5
478
330
46F
100
AcDbEntity
  8
Defpoints
 62
     0
440
 16777216
 48
100.0
100
AcDbPoint
 10
64015.85577832116
 20
82037.0454632059
 30
0.0
  0
POINT
  5
479
330
46F
100
AcDbEntity
  8
Defpoints
 62
     0
440
 16777216
 48
100.0
100
AcDbPoint
 10
64015.85577832116
 20
81368.52900916151
 30
0.0
  0
ENDBLK
  5
47A
330
46F
100
AcDbEntity
  8
0
100
AcDbBlockEnd
  0
BLOCK
  5
47C
330
47B
100
AcDbEntity
  8
0
100
AcDbBlockBegin
  2
*D38
 70
     1
 10
0.0
 20
0.0
 30
0.0
  3
*D38
  1

  0
LINE
  5
47D
330
47B
100
AcDbEntity
  8
$Слои конструкции
  6
Continuous
 62
     5
440
 16777216
370
    13
100
AcDbLine
 10
57870.77549979351
 20
83013.07757216639
 30
0.0
 11
57615.78761347852
 21
83011.80135357014
 31
0.0
  0
LINE
  5
47E
330
47B
100
AcDbEntity
  8
$Слои конструкции
  6
Continuous
 62
     5
440
 16777216
370
    13
100
AcDbLine
 10
57874.28528235602
 20
82311.82463659793
 30
0.0
 11
57619.29739604102
 21
82310.54841800169
 31
0.0
  0
LINE
  5
47F
330
47B
100
AcDbEntity
  8
$Слои конструкции
  6
Continuous
 62
     5
440
 16777216
370
    13
100
AcDbLine
 10
57654.29695767092
 20
82310.7235913876
 30
0.0
 11
57656.24265771297
 21
81921.97362128828
 31
0.0
  0
LINE
  5
480
330
47B
100
AcDbEntity
  8
$Слои конструкции
  6
Continuous
 62
     5
440
 16777216
370
    13
100
AcDbLine
 10
57654.29695767092
 20
82310.7235913876
 30
0.0
 11
57656.24265771297
 21
81921.97362128828
 31
0.0
  0
LINE
  5
481
330
47B
100
AcDbEntity
  8
$Слои конструкции
  6
Continuous
 62
     5
440
 16777216
370
    13
100
AcDbLine
 10
57650.78717510842
 20
83011.97652695606
 30
0.0
 11
57654.29695767092
 21
82310.7235913876
 31
0.0
  0
INSERT
  5
482
330
47B
100
AcDbEntity
  8
$Слои конструкции
 62
     5
440
 16777216
 48
100.0
370
    13
100
AcDbBlockReference
  2
_Oblique
 10
57650.78717510842
 20
83011.97652695606
 30
0.0
 41
75.0
 42
75.0
 43
75.0
 50
90.28676393139068
  0
INSERT
  5
483
330
47B
100
AcDbEntity
  8
$Слои конструкции
 62
     5
440
 16777216
 48
100.0
370
    13
100
AcDbBlockReference
  2
_Oblique
 10
57654.29695767092
 20
82310.7235913876
 30
0.0
 41
75.0
 42
75.0
 43
75.0
 50
270.2867639313907
  0
MTEXT
  5
484
330
47B
100
AcDbEntity
  8
$Слои конструкции
 62
     5
440
 16777216
 48
100.0
100
AcDbMText
 10
57743.05338062878
 20
82059.9098325848
 30
0.0
 40
125.0
 41
0.0
 46
0.0
 71
     5
 72
     1
  1
\A1;701
  7
@ТРАНСПРОЕКТ
 11
0.0050049538831766
 21
-0.9999874751398778
 31
0.0
 73
     1
 44
1.0
  0
POINT
  5
485
330
47B
100
AcDbEntity
  8
Defpoints
 62
     0
440
 16777216
 48
100.0
100
AcDbPoint
 10
57920.77487355052
 20
83013.32781986054
 30
0.0
  0
POINT
  5
486
330
47B
100
AcDbEntity
  8
Defpoints
 62
     0
440
 16777216
 48
100.0
100
AcDbPoint
 10
57924.28465611301
 20
82312.07488429209
 30
0.0
  0
POINT
  5
487
330
47B
100
AcDbEntity
  8
Defpoints
 62
     0
440
 16777216
 48
100.0
100
AcDbPoint
 10
57654.29695767092
 20
82310.7235913876
 30
0.0
  0
ENDBLK
  5
488
330
47B
100
AcDbEntity
  8
0
100
AcDbBlockEnd
  0
BLOCK
  5
48A
330
489
100
AcDbEntity
  8
0
100
AcDbBlockBegin
  2
*D39
 70
     1
 10
0.0
 20
0.0
 30
0.0
  3
*D39
  1

  0
LINE
  5
48B
330
489
100
AcDbEntity
  8
$Слои конструкции
  6
Continuous
 62
     5
440
 16777216
370
    13
100
AcDbLine
 10
54915.77796467021
 20
83048.30286050785
 30
0.0
 11
54915.77796467021
 21
83424.68248099985
 31
0.0
  0
LINE
  5
48C
330
489
100
AcDbEntity
  8
$Слои конструкции
  6
Continuous
 62
     5
440
 16777216
370
    13
100
AcDbLine
 10
54715.77796467021
 20
82672.82794410899
 30
0.0
 11
54715.77796467021
 21
83424.68248099985
 31
0.0
  0
LINE
  5
48D
330
489
100
AcDbEntity
  8
$Слои конструкции
  6
Continuous
 62
     5
440
 16777216
370
    13
100
AcDbLine
 10
54715.77796467021
 20
83389.68248099986
 30
0.0
 11
54340.77796467021
 21
83389.68248099986
 31
0.0
  0
LINE
  5
48E
330
489
100
AcDbEntity
  8
$Слои конструкции
  6
Continuous
 62
     5
440
 16777216
370
    13
100
AcDbLine
 10
54715.77796467021
 20
83389.68248099986
 30
0.0
 11
54340.77796467021
 21
83389.68248099986
 31
0.0
  0
LINE
  5
48F
330
489
100
AcDbEntity
  8
$Слои конструкции
  6
Continuous
 62
     5
440
 16777216
370
    13
100
AcDbLine
 10
54915.77796467021
 20
83389.68248099986
 30
0.0
 11
54715.77796467021
 21
83389.68248099986
 31
0.0
  0
INSERT
  5
490
330
489
100
AcDbEntity
  8
$Слои конструкции
 62
     5
440
 16777216
 48
100.0
370
    13
100
AcDbBlockReference
  2
_Oblique
 10
54915.77796467021
 20
83389.68248099986
 30
0.0
 41
75.0
 42
75.0
 43
75.0
  0
INSERT
  5
491
330
489
100
AcDbEntity
  8
$Слои конструкции
 62
     5
440
 16777216
 48
100.0
370
    13
100
AcDbBlockReference
  2
_Oblique
 10
54715.77796467021
 20
83389.68248099986
 30
0.0
 41
75.0
 42
75.0
 43
75.0
 50
180.0
  0
MTEXT
  5
492
330
489
100
AcDbEntity
  8
$Слои конструкции
 62
     5
440
 16777216
 48
100.0
100
AcDbMText
 10
54490.77796467021
 20
83477.18248099985
 30
0.0
 40
125.0
 41
0.0
 46
0.0
 71
     5
 72
     1
  1
\A1;200
  7
@ТРАНСПРОЕКТ
 73
     1
 44
1.0
  0
POINT
  5
493
330
489
100
AcDbEntity
  8
Defpoints
 62
     0
440
 16777216
 48
100.0
100
AcDbPoint
 10
54915.77796467021
 20
82998.30286050786
 30
0.0
  0
POINT
  5
494
330
489
100
AcDbEntity
  8
Defpoints
 62
     0
440
 16777216
 48
100.0
100
AcDbPoint
 10
54715.77796467021
 20
82622.82794410898
 30
0.0
  0
POINT
  5
495
330
489
100
AcDbEntity
  8
Defpoints
 62
     0
440
 16777216
 48
100.0
100
AcDbPoint
 10
54715.77796467021
 20
83389.68248099986
 30
0.0
  0
ENDBLK
  5
496
330
489
100
AcDbEntity
  8
0
100
AcDbBlockEnd
  0
BLOCK
  5
498
330
497
100
AcDbEntity
  8
0
100
AcDbBlockBegin
  2
*D40
 70
     1
 10
0.0
 20
0.0
 30
0.0
  3
*D40
  1

  0
LINE
  5
499
330
497
100
AcDbEntity
  8
$Слои конструкции
  6
Continuous
 62
     5
440
 16777216
370
    13
100
AcDbLine
 10
54915.77796467021
 20
83048.30286050785
 30
0.0
 11
54915.77796467021
 21
83424.68248099985
 31
0.0
  0
LINE
  5
49A
330
497
100
AcDbEntity
  8
$Слои конструкции
  6
Continuous
 62
     5
440
 16777216
370
    13
100
AcDbLine
 10
64015.85577850463
 20
83093.80317328869
 30
0.0
 11
64015.85577850463
 21
83424.68248099985
 31
0.0
  0
LINE
  5
49B
330
497
100
AcDbEntity
  8
$Слои конструкции
  6
Continuous
 62
     5
440
 16777216
370
    13
100
AcDbLine
 10
54915.77796467021
 20
83389.68248099986
 30
0.0
 11
64015.85577850463
 21
83389.68248099986
 31
0.0
  0
INSERT
  5
49C
330
497
100
AcDbEntity
  8
$Слои конструкции
 62
     5
440
 16777216
 48
100.0
370
    13
100
AcDbBlockReference
  2
_Oblique
 10
54915.77796467021
 20
83389.68248099986
 30
0.0
 41
75.0
 42
75.0
 43
75.0
 50
180.0
  0
INSERT
  5
49D
330
497
100
AcDbEntity
  8
$Слои конструкции
 62
     5
440
 16777216
 48
100.0
370
    13
100
AcDbBlockReference
  2
_Oblique
 10
64015.85577850463
 20
83389.68248099986
 30
0.0
 41
75.0
 42
75.0
 43
75.0
  0
MTEXT
  5
49E
330
497
100
AcDbEntity
  8
$Слои конструкции
 62
     5
440
 16777216
 48
100.0
100
AcDbMText
 10
59465.81687158742
 20
83477.18248099985
 30
0.0
 40
125.0
 41
0.0
 46
0.0
 71
     5
 72
     1
  1
\A1;9100
  7
@ТРАНСПРОЕКТ
 73
     1
 44
1.0
  0
POINT
  5
49F
330
497
100
AcDbEntity
  8
Defpoints
 62
     0
440
 16777216
 48
100.0
100
AcDbPoint
 10
54915.77796467021
 20
82998.30286050786
 30
0.0
  0
POINT
  5
4A0
330
497
100
AcDbEntity
  8
Defpoints
 62
     0
440
 16777216
 48
100.0
100
AcDbPoint
 10
64015.85577850463
 20
83043.8031732887
 30
0.0
  0
POINT
  5
4A1
330
497
100
AcDbEntity
  8
Defpoints
 62
     0
440
 16777216
 48
100.0
100
AcDbPoint
 10
64015.85577850463
 20
83389.68248099986
 30
0.0
  0
ENDBLK
  5
4A2
330
497
100
AcDbEntity
  8
0
100
AcDbBlockEnd
  0
BLOCK
  5
4A4
330
4A3
100
AcDbEntity
  8
0
100
AcDbBlockBegin
  2
*D41
 70
     1
 10
0.0
 20
0.0
 30
0.0
  3
*D41
  1

  0
LINE
  5
4A5
330
4A3
100
AcDbEntity
  8
$Слои конструкции
  6
Continuous
 62
     5
440
 16777216
370
    13
100
AcDbLine
 10
64015.85577850463
 20
83093.80317328869
 30
0.0
 11
64015.85577850463
 21
83424.68248099985
 31
0.0
  0
LINE
  5
4A6
330
4A3
100
AcDbEntity
  8
$Слои конструкции
  6
Continuous
 62
     5
440
 16777216
370
    13
100
AcDbLine
 10
64215.85928837536
 20
82720.48628946055
 30
0.0
 11
64215.85928837536
 21
83424.68248099985
 31
0.0
  0
LINE
  5
4A7
330
4A3
100
AcDbEntity
  8
$Слои конструкции
  6
Continuous
 62
     5
440
 16777216
370
    13
100
AcDbLine
 10
64215.85928837536
 20
83389.68248099986
 30
0.0
 11
64590.85928837536
 21
83389.68248099986
 31
0.0
  0
LINE
  5
4A8
330
4A3
100
AcDbEntity
  8
$Слои конструкции
  6
Continuous
 62
     5
440
 16777216
370
    13
100
AcDbLine
 10
64215.85928837536
 20
83389.68248099986
 30
0.0
 11
64590.85928837536
 21
83389.68248099986
 31
0.0
  0
LINE
  5
4A9
330
4A3
100
AcDbEntity
  8
$Слои конструкции
  6
Continuous
 62
     5
440
 16777216
370
    13
100
AcDbLine
 10
64015.85577850463
 20
83389.68248099986
 30
0.0
 11
64215.85928837536
 21
83389.68248099986
 31
0.0
  0
INSERT
  5
4AA
330
4A3
100
AcDbEntity
  8
$Слои конструкции
 62
     5
440
 16777216
 48
100.0
370
    13
100
AcDbBlockReference
  2
_Oblique
 10
64015.85577850463
 20
83389.68248099986
 30
0.0
 41
75.0
 42
75.0
 43
75.0
 50
180.0
  0
INSERT
  5
4AB
330
4A3
100
AcDbEntity
  8
$Слои конструкции
 62
     5
440
 16777216
 48
100.0
370
    13
100
AcDbBlockReference
  2
_Oblique
 10
64215.85928837536
 20
83389.68248099986
 30
0.0
 41
75.0
 42
75.0
 43
75.0
  0
MTEXT
  5
4AC
330
4A3
100
AcDbEntity
  8
$Слои конструкции
 62
     5
440
 16777216
 48
100.0
100
AcDbMText
 10
64440.85928837536
 20
83477.18248099985
 30
0.0
 40
125.0
 41
0.0
 46
0.0
 71
     5
 72
     1
  1
\A1;200
  7
@ТРАНСПРОЕКТ
 73
     1
 44
1.0
  0
POINT
  5
4AD
330
4A3
100
AcDbEntity
  8
Defpoints
 62
     0
440
 16777216
 48
100.0
100
AcDbPoint
 10
64015.85577850463
 20
83043.8031732887
 30
0.0
  0
POINT
  5
4AE
330
4A3
100
AcDbEntity
  8
Defpoints
 62
     0
440
 16777216
 48
100.0
100
AcDbPoint
 10
64215.85928837536
 20
82670.48628946056
 30
0.0
  0
POINT
  5
4AF
330
4A3
100
AcDbEntity
  8
Defpoints
 62
     0
440
 16777216
 48
100.0
100
AcDbPoint
 10
64215.85928837536
 20
83389.68248099986
 30
0.0
  0
ENDBLK
  5
4B0
330
4A3
100
AcDbEntity
  8
0
100
AcDbBlockEnd
  0
BLOCK
  5
4B2
330
4B1
100
AcDbEntity
  8
0
100
AcDbBlockBegin
  2
*D42
 70
     1
 10
0.0
 20
0.0
 30
0.0
  3
*D42
  1

  0
LINE
  5
4B3
330
4B1
100
AcDbEntity
  8
$Слои конструкции
  6
Continuous
 62
     5
440
 16777216
370
    13
100
AcDbLine
 10
54715.77796467021
 20
82672.82794410899
 30
0.0
 11
54715.77796467021
 21
83682.96390495926
 31
0.0
  0
LINE
  5
4B4
330
4B1
100
AcDbEntity
  8
$Слои конструкции
  6
Continuous
 62
     5
440
 16777216
370
    13
100
AcDbLine
 10
64215.85928837536
 20
82720.48628946055
 30
0.0
 11
64215.85928837536
 21
83682.96390495926
 31
0.0
  0
LINE
  5
4B5
330
4B1
100
AcDbEntity
  8
$Слои конструкции
  6
Continuous
 62
     5
440
 16777216
370
    13
100
AcDbLine
 10
54715.77796467021
 20
83647.96390495927
 30
0.0
 11
64215.85928837536
 21
83647.96390495927
 31
0.0
  0
INSERT
  5
4B6
330
4B1
100
AcDbEntity
  8
$Слои конструкции
 62
     5
440
 16777216
 48
100.0
370
    13
100
AcDbBlockReference
  2
_Oblique
 10
54715.77796467021
 20
83647.96390495927
 30
0.0
 41
75.0
 42
75.0
 43
75.0
 50
180.0
  0
INSERT
  5
4B7
330
4B1
100
AcDbEntity
  8
$Слои конструкции
 62
     5
440
 16777216
 48
100.0
370
    13
100
AcDbBlockReference
  2
_Oblique
 10
64215.85928837536
 20
83647.96390495927
 30
0.0
 41
75.0
 42
75.0
 43
75.0
  0
MTEXT
  5
4B8
330
4B1
100
AcDbEntity
  8
$Слои конструкции
 62
     5
440
 16777216
 48
100.0
100
AcDbMText
 10
59465.81862652278
 20
83735.46390495926
 30
0.0
 40
125.0
 41
0.0
 46
0.0
 71
     5
 72
     1
  1
\A1;9500
  7
@ТРАНСПРОЕКТ
 73
     1
 44
1.0
  0
POINT
  5
4B9
330
4B1
100
AcDbEntity
  8
Defpoints
 62
     0
440
 16777216
 48
100.0
100
AcDbPoint
 10
54715.77796467021
 20
82622.82794410898
 30
0.0
  0
POINT
  5
4BA
330
4B1
100
AcDbEntity
  8
Defpoints
 62
     0
440
 16777216
 48
100.0
100
AcDbPoint
 10
64215.85928837536
 20
82670.48628946056
 30
0.0
  0
POINT
  5
4BB
330
4B1
100
AcDbEntity
  8
Defpoints
 62
     0
440
 16777216
 48
100.0
100
AcDbPoint
 10
64215.85928837536
 20
83647.96390495927
 30
0.0
  0
ENDBLK
  5
4BC
330
4B1
100
AcDbEntity
  8
0
100
AcDbBlockEnd
  0
BLOCK
  5
4BE
330
4BD
100
AcDbEntity
  8
0
100
AcDbBlockBegin
  2
*D43
 70
     1
 10
0.0
 20
0.0
 30
0.0
  3
*D43
  1

  0
LINE
  5
4BF
330
4BD
100
AcDbEntity
  8
$Слои конструкции
  6
Continuous
 62
     5
440
 16777216
370
    13
100
AcDbLine
 10
55715.77796467021
 20
81952.52283253672
 30
0.0
 11
55715.77796467021
 21
81628.8008207028
 31
0.0
  0
LINE
  5
4C0
330
4BD
100
AcDbEntity
  8
$Слои конструкции
  6
Continuous
 62
     5
440
 16777216
370
    13
100
AcDbLine
 10
56015.77421475295
 20
82252.52283253672
 30
0.0
 11
56015.77421475295
 21
81628.8008207028
 31
0.0
  0
LINE
  5
4C1
330
4BD
100
AcDbEntity
  8
$Слои конструкции
  6
Continuous
 62
     5
440
 16777216
370
    13
100
AcDbLine
 10
56015.77421475295
 20
81663.80082070281
 30
0.0
 11
56390.77421475295
 21
81663.80082070281
 31
0.0
  0
LINE
  5
4C2
330
4BD
100
AcDbEntity
  8
$Слои конструкции
  6
Continuous
 62
     5
440
 16777216
370
    13
100
AcDbLine
 10
56015.77421475295
 20
81663.80082070281
 30
0.0
 11
56390.77421475295
 21
81663.80082070281
 31
0.0
  0
LINE
  5
4C3
330
4BD
100
AcDbEntity
  8
$Слои конструкции
  6
Continuous
 62
     5
440
 16777216
370
    13
100
AcDbLine
 10
55715.77796467021
 20
81663.80082070281
 30
0.0
 11
56015.77421475295
 21
81663.80082070281
 31
0.0
  0
INSERT
  5
4C4
330
4BD
100
AcDbEntity
  8
$Слои конструкции
 62
     5
440
 16777216
 48
100.0
370
    13
100
AcDbBlockReference
  2
_Oblique
 10
55715.77796467021
 20
81663.80082070281
 30
0.0
 41
75.0
 42
75.0
 43
75.0
 50
180.0
  0
INSERT
  5
4C5
330
4BD
100
AcDbEntity
  8
$Слои конструкции
 62
     5
440
 16777216
 48
100.0
370
    13
100
AcDbBlockReference
  2
_Oblique
 10
56015.77421475295
 20
81663.80082070281
 30
0.0
 41
75.0
 42
75.0
 43
75.0
  0
MTEXT
  5
4C6
330
4BD
100
AcDbEntity
  8
$Слои конструкции
 62
     5
440
 16777216
 48
100.0
100
AcDbMText
 10
56240.77421475295
 20
81751.3008207028
 30
0.0
 40
125.0
 41
0.0
 46
0.0
 71
     5
 72
     1
  1
\A1;300
  7
@ТРАНСПРОЕКТ
 73
     1
 44
1.0
  0
POINT
  5
4C7
330
4BD
100
AcDbEntity
  8
Defpoints
 62
     0
440
 16777216
 48
100.0
100
AcDbPoint
 10
55715.77796467021
 20
82002.52283253671
 30
0.0
  0
POINT
  5
4C8
330
4BD
100
AcDbEntity
  8
Defpoints
 62
     0
440
 16777216
 48
100.0
100
AcDbPoint
 10
56015.77421475295
 20
82302.52283253673
 30
0.0
  0
POINT
  5
4C9
330
4BD
100
AcDbEntity
  8
Defpoints
 62
     0
440
 16777216
 48
100.0
100
AcDbPoint
 10
56015.77421475295
 20
81663.80082070281
 30
0.0
  0
ENDBLK
  5
4CA
330
4BD
100
AcDbEntity
  8
0
100
AcDbBlockEnd
  0
BLOCK
  5
4CC
330
4CB
100
AcDbEntity
  8
0
100
AcDbBlockBegin
  2
*D44
 70
     1
 10
0.0
 20
0.0
 30
0.0
  3
*D44
  1

  0
LINE
  5
4CD
330
4CB
100
AcDbEntity
  8
$Слои конструкции
  6
Continuous
 62
     5
440
 16777216
370
    13
100
AcDbLine
 10
64065.8520285869
 20
82270.44362507458
 30
0.0
 11
64500.42417394975
 21
82270.44362507458
 31
0.0
  0
LINE
  5
4CE
330
4CB
100
AcDbEntity
  8
$Слои конструкции
  6
Continuous
 62
     5
440
 16777216
370
    13
100
AcDbLine
 10
64065.89468542207
 20
82037.02318250806
 30
0.0
 11
64500.42417394975
 21
82037.02318250806
 31
0.0
  0
LINE
  5
4CF
330
4CB
100
AcDbEntity
  8
$Слои конструкции
  6
Continuous
 62
     5
440
 16777216
370
    13
100
AcDbLine
 10
64465.42417394975
 20
82037.02318250806
 30
0.0
 11
64465.42417394975
 21
81662.02318250807
 31
0.0
  0
LINE
  5
4D0
330
4CB
100
AcDbEntity
  8
$Слои конструкции
  6
Continuous
 62
     5
440
 16777216
370
    13
100
AcDbLine
 10
64465.42417394975
 20
82037.02318250806
 30
0.0
 11
64465.42417394975
 21
81662.02318250807
 31
0.0
  0
LINE
  5
4D1
330
4CB
100
AcDbEntity
  8
$Слои конструкции
  6
Continuous
 62
     5
440
 16777216
370
    13
100
AcDbLine
 10
64465.42417394975
 20
82270.44362507458
 30
0.0
 11
64465.42417394975
 21
82037.02318250806
 31
0.0
  0
INSERT
  5
4D2
330
4CB
100
AcDbEntity
  8
$Слои конструкции
 62
     5
440
 16777216
 48
100.0
370
    13
100
AcDbBlockReference
  2
_Oblique
 10
64465.42417394975
 20
82270.44362507458
 30
0.0
 41
75.0
 42
75.0
 43
75.0
 50
90.0
  0
INSERT
  5
4D3
330
4CB
100
AcDbEntity
  8
$Слои конструкции
 62
     5
440
 16777216
 48
100.0
370
    13
100
AcDbBlockReference
  2
_Oblique
 10
64465.42417394975
 20
82037.02318250806
 30
0.0
 41
75.0
 42
75.0
 43
75.0
 50
270.0
  0
MTEXT
  5
4D4
330
4CB
100
AcDbEntity
  8
$Слои конструкции
 62
     5
440
 16777216
 48
100.0
100
AcDbMText
 10
64377.92417394975
 20
81812.02318250807
 30
0.0
 40
125.0
 41
0.0
 46
0.0
 71
     5
 72
     1
  1
\A1;233
  7
@ТРАНСПРОЕКТ
 11
0.0
 21
1.0
 31
0.0
 73
     1
 44
1.0
  0
POINT
  5
4D5
330
4CB
100
AcDbEntity
  8
Defpoints
 62
     0
440
 16777216
 48
100.0
100
AcDbPoint
 10
64015.8520285869
 20
82270.44362507458
 30
0.0
  0
POINT
  5
4D6
330
4CB
100
AcDbEntity
  8
Defpoints
 62
     0
440
 16777216
 48
100.0
100
AcDbPoint
 10
64015.89468542207
 20
82037.02318250806
 30
0.0
  0
POINT
  5
4D7
330
4CB
100
AcDbEntity
  8
Defpoints
 62
     0
440
 16777216
 48
100.0
100
AcDbPoint
 10
64465.42417394975
 20
82037.02318250806
 30
0.0
  0
ENDBLK
  5
4D8
330
4CB
100
AcDbEntity
  8
0
100
AcDbBlockEnd
  0
BLOCK
  5
4DA
330
4D9
100
AcDbEntity
  8
0
100
AcDbBlockBegin
  2
*D45
 70
     1
 10
0.0
 20
0.0
 30
0.0
  3
*D45
  1

  0
LINE
  5
4DB
330
4D9
100
AcDbEntity
  8
$Слои конструкции
  6
Continuous
 62
     5
440
 16777216
370
    13
100
AcDbLine
 10
64719.13707628893
 20
82069.97703716147
 30
0.0
 11
64719.13707628893
 21
82369.97703716147
 31
0.0
  0
LINE
  5
4DC
330
4D9
100
AcDbEntity
  8
$Слои конструкции
  6
Continuous
 62
     5
440
 16777216
370
    13
100
AcDbLine
 10
64719.13707628893
 20
82369.97703716147
 30
0.0
 11
64465.42417394975
 21
82370.46132673079
 31
0.0
  0
LINE
  5
4DD
330
4D9
100
AcDbEntity
  8
$Слои конструкции
  6
Continuous
 62
     5
440
 16777216
370
    13
100
AcDbLine
 10
64265.8520285869
 20
82470.479028387
 30
0.0
 11
64500.42417394975
 21
82470.479028387
 31
0.0
  0
LINE
  5
4DE
330
4D9
100
AcDbEntity
  8
$Слои конструкции
  6
Continuous
 62
     5
440
 16777216
370
    13
100
AcDbLine
 10
64065.8520285869
 20
82270.44362507458
 30
0.0
 11
64500.42417394975
 21
82270.44362507458
 31
0.0
  0
LINE
  5
4DF
330
4D9
100
AcDbEntity
  8
$Слои конструкции
  6
Continuous
 62
     5
440
 16777216
370
    13
100
AcDbLine
 10
64465.42417394975
 20
82470.479028387
 30
0.0
 11
64465.42417394975
 21
82270.44362507458
 31
0.0
  0
INSERT
  5
4E0
330
4D9
100
AcDbEntity
  8
$Слои конструкции
 62
     5
440
 16777216
 48
100.0
370
    13
100
AcDbBlockReference
  2
_Oblique
 10
64465.42417394975
 20
82470.479028387
 30
0.0
 41
75.0
 42
75.0
 43
75.0
 50
90.0
  0
INSERT
  5
4E1
330
4D9
100
AcDbEntity
  8
$Слои конструкции
 62
     5
440
 16777216
 48
100.0
370
    13
100
AcDbBlockReference
  2
_Oblique
 10
64465.42417394975
 20
82270.44362507458
 30
0.0
 41
75.0
 42
75.0
 43
75.0
 50
270.0
  0
MTEXT
  5
4E2
330
4D9
100
AcDbEntity
  8
$Слои конструкции
 62
     5
440
 16777216
 48
100.0
100
AcDbMText
 10
64631.63707628893
 20
82219.97703716148
 30
0.0
 40
125.0
 41
0.0
 46
0.0
 71
     5
 72
     1
  1
\A1;200
  7
@ТРАНСПРОЕКТ
 11
0.0
 21
1.0
 31
0.0
 73
     1
 44
1.0
  0
POINT
  5
4E3
330
4D9
100
AcDbEntity
  8
Defpoints
 62
     0
440
 16777216
 48
100.0
100
AcDbPoint
 10
64215.8520285869
 20
82470.479028387
 30
0.0
  0
POINT
  5
4E4
330
4D9
100
AcDbEntity
  8
Defpoints
 62
     0
440
 16777216
 48
100.0
100
AcDbPoint
 10
64015.8520285869
 20
82270.44362507458
 30
0.0
  0
POINT
  5
4E5
330
4D9
100
AcDbEntity
  8
Defpoints
 62
     0
440
 16777216
 48
100.0
100
AcDbPoint
 10
64465.42417394975
 20
82270.44362507458
 30
0.0
  0
ENDBLK
  5
4E6
330
4D9
100
AcDbEntity
  8
0
100
AcDbBlockEnd
  0
BLOCK
  5
4E8
330
4E7
100
AcDbEntity
  8
0
100
AcDbBlockBegin
  2
*D46
 70
     1
 10
0.0
 20
0.0
 30
0.0
  3
*D46
  1

  0
LINE
  5
4E9
330
4E7
100
AcDbEntity
  8
$Слои конструкции
  6
Continuous
 62
     5
440
 16777216
370
    13
100
AcDbLine
 10
64265.8520285869
 20
82470.479028387
 30
0.0
 11
64500.42417394975
 21
82470.479028387
 31
0.0
  0
LINE
  5
4EA
330
4E7
100
AcDbEntity
  8
$Слои конструкции
  6
Continuous
 62
     5
440
 16777216
370
    13
100
AcDbLine
 10
64265.85928837535
 20
82670.48628946056
 30
0.0
 11
64500.42417394975
 21
82670.48628946056
 31
0.0
  0
LINE
  5
4EB
330
4E7
100
AcDbEntity
  8
$Слои конструкции
  6
Continuous
 62
     5
440
 16777216
370
    13
100
AcDbLine
 10
64465.42417394975
 20
82470.479028387
 30
0.0
 11
64465.42417394975
 21
82670.48628946056
 31
0.0
  0
INSERT
  5
4EC
330
4E7
100
AcDbEntity
  8
$Слои конструкции
 62
     5
440
 16777216
 48
100.0
370
    13
100
AcDbBlockReference
  2
_Oblique
 10
64465.42417394975
 20
82470.479028387
 30
0.0
 41
75.0
 42
75.0
 43
75.0
 50
270.0
  0
INSERT
  5
4ED
330
4E7
100
AcDbEntity
  8
$Слои конструкции
 62
     5
440
 16777216
 48
100.0
370
    13
100
AcDbBlockReference
  2
_Oblique
 10
64465.42417394975
 20
82670.48628946056
 30
0.0
 41
75.0
 42
75.0
 43
75.0
 50
90.0
  0
MTEXT
  5
4EE
330
4E7
100
AcDbEntity
  8
$Слои конструкции
 62
     5
440
 16777216
 48
100.0
100
AcDbMText
 10
64377.92417394975
 20
82570.4826589243
 30
0.0
 40
125.0
 41
0.0
 46
0.0
 71
     5
 72
     1
  1
\A1;200
  7
@ТРАНСПРОЕКТ
 11
0.0
 21
1.0
 31
0.0
 73
     1
 44
1.0
  0
POINT
  5
4EF
330
4E7
100
AcDbEntity
  8
Defpoints
 62
     0
440
 16777216
 48
100.0
100
AcDbPoint
 10
64215.8520285869
 20
82470.479028387
 30
0.0
  0
POINT
  5
4F0
330
4E7
100
AcDbEntity
  8
Defpoints
 62
     0
440
 16777216
 48
100.0
100
AcDbPoint
 10
64215.85928837536
 20
82670.48628946056
 30
0.0
  0
POINT
  5
4F1
330
4E7
100
AcDbEntity
  8
Defpoints
 62
     0
440
 16777216
 48
100.0
100
AcDbPoint
 10
64465.42417394975
 20
82670.48628946056
 30
0.0
  0
ENDBLK
  5
4F2
330
4E7
100
AcDbEntity
  8
0
100
AcDbBlockEnd
  0
BLOCK
  5
4F4
330
4F3
100
AcDbEntity
  8
0
100
AcDbBlockBegin
  2
*D47
 70
     1
 10
0.0
 20
0.0
 30
0.0
  3
*D47
  1

  0
LINE
  5
4F5
330
4F3
100
AcDbEntity
  8
$Слои конструкции
  6
Continuous
 62
     5
440
 16777216
370
    13
100
AcDbLine
 10
64265.85928837535
 20
82670.48628946056
 30
0.0
 11
64500.42417394975
 21
82670.48628946056
 31
0.0
  0
LINE
  5
4F6
330
4F3
100
AcDbEntity
  8
$Слои конструкции
  6
Continuous
 62
     5
440
 16777216
370
    13
100
AcDbLine
 10
64065.85927163856
 20
82679.48632472963
 30
0.0
 11
64500.42417394975
 21
82679.48632472963
 31
0.0
  0
INSERT
  5
4F7
330
4F3
100
AcDbEntity
  8
$Слои конструкции
 62
     5
440
 16777216
 48
100.0
370
    13
100
AcDbBlockReference
  2
_Oblique
 10
64465.42417394975
 20
82670.48628946056
 30
0.0
 41
75.0
 42
75.0
 43
75.0
 50
90.0
  0
INSERT
  5
4F8
330
4F3
100
AcDbEntity
  8
$Слои конструкции
 62
     5
440
 16777216
 48
100.0
370
    13
100
AcDbBlockReference
  2
_Oblique
 10
64465.42417394975
 20
82679.48632472963
 30
0.0
 41
75.0
 42
75.0
 43
75.0
 50
270.0
  0
MTEXT
  5
4F9
330
4F3
100
AcDbEntity
  8
$Слои конструкции
 62
     5
440
 16777216
 48
100.0
100
AcDbMText
 10
64631.63707628893
 20
82612.55826718906
 30
0.0
 40
125.0
 41
0.0
 46
0.0
 71
     5
 72
     1
  1
\A1;9
  7
@ТРАНСПРОЕКТ
 11
0.0
 21
1.0
 31
0.0
 73
     1
 44
1.0
  0
POINT
  5
4FA
330
4F3
100
AcDbEntity
  8
Defpoints
 62
     0
440
 16777216
 48
100.0
100
AcDbPoint
 10
64215.85928837536
 20
82670.48628946056
 30
0.0
  0
POINT
  5
4FB
330
4F3
100
AcDbEntity
  8
Defpoints
 62
     0
440
 16777216
 48
100.0
100
AcDbPoint
 10
64015.85927163856
 20
82679.48632472963
 30
0.0
  0
POINT
  5
4FC
330
4F3
100
AcDbEntity
  8
Defpoints
 62
     0
440
 16777216
 48
100.0
100
AcDbPoint
 10
64465.42417394975
 20
82679.48632472963
 30
0.0
  0
ENDBLK
  5
4FD
330
4F3
100
AcDbEntity
  8
0
100
AcDbBlockEnd
  0
BLOCK
  5
4FF
330
4FE
100
AcDbEntity
  8
0
100
AcDbBlockBegin
  2
*D48
 70
     1
 10
0.0
 20
0.0
 30
0.0
  3
*D48
  1

  0
LINE
  5
500
330
4FE
100
AcDbEntity
  8
$Слои конструкции
  6
Continuous
 62
     5
440
 16777216
370
    13
100
AcDbLine
 10
64065.85577850463
 20
83043.8031732887
 30
0.0
 11
64500.42417394975
 21
83043.8031732887
 31
0.0
  0
LINE
  5
501
330
4FE
100
AcDbEntity
  8
$Слои конструкции
  6
Continuous
 62
     5
440
 16777216
370
    13
100
AcDbLine
 10
64065.85927163856
 20
82679.48632472963
 30
0.0
 11
64500.42417394975
 21
82679.48632472963
 31
0.0
  0
LINE
  5
502
330
4FE
100
AcDbEntity
  8
$Слои конструкции
  6
Continuous
 62
     5
440
 16777216
370
    13
100
AcDbLine
 10
64465.42417394975
 20
83043.8031732887
 30
0.0
 11
64465.42417394975
 21
82679.48632472963
 31
0.0
  0
INSERT
  5
503
330
4FE
100
AcDbEntity
  8
$Слои конструкции
 62
     5
440
 16777216
 48
100.0
370
    13
100
AcDbBlockReference
  2
_Oblique
 10
64465.42417394975
 20
83043.8031732887
 30
0.0
 41
75.0
 42
75.0
 43
75.0
 50
90.0
  0
INSERT
  5
504
330
4FE
100
AcDbEntity
  8
$Слои конструкции
 62
     5
440
 16777216
 48
100.0
370
    13
100
AcDbBlockReference
  2
_Oblique
 10
64465.42417394975
 20
82679.48632472963
 30
0.0
 41
75.0
 42
75.0
 43
75.0
 50
270.0
  0
MTEXT
  5
505
330
4FE
100
AcDbEntity
  8
$Слои конструкции
 62
     5
440
 16777216
 48
100.0
100
AcDbMText
 10
64377.92417394975
 20
82861.64474900916
 30
0.0
 40
125.0
 41
0.0
 46
0.0
 71
     5
 72
     1
  1
\A1;364
  7
@ТРАНСПРОЕКТ
 11
0.0
 21
1.0
 31
0.0
 73
     1
 44
1.0
  0
POINT
  5
506
330
4FE
100
AcDbEntity
  8
Defpoints
 62
     0
440
 16777216
 48
100.0
100
AcDbPoint
 10
64015.85577850463
 20
83043.8031732887
 30
0.0
  0
POINT
  5
507
330
4FE
100
AcDbEntity
  8
Defpoints
 62
     0
440
 16777216
 48
100.0
100
AcDbPoint
 10
64015.85927163856
 20
82679.48632472963
 30
0.0
  0
POINT
  5
508
330
4FE
100
AcDbEntity
  8
Defpoints
 62
     0
440
 16777216
 48
100.0
100
AcDbPoint
 10
64465.42417394975
 20
82679.48632472963
 30
0.0
  0
ENDBLK
  5
509
330
4FE
100
AcDbEntity
  8
0
100
AcDbBlockEnd
  0
BLOCK
  5
50B
330
50A
100
AcDbEntity
  8
0
100
AcDbBlockBegin
  2
*D49
 70
     1
 10
0.0
 20
0.0
 30
0.0
  3
*D49
  1

  0
LINE
  5
50C
330
50A
100
AcDbEntity
  8
$Слои конструкции
  6
Continuous
 62
     5
440
 16777216
370
    13
100
AcDbLine
 10
63215.81687158765
 20
81987.02318250807
 30
0.0
 11
63215.81687158765
 21
81628.8008207028
 31
0.0
  0
LINE
  5
50D
330
50A
100
AcDbEntity
  8
$Слои конструкции
  6
Continuous
 62
     5
440
 16777216
370
    13
100
AcDbLine
 10
62915.85577850463
 20
82287.05758528679
 30
0.0
 11
62915.85577850463
 21
81628.8008207028
 31
0.0
  0
LINE
  5
50E
330
50A
100
AcDbEntity
  8
$Слои конструкции
  6
Continuous
 62
     5
440
 16777216
370
    13
100
AcDbLine
 10
62915.85577850463
 20
81663.80082070281
 30
0.0
 11
62540.85577850463
 21
81663.80082070281
 31
0.0
  0
LINE
  5
50F
330
50A
100
AcDbEntity
  8
$Слои конструкции
  6
Continuous
 62
     5
440
 16777216
370
    13
100
AcDbLine
 10
62915.85577850463
 20
81663.80082070281
 30
0.0
 11
62540.85577850463
 21
81663.80082070281
 31
0.0
  0
LINE
  5
510
330
50A
100
AcDbEntity
  8
$Слои конструкции
  6
Continuous
 62
     5
440
 16777216
370
    13
100
AcDbLine
 10
63215.81687158765
 20
81663.80082070281
 30
0.0
 11
62915.85577850463
 21
81663.80082070281
 31
0.0
  0
INSERT
  5
511
330
50A
100
AcDbEntity
  8
$Слои конструкции
 62
     5
440
 16777216
 48
100.0
370
    13
100
AcDbBlockReference
  2
_Oblique
 10
63215.81687158765
 20
81663.80082070281
 30
0.0
 41
75.0
 42
75.0
 43
75.0
  0
INSERT
  5
512
330
50A
100
AcDbEntity
  8
$Слои конструкции
 62
     5
440
 16777216
 48
100.0
370
    13
100
AcDbBlockReference
  2
_Oblique
 10
62915.85577850463
 20
81663.80082070281
 30
0.0
 41
75.0
 42
75.0
 43
75.0
 50
180.0
  0
MTEXT
  5
513
330
50A
100
AcDbEntity
  8
$Слои конструкции
 62
     5
440
 16777216
 48
100.0
100
AcDbMText
 10
62690.85577850463
 20
81751.3008207028
 30
0.0
 40
125.0
 41
0.0
 46
0.0
 71
     5
 72
     1
  1
\A1;300
  7
@ТРАНСПРОЕКТ
 73
     1
 44
1.0
  0
POINT
  5
514
330
50A
100
AcDbEntity
  8
Defpoints
 62
     0
440
 16777216
 48
100.0
100
AcDbPoint
 10
63215.81687158765
 20
82037.02318250806
 30
0.0
  0
POINT
  5
515
330
50A
100
AcDbEntity
  8
Defpoints
 62
     0
440
 16777216
 48
100.0
100
AcDbPoint
 10
62915.85577850463
 20
82337.0575852868
 30
0.0
  0
POINT
  5
516
330
50A
100
AcDbEntity
  8
Defpoints
 62
     0
440
 16777216
 48
100.0
100
AcDbPoint
 10
62915.85577850463
 20
81663.80082070281
 30
0.0
  0
ENDBLK
  5
517
330
50A
100
AcDbEntity
  8
0
100
AcDbBlockEnd
  0
BLOCK
  5
519
330
518
100
AcDbEntity
  8
0
100
AcDbBlockBegin
  2
*D50
 70
     1
 10
0.0
 20
0.0
 30
0.0
  3
*D50
  1

  0
LINE
  5
51A
330
518
100
AcDbEntity
  8
$Слои конструкции
  6
Continuous
 62
     5
440
 16777216
370
    13
100
AcDbLine
 10
62865.85577850463
 20
82337.0575852868
 30
0.0
 11
62228.42536442075
 21
82337.0575852868
 31
0.0
  0
LINE
  5
51B
330
518
100
AcDbEntity
  8
$Слои конструкции
  6
Continuous
 62
     5
440
 16777216
370
    13
100
AcDbLine
 10
63165.81687158765
 20
82037.02318250806
 30
0.0
 11
62228.42536442075
 21
82037.02318250806
 31
0.0
  0
LINE
  5
51C
330
518
100
AcDbEntity
  8
$Слои конструкции
  6
Continuous
 62
     5
440
 16777216
370
    13
100
AcDbLine
 10
62263.42536442075
 20
82337.0575852868
 30
0.0
 11
62263.42536442075
 21
82037.02318250806
 31
0.0
  0
INSERT
  5
51D
330
518
100
AcDbEntity
  8
$Слои конструкции
 62
     5
440
 16777216
 48
100.0
370
    13
100
AcDbBlockReference
  2
_Oblique
 10
62263.42536442075
 20
82337.0575852868
 30
0.0
 41
75.0
 42
75.0
 43
75.0
 50
90.0
  0
INSERT
  5
51E
330
518
100
AcDbEntity
  8
$Слои конструкции
 62
     5
440
 16777216
 48
100.0
370
    13
100
AcDbBlockReference
  2
_Oblique
 10
62263.42536442075
 20
82037.02318250806
 30
0.0
 41
75.0
 42
75.0
 43
75.0
 50
270.0
  0
MTEXT
  5
51F
330
518
100
AcDbEntity
  8
$Слои конструкции
 62
     5
440
 16777216
 48
100.0
100
AcDbMText
 10
62175.92536442075
 20
82187.04038389743
 30
0.0
 40
125.0
 41
0.0
 46
0.0
 71
     5
 72
     1
  1
\A1;300
  7
@ТРАНСПРОЕКТ
 11
0.0
 21
1.0
 31
0.0
 73
     1
 44
1.0
  0
POINT
  5
520
330
518
100
AcDbEntity
  8
Defpoints
 62
     0
440
 16777216
 48
100.0
100
AcDbPoint
 10
62915.85577850463
 20
82337.0575852868
 30
0.0
  0
POINT
  5
521
330
518
100
AcDbEntity
  8
Defpoints
 62
     0
440
 16777216
 48
100.0
100
AcDbPoint
 10
63215.81687158765
 20
82037.02318250806
 30
0.0
  0
POINT
  5
522
330
518
100
AcDbEntity
  8
Defpoints
 62
     0
440
 16777216
 48
100.0
100
AcDbPoint
 10
62263.42536442075
 20
82037.02318250806
 30
0.0
  0
ENDBLK
  5
523
330
518
100
AcDbEntity
  8
0
100
AcDbBlockEnd
  0
BLOCK
  5
525
330
524
100
AcDbEntity
  8
0
100
AcDbBlockBegin
  2
*D51
 70
     1
 10
0.0
 20
0.0
 30
0.0
  3
*D51
  1

  0
LINE
  5
526
330
524
100
AcDbEntity
  8
$Размеры
  6
Continuous
440
 16777216
370
    13
100
AcDbLine
 10
68528.8801028058
 20
87406.52283253671
 30
0.0
 11
68354.17202149239
 21
87406.52283253671
 31
0.0
  0
LINE
  5
527
330
524
100
AcDbEntity
  8
$Размеры
  6
Continuous
440
 16777216
370
    13
100
AcDbLine
 10
68528.8801028058
 20
86746.52283253672
 30
0.0
 11
68354.17202149239
 21
86746.52283253672
 31
0.0
  0
LINE
  5
528
330
524
100
AcDbEntity
  8
$Размеры
  6
Continuous
440
 16777216
370
    13
100
AcDbLine
 10
68371.67202149238
 20
87406.52283253671
 30
0.0
 11
68371.67202149238
 21
86746.52283253672
 31
0.0
  0
INSERT
  5
529
330
524
100
AcDbEntity
  8
$Размеры
440
 16777216
 48
100.0
370
    13
100
AcDbBlockReference
  2
_Oblique
 10
68371.67202149238
 20
87406.52283253671
 30
0.0
 41
37.5
 42
37.5
 43
37.5
 50
90.0
  0
INSERT
  5
52A
330
524
100
AcDbEntity
  8
$Размеры
440
 16777216
 48
100.0
370
    13
100
AcDbBlockReference
  2
_Oblique
 10
68371.67202149238
 20
86746.52283253672
 30
0.0
 41
37.5
 42
37.5
 43
37.5
 50
270.0
  0
MTEXT
  5
52B
330
524
100
AcDbEntity
  8
$Размеры
440
 16777216
 48
100.0
100
AcDbMText
 10
68327.92202149239
 20
87076.52283253672
 30
0.0
 40
62.5
 41
0.0
 46
0.0
 71
     5
 72
     1
  1
\A1;660
  7
@ТРАНСПРОЕКТ
 11
0.0
 21
1.0
 31
0.0
 73
     1
 44
1.0
  0
POINT
  5
52C
330
524
100
AcDbEntity
  8
Defpoints
 62
     0
440
 16777216
 48
100.0
100
AcDbPoint
 10
68553.88010280579
 20
87406.52283253671
 30
0.0
  0
POINT
  5
52D
330
524
100
AcDbEntity
  8
Defpoints
 62
     0
440
 16777216
 48
100.0
100
AcDbPoint
 10
68553.88010280579
 20
86746.52283253672
 30
0.0
  0
POINT
  5
52E
330
524
100
AcDbEntity
  8
Defpoints
 62
     0
440
 16777216
 48
100.0
100
AcDbPoint
 10
68371.67202149238
 20
86746.52283253672
 30
0.0
  0
ENDBLK
  5
52F
330
524
100
AcDbEntity
  8
0
100
AcDbBlockEnd
  0
BLOCK
  5
531
330
530
100
AcDbEntity
  8
0
100
AcDbBlockBegin
  2
*D52
 70
     1
 10
0.0
 20
0.0
 30
0.0
  3
*D52
  1

  0
LINE
  5
532
330
530
100
AcDbEntity
  8
$Размеры
  6
Continuous
440
 16777216
370
    13
100
AcDbLine
 10
68528.8801028058
 20
87406.52283253671
 30
0.0
 11
68354.17202149239
 21
87406.52283253671
 31
0.0
  0
LINE
  5
533
330
530
100
AcDbEntity
  8
$Размеры
  6
Continuous
440
 16777216
370
    13
100
AcDbLine
 10
68553.88010280579
 20
87431.52283253673
 30
0.0
 11
68354.17202149239
 21
87431.52283253673
 31
0.0
  0
LINE
  5
534
330
530
100
AcDbEntity
  8
$Размеры
  6
Continuous
440
 16777216
370
    13
100
AcDbLine
 10
68371.67202149238
 20
87431.52283253673
 30
0.0
 11
68371.67202149238
 21
87575.27283253672
 31
0.0
  0
LINE
  5
535
330
530
100
AcDbEntity
  8
$Размеры
  6
Continuous
440
 16777216
370
    13
100
AcDbLine
 10
68371.67202149238
 20
87406.52283253671
 30
0.0
 11
68371.67202149238
 21
87369.02283253671
 31
0.0
  0
INSERT
  5
536
330
530
100
AcDbEntity
  8
$Размеры
440
 16777216
 48
100.0
370
    13
100
AcDbBlockReference
  2
_Oblique
 10
68371.67202149238
 20
87406.52283253671
 30
0.0
 41
37.5
 42
37.5
 43
37.5
 50
90.0
  0
INSERT
  5
537
330
530
100
AcDbEntity
  8
$Размеры
440
 16777216
 48
100.0
370
    13
100
AcDbBlockReference
  2
_Oblique
 10
68371.67202149238
 20
87431.52283253673
 30
0.0
 41
37.5
 42
37.5
 43
37.5
 50
270.0
  0
MTEXT
  5
538
330
530
100
AcDbEntity
  8
$Размеры
440
 16777216
 48
100.0
100
AcDbMText
 10
68327.92202149239
 20
87559.64783253672
 30
0.0
 40
62.5
 41
0.0
 46
0.0
 71
     5
 72
     1
  1
\A1;25
  7
@ТРАНСПРОЕКТ
 11
0.0
 21
1.0
 31
0.0
 73
     1
 44
1.0
  0
POINT
  5
539
330
530
100
AcDbEntity
  8
Defpoints
 62
     0
440
 16777216
 48
100.0
100
AcDbPoint
 10
68553.88010280579
 20
87406.52283253671
 30
0.0
  0
POINT
  5
53A
330
530
100
AcDbEntity
  8
Defpoints
 62
     0
440
 16777216
 48
100.0
100
AcDbPoint
 10
68578.88010280579
 20
87431.52283253673
 30
0.0
  0
POINT
  5
53B
330
530
100
AcDbEntity
  8
Defpoints
 62
     0
440
 16777216
 48
100.0
100
AcDbPoint
 10
68371.67202149238
 20
87431.52283253673
 30
0.0
  0
ENDBLK
  5
53C
330
530
100
AcDbEntity
  8
0
100
AcDbBlockEnd
  0
BLOCK
  5
53E
330
53D
100
AcDbEntity
  8
0
100
AcDbBlockBegin
  2
*D53
 70
     1
 10
0.0
 20
0.0
 30
0.0
  3
*D53
  1

  0
LINE
  5
53F
330
53D
100
AcDbEntity
  8
$Размеры
  6
Continuous
440
 16777216
370
    13
100
AcDbLine
 10
68578.88010280579
 20
87456.52283253672
 30
0.0
 11
68578.88010280579
 21
87650.2682217079
 31
0.0
  0
LINE
  5
540
330
53D
100
AcDbEntity
  8
$Размеры
  6
Continuous
440
 16777216
370
    13
100
AcDbLine
 10
68553.88010280579
 20
87431.52283253673
 30
0.0
 11
68553.88010280579
 21
87650.2682217079
 31
0.0
  0
LINE
  5
541
330
53D
100
AcDbEntity
  8
$Размеры
  6
Continuous
440
 16777216
370
    13
100
AcDbLine
 10
68553.88010280579
 20
87632.76822170789
 30
0.0
 11
68410.13010280579
 21
87632.76822170789
 31
0.0
  0
LINE
  5
542
330
53D
100
AcDbEntity
  8
$Размеры
  6
Continuous
440
 16777216
370
    13
100
AcDbLine
 10
68578.88010280579
 20
87632.76822170789
 30
0.0
 11
68616.3801028058
 21
87632.76822170789
 31
0.0
  0
INSERT
  5
543
330
53D
100
AcDbEntity
  8
$Размеры
440
 16777216
 48
100.0
370
    13
100
AcDbBlockReference
  2
_Oblique
 10
68578.88010280579
 20
87632.76822170789
 30
0.0
 41
37.5
 42
37.5
 43
37.5
 50
180.0
  0
INSERT
  5
544
330
53D
100
AcDbEntity
  8
$Размеры
440
 16777216
 48
100.0
370
    13
100
AcDbBlockReference
  2
_Oblique
 10
68553.88010280579
 20
87632.76822170789
 30
0.0
 41
37.5
 42
37.5
 43
37.5
  0
MTEXT
  5
545
330
53D
100
AcDbEntity
  8
$Размеры
440
 16777216
 48
100.0
100
AcDbMText
 10
68425.75510280579
 20
87676.5182217079
 30
0.0
 40
62.5
 41
0.0
 46
0.0
 71
     5
 72
     1
  1
\A1;25
  7
@ТРАНСПРОЕКТ
 73
     1
 44
1.0
  0
POINT
  5
546
330
53D
100
AcDbEntity
  8
Defpoints
 62
     0
440
 16777216
 48
100.0
100
AcDbPoint
 10
68578.88010280579
 20
87431.52283253673
 30
0.0
  0
POINT
  5
547
330
53D
100
AcDbEntity
  8
Defpoints
 62
     0
440
 16777216
 48
100.0
100
AcDbPoint
 10
68553.88010280579
 20
87406.52283253671
 30
0.0
  0
POINT
  5
548
330
53D
100
AcDbEntity
  8
Defpoints
 62
     0
440
 16777216
 48
100.0
100
AcDbPoint
 10
68553.88010280579
 20
87632.76822170789
 30
0.0
  0
ENDBLK
  5
549
330
53D
100
AcDbEntity
  8
0
100
AcDbBlockEnd
  0
BLOCK
  5
54B
330
54A
100
AcDbEntity
  8
0
100
AcDbBlockBegin
  2
*D54
 70
     1
 10
0.0
 20
0.0
 30
0.0
  3
*D54
  1

  0
LINE
  5
54C
330
54A
100
AcDbEntity
  8
$Размеры
  6
Continuous
440
 16777216
370
    13
100
AcDbLine
 10
68578.88010280579
 20
87456.52283253672
 30
0.0
 11
68578.88010280579
 21
87650.2682217079
 31
0.0
  0
LINE
  5
54D
330
54A
100
AcDbEntity
  8
$Размеры
  6
Continuous
440
 16777216
370
    13
100
AcDbLine
 10
69078.88010280579
 20
87456.52283253672
 30
0.0
 11
69078.88010280579
 21
87650.2682217079
 31
0.0
  0
LINE
  5
54E
330
54A
100
AcDbEntity
  8
$Размеры
  6
Continuous
440
 16777216
370
    13
100
AcDbLine
 10
68578.88010280579
 20
87632.76822170789
 30
0.0
 11
69078.88010280579
 21
87632.76822170789
 31
0.0
  0
INSERT
  5
54F
330
54A
100
AcDbEntity
  8
$Размеры
440
 16777216
 48
100.0
370
    13
100
AcDbBlockReference
  2
_Oblique
 10
68578.88010280579
 20
87632.76822170789
 30
0.0
 41
37.5
 42
37.5
 43
37.5
 50
180.0
  0
INSERT
  5
550
330
54A
100
AcDbEntity
  8
$Размеры
440
 16777216
 48
100.0
370
    13
100
AcDbBlockReference
  2
_Oblique
 10
69078.88010280579
 20
87632.76822170789
 30
0.0
 41
37.5
 42
37.5
 43
37.5
  0
MTEXT
  5
551
330
54A
100
AcDbEntity
  8
$Размеры
440
 16777216
 48
100.0
100
AcDbMText
 10
68828.88010280579
 20
87676.5182217079
 30
0.0
 40
62.5
 41
0.0
 46
0.0
 71
     5
 72
     1
  1
\A1;500
  7
@ТРАНСПРОЕКТ
 73
     1
 44
1.0
  0
POINT
  5
552
330
54A
100
AcDbEntity
  8
Defpoints
 62
     0
440
 16777216
 48
100.0
100
AcDbPoint
 10
68578.88010280579
 20
87431.52283253673
 30
0.0
  0
POINT
  5
553
330
54A
100
AcDbEntity
  8
Defpoints
 62
     0
440
 16777216
 48
100.0
100
AcDbPoint
 10
69078.88010280579
 20
87431.52283253673
 30
0.0
  0
POINT
  5
554
330
54A
100
AcDbEntity
  8
Defpoints
 62
     0
440
 16777216
 48
100.0
100
AcDbPoint
 10
69078.88010280579
 20
87632.76822170789
 30
0.0
  0
ENDBLK
  5
555
330
54A
100
AcDbEntity
  8
0
100
AcDbBlockEnd
  0
BLOCK
  5
557
330
556
100
AcDbEntity
  8
0
100
AcDbBlockBegin
  2
*D55
 70
     1
 10
0.0
 20
0.0
 30
0.0
  3
*D55
  1

  0
LINE
  5
558
330
556
100
AcDbEntity
  8
$Размеры
  6
Continuous
440
 16777216
370
    13
100
AcDbLine
 10
69078.88010280579
 20
87456.52283253672
 30
0.0
 11
69078.88010280579
 21
87650.2682217079
 31
0.0
  0
LINE
  5
559
330
556
100
AcDbEntity
  8
$Размеры
  6
Continuous
440
 16777216
370
    13
100
AcDbLine
 10
69103.88010280579
 20
87431.52283253673
 30
0.0
 11
69103.88010280579
 21
87650.2682217079
 31
0.0
  0
LINE
  5
55A
330
556
100
AcDbEntity
  8
$Размеры
  6
Continuous
440
 16777216
370
    13
100
AcDbLine
 10
69103.88010280579
 20
87632.76822170789
 30
0.0
 11
69247.63010280579
 21
87632.76822170789
 31
0.0
  0
LINE
  5
55B
330
556
100
AcDbEntity
  8
$Размеры
  6
Continuous
440
 16777216
370
    13
100
AcDbLine
 10
69078.88010280579
 20
87632.76822170789
 30
0.0
 11
69041.38010280579
 21
87632.76822170789
 31
0.0
  0
INSERT
  5
55C
330
556
100
AcDbEntity
  8
$Размеры
440
 16777216
 48
100.0
370
    13
100
AcDbBlockReference
  2
_Oblique
 10
69078.88010280579
 20
87632.76822170789
 30
0.0
 41
37.5
 42
37.5
 43
37.5
  0
INSERT
  5
55D
330
556
100
AcDbEntity
  8
$Размеры
440
 16777216
 48
100.0
370
    13
100
AcDbBlockReference
  2
_Oblique
 10
69103.88010280579
 20
87632.76822170789
 30
0.0
 41
37.5
 42
37.5
 43
37.5
 50
180.0
  0
MTEXT
  5
55E
330
556
100
AcDbEntity
  8
$Размеры
440
 16777216
 48
100.0
100
AcDbMText
 10
69232.0051028058
 20
87676.5182217079
 30
0.0
 40
62.5
 41
0.0
 46
0.0
 71
     5
 72
     1
  1
\A1;25
  7
@ТРАНСПРОЕКТ
 73
     1
 44
1.0
  0
POINT
  5
55F
330
556
100
AcDbEntity
  8
Defpoints
 62
     0
440
 16777216
 48
100.0
100
AcDbPoint
 10
69078.88010280579
 20
87431.52283253673
 30
0.0
  0
POINT
  5
560
330
556
100
AcDbEntity
  8
Defpoints
 62
     0
440
 16777216
 48
100.0
100
AcDbPoint
 10
69103.88010280579
 20
87406.52283253671
 30
0.0
  0
POINT
  5
561
330
556
100
AcDbEntity
  8
Defpoints
 62
     0
440
 16777216
 48
100.0
100
AcDbPoint
 10
69103.88010280579
 20
87632.76822170789
 30
0.0
  0
ENDBLK
  5
562
330
556
100
AcDbEntity
  8
0
100
AcDbBlockEnd
  0
BLOCK
  5
564
330
563
100
AcDbEntity
  8
0
100
AcDbBlockBegin
  2
*D56
 70
     1
 10
0.0
 20
0.0
 30
0.0
  3
*D56
  1

  0
LINE
  5
565
330
563
100
AcDbEntity
  8
$Размеры
  6
Continuous
440
 16777216
370
    13
100
AcDbLine
 10
68553.88010280579
 20
87431.52283253673
 30
0.0
 11
68553.88010280579
 21
87787.54619842116
 31
0.0
  0
LINE
  5
566
330
563
100
AcDbEntity
  8
$Размеры
  6
Continuous
440
 16777216
370
    13
100
AcDbLine
 10
69103.88010280579
 20
87431.52283253673
 30
0.0
 11
69103.88010280579
 21
87787.54619842116
 31
0.0
  0
LINE
  5
567
330
563
100
AcDbEntity
  8
$Размеры
  6
Continuous
440
 16777216
370
    13
100
AcDbLine
 10
68553.88010280579
 20
87770.04619842116
 30
0.0
 11
69103.88010280579
 21
87770.04619842116
 31
0.0
  0
INSERT
  5
568
330
563
100
AcDbEntity
  8
$Размеры
440
 16777216
 48
100.0
370
    13
100
AcDbBlockReference
  2
_Oblique
 10
68553.88010280579
 20
87770.04619842116
 30
0.0
 41
37.5
 42
37.5
 43
37.5
 50
180.0
  0
INSERT
  5
569
330
563
100
AcDbEntity
  8
$Размеры
440
 16777216
 48
100.0
370
    13
100
AcDbBlockReference
  2
_Oblique
 10
69103.88010280579
 20
87770.04619842116
 30
0.0
 41
37.5
 42
37.5
 43
37.5
  0
MTEXT
  5
56A
330
563
100
AcDbEntity
  8
$Размеры
440
 16777216
 48
100.0
100
AcDbMText
 10
68828.88010280579
 20
87813.79619842116
 30
0.0
 40
62.5
 41
0.0
 46
0.0
 71
     5
 72
     1
  1
\A1;550
  7
@ТРАНСПРОЕКТ
 73
     1
 44
1.0
  0
POINT
  5
56B
330
563
100
AcDbEntity
  8
Defpoints
 62
     0
440
 16777216
 48
100.0
100
AcDbPoint
 10
68553.88010280579
 20
87406.52283253671
 30
0.0
  0
POINT
  5
56C
330
563
100
AcDbEntity
  8
Defpoints
 62
     0
440
 16777216
 48
100.0
100
AcDbPoint
 10
69103.88010280579
 20
87406.52283253671
 30
0.0
  0
POINT
  5
56D
330
563
100
AcDbEntity
  8
Defpoints
 62
     0
440
 16777216
 48
100.0
100
AcDbPoint
 10
69103.88010280579
 20
87770.04619842116
 30
0.0
  0
ENDBLK
  5
56E
330
563
100
AcDbEntity
  8
0
100
AcDbBlockEnd
  0
BLOCK
  5
570
330
56F
100
AcDbEntity
  8
0
100
AcDbBlockBegin
  2
*D57
 70
     1
 10
0.0
 20
0.0
 30
0.0
  3
*D57
  1

  0
LINE
  5
571
330
56F
100
AcDbEntity
  8
$Размеры
  6
Continuous
440
 16777216
370
    13
100
AcDbLine
 10
68528.8801028058
 20
86746.52283253672
 30
0.0
 11
68354.17202149239
 21
86746.52283253672
 31
0.0
  0
LINE
  5
572
330
56F
100
AcDbEntity
  8
$Размеры
  6
Continuous
440
 16777216
370
    13
100
AcDbLine
 10
68528.8801028058
 20
86446.52276569814
 30
0.0
 11
68354.17202149239
 21
86446.52276569814
 31
0.0
  0
LINE
  5
573
330
56F
100
AcDbEntity
  8
$Размеры
  6
Continuous
440
 16777216
370
    13
100
AcDbLine
 10
68371.67202149238
 20
86746.52283253672
 30
0.0
 11
68371.67202149238
 21
86446.52276569814
 31
0.0
  0
INSERT
  5
574
330
56F
100
AcDbEntity
  8
$Размеры
440
 16777216
 48
100.0
370
    13
100
AcDbBlockReference
  2
_Oblique
 10
68371.67202149238
 20
86746.52283253672
 30
0.0
 41
37.5
 42
37.5
 43
37.5
 50
90.0
  0
INSERT
  5
575
330
56F
100
AcDbEntity
  8
$Размеры
440
 16777216
 48
100.0
370
    13
100
AcDbBlockReference
  2
_Oblique
 10
68371.67202149238
 20
86446.52276569814
 30
0.0
 41
37.5
 42
37.5
 43
37.5
 50
270.0
  0
MTEXT
  5
576
330
56F
100
AcDbEntity
  8
$Размеры
440
 16777216
 48
100.0
100
AcDbMText
 10
68327.92202149239
 20
86596.52279911743
 30
0.0
 40
62.5
 41
0.0
 46
0.0
 71
     5
 72
     1
  1
\A1;300
  7
@ТРАНСПРОЕКТ
 11
0.0
 21
1.0
 31
0.0
 73
     1
 44
1.0
  0
POINT
  5
577
330
56F
100
AcDbEntity
  8
Defpoints
 62
     0
440
 16777216
 48
100.0
100
AcDbPoint
 10
68553.88010280579
 20
86746.52283253672
 30
0.0
  0
POINT
  5
578
330
56F
100
AcDbEntity
  8
Defpoints
 62
     0
440
 16777216
 48
100.0
100
AcDbPoint
 10
68553.88010280579
 20
86446.52276569814
 30
0.0
  0
POINT
  5
579
330
56F
100
AcDbEntity
  8
Defpoints
 62
     0
440
 16777216
 48
100.0
100
AcDbPoint
 10
68371.67202149238
 20
86446.52276569814
 30
0.0
  0
ENDBLK
  5
57A
330
56F
100
AcDbEntity
  8
0
100
AcDbBlockEnd
  0
BLOCK
  5
57C
330
57B
100
AcDbEntity
  8
0
100
AcDbBlockBegin
  2
*D58
 70
     1
 10
0.0
 20
0.0
 30
0.0
  3
*D58
  1

  0
LINE
  5
57D
330
57B
100
AcDbEntity
  8
$Размеры
  6
Continuous
440
 16777216
370
    13
100
AcDbLine
 10
69128.88010280579
 20
87406.52283253671
 30
0.0
 11
69441.10821678862
 21
87406.52283253671
 31
0.0
  0
LINE
  5
57E
330
57B
100
AcDbEntity
  8
$Размеры
  6
Continuous
440
 16777216
370
    13
100
AcDbLine
 10
69103.88010280579
 20
87431.52283253673
 30
0.0
 11
69441.10821678862
 21
87431.52283253673
 31
0.0
  0
LINE
  5
57F
330
57B
100
AcDbEntity
  8
$Размеры
  6
Continuous
440
 16777216
370
    13
100
AcDbLine
 10
69423.60821678862
 20
87431.52283253673
 30
0.0
 11
69423.60821678862
 21
87575.27283253672
 31
0.0
  0
LINE
  5
580
330
57B
100
AcDbEntity
  8
$Размеры
  6
Continuous
440
 16777216
370
    13
100
AcDbLine
 10
69423.60821678862
 20
87406.52283253671
 30
0.0
 11
69423.60821678862
 21
87369.02283253671
 31
0.0
  0
INSERT
  5
581
330
57B
100
AcDbEntity
  8
$Размеры
440
 16777216
 48
100.0
370
    13
100
AcDbBlockReference
  2
_Oblique
 10
69423.60821678862
 20
87406.52283253671
 30
0.0
 41
37.5
 42
37.5
 43
37.5
 50
90.0
  0
INSERT
  5
582
330
57B
100
AcDbEntity
  8
$Размеры
440
 16777216
 48
100.0
370
    13
100
AcDbBlockReference
  2
_Oblique
 10
69423.60821678862
 20
87431.52283253673
 30
0.0
 41
37.5
 42
37.5
 43
37.5
 50
270.0
  0
MTEXT
  5
583
330
57B
100
AcDbEntity
  8
$Размеры
440
 16777216
 48
100.0
100
AcDbMText
 10
69379.85821678862
 20
87559.64783253672
 30
0.0
 40
62.5
 41
0.0
 46
0.0
 71
     5
 72
     1
  1
\A1;25
  7
@ТРАНСПРОЕКТ
 11
0.0
 21
1.0
 31
0.0
 73
     1
 44
1.0
  0
POINT
  5
584
330
57B
100
AcDbEntity
  8
Defpoints
 62
     0
440
 16777216
 48
100.0
100
AcDbPoint
 10
69103.88010280579
 20
87406.52283253671
 30
0.0
  0
POINT
  5
585
330
57B
100
AcDbEntity
  8
Defpoints
 62
     0
440
 16777216
 48
100.0
100
AcDbPoint
 10
69078.88010280579
 20
87431.52283253673
 30
0.0
  0
POINT
  5
586
330
57B
100
AcDbEntity
  8
Defpoints
 62
     0
440
 16777216
 48
100.0
100
AcDbPoint
 10
69423.60821678862
 20
87431.52283253673
 30
0.0
  0
ENDBLK
  5
587
330
57B
100
AcDbEntity
  8
0
100
AcDbBlockEnd
  0
BLOCK
  5
589
330
588
100
AcDbEntity
  8
0
100
AcDbBlockBegin
  2
*D59
 70
     1
 10
0.0
 20
0.0
 30
0.0
  3
*D59
  1

  0
LINE
  5
58A
330
588
100
AcDbEntity
  8
$Размеры
  6
Continuous
440
 16777216
370
    13
100
AcDbLine
 10
69128.88010280579
 20
87406.52283253671
 30
0.0
 11
69441.10821678862
 21
87406.52283253671
 31
0.0
  0
LINE
  5
58B
330
588
100
AcDbEntity
  8
$Размеры
  6
Continuous
440
 16777216
370
    13
100
AcDbLine
 10
69128.88010280579
 20
87296.72907548817
 30
0.0
 11
69441.10821678862
 21
87296.72907548817
 31
0.0
  0
LINE
  5
58C
330
588
100
AcDbEntity
  8
$Размеры
  6
Continuous
440
 16777216
370
    13
100
AcDbLine
 10
69423.60821678862
 20
87406.52283253671
 30
0.0
 11
69423.60821678862
 21
87296.72907548817
 31
0.0
  0
INSERT
  5
58D
330
588
100
AcDbEntity
  8
$Размеры
440
 16777216
 48
100.0
370
    13
100
AcDbBlockReference
  2
_Oblique
 10
69423.60821678862
 20
87406.52283253671
 30
0.0
 41
37.5
 42
37.5
 43
37.5
 50
90.0
  0
INSERT
  5
58E
330
588
100
AcDbEntity
  8
$Размеры
440
 16777216
 48
100.0
370
    13
100
AcDbBlockReference
  2
_Oblique
 10
69423.60821678862
 20
87296.72907548817
 30
0.0
 41
37.5
 42
37.5
 43
37.5
 50
270.0
  0
MTEXT
  5
58F
330
588
100
AcDbEntity
  8
$Размеры
440
 16777216
 48
100.0
100
AcDbMText
 10
69379.85821678862
 20
87351.62595401286
 30
0.0
 40
62.5
 41
0.0
 46
0.0
 71
     5
 72
     1
  1
\A1;110
  7
@ТРАНСПРОЕКТ
 11
0.0
 21
1.0
 31
0.0
 73
     1
 44
1.0
  0
POINT
  5
590
330
588
100
AcDbEntity
  8
Defpoints
 62
     0
440
 16777216
 48
100.0
100
AcDbPoint
 10
69103.88010280579
 20
87406.52283253671
 30
0.0
  0
POINT
  5
591
330
588
100
AcDbEntity
  8
Defpoints
 62
     0
440
 16777216
 48
100.0
100
AcDbPoint
 10
69103.88010280579
 20
87296.72907548817
 30
0.0
  0
POINT
  5
592
330
588
100
AcDbEntity
  8
Defpoints
 62
     0
440
 16777216
 48
100.0
100
AcDbPoint
 10
69423.60821678862
 20
87296.72907548817
 30
0.0
  0
ENDBLK
  5
593
330
588
100
AcDbEntity
  8
0
100
AcDbBlockEnd
  0
BLOCK
  5
595
330
594
100
AcDbEntity
  8
0
100
AcDbBlockBegin
  2
*D60
 70
     1
 10
0.0
 20
0.0
 30
0.0
  3
*D60
  1

  0
LINE
  5
596
330
594
100
AcDbEntity
  8
$Размеры
  6
Continuous
440
 16777216
370
    13
100
AcDbLine
 10
69103.88010280579
 20
87321.72907548816
 30
0.0
 11
69103.88010280579
 21
87340.71550642525
 31
0.0
  0
LINE
  5
597
330
594
100
AcDbEntity
  8
$Размеры
  6
Continuous
440
 16777216
370
    13
100
AcDbLine
 10
69083.88010280579
 20
87321.72907548816
 30
0.0
 11
69083.88010280579
 21
87340.71550642525
 31
0.0
  0
LINE
  5
598
330
594
100
AcDbEntity
  8
$Размеры
  6
Continuous
440
 16777216
370
    13
100
AcDbLine
 10
69103.88010280579
 20
87323.21550642524
 30
0.0
 11
69290.37851506937
 21
87323.21550642524
 31
0.0
  0
LINE
  5
599
330
594
100
AcDbEntity
  8
$Размеры
  6
Continuous
440
 16777216
370
    13
100
AcDbLine
 10
69103.88010280579
 20
87323.21550642524
 30
0.0
 11
69141.38010280579
 21
87323.21550642524
 31
0.0
  0
LINE
  5
59A
330
594
100
AcDbEntity
  8
$Размеры
  6
Continuous
440
 16777216
370
    13
100
AcDbLine
 10
69083.88010280579
 20
87323.21550642524
 30
0.0
 11
69046.38010280579
 21
87323.21550642524
 31
0.0
  0
INSERT
  5
59B
330
594
100
AcDbEntity
  8
$Размеры
440
 16777216
 48
100.0
370
    13
100
AcDbBlockReference
  2
_Oblique
 10
69103.88010280579
 20
87323.21550642524
 30
0.0
 41
37.5
 42
37.5
 43
37.5
 50
180.0
  0
INSERT
  5
59C
330
594
100
AcDbEntity
  8
$Размеры
440
 16777216
 48
100.0
370
    13
100
AcDbBlockReference
  2
_Oblique
 10
69083.88010280579
 20
87323.21550642524
 30
0.0
 41
37.5
 42
37.5
 43
37.5
  0
MTEXT
  5
59D
330
594
100
AcDbEntity
  8
$Размеры
440
 16777216
 48
100.0
100
AcDbMText
 10
69237.25351506937
 20
87366.96550642525
 30
0.0
 40
62.5
 41
0.0
 46
0.0
 71
     5
 72
     1
  1
\A1;20
  7
@ТРАНСПРОЕКТ
 73
     1
 44
1.0
  0
POINT
  5
59E
330
594
100
AcDbEntity
  8
Defpoints
 62
     0
440
 16777216
 48
100.0
100
AcDbPoint
 10
69103.88010280579
 20
87296.72907548817
 30
0.0
  0
POINT
  5
59F
330
594
100
AcDbEntity
  8
Defpoints
 62
     0
440
 16777216
 48
100.0
100
AcDbPoint
 10
69083.88010280579
 20
87296.72907548817
 30
0.0
  0
POINT
  5
5A0
330
594
100
AcDbEntity
  8
Defpoints
 62
     0
440
 16777216
 48
100.0
100
AcDbPoint
 10
69083.88010280579
 20
87323.21550642524
 30
0.0
  0
ENDBLK
  5
5A1
330
594
100
AcDbEntity
  8
0
100
AcDbBlockEnd
  0
BLOCK
  5
5A3
330
5A2
100
AcDbEntity
  8
0
100
AcDbBlockBegin
  2
*D61
 70
     1
 10
0.0
 20
0.0
 30
0.0
  3
*D61
  1

  0
LINE
  5
5A4
330
5A2
100
AcDbEntity
  8
$Размеры
  6
Continuous
440
 16777216
370
    13
100
AcDbLine
 10
69546.350359831
 20
87365.27542776229
 30
0.0
 11
69546.350359831
 21
87259.0254277623
 31
0.0
  0
LINE
  5
5A5
330
5A2
100
AcDbEntity
  8
$Размеры
  6
Continuous
440
 16777216
370
    13
100
AcDbLine
 10
69546.350359831
 20
87259.0254277623
 30
0.0
 11
69423.60821678862
 21
87259.16595401173
 31
0.0
  0
LINE
  5
5A6
330
5A2
100
AcDbEntity
  8
$Размеры
  6
Continuous
440
 16777216
370
    13
100
AcDbLine
 10
69128.88010280579
 20
87296.72907548817
 30
0.0
 11
69441.10821678862
 21
87296.72907548817
 31
0.0
  0
LINE
  5
5A7
330
5A2
100
AcDbEntity
  8
$Размеры
  6
Continuous
440
 16777216
370
    13
100
AcDbLine
 10
69108.88010280579
 20
87221.60283253527
 30
0.0
 11
69441.10821678862
 21
87221.60283253527
 31
0.0
  0
LINE
  5
5A8
330
5A2
100
AcDbEntity
  8
$Размеры
  6
Continuous
440
 16777216
370
    13
100
AcDbLine
 10
69423.60821678862
 20
87296.72907548817
 30
0.0
 11
69423.60821678862
 21
87221.60283253527
 31
0.0
  0
INSERT
  5
5A9
330
5A2
100
AcDbEntity
  8
$Размеры
440
 16777216
 48
100.0
370
    13
100
AcDbBlockReference
  2
_Oblique
 10
69423.60821678862
 20
87296.72907548817
 30
0.0
 41
37.5
 42
37.5
 43
37.5
 50
90.0
  0
INSERT
  5
5AA
330
5A2
100
AcDbEntity
  8
$Размеры
440
 16777216
 48
100.0
370
    13
100
AcDbBlockReference
  2
_Oblique
 10
69423.60821678862
 20
87221.60283253527
 30
0.0
 41
37.5
 42
37.5
 43
37.5
 50
270.0
  0
MTEXT
  5
5AB
330
5A2
100
AcDbEntity
  8
$Размеры
440
 16777216
 48
100.0
100
AcDbMText
 10
69502.60035983101
 20
87312.15042776231
 30
0.0
 40
62.5
 41
0.0
 46
0.0
 71
     5
 72
     1
  1
\A1;75
  7
@ТРАНСПРОЕКТ
 11
0.0
 21
1.0
 31
0.0
 73
     1
 44
1.0
  0
POINT
  5
5AC
330
5A2
100
AcDbEntity
  8
Defpoints
 62
     0
440
 16777216
 48
100.0
100
AcDbPoint
 10
69103.88010280579
 20
87296.72907548817
 30
0.0
  0
POINT
  5
5AD
330
5A2
100
AcDbEntity
  8
Defpoints
 62
     0
440
 16777216
 48
100.0
100
AcDbPoint
 10
69083.88010280579
 20
87221.60283253527
 30
0.0
  0
POINT
  5
5AE
330
5A2
100
AcDbEntity
  8
Defpoints
 62
     0
440
 16777216
 48
100.0
100
AcDbPoint
 10
69423.60821678862
 20
87221.60283253527
 30
0.0
  0
ENDBLK
  5
5AF
330
5A2
100
AcDbEntity
  8
0
100
AcDbBlockEnd
  0
BLOCK
  5
5B1
330
5B0
100
AcDbEntity
  8
0
100
AcDbBlockBegin
  2
*D62
 70
     1
 10
0.0
 20
0.0
 30
0.0
  3
*D62
  1

  0
LINE
  5
5B2
330
5B0
100
AcDbEntity
  8
$Размеры
  6
Continuous
440
 16777216
370
    13
100
AcDbLine
 10
69108.88010280579
 20
87221.60283253527
 30
0.0
 11
69441.10821678862
 21
87221.60283253527
 31
0.0
  0
LINE
  5
5B3
330
5B0
100
AcDbEntity
  8
$Размеры
  6
Continuous
440
 16777216
370
    13
100
AcDbLine
 10
69133.88010280579
 20
87196.60283253528
 30
0.0
 11
69441.10821678862
 21
87196.60283253528
 31
0.0
  0
LINE
  5
5B4
330
5B0
100
AcDbEntity
  8
$Размеры
  6
Continuous
440
 16777216
370
    13
100
AcDbLine
 10
69423.60821678862
 20
87196.60283253528
 30
0.0
 11
69423.60821678862
 21
87052.85283253529
 31
0.0
  0
LINE
  5
5B5
330
5B0
100
AcDbEntity
  8
$Размеры
  6
Continuous
440
 16777216
370
    13
100
AcDbLine
 10
69423.60821678862
 20
87221.60283253527
 30
0.0
 11
69423.60821678862
 21
87259.10283253528
 31
0.0
  0
INSERT
  5
5B6
330
5B0
100
AcDbEntity
  8
$Размеры
440
 16777216
 48
100.0
370
    13
100
AcDbBlockReference
  2
_Oblique
 10
69423.60821678862
 20
87221.60283253527
 30
0.0
 41
37.5
 42
37.5
 43
37.5
 50
270.0
  0
INSERT
  5
5B7
330
5B0
100
AcDbEntity
  8
$Размеры
440
 16777216
 48
100.0
370
    13
100
AcDbBlockReference
  2
_Oblique
 10
69423.60821678862
 20
87196.60283253528
 30
0.0
 41
37.5
 42
37.5
 43
37.5
 50
90.0
  0
MTEXT
  5
5B8
330
5B0
100
AcDbEntity
  8
$Размеры
440
 16777216
 48
100.0
100
AcDbMText
 10
69379.85821678862
 20
87068.47783253529
 30
0.0
 40
62.5
 41
0.0
 46
0.0
 71
     5
 72
     1
  1
\A1;25
  7
@ТРАНСПРОЕКТ
 11
0.0
 21
1.0
 31
0.0
 73
     1
 44
1.0
  0
POINT
  5
5B9
330
5B0
100
AcDbEntity
  8
Defpoints
 62
     0
440
 16777216
 48
100.0
100
AcDbPoint
 10
69083.88010280579
 20
87221.60283253527
 30
0.0
  0
POINT
  5
5BA
330
5B0
100
AcDbEntity
  8
Defpoints
 62
     0
440
 16777216
 48
100.0
100
AcDbPoint
 10
69108.88010280579
 20
87196.60283253528
 30
0.0
  0
POINT
  5
5BB
330
5B0
100
AcDbEntity
  8
Defpoints
 62
     0
440
 16777216
 48
100.0
100
AcDbPoint
 10
69423.60821678862
 20
87196.60283253528
 30
0.0
  0
ENDBLK
  5
5BC
330
5B0
100
AcDbEntity
  8
0
100
AcDbBlockEnd
  0
BLOCK
  5
5BE
330
5BD
100
AcDbEntity
  8
0
100
AcDbBlockBegin
  2
*D63
 70
     1
 10
0.0
 20
0.0
 30
0.0
  3
*D63
  1

  0
LINE
  5
5BF
330
5BD
100
AcDbEntity
  8
$Размеры
  6
Continuous
440
 16777216
370
    13
100
AcDbLine
 10
94508.88010280579
 20
87406.52283253671
 30
0.0
 11
94683.58818411919
 21
87406.52283253671
 31
0.0
  0
LINE
  5
5C0
330
5BD
100
AcDbEntity
  8
$Размеры
  6
Continuous
440
 16777216
370
    13
100
AcDbLine
 10
94508.88010280579
 20
86746.52283253672
 30
0.0
 11
94683.58818411919
 21
86746.52283253672
 31
0.0
  0
LINE
  5
5C1
330
5BD
100
AcDbEntity
  8
$Размеры
  6
Continuous
440
 16777216
370
    13
100
AcDbLine
 10
94666.0881841192
 20
87406.52283253671
 30
0.0
 11
94666.0881841192
 21
86746.52283253672
 31
0.0
  0
INSERT
  5
5C2
330
5BD
100
AcDbEntity
  8
$Размеры
440
 16777216
 48
100.0
370
    13
100
AcDbBlockReference
  2
_Oblique
 10
94666.0881841192
 20
87406.52283253671
 30
0.0
 41
37.5
 42
37.5
 43
37.5
 50
90.0
  0
INSERT
  5
5C3
330
5BD
100
AcDbEntity
  8
$Размеры
440
 16777216
 48
100.0
370
    13
100
AcDbBlockReference
  2
_Oblique
 10
94666.0881841192
 20
86746.52283253672
 30
0.0
 41
37.5
 42
37.5
 43
37.5
 50
270.0
  0
MTEXT
  5
5C4
330
5BD
100
AcDbEntity
  8
$Размеры
440
 16777216
 48
100.0
100
AcDbMText
 10
94622.3381841192
 20
87076.52283253672
 30
0.0
 40
62.5
 41
0.0
 46
0.0
 71
     5
 72
     1
  1
\A1;660
  7
@ТРАНСПРОЕКТ
 11
0.0
 21
1.0
 31
0.0
 73
     1
 44
1.0
  0
POINT
  5
5C5
330
5BD
100
AcDbEntity
  8
Defpoints
 62
     0
440
 16777216
 48
100.0
100
AcDbPoint
 10
94483.88010280579
 20
87406.52283253671
 30
0.0
  0
POINT
  5
5C6
330
5BD
100
AcDbEntity
  8
Defpoints
 62
     0
440
 16777216
 48
100.0
100
AcDbPoint
 10
94483.88010280579
 20
86746.52283253672
 30
0.0
  0
POINT
  5
5C7
330
5BD
100
AcDbEntity
  8
Defpoints
 62
     0
440
 16777216
 48
100.0
100
AcDbPoint
 10
94666.0881841192
 20
86746.52283253672
 30
0.0
  0
ENDBLK
  5
5C8
330
5BD
100
AcDbEntity
  8
0
100
AcDbBlockEnd
  0
BLOCK
  5
5CA
330
5C9
100
AcDbEntity
  8
0
100
AcDbBlockBegin
  2
*D64
 70
     1
 10
0.0
 20
0.0
 30
0.0
  3
*D64
  1

  0
LINE
  5
5CB
330
5C9
100
AcDbEntity
  8
$Размеры
  6
Continuous
440
 16777216
370
    13
100
AcDbLine
 10
94508.88010280579
 20
87406.52283253671
 30
0.0
 11
94683.58818411919
 21
87406.52283253671
 31
0.0
  0
LINE
  5
5CC
330
5C9
100
AcDbEntity
  8
$Размеры
  6
Continuous
440
 16777216
370
    13
100
AcDbLine
 10
94483.88010280579
 20
87431.52283253673
 30
0.0
 11
94683.58818411919
 21
87431.52283253673
 31
0.0
  0
LINE
  5
5CD
330
5C9
100
AcDbEntity
  8
$Размеры
  6
Continuous
440
 16777216
370
    13
100
AcDbLine
 10
94666.0881841192
 20
87431.52283253673
 30
0.0
 11
94666.0881841192
 21
87575.27283253672
 31
0.0
  0
LINE
  5
5CE
330
5C9
100
AcDbEntity
  8
$Размеры
  6
Continuous
440
 16777216
370
    13
100
AcDbLine
 10
94666.0881841192
 20
87406.52283253671
 30
0.0
 11
94666.0881841192
 21
87369.02283253671
 31
0.0
  0
INSERT
  5
5CF
330
5C9
100
AcDbEntity
  8
$Размеры
440
 16777216
 48
100.0
370
    13
100
AcDbBlockReference
  2
_Oblique
 10
94666.0881841192
 20
87406.52283253671
 30
0.0
 41
37.5
 42
37.5
 43
37.5
 50
90.0
  0
INSERT
  5
5D0
330
5C9
100
AcDbEntity
  8
$Размеры
440
 16777216
 48
100.0
370
    13
100
AcDbBlockReference
  2
_Oblique
 10
94666.0881841192
 20
87431.52283253673
 30
0.0
 41
37.5
 42
37.5
 43
37.5
 50
270.0
  0
MTEXT
  5
5D1
330
5C9
100
AcDbEntity
  8
$Размеры
440
 16777216
 48
100.0
100
AcDbMText
 10
94622.3381841192
 20
87559.64783253672
 30
0.0
 40
62.5
 41
0.0
 46
0.0
 71
     5
 72
     1
  1
\A1;25
  7
@ТРАНСПРОЕКТ
 11
0.0
 21
1.0
 31
0.0
 73
     1
 44
1.0
  0
POINT
  5
5D2
330
5C9
100
AcDbEntity
  8
Defpoints
 62
     0
440
 16777216
 48
100.0
100
AcDbPoint
 10
94483.88010280579
 20
87406.52283253671
 30
0.0
  0
POINT
  5
5D3
330
5C9
100
AcDbEntity
  8
Defpoints
 62
     0
440
 16777216
 48
100.0
100
AcDbPoint
 10
94458.8801028058
 20
87431.52283253673
 30
0.0
  0
POINT
  5
5D4
330
5C9
100
AcDbEntity
  8
Defpoints
 62
     0
440
 16777216
 48
100.0
100
AcDbPoint
 10
94666.0881841192
 20
87431.52283253673
 30
0.0
  0
ENDBLK
  5
5D5
330
5C9
100
AcDbEntity
  8
0
100
AcDbBlockEnd
  0
BLOCK
  5
5D7
330
5D6
100
AcDbEntity
  8
0
100
AcDbBlockBegin
  2
*D65
 70
     1
 10
0.0
 20
0.0
 30
0.0
  3
*D65
  1

  0
LINE
  5
5D8
330
5D6
100
AcDbEntity
  8
$Размеры
  6
Continuous
440
 16777216
370
    13
100
AcDbLine
 10
94508.88010280579
 20
86746.52283253672
 30
0.0
 11
94683.58818411919
 21
86746.52283253672
 31
0.0
  0
LINE
  5
5D9
330
5D6
100
AcDbEntity
  8
$Размеры
  6
Continuous
440
 16777216
370
    13
100
AcDbLine
 10
94508.88010280579
 20
86446.52276569814
 30
0.0
 11
94683.58818411919
 21
86446.52276569814
 31
0.0
  0
LINE
  5
5DA
330
5D6
100
AcDbEntity
  8
$Размеры
  6
Continuous
440
 16777216
370
    13
100
AcDbLine
 10
94666.0881841192
 20
86746.52283253672
 30
0.0
 11
94666.0881841192
 21
86446.52276569814
 31
0.0
  0
INSERT
  5
5DB
330
5D6
100
AcDbEntity
  8
$Размеры
440
 16777216
 48
100.0
370
    13
100
AcDbBlockReference
  2
_Oblique
 10
94666.0881841192
 20
86746.52283253672
 30
0.0
 41
37.5
 42
37.5
 43
37.5
 50
90.0
  0
INSERT
  5
5DC
330
5D6
100
AcDbEntity
  8
$Размеры
440
 16777216
 48
100.0
370
    13
100
AcDbBlockReference
  2
_Oblique
 10
94666.0881841192
 20
86446.52276569814
 30
0.0
 41
37.5
 42
37.5
 43
37.5
 50
270.0
  0
MTEXT
  5
5DD
330
5D6
100
AcDbEntity
  8
$Размеры
440
 16777216
 48
100.0
100
AcDbMText
 10
94622.3381841192
 20
86596.52279911743
 30
0.0
 40
62.5
 41
0.0
 46
0.0
 71
     5
 72
     1
  1
\A1;300
  7
@ТРАНСПРОЕКТ
 11
0.0
 21
1.0
 31
0.0
 73
     1
 44
1.0
  0
POINT
  5
5DE
330
5D6
100
AcDbEntity
  8
Defpoints
 62
     0
440
 16777216
 48
100.0
100
AcDbPoint
 10
94483.88010280579
 20
86746.52283253672
 30
0.0
  0
POINT
  5
5DF
330
5D6
100
AcDbEntity
  8
Defpoints
 62
     0
440
 16777216
 48
100.0
100
AcDbPoint
 10
94483.88010280579
 20
86446.52276569814
 30
0.0
  0
POINT
  5
5E0
330
5D6
100
AcDbEntity
  8
Defpoints
 62
     0
440
 16777216
 48
100.0
100
AcDbPoint
 10
94666.0881841192
 20
86446.52276569814
 30
0.0
  0
ENDBLK
  5
5E1
330
5D6
100
AcDbEntity
  8
0
100
AcDbBlockEnd
  0
BLOCK
  5
5E3
330
5E2
100
AcDbEntity
  8
0
100
AcDbBlockBegin
  2
*D66
 70
     1
 10
0.0
 20
0.0
 30
0.0
  3
*D66
  1

  0
LINE
  5
5E4
330
5E2
100
AcDbEntity
  8
$Размеры
  6
Continuous
440
 16777216
370
    13
100
AcDbLine
 10
94458.8801028058
 20
87456.52283253672
 30
0.0
 11
94458.8801028058
 21
87650.2682217079
 31
0.0
  0
LINE
  5
5E5
330
5E2
100
AcDbEntity
  8
$Размеры
  6
Continuous
440
 16777216
370
    13
100
AcDbLine
 10
94483.88010280579
 20
87431.52283253673
 30
0.0
 11
94483.88010280579
 21
87650.2682217079
 31
0.0
  0
LINE
  5
5E6
330
5E2
100
AcDbEntity
  8
$Размеры
  6
Continuous
440
 16777216
370
    13
100
AcDbLine
 10
94483.88010280579
 20
87632.76822170789
 30
0.0
 11
94627.6301028058
 21
87632.76822170789
 31
0.0
  0
LINE
  5
5E7
330
5E2
100
AcDbEntity
  8
$Размеры
  6
Continuous
440
 16777216
370
    13
100
AcDbLine
 10
94458.8801028058
 20
87632.76822170789
 30
0.0
 11
94421.38010280579
 21
87632.76822170789
 31
0.0
  0
INSERT
  5
5E8
330
5E2
100
AcDbEntity
  8
$Размеры
440
 16777216
 48
100.0
370
    13
100
AcDbBlockReference
  2
_Oblique
 10
94458.8801028058
 20
87632.76822170789
 30
0.0
 41
37.5
 42
37.5
 43
37.5
  0
INSERT
  5
5E9
330
5E2
100
AcDbEntity
  8
$Размеры
440
 16777216
 48
100.0
370
    13
100
AcDbBlockReference
  2
_Oblique
 10
94483.88010280579
 20
87632.76822170789
 30
0.0
 41
37.5
 42
37.5
 43
37.5
 50
180.0
  0
MTEXT
  5
5EA
330
5E2
100
AcDbEntity
  8
$Размеры
440
 16777216
 48
100.0
100
AcDbMText
 10
94612.0051028058
 20
87676.5182217079
 30
0.0
 40
62.5
 41
0.0
 46
0.0
 71
     5
 72
     1
  1
\A1;25
  7
@ТРАНСПРОЕКТ
 73
     1
 44
1.0
  0
POINT
  5
5EB
330
5E2
100
AcDbEntity
  8
Defpoints
 62
     0
440
 16777216
 48
100.0
100
AcDbPoint
 10
94458.8801028058
 20
87431.52283253673
 30
0.0
  0
POINT
  5
5EC
330
5E2
100
AcDbEntity
  8
Defpoints
 62
     0
440
 16777216
 48
100.0
100
AcDbPoint
 10
94483.88010280579
 20
87406.52283253671
 30
0.0
  0
POINT
  5
5ED
330
5E2
100
AcDbEntity
  8
Defpoints
 62
     0
440
 16777216
 48
100.0
100
AcDbPoint
 10
94483.88010280579
 20
87632.76822170789
 30
0.0
  0
ENDBLK
  5
5EE
330
5E2
100
AcDbEntity
  8
0
100
AcDbBlockEnd
  0
BLOCK
  5
5F0
330
5EF
100
AcDbEntity
  8
0
100
AcDbBlockBegin
  2
*D67
 70
     1
 10
0.0
 20
0.0
 30
0.0
  3
*D67
  1

  0
LINE
  5
5F1
330
5EF
100
AcDbEntity
  8
$Размеры
  6
Continuous
440
 16777216
370
    13
100
AcDbLine
 10
94458.8801028058
 20
87456.52283253672
 30
0.0
 11
94458.8801028058
 21
87650.2682217079
 31
0.0
  0
LINE
  5
5F2
330
5EF
100
AcDbEntity
  8
$Размеры
  6
Continuous
440
 16777216
370
    13
100
AcDbLine
 10
94258.8801028058
 20
87456.52283253672
 30
0.0
 11
94258.8801028058
 21
87650.2682217079
 31
0.0
  0
LINE
  5
5F3
330
5EF
100
AcDbEntity
  8
$Размеры
  6
Continuous
440
 16777216
370
    13
100
AcDbLine
 10
94458.8801028058
 20
87632.76822170789
 30
0.0
 11
94258.8801028058
 21
87632.76822170789
 31
0.0
  0
INSERT
  5
5F4
330
5EF
100
AcDbEntity
  8
$Размеры
440
 16777216
 48
100.0
370
    13
100
AcDbBlockReference
  2
_Oblique
 10
94458.8801028058
 20
87632.76822170789
 30
0.0
 41
37.5
 42
37.5
 43
37.5
  0
INSERT
  5
5F5
330
5EF
100
AcDbEntity
  8
$Размеры
440
 16777216
 48
100.0
370
    13
100
AcDbBlockReference
  2
_Oblique
 10
94258.8801028058
 20
87632.76822170789
 30
0.0
 41
37.5
 42
37.5
 43
37.5
 50
180.0
  0
MTEXT
  5
5F6
330
5EF
100
AcDbEntity
  8
$Размеры
440
 16777216
 48
100.0
100
AcDbMText
 10
94358.8801028058
 20
87676.5182217079
 30
0.0
 40
62.5
 41
0.0
 46
0.0
 71
     5
 72
     1
  1
\A1;200
  7
@ТРАНСПРОЕКТ
 73
     1
 44
1.0
  0
POINT
  5
5F7
330
5EF
100
AcDbEntity
  8
Defpoints
 62
     0
440
 16777216
 48
100.0
100
AcDbPoint
 10
94458.8801028058
 20
87431.52283253673
 30
0.0
  0
POINT
  5
5F8
330
5EF
100
AcDbEntity
  8
Defpoints
 62
     0
440
 16777216
 48
100.0
100
AcDbPoint
 10
94258.8801028058
 20
87431.52283253673
 30
0.0
  0
POINT
  5
5F9
330
5EF
100
AcDbEntity
  8
Defpoints
 62
     0
440
 16777216
 48
100.0
100
AcDbPoint
 10
94258.8801028058
 20
87632.76822170789
 30
0.0
  0
ENDBLK
  5
5FA
330
5EF
100
AcDbEntity
  8
0
100
AcDbBlockEnd
  0
BLOCK
  5
5FC
330
5FB
100
AcDbEntity
  8
0
100
AcDbBlockBegin
  2
*D68
 70
     1
 10
0.0
 20
0.0
 30
0.0
  3
*D68
  1

  0
LINE
  5
5FD
330
5FB
100
AcDbEntity
  8
$Размеры
  6
Continuous
440
 16777216
370
    13
100
AcDbLine
 10
94258.8801028058
 20
87456.52283253672
 30
0.0
 11
94258.8801028058
 21
87650.2682217079
 31
0.0
  0
LINE
  5
5FE
330
5FB
100
AcDbEntity
  8
$Размеры
  6
Continuous
440
 16777216
370
    13
100
AcDbLine
 10
94233.88010280579
 20
87431.52283253673
 30
0.0
 11
94233.88010280579
 21
87650.2682217079
 31
0.0
  0
LINE
  5
5FF
330
5FB
100
AcDbEntity
  8
$Размеры
  6
Continuous
440
 16777216
370
    13
100
AcDbLine
 10
94233.88010280579
 20
87632.76822170789
 30
0.0
 11
94090.13010280579
 21
87632.76822170789
 31
0.0
  0
LINE
  5
600
330
5FB
100
AcDbEntity
  8
$Размеры
  6
Continuous
440
 16777216
370
    13
100
AcDbLine
 10
94258.8801028058
 20
87632.76822170789
 30
0.0
 11
94296.3801028058
 21
87632.76822170789
 31
0.0
  0
INSERT
  5
601
330
5FB
100
AcDbEntity
  8
$Размеры
440
 16777216
 48
100.0
370
    13
100
AcDbBlockReference
  2
_Oblique
 10
94258.8801028058
 20
87632.76822170789
 30
0.0
 41
37.5
 42
37.5
 43
37.5
 50
180.0
  0
INSERT
  5
602
330
5FB
100
AcDbEntity
  8
$Размеры
440
 16777216
 48
100.0
370
    13
100
AcDbBlockReference
  2
_Oblique
 10
94233.88010280579
 20
87632.76822170789
 30
0.0
 41
37.5
 42
37.5
 43
37.5
  0
MTEXT
  5
603
330
5FB
100
AcDbEntity
  8
$Размеры
440
 16777216
 48
100.0
100
AcDbMText
 10
94105.7551028058
 20
87676.5182217079
 30
0.0
 40
62.5
 41
0.0
 46
0.0
 71
     5
 72
     1
  1
\A1;25
  7
@ТРАНСПРОЕКТ
 73
     1
 44
1.0
  0
POINT
  5
604
330
5FB
100
AcDbEntity
  8
Defpoints
 62
     0
440
 16777216
 48
100.0
100
AcDbPoint
 10
94258.8801028058
 20
87431.52283253673
 30
0.0
  0
POINT
  5
605
330
5FB
100
AcDbEntity
  8
Defpoints
 62
     0
440
 16777216
 48
100.0
100
AcDbPoint
 10
94233.88010280579
 20
87406.52283253671
 30
0.0
  0
POINT
  5
606
330
5FB
100
AcDbEntity
  8
Defpoints
 62
     0
440
 16777216
 48
100.0
100
AcDbPoint
 10
94233.88010280579
 20
87632.76822170789
 30
0.0
  0
ENDBLK
  5
607
330
5FB
100
AcDbEntity
  8
0
100
AcDbBlockEnd
  0
BLOCK
  5
609
330
608
100
AcDbEntity
  8
0
100
AcDbBlockBegin
  2
*D69
 70
     1
 10
0.0
 20
0.0
 30
0.0
  3
*D69
  1

  0
LINE
  5
60A
330
608
100
AcDbEntity
  8
$Размеры
  6
Continuous
440
 16777216
370
    13
100
AcDbLine
 10
94483.88010280579
 20
87431.52283253673
 30
0.0
 11
94483.88010280579
 21
87787.54619842116
 31
0.0
  0
LINE
  5
60B
330
608
100
AcDbEntity
  8
$Размеры
  6
Continuous
440
 16777216
370
    13
100
AcDbLine
 10
94233.88010280579
 20
87431.52283253673
 30
0.0
 11
94233.88010280579
 21
87787.54619842116
 31
0.0
  0
LINE
  5
60C
330
608
100
AcDbEntity
  8
$Размеры
  6
Continuous
440
 16777216
370
    13
100
AcDbLine
 10
94483.88010280579
 20
87770.04619842116
 30
0.0
 11
94233.88010280579
 21
87770.04619842116
 31
0.0
  0
INSERT
  5
60D
330
608
100
AcDbEntity
  8
$Размеры
440
 16777216
 48
100.0
370
    13
100
AcDbBlockReference
  2
_Oblique
 10
94483.88010280579
 20
87770.04619842116
 30
0.0
 41
37.5
 42
37.5
 43
37.5
  0
INSERT
  5
60E
330
608
100
AcDbEntity
  8
$Размеры
440
 16777216
 48
100.0
370
    13
100
AcDbBlockReference
  2
_Oblique
 10
94233.88010280579
 20
87770.04619842116
 30
0.0
 41
37.5
 42
37.5
 43
37.5
 50
180.0
  0
MTEXT
  5
60F
330
608
100
AcDbEntity
  8
$Размеры
440
 16777216
 48
100.0
100
AcDbMText
 10
94358.8801028058
 20
87813.79619842116
 30
0.0
 40
62.5
 41
0.0
 46
0.0
 71
     5
 72
     1
  1
\A1;250
  7
@ТРАНСПРОЕКТ
 73
     1
 44
1.0
  0
POINT
  5
610
330
608
100
AcDbEntity
  8
Defpoints
 62
     0
440
 16777216
 48
100.0
100
AcDbPoint
 10
94483.88010280579
 20
87406.52283253671
 30
0.0
  0
POINT
  5
611
330
608
100
AcDbEntity
  8
Defpoints
 62
     0
440
 16777216
 48
100.0
100
AcDbPoint
 10
94233.88010280579
 20
87406.52283253671
 30
0.0
  0
POINT
  5
612
330
608
100
AcDbEntity
  8
Defpoints
 62
     0
440
 16777216
 48
100.0
100
AcDbPoint
 10
94233.88010280579
 20
87770.04619842116
 30
0.0
  0
ENDBLK
  5
613
330
608
100
AcDbEntity
  8
0
100
AcDbBlockEnd
  0
BLOCK
  5
615
330
614
100
AcDbEntity
  8
0
100
AcDbBlockBegin
  2
*D70
 70
     1
 10
0.0
 20
0.0
 30
0.0
  3
*D70
  1

  0
LINE
  5
616
330
614
100
AcDbEntity
  8
$Размеры
  6
Continuous
440
 16777216
370
    13
100
AcDbLine
 10
94208.88010280579
 20
87406.52283253671
 30
0.0
 11
93896.65198882296
 21
87406.52283253671
 31
0.0
  0
LINE
  5
617
330
614
100
AcDbEntity
  8
$Размеры
  6
Continuous
440
 16777216
370
    13
100
AcDbLine
 10
94233.88010280579
 20
87431.52283253673
 30
0.0
 11
93896.65198882296
 21
87431.52283253673
 31
0.0
  0
LINE
  5
618
330
614
100
AcDbEntity
  8
$Размеры
  6
Continuous
440
 16777216
370
    13
100
AcDbLine
 10
93914.15198882297
 20
87431.52283253673
 30
0.0
 11
93914.15198882297
 21
87575.27283253672
 31
0.0
  0
LINE
  5
619
330
614
100
AcDbEntity
  8
$Размеры
  6
Continuous
440
 16777216
370
    13
100
AcDbLine
 10
93914.15198882297
 20
87406.52283253671
 30
0.0
 11
93914.15198882297
 21
87369.02283253671
 31
0.0
  0
INSERT
  5
61A
330
614
100
AcDbEntity
  8
$Размеры
440
 16777216
 48
100.0
370
    13
100
AcDbBlockReference
  2
_Oblique
 10
93914.15198882297
 20
87406.52283253671
 30
0.0
 41
37.5
 42
37.5
 43
37.5
 50
90.0
  0
INSERT
  5
61B
330
614
100
AcDbEntity
  8
$Размеры
440
 16777216
 48
100.0
370
    13
100
AcDbBlockReference
  2
_Oblique
 10
93914.15198882297
 20
87431.52283253673
 30
0.0
 41
37.5
 42
37.5
 43
37.5
 50
270.0
  0
MTEXT
  5
61C
330
614
100
AcDbEntity
  8
$Размеры
440
 16777216
 48
100.0
100
AcDbMText
 10
93870.40198882298
 20
87559.64783253672
 30
0.0
 40
62.5
 41
0.0
 46
0.0
 71
     5
 72
     1
  1
\A1;25
  7
@ТРАНСПРОЕКТ
 11
0.0
 21
1.0
 31
0.0
 73
     1
 44
1.0
  0
POINT
  5
61D
330
614
100
AcDbEntity
  8
Defpoints
 62
     0
440
 16777216
 48
100.0
100
AcDbPoint
 10
94233.88010280579
 20
87406.52283253671
 30
0.0
  0
POINT
  5
61E
330
614
100
AcDbEntity
  8
Defpoints
 62
     0
440
 16777216
 48
100.0
100
AcDbPoint
 10
94258.8801028058
 20
87431.52283253673
 30
0.0
  0
POINT
  5
61F
330
614
100
AcDbEntity
  8
Defpoints
 62
     0
440
 16777216
 48
100.0
100
AcDbPoint
 10
93914.15198882297
 20
87431.52283253673
 30
0.0
  0
ENDBLK
  5
620
330
614
100
AcDbEntity
  8
0
100
AcDbBlockEnd
  0
BLOCK
  5
622
330
621
100
AcDbEntity
  8
0
100
AcDbBlockBegin
  2
*D71
 70
     1
 10
0.0
 20
0.0
 30
0.0
  3
*D71
  1

  0
LINE
  5
623
330
621
100
AcDbEntity
  8
$Размеры
  6
Continuous
440
 16777216
370
    13
100
AcDbLine
 10
93756.37090248195
 20
87482.66164748359
 30
0.0
 11
93756.37090248195
 21
87376.41164748358
 31
0.0
  0
LINE
  5
624
330
621
100
AcDbEntity
  8
$Размеры
  6
Continuous
440
 16777216
370
    13
100
AcDbLine
 10
93756.37090248195
 20
87376.41164748358
 30
0.0
 11
93914.15198882297
 21
87376.62595401245
 31
0.0
  0
LINE
  5
625
330
621
100
AcDbEntity
  8
$Размеры
  6
Continuous
440
 16777216
370
    13
100
AcDbLine
 10
94208.88010280579
 20
87406.52283253671
 30
0.0
 11
93896.65198882296
 21
87406.52283253671
 31
0.0
  0
LINE
  5
626
330
621
100
AcDbEntity
  8
$Размеры
  6
Continuous
440
 16777216
370
    13
100
AcDbLine
 10
94208.88010280579
 20
87346.72907548818
 30
0.0
 11
93896.65198882296
 21
87346.72907548818
 31
0.0
  0
LINE
  5
627
330
621
100
AcDbEntity
  8
$Размеры
  6
Continuous
440
 16777216
370
    13
100
AcDbLine
 10
93914.15198882297
 20
87406.52283253671
 30
0.0
 11
93914.15198882297
 21
87346.72907548818
 31
0.0
  0
INSERT
  5
628
330
621
100
AcDbEntity
  8
$Размеры
440
 16777216
 48
100.0
370
    13
100
AcDbBlockReference
  2
_Oblique
 10
93914.15198882297
 20
87406.52283253671
 30
0.0
 41
37.5
 42
37.5
 43
37.5
 50
90.0
  0
INSERT
  5
629
330
621
100
AcDbEntity
  8
$Размеры
440
 16777216
 48
100.0
370
    13
100
AcDbBlockReference
  2
_Oblique
 10
93914.15198882297
 20
87346.72907548818
 30
0.0
 41
37.5
 42
37.5
 43
37.5
 50
270.0
  0
MTEXT
  5
62A
330
621
100
AcDbEntity
  8
$Размеры
440
 16777216
 48
100.0
100
AcDbMText
 10
93712.62090248196
 20
87429.53664748359
 30
0.0
 40
62.5
 41
0.0
 46
0.0
 71
     5
 72
     1
  1
\A1;60
  7
@ТРАНСПРОЕКТ
 11
0.0
 21
1.0
 31
0.0
 73
     1
 44
1.0
  0
POINT
  5
62B
330
621
100
AcDbEntity
  8
Defpoints
 62
     0
440
 16777216
 48
100.0
100
AcDbPoint
 10
94233.88010280579
 20
87406.52283253671
 30
0.0
  0
POINT
  5
62C
330
621
100
AcDbEntity
  8
Defpoints
 62
     0
440
 16777216
 48
100.0
100
AcDbPoint
 10
94233.88010280579
 20
87346.72907548818
 30
0.0
  0
POINT
  5
62D
330
621
100
AcDbEntity
  8
Defpoints
 62
     0
440
 16777216
 48
100.0
100
AcDbPoint
 10
93914.15198882297
 20
87346.72907548818
 30
0.0
  0
ENDBLK
  5
62E
330
621
100
AcDbEntity
  8
0
100
AcDbBlockEnd
  0
BLOCK
  5
630
330
62F
100
AcDbEntity
  8
0
100
AcDbBlockBegin
  2
*D72
 70
     1
 10
0.0
 20
0.0
 30
0.0
  3
*D72
  1

  0
LINE
  5
631
330
62F
100
AcDbEntity
  8
$Размеры
  6
Continuous
440
 16777216
370
    13
100
AcDbLine
 10
94208.88010280579
 20
87346.72907548818
 30
0.0
 11
93896.65198882296
 21
87346.72907548818
 31
0.0
  0
LINE
  5
632
330
62F
100
AcDbEntity
  8
$Размеры
  6
Continuous
440
 16777216
370
    13
100
AcDbLine
 10
94228.8801028058
 20
87221.60283253527
 30
0.0
 11
93896.65198882296
 21
87221.60283253527
 31
0.0
  0
LINE
  5
633
330
62F
100
AcDbEntity
  8
$Размеры
  6
Continuous
440
 16777216
370
    13
100
AcDbLine
 10
93914.15198882297
 20
87346.72907548818
 30
0.0
 11
93914.15198882297
 21
87221.60283253527
 31
0.0
  0
INSERT
  5
634
330
62F
100
AcDbEntity
  8
$Размеры
440
 16777216
 48
100.0
370
    13
100
AcDbBlockReference
  2
_Oblique
 10
93914.15198882297
 20
87346.72907548818
 30
0.0
 41
37.5
 42
37.5
 43
37.5
 50
90.0
  0
INSERT
  5
635
330
62F
100
AcDbEntity
  8
$Размеры
440
 16777216
 48
100.0
370
    13
100
AcDbBlockReference
  2
_Oblique
 10
93914.15198882297
 20
87221.60283253527
 30
0.0
 41
37.5
 42
37.5
 43
37.5
 50
270.0
  0
MTEXT
  5
636
330
62F
100
AcDbEntity
  8
$Размеры
440
 16777216
 48
100.0
100
AcDbMText
 10
93870.40198882298
 20
87284.16595401219
 30
0.0
 40
62.5
 41
0.0
 46
0.0
 71
     5
 72
     1
  1
\A1;125
  7
@ТРАНСПРОЕКТ
 11
0.0
 21
1.0
 31
0.0
 73
     1
 44
1.0
  0
POINT
  5
637
330
62F
100
AcDbEntity
  8
Defpoints
 62
     0
440
 16777216
 48
100.0
100
AcDbPoint
 10
94233.88010280579
 20
87346.72907548818
 30
0.0
  0
POINT
  5
638
330
62F
100
AcDbEntity
  8
Defpoints
 62
     0
440
 16777216
 48
100.0
100
AcDbPoint
 10
94253.88010280579
 20
87221.60283253527
 30
0.0
  0
POINT
  5
639
330
62F
100
AcDbEntity
  8
Defpoints
 62
     0
440
 16777216
 48
100.0
100
AcDbPoint
 10
93914.15198882297
 20
87221.60283253527
 30
0.0
  0
ENDBLK
  5
63A
330
62F
100
AcDbEntity
  8
0
100
AcDbBlockEnd
  0
BLOCK
  5
63C
330
63B
100
AcDbEntity
  8
0
100
AcDbBlockBegin
  2
*D73
 70
     1
 10
0.0
 20
0.0
 30
0.0
  3
*D73
  1

  0
LINE
  5
63D
330
63B
100
AcDbEntity
  8
$Размеры
  6
Continuous
440
 16777216
370
    13
100
AcDbLine
 10
94228.8801028058
 20
87221.60283253527
 30
0.0
 11
93896.65198882296
 21
87221.60283253527
 31
0.0
  0
LINE
  5
63E
330
63B
100
AcDbEntity
  8
$Размеры
  6
Continuous
440
 16777216
370
    13
100
AcDbLine
 10
94203.88010280579
 20
87196.60283253528
 30
0.0
 11
93896.65198882296
 21
87196.60283253528
 31
0.0
  0
LINE
  5
63F
330
63B
100
AcDbEntity
  8
$Размеры
  6
Continuous
440
 16777216
370
    13
100
AcDbLine
 10
93914.15198882297
 20
87196.60283253528
 30
0.0
 11
93914.15198882297
 21
87052.85283253529
 31
0.0
  0
LINE
  5
640
330
63B
100
AcDbEntity
  8
$Размеры
  6
Continuous
440
 16777216
370
    13
100
AcDbLine
 10
93914.15198882297
 20
87221.60283253527
 30
0.0
 11
93914.15198882297
 21
87259.10283253528
 31
0.0
  0
INSERT
  5
641
330
63B
100
AcDbEntity
  8
$Размеры
440
 16777216
 48
100.0
370
    13
100
AcDbBlockReference
  2
_Oblique
 10
93914.15198882297
 20
87221.60283253527
 30
0.0
 41
37.5
 42
37.5
 43
37.5
 50
270.0
  0
INSERT
  5
642
330
63B
100
AcDbEntity
  8
$Размеры
440
 16777216
 48
100.0
370
    13
100
AcDbBlockReference
  2
_Oblique
 10
93914.15198882297
 20
87196.60283253528
 30
0.0
 41
37.5
 42
37.5
 43
37.5
 50
90.0
  0
MTEXT
  5
643
330
63B
100
AcDbEntity
  8
$Размеры
440
 16777216
 48
100.0
100
AcDbMText
 10
93870.40198882298
 20
87068.47783253529
 30
0.0
 40
62.5
 41
0.0
 46
0.0
 71
     5
 72
     1
  1
\A1;25
  7
@ТРАНСПРОЕКТ
 11
0.0
 21
1.0
 31
0.0
 73
     1
 44
1.0
  0
POINT
  5
644
330
63B
100
AcDbEntity
  8
Defpoints
 62
     0
440
 16777216
 48
100.0
100
AcDbPoint
 10
94253.88010280579
 20
87221.60283253527
 30
0.0
  0
POINT
  5
645
330
63B
100
AcDbEntity
  8
Defpoints
 62
     0
440
 16777216
 48
100.0
100
AcDbPoint
 10
94228.8801028058
 20
87196.60283253528
 30
0.0
  0
POINT
  5
646
330
63B
100
AcDbEntity
  8
Defpoints
 62
     0
440
 16777216
 48
100.0
100
AcDbPoint
 10
93914.15198882297
 20
87196.60283253528
 30
0.0
  0
ENDBLK
  5
647
330
63B
100
AcDbEntity
  8
0
100
AcDbBlockEnd
  0
BLOCK
  5
649
330
648
100
AcDbEntity
  8
0
100
AcDbBlockBegin
  2
*D74
 70
     1
 10
0.0
 20
0.0
 30
0.0
  3
*D74
  1

  0
LINE
  5
64A
330
648
100
AcDbEntity
  8
$Размеры
  6
Continuous
440
 16777216
370
    13
100
AcDbLine
 10
94483.88010280579
 20
87431.52283253673
 30
0.0
 11
94853.54982845391
 21
87431.52283253673
 31
0.0
  0
LINE
  5
64B
330
648
100
AcDbEntity
  8
$Размеры
  6
Continuous
440
 16777216
370
    13
100
AcDbLine
 10
94508.88010280579
 20
86746.52283253672
 30
0.0
 11
94853.54982845391
 21
86746.52283253672
 31
0.0
  0
LINE
  5
64C
330
648
100
AcDbEntity
  8
$Размеры
  6
Continuous
440
 16777216
370
    13
100
AcDbLine
 10
94836.04982845392
 20
87431.52283253673
 30
0.0
 11
94836.04982845392
 21
86746.52283253672
 31
0.0
  0
INSERT
  5
64D
330
648
100
AcDbEntity
  8
$Размеры
440
 16777216
 48
100.0
370
    13
100
AcDbBlockReference
  2
_Oblique
 10
94836.04982845392
 20
87431.52283253673
 30
0.0
 41
37.5
 42
37.5
 43
37.5
 50
90.0
  0
INSERT
  5
64E
330
648
100
AcDbEntity
  8
$Размеры
440
 16777216
 48
100.0
370
    13
100
AcDbBlockReference
  2
_Oblique
 10
94836.04982845392
 20
86746.52283253672
 30
0.0
 41
37.5
 42
37.5
 43
37.5
 50
270.0
  0
MTEXT
  5
64F
330
648
100
AcDbEntity
  8
$Размеры
440
 16777216
 48
100.0
100
AcDbMText
 10
94792.29982845392
 20
87089.02283253673
 30
0.0
 40
62.5
 41
0.0
 46
0.0
 71
     5
 72
     1
  1
\A1;685
  7
@ТРАНСПРОЕКТ
 11
0.0
 21
1.0
 31
0.0
 73
     1
 44
1.0
  0
POINT
  5
650
330
648
100
AcDbEntity
  8
Defpoints
 62
     0
440
 16777216
 48
100.0
100
AcDbPoint
 10
94458.8801028058
 20
87431.52283253673
 30
0.0
  0
POINT
  5
651
330
648
100
AcDbEntity
  8
Defpoints
 62
     0
440
 16777216
 48
100.0
100
AcDbPoint
 10
94483.88010280579
 20
86746.52283253672
 30
0.0
  0
POINT
  5
652
330
648
100
AcDbEntity
  8
Defpoints
 62
     0
440
 16777216
 48
100.0
100
AcDbPoint
 10
94836.04982845392
 20
86746.52283253672
 30
0.0
  0
ENDBLK
  5
653
330
648
100
AcDbEntity
  8
0
100
AcDbBlockEnd
  0
BLOCK
  5
655
330
654
100
AcDbEntity
  8
0
100
AcDbBlockBegin
  2
*D75
 70
     1
 10
0.0
 20
0.0
 30
0.0
  3
*D75
  1

  0
LINE
  5
656
330
654
100
AcDbEntity
  8
$Размеры
  6
Continuous
440
 16777216
370
    13
100
AcDbLine
 10
68553.88010280579
 20
87431.52283253673
 30
0.0
 11
68200.62046090979
 21
87431.52283253673
 31
0.0
  0
LINE
  5
657
330
654
100
AcDbEntity
  8
$Размеры
  6
Continuous
440
 16777216
370
    13
100
AcDbLine
 10
68528.8801028058
 20
86746.52283253672
 30
0.0
 11
68200.62046090979
 21
86746.52283253672
 31
0.0
  0
LINE
  5
658
330
654
100
AcDbEntity
  8
$Размеры
  6
Continuous
440
 16777216
370
    13
100
AcDbLine
 10
68218.12046090979
 20
87431.52283253673
 30
0.0
 11
68218.12046090979
 21
86746.52283253672
 31
0.0
  0
INSERT
  5
659
330
654
100
AcDbEntity
  8
$Размеры
440
 16777216
 48
100.0
370
    13
100
AcDbBlockReference
  2
_Oblique
 10
68218.12046090979
 20
87431.52283253673
 30
0.0
 41
37.5
 42
37.5
 43
37.5
 50
90.0
  0
INSERT
  5
65A
330
654
100
AcDbEntity
  8
$Размеры
440
 16777216
 48
100.0
370
    13
100
AcDbBlockReference
  2
_Oblique
 10
68218.12046090979
 20
86746.52283253672
 30
0.0
 41
37.5
 42
37.5
 43
37.5
 50
270.0
  0
MTEXT
  5
65B
330
654
100
AcDbEntity
  8
$Размеры
440
 16777216
 48
100.0
100
AcDbMText
 10
68174.37046090979
 20
87089.02283253673
 30
0.0
 40
62.5
 41
0.0
 46
0.0
 71
     5
 72
     1
  1
\A1;685
  7
@ТРАНСПРОЕКТ
 11
0.0
 21
1.0
 31
0.0
 73
     1
 44
1.0
  0
POINT
  5
65C
330
654
100
AcDbEntity
  8
Defpoints
 62
     0
440
 16777216
 48
100.0
100
AcDbPoint
 10
68578.88010280579
 20
87431.52283253673
 30
0.0
  0
POINT
  5
65D
330
654
100
AcDbEntity
  8
Defpoints
 62
     0
440
 16777216
 48
100.0
100
AcDbPoint
 10
68553.88010280579
 20
86746.52283253672
 30
0.0
  0
POINT
  5
65E
330
654
100
AcDbEntity
  8
Defpoints
 62
     0
440
 16777216
 48
100.0
100
AcDbPoint
 10
68218.12046090979
 20
86746.52283253672
 30
0.0
  0
ENDBLK
  5
65F
330
654
100
AcDbEntity
  8
0
100
AcDbBlockEnd
  0
BLOCK
  5
661
330
660
100
AcDbEntity
  8
0
100
AcDbBlockBegin
  2
*D76
 70
     1
 10
0.0
 20
0.0
 30
0.0
  3
*D76
  1

  0
LINE
  5
662
330
660
100
AcDbEntity
  8
$Размеры
  6
Continuous
 62
     5
440
 16777216
370
    13
100
AcDbLine
 10
55715.77796467021
 20
78392.51717960194
 30
0.0
 11
55715.77796467021
 21
77773.52335622674
 31
0.0
  0
LINE
  5
663
330
660
100
AcDbEntity
  8
$Размеры
  6
Continuous
 62
     5
440
 16777216
370
    13
100
AcDbLine
 10
54915.77789084566
 20
78365.42633602559
 30
0.0
 11
54915.77789084566
 21
77773.52335622674
 31
0.0
  0
LINE
  5
664
330
660
100
AcDbEntity
  8
$Размеры
  6
Continuous
 62
     5
440
 16777216
370
    13
100
AcDbLine
 10
55715.77796467021
 20
77808.52335622673
 30
0.0
 11
54915.77789084566
 21
77808.52335622673
 31
0.0
  0
INSERT
  5
665
330
660
100
AcDbEntity
  8
$Размеры
 62
     5
440
 16777216
 48
100.0
370
    13
100
AcDbBlockReference
  2
_Oblique
 10
55715.77796467021
 20
77808.52335622673
 30
0.0
 41
75.0
 42
75.0
 43
75.0
  0
INSERT
  5
666
330
660
100
AcDbEntity
  8
$Размеры
 62
     5
440
 16777216
 48
100.0
370
    13
100
AcDbBlockReference
  2
_Oblique
 10
54915.77789084566
 20
77808.52335622673
 30
0.0
 41
75.0
 42
75.0
 43
75.0
 50
180.0
  0
MTEXT
  5
667
330
660
100
AcDbEntity
  8
$Размеры
 62
     5
440
 16777216
 48
100.0
100
AcDbMText
 10
55315.77792775793
 20
77896.02335622674
 30
0.0
 40
125.0
 41
0.0
 46
0.0
 71
     5
 72
     1
  1
\A1;800
  7
@ТРАНСПРОЕКТ
 73
     1
 44
1.0
  0
POINT
  5
668
330
660
100
AcDbEntity
  8
Defpoints
 62
     0
440
 16777216
 48
100.0
100
AcDbPoint
 10
55715.77796467021
 20
78442.51717960194
 30
0.0
  0
POINT
  5
669
330
660
100
AcDbEntity
  8
Defpoints
 62
     0
440
 16777216
 48
100.0
100
AcDbPoint
 10
54915.77789084566
 20
78415.42633602559
 30
0.0
  0
POINT
  5
66A
330
660
100
AcDbEntity
  8
Defpoints
 62
     0
440
 16777216
 48
100.0
100
AcDbPoint
 10
54915.77789084566
 20
77808.52335622673
 30
0.0
  0
ENDBLK
  5
66B
330
660
100
AcDbEntity
  8
0
100
AcDbBlockEnd
  0
BLOCK
  5
66D
330
66C
100
AcDbEntity
  8
0
100
AcDbBlockBegin
  2
*D77
 70
     1
 10
0.0
 20
0.0
 30
0.0
  3
*D77
  1

  0
LINE
  5
66E
330
66C
100
AcDbEntity
  8
$Размеры
  6
Continuous
 62
     5
440
 16777216
370
    13
100
AcDbLine
 10
55715.77796467021
 20
78392.51717960194
 30
0.0
 11
55715.77796467021
 21
77773.52335622674
 31
0.0
  0
LINE
  5
66F
330
66C
100
AcDbEntity
  8
$Размеры
  6
Continuous
 62
     5
440
 16777216
370
    13
100
AcDbLine
 10
63215.77796467021
 20
78427.05193235201
 30
0.0
 11
63215.77796467021
 21
77773.52335622674
 31
0.0
  0
LINE
  5
670
330
66C
100
AcDbEntity
  8
$Размеры
  6
Continuous
 62
     5
440
 16777216
370
    13
100
AcDbLine
 10
55715.77796467021
 20
77808.52335622673
 30
0.0
 11
63215.77796467021
 21
77808.52335622673
 31
0.0
  0
INSERT
  5
671
330
66C
100
AcDbEntity
  8
$Размеры
 62
     5
440
 16777216
 48
100.0
370
    13
100
AcDbBlockReference
  2
_Oblique
 10
55715.77796467021
 20
77808.52335622673
 30
0.0
 41
75.0
 42
75.0
 43
75.0
 50
180.0
  0
INSERT
  5
672
330
66C
100
AcDbEntity
  8
$Размеры
 62
     5
440
 16777216
 48
100.0
370
    13
100
AcDbBlockReference
  2
_Oblique
 10
63215.77796467021
 20
77808.52335622673
 30
0.0
 41
75.0
 42
75.0
 43
75.0
  0
MTEXT
  5
673
330
66C
100
AcDbEntity
  8
$Размеры
 62
     5
440
 16777216
 48
100.0
100
AcDbMText
 10
59465.77796467021
 20
77896.02335622674
 30
0.0
 40
125.0
 41
0.0
 46
0.0
 71
     5
 72
     1
  1
\A1;7500
  7
@ТРАНСПРОЕКТ
 73
     1
 44
1.0
  0
POINT
  5
674
330
66C
100
AcDbEntity
  8
Defpoints
 62
     0
440
 16777216
 48
100.0
100
AcDbPoint
 10
55715.77796467021
 20
78442.51717960194
 30
0.0
  0
POINT
  5
675
330
66C
100
AcDbEntity
  8
Defpoints
 62
     0
440
 16777216
 48
100.0
100
AcDbPoint
 10
63215.77796467021
 20
78477.05193235201
 30
0.0
  0
POINT
  5
676
330
66C
100
AcDbEntity
  8
Defpoints
 62
     0
440
 16777216
 48
100.0
100
AcDbPoint
 10
63215.77796467021
 20
77808.52335622673
 30
0.0
  0
ENDBLK
  5
677
330
66C
100
AcDbEntity
  8
0
100
AcDbBlockEnd
  0
BLOCK
  5
679
330
678
100
AcDbEntity
  8
0
100
AcDbBlockBegin
  2
*D78
 70
     1
 10
0.0
 20
0.0
 30
0.0
  3
*D78
  1

  0
LINE
  5
67A
330
678
100
AcDbEntity
  8
$Размеры
  6
Continuous
 62
     5
440
 16777216
370
    13
100
AcDbLine
 10
63215.77796467021
 20
78427.05193235201
 30
0.0
 11
63215.77796467021
 21
77773.52335622674
 31
0.0
  0
LINE
  5
67B
330
678
100
AcDbEntity
  8
$Размеры
  6
Continuous
 62
     5
440
 16777216
370
    13
100
AcDbLine
 10
64015.89475924661
 20
78399.92668599694
 30
0.0
 11
64015.89475924661
 21
77773.52335622674
 31
0.0
  0
LINE
  5
67C
330
678
100
AcDbEntity
  8
$Размеры
  6
Continuous
 62
     5
440
 16777216
370
    13
100
AcDbLine
 10
63215.77796467021
 20
77808.52335622673
 30
0.0
 11
64015.89475924661
 21
77808.52335622673
 31
0.0
  0
INSERT
  5
67D
330
678
100
AcDbEntity
  8
$Размеры
 62
     5
440
 16777216
 48
100.0
370
    13
100
AcDbBlockReference
  2
_Oblique
 10
63215.77796467021
 20
77808.52335622673
 30
0.0
 41
75.0
 42
75.0
 43
75.0
 50
180.0
  0
INSERT
  5
67E
330
678
100
AcDbEntity
  8
$Размеры
 62
     5
440
 16777216
 48
100.0
370
    13
100
AcDbBlockReference
  2
_Oblique
 10
64015.89475924661
 20
77808.52335622673
 30
0.0
 41
75.0
 42
75.0
 43
75.0
  0
MTEXT
  5
67F
330
678
100
AcDbEntity
  8
$Размеры
 62
     5
440
 16777216
 48
100.0
100
AcDbMText
 10
63615.83636195841
 20
77896.02335622674
 30
0.0
 40
125.0
 41
0.0
 46
0.0
 71
     5
 72
     1
  1
\A1;800
  7
@ТРАНСПРОЕКТ
 73
     1
 44
1.0
  0
POINT
  5
680
330
678
100
AcDbEntity
  8
Defpoints
 62
     0
440
 16777216
 48
100.0
100
AcDbPoint
 10
63215.77796467021
 20
78477.05193235201
 30
0.0
  0
POINT
  5
681
330
678
100
AcDbEntity
  8
Defpoints
 62
     0
440
 16777216
 48
100.0
100
AcDbPoint
 10
64015.89475924661
 20
78449.92668599694
 30
0.0
  0
POINT
  5
682
330
678
100
AcDbEntity
  8
Defpoints
 62
     0
440
 16777216
 48
100.0
100
AcDbPoint
 10
64015.89475924661
 20
77808.52335622673
 30
0.0
  0
ENDBLK
  5
683
330
678
100
AcDbEntity
  8
0
100
AcDbBlockEnd
  0
BLOCK
  5
685
330
684
100
AcDbEntity
  8
0
100
AcDbBlockBegin
  2
*D79
 70
     1
 10
0.0
 20
0.0
 30
0.0
  3
*D79
  1

  0
LINE
  5
686
330
684
100
AcDbEntity
  8
$Слои конструкции
  6
Continuous
 62
     5
440
 16777216
370
    13
100
AcDbLine
 10
54915.96837866399
 20
79472.03245781722
 30
0.0
 11
54915.96837866399
 21
79848.41207830922
 31
0.0
  0
LINE
  5
687
330
684
100
AcDbEntity
  8
$Слои конструкции
  6
Continuous
 62
     5
440
 16777216
370
    13
100
AcDbLine
 10
54715.77796467021
 20
78865.42626220104
 30
0.0
 11
54715.77796467021
 21
79848.41207830922
 31
0.0
  0
LINE
  5
688
330
684
100
AcDbEntity
  8
$Слои конструкции
  6
Continuous
 62
     5
440
 16777216
370
    13
100
AcDbLine
 10
54715.77796467021
 20
79813.41207830922
 30
0.0
 11
54340.77796467021
 21
79813.41207830922
 31
0.0
  0
LINE
  5
689
330
684
100
AcDbEntity
  8
$Слои конструкции
  6
Continuous
 62
     5
440
 16777216
370
    13
100
AcDbLine
 10
54715.77796467021
 20
79813.41207830922
 30
0.0
 11
54340.77796467021
 21
79813.41207830922
 31
0.0
  0
LINE
  5
68A
330
684
100
AcDbEntity
  8
$Слои конструкции
  6
Continuous
 62
     5
440
 16777216
370
    13
100
AcDbLine
 10
54915.96837866399
 20
79813.41207830922
 30
0.0
 11
54715.77796467021
 21
79813.41207830922
 31
0.0
  0
INSERT
  5
68B
330
684
100
AcDbEntity
  8
$Слои конструкции
 62
     5
440
 16777216
 48
100.0
370
    13
100
AcDbBlockReference
  2
_Oblique
 10
54915.96837866399
 20
79813.41207830922
 30
0.0
 41
75.0
 42
75.0
 43
75.0
  0
INSERT
  5
68C
330
684
100
AcDbEntity
  8
$Слои конструкции
 62
     5
440
 16777216
 48
100.0
370
    13
100
AcDbBlockReference
  2
_Oblique
 10
54715.77796467021
 20
79813.41207830922
 30
0.0
 41
75.0
 42
75.0
 43
75.0
 50
180.0
  0
MTEXT
  5
68D
330
684
100
AcDbEntity
  8
$Слои конструкции
 62
     5
440
 16777216
 48
100.0
100
AcDbMText
 10
54490.77796467021
 20
79900.91207830922
 30
0.0
 40
125.0
 41
0.0
 46
0.0
 71
     5
 72
     1
  1
\A1;200
  7
@ТРАНСПРОЕКТ
 73
     1
 44
1.0
  0
POINT
  5
68E
330
684
100
AcDbEntity
  8
Defpoints
 62
     0
440
 16777216
 48
100.0
100
AcDbPoint
 10
54915.96837866399
 20
79422.03245781723
 30
0.0
  0
POINT
  5
68F
330
684
100
AcDbEntity
  8
Defpoints
 62
     0
440
 16777216
 48
100.0
100
AcDbPoint
 10
54715.77796467021
 20
78815.42626220104
 30
0.0
  0
POINT
  5
690
330
684
100
AcDbEntity
  8
Defpoints
 62
     0
440
 16777216
 48
100.0
100
AcDbPoint
 10
54715.77796467021
 20
79813.41207830922
 30
0.0
  0
ENDBLK
  5
691
330
684
100
AcDbEntity
  8
0
100
AcDbBlockEnd
  0
BLOCK
  5
693
330
692
100
AcDbEntity
  8
0
100
AcDbBlockBegin
  2
*D80
 70
     1
 10
0.0
 20
0.0
 30
0.0
  3
*D80
  1

  0
LINE
  5
694
330
692
100
AcDbEntity
  8
$Слои конструкции
  6
Continuous
 62
     5
440
 16777216
370
    13
100
AcDbLine
 10
54915.96837866399
 20
79472.03245781722
 30
0.0
 11
54915.96837866399
 21
79848.41207830922
 31
0.0
  0
LINE
  5
695
330
692
100
AcDbEntity
  8
$Слои конструкции
  6
Continuous
 62
     5
440
 16777216
370
    13
100
AcDbLine
 10
64016.04619249841
 20
79517.53277059808
 30
0.0
 11
64016.04619249841
 21
79848.41207830922
 31
0.0
  0
LINE
  5
696
330
692
100
AcDbEntity
  8
$Слои конструкции
  6
Continuous
 62
     5
440
 16777216
370
    13
100
AcDbLine
 10
54915.96837866399
 20
79813.41207830922
 30
0.0
 11
64016.04619249841
 21
79813.41207830922
 31
0.0
  0
INSERT
  5
697
330
692
100
AcDbEntity
  8
$Слои конструкции
 62
     5
440
 16777216
 48
100.0
370
    13
100
AcDbBlockReference
  2
_Oblique
 10
54915.96837866399
 20
79813.41207830922
 30
0.0
 41
75.0
 42
75.0
 43
75.0
 50
180.0
  0
INSERT
  5
698
330
692
100
AcDbEntity
  8
$Слои конструкции
 62
     5
440
 16777216
 48
100.0
370
    13
100
AcDbBlockReference
  2
_Oblique
 10
64016.04619249841
 20
79813.41207830922
 30
0.0
 41
75.0
 42
75.0
 43
75.0
  0
MTEXT
  5
699
330
692
100
AcDbEntity
  8
$Слои конструкции
 62
     5
440
 16777216
 48
100.0
100
AcDbMText
 10
59466.0072855812
 20
79900.91207830922
 30
0.0
 40
125.0
 41
0.0
 46
0.0
 71
     5
 72
     1
  1
\A1;9100
  7
@ТРАНСПРОЕКТ
 73
     1
 44
1.0
  0
POINT
  5
69A
330
692
100
AcDbEntity
  8
Defpoints
 62
     0
440
 16777216
 48
100.0
100
AcDbPoint
 10
54915.96837866399
 20
79422.03245781723
 30
0.0
  0
POINT
  5
69B
330
692
100
AcDbEntity
  8
Defpoints
 62
     0
440
 16777216
 48
100.0
100
AcDbPoint
 10
64016.04619249841
 20
79467.53277059808
 30
0.0
  0
POINT
  5
69C
330
692
100
AcDbEntity
  8
Defpoints
 62
     0
440
 16777216
 48
100.0
100
AcDbPoint
 10
64016.04619249841
 20
79813.41207830922
 30
0.0
  0
ENDBLK
  5
69D
330
692
100
AcDbEntity
  8
0
100
AcDbBlockEnd
  0
BLOCK
  5
69F
330
69E
100
AcDbEntity
  8
0
100
AcDbBlockBegin
  2
*D81
 70
     1
 10
0.0
 20
0.0
 30
0.0
  3
*D81
  1

  0
LINE
  5
6A0
330
69E
100
AcDbEntity
  8
$Слои конструкции
  6
Continuous
 62
     5
440
 16777216
370
    13
100
AcDbLine
 10
64016.04619249841
 20
79517.53277059808
 30
0.0
 11
64016.04619249841
 21
79848.41207830922
 31
0.0
  0
LINE
  5
6A1
330
69E
100
AcDbEntity
  8
$Слои конструкции
  6
Continuous
 62
     5
440
 16777216
370
    13
100
AcDbLine
 10
64215.89468542207
 20
78899.92661217239
 30
0.0
 11
64215.89468542207
 21
79848.41207830922
 31
0.0
  0
LINE
  5
6A2
330
69E
100
AcDbEntity
  8
$Слои конструкции
  6
Continuous
 62
     5
440
 16777216
370
    13
100
AcDbLine
 10
64215.89468542207
 20
79813.41207830922
 30
0.0
 11
64590.89468542207
 21
79813.41207830922
 31
0.0
  0
LINE
  5
6A3
330
69E
100
AcDbEntity
  8
$Слои конструкции
  6
Continuous
 62
     5
440
 16777216
370
    13
100
AcDbLine
 10
64215.89468542207
 20
79813.41207830922
 30
0.0
 11
64590.89468542207
 21
79813.41207830922
 31
0.0
  0
LINE
  5
6A4
330
69E
100
AcDbEntity
  8
$Слои конструкции
  6
Continuous
 62
     5
440
 16777216
370
    13
100
AcDbLine
 10
64016.04619249841
 20
79813.41207830922
 30
0.0
 11
64215.89468542207
 21
79813.41207830922
 31
0.0
  0
INSERT
  5
6A5
330
69E
100
AcDbEntity
  8
$Слои конструкции
 62
     5
440
 16777216
 48
100.0
370
    13
100
AcDbBlockReference
  2
_Oblique
 10
64016.04619249841
 20
79813.41207830922
 30
0.0
 41
75.0
 42
75.0
 43
75.0
 50
180.0
  0
INSERT
  5
6A6
330
69E
100
AcDbEntity
  8
$Слои конструкции
 62
     5
440
 16777216
 48
100.0
370
    13
100
AcDbBlockReference
  2
_Oblique
 10
64215.89468542207
 20
79813.41207830922
 30
0.0
 41
75.0
 42
75.0
 43
75.0
  0
MTEXT
  5
6A7
330
69E
100
AcDbEntity
  8
$Слои конструкции
 62
     5
440
 16777216
 48
100.0
100
AcDbMText
 10
64440.89468542207
 20
79900.91207830922
 30
0.0
 40
125.0
 41
0.0
 46
0.0
 71
     5
 72
     1
  1
\A1;200
  7
@ТРАНСПРОЕКТ
 73
     1
 44
1.0
  0
POINT
  5
6A8
330
69E
100
AcDbEntity
  8
Defpoints
 62
     0
440
 16777216
 48
100.0
100
AcDbPoint
 10
64016.04619249841
 20
79467.53277059808
 30
0.0
  0
POINT
  5
6A9
330
69E
100
AcDbEntity
  8
Defpoints
 62
     0
440
 16777216
 48
100.0
100
AcDbPoint
 10
64215.89468542207
 20
78849.92661217239
 30
0.0
  0
POINT
  5
6AA
330
69E
100
AcDbEntity
  8
Defpoints
 62
     0
440
 16777216
 48
100.0
100
AcDbPoint
 10
64215.89468542207
 20
79813.41207830922
 30
0.0
  0
ENDBLK
  5
6AB
330
69E
100
AcDbEntity
  8
0
100
AcDbBlockEnd
  0
BLOCK
  5
6AD
330
6AC
100
AcDbEntity
  8
0
100
AcDbBlockBegin
  2
*D82
 70
     1
 10
0.0
 20
0.0
 30
0.0
  3
*D82
  1

  0
LINE
  5
6AE
330
6AC
100
AcDbEntity
  8
$Слои конструкции
  6
Continuous
 62
     5
440
 16777216
370
    13
100
AcDbLine
 10
54715.77796467021
 20
78865.42626220104
 30
0.0
 11
54715.77796467021
 21
80106.69350226864
 31
0.0
  0
LINE
  5
6AF
330
6AC
100
AcDbEntity
  8
$Слои конструкции
  6
Continuous
 62
     5
440
 16777216
370
    13
100
AcDbLine
 10
64215.89468542207
 20
78899.92661217239
 30
0.0
 11
64215.89468542207
 21
80106.69350226864
 31
0.0
  0
LINE
  5
6B0
330
6AC
100
AcDbEntity
  8
$Слои конструкции
  6
Continuous
 62
     5
440
 16777216
370
    13
100
AcDbLine
 10
54715.77796467021
 20
80071.69350226863
 30
0.0
 11
64215.89468542207
 21
80071.69350226863
 31
0.0
  0
INSERT
  5
6B1
330
6AC
100
AcDbEntity
  8
$Слои конструкции
 62
     5
440
 16777216
 48
100.0
370
    13
100
AcDbBlockReference
  2
_Oblique
 10
54715.77796467021
 20
80071.69350226863
 30
0.0
 41
75.0
 42
75.0
 43
75.0
 50
180.0
  0
INSERT
  5
6B2
330
6AC
100
AcDbEntity
  8
$Слои конструкции
 62
     5
440
 16777216
 48
100.0
370
    13
100
AcDbBlockReference
  2
_Oblique
 10
64215.89468542207
 20
80071.69350226863
 30
0.0
 41
75.0
 42
75.0
 43
75.0
  0
MTEXT
  5
6B3
330
6AC
100
AcDbEntity
  8
$Слои конструкции
 62
     5
440
 16777216
 48
100.0
100
AcDbMText
 10
59465.83632504614
 20
80159.19350226864
 30
0.0
 40
125.0
 41
0.0
 46
0.0
 71
     5
 72
     1
  1
\A1;9500
  7
@ТРАНСПРОЕКТ
 73
     1
 44
1.0
  0
POINT
  5
6B4
330
6AC
100
AcDbEntity
  8
Defpoints
 62
     0
440
 16777216
 48
100.0
100
AcDbPoint
 10
54715.77796467021
 20
78815.42626220104
 30
0.0
  0
POINT
  5
6B5
330
6AC
100
AcDbEntity
  8
Defpoints
 62
     0
440
 16777216
 48
100.0
100
AcDbPoint
 10
64215.89468542207
 20
78849.92661217239
 30
0.0
  0
POINT
  5
6B6
330
6AC
100
AcDbEntity
  8
Defpoints
 62
     0
440
 16777216
 48
100.0
100
AcDbPoint
 10
64215.89468542207
 20
80071.69350226863
 30
0.0
  0
ENDBLK
  5
6B7
330
6AC
100
AcDbEntity
  8
0
100
AcDbBlockEnd
  0
BLOCK
  5
6B9
330
6B8
100
AcDbEntity
  8
0
100
AcDbBlockBegin
  2
*D83
 70
     1
 10
0.0
 20
0.0
 30
0.0
  3
*D83
  1

  0
LINE
  5
6BA
330
6B8
100
AcDbEntity
  8
$Слои конструкции
  6
Continuous
 62
     5
440
 16777216
370
    13
100
AcDbLine
 10
54665.77796467021
 20
78615.42626220104
 30
0.0
 11
54431.20581930736
 21
78615.42626220104
 31
0.0
  0
LINE
  5
6BB
330
6B8
100
AcDbEntity
  8
$Слои конструкции
  6
Continuous
 62
     5
440
 16777216
370
    13
100
AcDbLine
 10
54865.77789084567
 20
78415.42633602559
 30
0.0
 11
54431.20581930736
 21
78415.42633602559
 31
0.0
  0
LINE
  5
6BC
330
6B8
100
AcDbEntity
  8
$Слои конструкции
  6
Continuous
 62
     5
440
 16777216
370
    13
100
AcDbLine
 10
54466.20581930736
 20
78415.42633602559
 30
0.0
 11
54466.20581930736
 21
78040.42633602558
 31
0.0
  0
LINE
  5
6BD
330
6B8
100
AcDbEntity
  8
$Слои конструкции
  6
Continuous
 62
     5
440
 16777216
370
    13
100
AcDbLine
 10
54466.20581930736
 20
78415.42633602559
 30
0.0
 11
54466.20581930736
 21
78040.42633602558
 31
0.0
  0
LINE
  5
6BE
330
6B8
100
AcDbEntity
  8
$Слои конструкции
  6
Continuous
 62
     5
440
 16777216
370
    13
100
AcDbLine
 10
54466.20581930736
 20
78615.42626220104
 30
0.0
 11
54466.20581930736
 21
78415.42633602559
 31
0.0
  0
INSERT
  5
6BF
330
6B8
100
AcDbEntity
  8
$Слои конструкции
 62
     5
440
 16777216
 48
100.0
370
    13
100
AcDbBlockReference
  2
_Oblique
 10
54466.20581930736
 20
78615.42626220104
 30
0.0
 41
75.0
 42
75.0
 43
75.0
 50
90.0
  0
INSERT
  5
6C0
330
6B8
100
AcDbEntity
  8
$Слои конструкции
 62
     5
440
 16777216
 48
100.0
370
    13
100
AcDbBlockReference
  2
_Oblique
 10
54466.20581930736
 20
78415.42633602559
 30
0.0
 41
75.0
 42
75.0
 43
75.0
 50
270.0
  0
MTEXT
  5
6C1
330
6B8
100
AcDbEntity
  8
$Слои конструкции
 62
     5
440
 16777216
 48
100.0
100
AcDbMText
 10
54378.70581930736
 20
78190.42633602559
 30
0.0
 40
125.0
 41
0.0
 46
0.0
 71
     5
 72
     1
  1
\A1;200
  7
@ТРАНСПРОЕКТ
 11
0.0
 21
1.0
 31
0.0
 73
     1
 44
1.0
  0
POINT
  5
6C2
330
6B8
100
AcDbEntity
  8
Defpoints
 62
     0
440
 16777216
 48
100.0
100
AcDbPoint
 10
54715.77796467021
 20
78615.42626220104
 30
0.0
  0
POINT
  5
6C3
330
6B8
100
AcDbEntity
  8
Defpoints
 62
     0
440
 16777216
 48
100.0
100
AcDbPoint
 10
54915.77789084566
 20
78415.42633602559
 30
0.0
  0
POINT
  5
6C4
330
6B8
100
AcDbEntity
  8
Defpoints
 62
     0
440
 16777216
 48
100.0
100
AcDbPoint
 10
54466.20581930736
 20
78415.42633602559
 30
0.0
  0
ENDBLK
  5
6C5
330
6B8
100
AcDbEntity
  8
0
100
AcDbBlockEnd
  0
BLOCK
  5
6C7
330
6C6
100
AcDbEntity
  8
0
100
AcDbBlockBegin
  2
*D84
 70
     1
 10
0.0
 20
0.0
 30
0.0
  3
*D84
  1

  0
LINE
  5
6C8
330
6C6
100
AcDbEntity
  8
$Слои конструкции
  6
Continuous
 62
     5
440
 16777216
370
    13
100
AcDbLine
 10
54212.49291696819
 20
78415.53561599587
 30
0.0
 11
54212.49291696819
 21
78715.53561599587
 31
0.0
  0
LINE
  5
6C9
330
6C6
100
AcDbEntity
  8
$Слои конструкции
  6
Continuous
 62
     5
440
 16777216
370
    13
100
AcDbLine
 10
54212.49291696819
 20
78715.53561599587
 30
0.0
 11
54466.20581930736
 21
78715.42626220104
 31
0.0
  0
LINE
  5
6CA
330
6C6
100
AcDbEntity
  8
$Слои конструкции
  6
Continuous
 62
     5
440
 16777216
370
    13
100
AcDbLine
 10
54665.77796467021
 20
78815.42626220104
 30
0.0
 11
54431.20581930736
 21
78815.42626220104
 31
0.0
  0
LINE
  5
6CB
330
6C6
100
AcDbEntity
  8
$Слои конструкции
  6
Continuous
 62
     5
440
 16777216
370
    13
100
AcDbLine
 10
54665.77796467021
 20
78615.42626220104
 30
0.0
 11
54431.20581930736
 21
78615.42626220104
 31
0.0
  0
LINE
  5
6CC
330
6C6
100
AcDbEntity
  8
$Слои конструкции
  6
Continuous
 62
     5
440
 16777216
370
    13
100
AcDbLine
 10
54466.20581930736
 20
78815.42626220104
 30
0.0
 11
54466.20581930736
 21
78615.42626220104
 31
0.0
  0
INSERT
  5
6CD
330
6C6
100
AcDbEntity
  8
$Слои конструкции
 62
     5
440
 16777216
 48
100.0
370
    13
100
AcDbBlockReference
  2
_Oblique
 10
54466.20581930736
 20
78815.42626220104
 30
0.0
 41
75.0
 42
75.0
 43
75.0
 50
90.0
  0
INSERT
  5
6CE
330
6C6
100
AcDbEntity
  8
$Слои конструкции
 62
     5
440
 16777216
 48
100.0
370
    13
100
AcDbBlockReference
  2
_Oblique
 10
54466.20581930736
 20
78615.42626220104
 30
0.0
 41
75.0
 42
75.0
 43
75.0
 50
270.0
  0
MTEXT
  5
6CF
330
6C6
100
AcDbEntity
  8
$Слои конструкции
 62
     5
440
 16777216
 48
100.0
100
AcDbMText
 10
54124.99291696819
 20
78565.53561599588
 30
0.0
 40
125.0
 41
0.0
 46
0.0
 71
     5
 72
     1
  1
\A1;200
  7
@ТРАНСПРОЕКТ
 11
0.0
 21
1.0
 31
0.0
 73
     1
 44
1.0
  0
POINT
  5
6D0
330
6C6
100
AcDbEntity
  8
Defpoints
 62
     0
440
 16777216
 48
100.0
100
AcDbPoint
 10
54715.77796467021
 20
78815.42626220104
 30
0.0
  0
POINT
  5
6D1
330
6C6
100
AcDbEntity
  8
Defpoints
 62
     0
440
 16777216
 48
100.0
100
AcDbPoint
 10
54715.77796467021
 20
78615.42626220104
 30
0.0
  0
POINT
  5
6D2
330
6C6
100
AcDbEntity
  8
Defpoints
 62
     0
440
 16777216
 48
100.0
100
AcDbPoint
 10
54466.20581930736
 20
78615.42626220104
 30
0.0
  0
ENDBLK
  5
6D3
330
6C6
100
AcDbEntity
  8
0
100
AcDbBlockEnd
  0
BLOCK
  5
6D5
330
6D4
100
AcDbEntity
  8
0
100
AcDbBlockBegin
  2
*D85
 70
     1
 10
0.0
 20
0.0
 30
0.0
  3
*D85
  1

  0
LINE
  5
6D6
330
6D4
100
AcDbEntity
  8
$Слои конструкции
  6
Continuous
 62
     5
440
 16777216
370
    13
100
AcDbLine
 10
54665.77796467021
 20
78815.42626220104
 30
0.0
 11
54431.20581930736
 21
78815.42626220104
 31
0.0
  0
LINE
  5
6D7
330
6D4
100
AcDbEntity
  8
$Слои конструкции
  6
Continuous
 62
     5
440
 16777216
370
    13
100
AcDbLine
 10
54865.77796467021
 20
78826.42626052431
 30
0.0
 11
54431.20581930736
 21
78826.42626052431
 31
0.0
  0
INSERT
  5
6D8
330
6D4
100
AcDbEntity
  8
$Слои конструкции
 62
     5
440
 16777216
 48
100.0
370
    13
100
AcDbBlockReference
  2
_Oblique
 10
54466.20581930736
 20
78815.42626220104
 30
0.0
 41
75.0
 42
75.0
 43
75.0
 50
90.0
  0
INSERT
  5
6D9
330
6D4
100
AcDbEntity
  8
$Слои конструкции
 62
     5
440
 16777216
 48
100.0
370
    13
100
AcDbBlockReference
  2
_Oblique
 10
54466.20581930736
 20
78826.42626052431
 30
0.0
 41
75.0
 42
75.0
 43
75.0
 50
270.0
  0
MTEXT
  5
6DA
330
6D4
100
AcDbEntity
  8
$Слои конструкции
 62
     5
440
 16777216
 48
100.0
100
AcDbMText
 10
54125.05063465377
 20
78902.15358026757
 30
0.0
 40
125.0
 41
0.0
 46
0.0
 71
     5
 72
     1
  1
\A1;11
  7
@ТРАНСПРОЕКТ
 11
0.0
 21
1.0
 31
0.0
 73
     1
 44
1.0
  0
POINT
  5
6DB
330
6D4
100
AcDbEntity
  8
Defpoints
 62
     0
440
 16777216
 48
100.0
100
AcDbPoint
 10
54715.77796467021
 20
78815.42626220104
 30
0.0
  0
POINT
  5
6DC
330
6D4
100
AcDbEntity
  8
Defpoints
 62
     0
440
 16777216
 48
100.0
100
AcDbPoint
 10
54915.77796467021
 20
78826.42626052431
 30
0.0
  0
POINT
  5
6DD
330
6D4
100
AcDbEntity
  8
Defpoints
 62
     0
440
 16777216
 48
100.0
100
AcDbPoint
 10
54466.20581930736
 20
78826.42626052431
 30
0.0
  0
ENDBLK
  5
6DE
330
6D4
100
AcDbEntity
  8
0
100
AcDbBlockEnd
  0
BLOCK
  5
6E0
330
6DF
100
AcDbEntity
  8
0
100
AcDbBlockBegin
  2
*D86
 70
     1
 10
0.0
 20
0.0
 30
0.0
  3
*D86
  1

  0
LINE
  5
6E1
330
6DF
100
AcDbEntity
  8
$Слои конструкции
  6
Continuous
 62
     5
440
 16777216
370
    13
100
AcDbLine
 10
54865.96837866399
 20
79422.03245781723
 30
0.0
 11
54431.20581930736
 21
79422.03245781723
 31
0.0
  0
LINE
  5
6E2
330
6DF
100
AcDbEntity
  8
$Слои конструкции
  6
Continuous
 62
     5
440
 16777216
370
    13
100
AcDbLine
 10
54865.77796467021
 20
78826.42626052431
 30
0.0
 11
54431.20581930736
 21
78826.42626052431
 31
0.0
  0
LINE
  5
6E3
330
6DF
100
AcDbEntity
  8
$Слои конструкции
  6
Continuous
 62
     5
440
 16777216
370
    13
100
AcDbLine
 10
54466.20581930736
 20
79422.03245781723
 30
0.0
 11
54466.20581930736
 21
78826.42626052431
 31
0.0
  0
INSERT
  5
6E4
330
6DF
100
AcDbEntity
  8
$Слои конструкции
 62
     5
440
 16777216
 48
100.0
370
    13
100
AcDbBlockReference
  2
_Oblique
 10
54466.20581930736
 20
79422.03245781723
 30
0.0
 41
75.0
 42
75.0
 43
75.0
 50
90.0
  0
INSERT
  5
6E5
330
6DF
100
AcDbEntity
  8
$Слои конструкции
 62
     5
440
 16777216
 48
100.0
370
    13
100
AcDbBlockReference
  2
_Oblique
 10
54466.20581930736
 20
78826.42626052431
 30
0.0
 41
75.0
 42
75.0
 43
75.0
 50
270.0
  0
MTEXT
  5
6E6
330
6DF
100
AcDbEntity
  8
$Слои конструкции
 62
     5
440
 16777216
 48
100.0
100
AcDbMText
 10
54378.70581930736
 20
79124.22935917077
 30
0.0
 40
125.0
 41
0.0
 46
0.0
 71
     5
 72
     1
  1
\A1;596
  7
@ТРАНСПРОЕКТ
 11
0.0
 21
1.0
 31
0.0
 73
     1
 44
1.0
  0
POINT
  5
6E7
330
6DF
100
AcDbEntity
  8
Defpoints
 62
     0
440
 16777216
 48
100.0
100
AcDbPoint
 10
54915.96837866399
 20
79422.03245781723
 30
0.0
  0
POINT
  5
6E8
330
6DF
100
AcDbEntity
  8
Defpoints
 62
     0
440
 16777216
 48
100.0
100
AcDbPoint
 10
54915.77796467021
 20
78826.42626052431
 30
0.0
  0
POINT
  5
6E9
330
6DF
100
AcDbEntity
  8
Defpoints
 62
     0
440
 16777216
 48
100.0
100
AcDbPoint
 10
54466.20581930736
 20
78826.42626052431
 30
0.0
  0
ENDBLK
  5
6EA
330
6DF
100
AcDbEntity
  8
0
100
AcDbBlockEnd
  0
BLOCK
  5
6EC
330
6EB
100
AcDbEntity
  8
0
100
AcDbBlockBegin
  2
*D87
 70
     1
 10
0.0
 20
0.0
 30
0.0
  3
*D87
  1

  0
LINE
  5
6ED
330
6EB
100
AcDbEntity
  8
$Слои конструкции
  6
Continuous
 62
     5
440
 16777216
370
    13
100
AcDbLine
 10
64265.85928837535
 20
78649.89121512568
 30
0.0
 11
64500.42424777429
 21
78649.89121512568
 31
0.0
  0
LINE
  5
6EE
330
6EB
100
AcDbEntity
  8
$Слои конструкции
  6
Continuous
 62
     5
440
 16777216
370
    13
100
AcDbLine
 10
64065.89475924661
 20
78449.92668599694
 30
0.0
 11
64500.42424777429
 21
78449.92668599694
 31
0.0
  0
LINE
  5
6EF
330
6EB
100
AcDbEntity
  8
$Слои конструкции
  6
Continuous
 62
     5
440
 16777216
370
    13
100
AcDbLine
 10
64465.4242477743
 20
78449.92668599694
 30
0.0
 11
64465.4242477743
 21
78074.92668599693
 31
0.0
  0
LINE
  5
6F0
330
6EB
100
AcDbEntity
  8
$Слои конструкции
  6
Continuous
 62
     5
440
 16777216
370
    13
100
AcDbLine
 10
64465.4242477743
 20
78449.92668599694
 30
0.0
 11
64465.4242477743
 21
78074.92668599693
 31
0.0
  0
LINE
  5
6F1
330
6EB
100
AcDbEntity
  8
$Слои конструкции
  6
Continuous
 62
     5
440
 16777216
370
    13
100
AcDbLine
 10
64465.4242477743
 20
78649.89121512568
 30
0.0
 11
64465.4242477743
 21
78449.92668599694
 31
0.0
  0
INSERT
  5
6F2
330
6EB
100
AcDbEntity
  8
$Слои конструкции
 62
     5
440
 16777216
 48
100.0
370
    13
100
AcDbBlockReference
  2
_Oblique
 10
64465.4242477743
 20
78649.89121512568
 30
0.0
 41
75.0
 42
75.0
 43
75.0
 50
90.0
  0
INSERT
  5
6F3
330
6EB
100
AcDbEntity
  8
$Слои конструкции
 62
     5
440
 16777216
 48
100.0
370
    13
100
AcDbBlockReference
  2
_Oblique
 10
64465.4242477743
 20
78449.92668599694
 30
0.0
 41
75.0
 42
75.0
 43
75.0
 50
270.0
  0
MTEXT
  5
6F4
330
6EB
100
AcDbEntity
  8
$Слои конструкции
 62
     5
440
 16777216
 48
100.0
100
AcDbMText
 10
64377.9242477743
 20
78224.92668599694
 30
0.0
 40
125.0
 41
0.0
 46
0.0
 71
     5
 72
     1
  1
\A1;200
  7
@ТРАНСПРОЕКТ
 11
0.0
 21
1.0
 31
0.0
 73
     1
 44
1.0
  0
POINT
  5
6F5
330
6EB
100
AcDbEntity
  8
Defpoints
 62
     0
440
 16777216
 48
100.0
100
AcDbPoint
 10
64215.85928837536
 20
78649.89121512568
 30
0.0
  0
POINT
  5
6F6
330
6EB
100
AcDbEntity
  8
Defpoints
 62
     0
440
 16777216
 48
100.0
100
AcDbPoint
 10
64015.89475924661
 20
78449.92668599694
 30
0.0
  0
POINT
  5
6F7
330
6EB
100
AcDbEntity
  8
Defpoints
 62
     0
440
 16777216
 48
100.0
100
AcDbPoint
 10
64465.4242477743
 20
78449.92668599694
 30
0.0
  0
ENDBLK
  5
6F8
330
6EB
100
AcDbEntity
  8
0
100
AcDbBlockEnd
  0
BLOCK
  5
6FA
330
6F9
100
AcDbEntity
  8
0
100
AcDbBlockBegin
  2
*D88
 70
     1
 10
0.0
 20
0.0
 30
0.0
  3
*D88
  1

  0
LINE
  5
6FB
330
6F9
100
AcDbEntity
  8
$Слои конструкции
  6
Continuous
 62
     5
440
 16777216
370
    13
100
AcDbLine
 10
64719.13715011347
 20
78450.05626926175
 30
0.0
 11
64719.13715011347
 21
78750.05626926175
 31
0.0
  0
LINE
  5
6FC
330
6F9
100
AcDbEntity
  8
$Слои конструкции
  6
Continuous
 62
     5
440
 16777216
370
    13
100
AcDbLine
 10
64719.13715011347
 20
78750.05626926175
 30
0.0
 11
64465.4242477743
 21
78749.90891364904
 31
0.0
  0
LINE
  5
6FD
330
6F9
100
AcDbEntity
  8
$Слои конструкции
  6
Continuous
 62
     5
440
 16777216
370
    13
100
AcDbLine
 10
64265.89468542207
 20
78849.92661217239
 30
0.0
 11
64500.42424777429
 21
78849.92661217239
 31
0.0
  0
LINE
  5
6FE
330
6F9
100
AcDbEntity
  8
$Слои конструкции
  6
Continuous
 62
     5
440
 16777216
370
    13
100
AcDbLine
 10
64265.85928837535
 20
78649.89121512568
 30
0.0
 11
64500.42424777429
 21
78649.89121512568
 31
0.0
  0
LINE
  5
6FF
330
6F9
100
AcDbEntity
  8
$Слои конструкции
  6
Continuous
 62
     5
440
 16777216
370
    13
100
AcDbLine
 10
64465.4242477743
 20
78849.92661217239
 30
0.0
 11
64465.4242477743
 21
78649.89121512568
 31
0.0
  0
INSERT
  5
700
330
6F9
100
AcDbEntity
  8
$Слои конструкции
 62
     5
440
 16777216
 48
100.0
370
    13
100
AcDbBlockReference
  2
_Oblique
 10
64465.4242477743
 20
78849.92661217239
 30
0.0
 41
75.0
 42
75.0
 43
75.0
 50
90.0
  0
INSERT
  5
701
330
6F9
100
AcDbEntity
  8
$Слои конструкции
 62
     5
440
 16777216
 48
100.0
370
    13
100
AcDbBlockReference
  2
_Oblique
 10
64465.4242477743
 20
78649.89121512568
 30
0.0
 41
75.0
 42
75.0
 43
75.0
 50
270.0
  0
MTEXT
  5
702
330
6F9
100
AcDbEntity
  8
$Слои конструкции
 62
     5
440
 16777216
 48
100.0
100
AcDbMText
 10
64631.63715011347
 20
78600.05626926175
 30
0.0
 40
125.0
 41
0.0
 46
0.0
 71
     5
 72
     1
  1
\A1;200
  7
@ТРАНСПРОЕКТ
 11
0.0
 21
1.0
 31
0.0
 73
     1
 44
1.0
  0
POINT
  5
703
330
6F9
100
AcDbEntity
  8
Defpoints
 62
     0
440
 16777216
 48
100.0
100
AcDbPoint
 10
64215.89468542207
 20
78849.92661217239
 30
0.0
  0
POINT
  5
704
330
6F9
100
AcDbEntity
  8
Defpoints
 62
     0
440
 16777216
 48
100.0
100
AcDbPoint
 10
64215.85928837536
 20
78649.89121512568
 30
0.0
  0
POINT
  5
705
330
6F9
100
AcDbEntity
  8
Defpoints
 62
     0
440
 16777216
 48
100.0
100
AcDbPoint
 10
64465.4242477743
 20
78649.89121512568
 30
0.0
  0
ENDBLK
  5
706
330
6F9
100
AcDbEntity
  8
0
100
AcDbBlockEnd
  0
BLOCK
  5
708
330
707
100
AcDbEntity
  8
0
100
AcDbBlockBegin
  2
*D89
 70
     1
 10
0.0
 20
0.0
 30
0.0
  3
*D89
  1

  0
LINE
  5
709
330
707
100
AcDbEntity
  8
$Слои конструкции
  6
Continuous
 62
     5
440
 16777216
370
    13
100
AcDbLine
 10
64265.8593621999
 20
78849.9282017235
 30
0.0
 11
64500.42424777429
 21
78849.9282017235
 31
0.0
  0
LINE
  5
70A
330
707
100
AcDbEntity
  8
$Слои конструкции
  6
Continuous
 62
     5
440
 16777216
370
    13
100
AcDbLine
 10
64065.89466868527
 20
78858.92664744146
 30
0.0
 11
64500.42424777429
 21
78858.92664744146
 31
0.0
  0
INSERT
  5
70B
330
707
100
AcDbEntity
  8
$Слои конструкции
 62
     5
440
 16777216
 48
100.0
370
    13
100
AcDbBlockReference
  2
_Oblique
 10
64465.4242477743
 20
78849.9282017235
 30
0.0
 41
75.0
 42
75.0
 43
75.0
 50
90.0
  0
INSERT
  5
70C
330
707
100
AcDbEntity
  8
$Слои конструкции
 62
     5
440
 16777216
 48
100.0
370
    13
100
AcDbBlockReference
  2
_Oblique
 10
64465.4242477743
 20
78858.92664744146
 30
0.0
 41
75.0
 42
75.0
 43
75.0
 50
270.0
  0
MTEXT
  5
70D
330
707
100
AcDbEntity
  8
$Слои конструкции
 62
     5
440
 16777216
 48
100.0
100
AcDbMText
 10
64631.63715011347
 20
78916.88047346251
 30
0.0
 40
125.0
 41
0.0
 46
0.0
 71
     5
 72
     1
  1
\A1;9
  7
@ТРАНСПРОЕКТ
 11
0.0
 21
1.0
 31
0.0
 73
     1
 44
1.0
  0
POINT
  5
70E
330
707
100
AcDbEntity
  8
Defpoints
 62
     0
440
 16777216
 48
100.0
100
AcDbPoint
 10
64215.8593621999
 20
78849.9282017235
 30
0.0
  0
POINT
  5
70F
330
707
100
AcDbEntity
  8
Defpoints
 62
     0
440
 16777216
 48
100.0
100
AcDbPoint
 10
64015.89466868527
 20
78858.92664744146
 30
0.0
  0
POINT
  5
710
330
707
100
AcDbEntity
  8
Defpoints
 62
     0
440
 16777216
 48
100.0
100
AcDbPoint
 10
64465.4242477743
 20
78858.92664744146
 30
0.0
  0
ENDBLK
  5
711
330
707
100
AcDbEntity
  8
0
100
AcDbBlockEnd
  0
BLOCK
  5
713
330
712
100
AcDbEntity
  8
0
100
AcDbBlockBegin
  2
*D90
 70
     1
 10
0.0
 20
0.0
 30
0.0
  3
*D90
  1

  0
LINE
  5
714
330
712
100
AcDbEntity
  8
$Слои конструкции
  6
Continuous
 62
     5
440
 16777216
370
    13
100
AcDbLine
 10
64066.04619249841
 20
79467.53277059808
 30
0.0
 11
64500.42424777429
 21
79467.53277059808
 31
0.0
  0
LINE
  5
715
330
712
100
AcDbEntity
  8
$Слои конструкции
  6
Continuous
 62
     5
440
 16777216
370
    13
100
AcDbLine
 10
64065.89466868527
 20
78858.92664744146
 30
0.0
 11
64500.42424777429
 21
78858.92664744146
 31
0.0
  0
LINE
  5
716
330
712
100
AcDbEntity
  8
$Слои конструкции
  6
Continuous
 62
     5
440
 16777216
370
    13
100
AcDbLine
 10
64465.4242477743
 20
79467.53277059808
 30
0.0
 11
64465.4242477743
 21
78858.92664744146
 31
0.0
  0
INSERT
  5
717
330
712
100
AcDbEntity
  8
$Слои конструкции
 62
     5
440
 16777216
 48
100.0
370
    13
100
AcDbBlockReference
  2
_Oblique
 10
64465.4242477743
 20
79467.53277059808
 30
0.0
 41
75.0
 42
75.0
 43
75.0
 50
90.0
  0
INSERT
  5
718
330
712
100
AcDbEntity
  8
$Слои конструкции
 62
     5
440
 16777216
 48
100.0
370
    13
100
AcDbBlockReference
  2
_Oblique
 10
64465.4242477743
 20
78858.92664744146
 30
0.0
 41
75.0
 42
75.0
 43
75.0
 50
270.0
  0
MTEXT
  5
719
330
712
100
AcDbEntity
  8
$Слои конструкции
 62
     5
440
 16777216
 48
100.0
100
AcDbMText
 10
64377.9242477743
 20
79163.22970901977
 30
0.0
 40
125.0
 41
0.0
 46
0.0
 71
     5
 72
     1
  1
\A1;609
  7
@ТРАНСПРОЕКТ
 11
0.0
 21
1.0
 31
0.0
 73
     1
 44
1.0
  0
POINT
  5
71A
330
712
100
AcDbEntity
  8
Defpoints
 62
     0
440
 16777216
 48
100.0
100
AcDbPoint
 10
64016.04619249841
 20
79467.53277059808
 30
0.0
  0
POINT
  5
71B
330
712
100
AcDbEntity
  8
Defpoints
 62
     0
440
 16777216
 48
100.0
100
AcDbPoint
 10
64015.89466868527
 20
78858.92664744146
 30
0.0
  0
POINT
  5
71C
330
712
100
AcDbEntity
  8
Defpoints
 62
     0
440
 16777216
 48
100.0
100
AcDbPoint
 10
64465.4242477743
 20
78858.92664744146
 30
0.0
  0
ENDBLK
  5
71D
330
712
100
AcDbEntity
  8
0
100
AcDbBlockEnd
  0
BLOCK
  5
71F
330
71E
100
AcDbEntity
  8
0
100
AcDbBlockBegin
  2
*D91
 70
     1
 10
0.0
 20
0.0
 30
0.0
  3
*D91
  1

  0
LINE
  5
720
330
71E
100
AcDbEntity
  8
$Размеры
  6
Continuous
 62
     5
440
 16777216
370
    13
100
AcDbLine
 10
56065.77421475295
 20
78742.51717960194
 30
0.0
 11
56759.33120156498
 21
78742.51717960194
 31
0.0
  0
LINE
  5
721
330
71E
100
AcDbEntity
  8
$Размеры
  6
Continuous
 62
     5
440
 16777216
370
    13
100
AcDbLine
 10
55765.77796467021
 20
78442.51717960194
 30
0.0
 11
56759.33120156498
 21
78442.51717960194
 31
0.0
  0
LINE
  5
722
330
71E
100
AcDbEntity
  8
$Размеры
  6
Continuous
 62
     5
440
 16777216
370
    13
100
AcDbLine
 10
56724.33120156498
 20
78442.51717960194
 30
0.0
 11
56724.33120156498
 21
78057.02035507548
 31
0.0
  0
LINE
  5
723
330
71E
100
AcDbEntity
  8
$Размеры
  6
Continuous
 62
     5
440
 16777216
370
    13
100
AcDbLine
 10
56724.33120156498
 20
78442.51717960194
 30
0.0
 11
56724.33120156498
 21
78057.02035507548
 31
0.0
  0
LINE
  5
724
330
71E
100
AcDbEntity
  8
$Размеры
  6
Continuous
 62
     5
440
 16777216
370
    13
100
AcDbLine
 10
56724.33120156498
 20
78742.51717960194
 30
0.0
 11
56724.33120156498
 21
78442.51717960194
 31
0.0
  0
INSERT
  5
725
330
71E
100
AcDbEntity
  8
$Размеры
 62
     5
440
 16777216
 48
100.0
370
    13
100
AcDbBlockReference
  2
_Oblique
 10
56724.33120156498
 20
78742.51717960194
 30
0.0
 41
75.0
 42
75.0
 43
75.0
 50
90.0
  0
INSERT
  5
726
330
71E
100
AcDbEntity
  8
$Размеры
 62
     5
440
 16777216
 48
100.0
370
    13
100
AcDbBlockReference
  2
_Oblique
 10
56724.33120156498
 20
78442.51717960194
 30
0.0
 41
75.0
 42
75.0
 43
75.0
 50
270.0
  0
MTEXT
  5
727
330
71E
100
AcDbEntity
  8
$Размеры
 62
     5
440
 16777216
 48
100.0
100
AcDbMText
 10
56636.83120156498
 20
78207.02035507548
 30
0.0
 40
125.0
 41
0.0
 46
0.0
 71
     5
 72
     1
  1
\A1;300
  7
@ТРАНСПРОЕКТ
 11
0.0
 21
1.0
 31
0.0
 73
     1
 44
1.0
  0
POINT
  5
728
330
71E
100
AcDbEntity
  8
Defpoints
 62
     0
440
 16777216
 48
100.0
100
AcDbPoint
 10
56015.77421475295
 20
78742.51717960194
 30
0.0
  0
POINT
  5
729
330
71E
100
AcDbEntity
  8
Defpoints
 62
     0
440
 16777216
 48
100.0
100
AcDbPoint
 10
55715.77796467021
 20
78442.51717960194
 30
0.0
  0
POINT
  5
72A
330
71E
100
AcDbEntity
  8
Defpoints
 62
     0
440
 16777216
 48
100.0
100
AcDbPoint
 10
56724.33120156498
 20
78442.51717960194
 30
0.0
  0
ENDBLK
  5
72B
330
71E
100
AcDbEntity
  8
0
100
AcDbBlockEnd
  0
BLOCK
  5
72D
330
72C
100
AcDbEntity
  8
0
100
AcDbBlockBegin
  2
*D92
 70
     1
 10
0.0
 20
0.0
 30
0.0
  3
*D92
  1

  0
LINE
  5
72E
330
72C
100
AcDbEntity
  8
$Слои конструкции
  6
Continuous
 62
     5
440
 16777216
370
    13
100
AcDbLine
 10
55715.77796467021
 20
78392.51717960194
 30
0.0
 11
55715.77796467021
 21
78068.79516776803
 31
0.0
  0
LINE
  5
72F
330
72C
100
AcDbEntity
  8
$Слои конструкции
  6
Continuous
 62
     5
440
 16777216
370
    13
100
AcDbLine
 10
56015.77421475295
 20
78692.51717960194
 30
0.0
 11
56015.77421475295
 21
78068.79516776803
 31
0.0
  0
LINE
  5
730
330
72C
100
AcDbEntity
  8
$Слои конструкции
  6
Continuous
 62
     5
440
 16777216
370
    13
100
AcDbLine
 10
56015.77421475295
 20
78103.79516776802
 30
0.0
 11
56390.77421475295
 21
78103.79516776802
 31
0.0
  0
LINE
  5
731
330
72C
100
AcDbEntity
  8
$Слои конструкции
  6
Continuous
 62
     5
440
 16777216
370
    13
100
AcDbLine
 10
56015.77421475295
 20
78103.79516776802
 30
0.0
 11
56390.77421475295
 21
78103.79516776802
 31
0.0
  0
LINE
  5
732
330
72C
100
AcDbEntity
  8
$Слои конструкции
  6
Continuous
 62
     5
440
 16777216
370
    13
100
AcDbLine
 10
55715.77796467021
 20
78103.79516776802
 30
0.0
 11
56015.77421475295
 21
78103.79516776802
 31
0.0
  0
INSERT
  5
733
330
72C
100
AcDbEntity
  8
$Слои конструкции
 62
     5
440
 16777216
 48
100.0
370
    13
100
AcDbBlockReference
  2
_Oblique
 10
55715.77796467021
 20
78103.79516776802
 30
0.0
 41
75.0
 42
75.0
 43
75.0
 50
180.0
  0
INSERT
  5
734
330
72C
100
AcDbEntity
  8
$Слои конструкции
 62
     5
440
 16777216
 48
100.0
370
    13
100
AcDbBlockReference
  2
_Oblique
 10
56015.77421475295
 20
78103.79516776802
 30
0.0
 41
75.0
 42
75.0
 43
75.0
  0
MTEXT
  5
735
330
72C
100
AcDbEntity
  8
$Слои конструкции
 62
     5
440
 16777216
 48
100.0
100
AcDbMText
 10
56240.77421475295
 20
78191.29516776802
 30
0.0
 40
125.0
 41
0.0
 46
0.0
 71
     5
 72
     1
  1
\A1;300
  7
@ТРАНСПРОЕКТ
 73
     1
 44
1.0
  0
POINT
  5
736
330
72C
100
AcDbEntity
  8
Defpoints
 62
     0
440
 16777216
 48
100.0
100
AcDbPoint
 10
55715.77796467021
 20
78442.51717960194
 30
0.0
  0
POINT
  5
737
330
72C
100
AcDbEntity
  8
Defpoints
 62
     0
440
 16777216
 48
100.0
100
AcDbPoint
 10
56015.77421475295
 20
78742.51717960194
 30
0.0
  0
POINT
  5
738
330
72C
100
AcDbEntity
  8
Defpoints
 62
     0
440
 16777216
 48
100.0
100
AcDbPoint
 10
56015.77421475295
 20
78103.79516776802
 30
0.0
  0
ENDBLK
  5
739
330
72C
100
AcDbEntity
  8
0
100
AcDbBlockEnd
  0
BLOCK
  5
73B
330
73A
100
AcDbEntity
  8
0
100
AcDbBlockBegin
  2
*D93
 70
     1
 10
0.0
 20
0.0
 30
0.0
  3
*D93
  1

  0
LINE
  5
73C
330
73A
100
AcDbEntity
  8
$Слои конструкции
  6
Continuous
 62
     5
440
 16777216
370
    13
100
AcDbLine
 10
63215.81687158765
 20
78427.01752957329
 30
0.0
 11
63215.81687158765
 21
78068.79516776803
 31
0.0
  0
LINE
  5
73D
330
73A
100
AcDbEntity
  8
$Слои конструкции
  6
Continuous
 62
     5
440
 16777216
370
    13
100
AcDbLine
 10
62915.85577850463
 20
78727.05193235201
 30
0.0
 11
62915.85577850463
 21
78068.79516776803
 31
0.0
  0
LINE
  5
73E
330
73A
100
AcDbEntity
  8
$Слои конструкции
  6
Continuous
 62
     5
440
 16777216
370
    13
100
AcDbLine
 10
62915.85577850463
 20
78103.79516776802
 30
0.0
 11
62540.85577850463
 21
78103.79516776802
 31
0.0
  0
LINE
  5
73F
330
73A
100
AcDbEntity
  8
$Слои конструкции
  6
Continuous
 62
     5
440
 16777216
370
    13
100
AcDbLine
 10
62915.85577850463
 20
78103.79516776802
 30
0.0
 11
62540.85577850463
 21
78103.79516776802
 31
0.0
  0
LINE
  5
740
330
73A
100
AcDbEntity
  8
$Слои конструкции
  6
Continuous
 62
     5
440
 16777216
370
    13
100
AcDbLine
 10
63215.81687158765
 20
78103.79516776802
 30
0.0
 11
62915.85577850463
 21
78103.79516776802
 31
0.0
  0
INSERT
  5
741
330
73A
100
AcDbEntity
  8
$Слои конструкции
 62
     5
440
 16777216
 48
100.0
370
    13
100
AcDbBlockReference
  2
_Oblique
 10
63215.81687158765
 20
78103.79516776802
 30
0.0
 41
75.0
 42
75.0
 43
75.0
  0
INSERT
  5
742
330
73A
100
AcDbEntity
  8
$Слои конструкции
 62
     5
440
 16777216
 48
100.0
370
    13
100
AcDbBlockReference
  2
_Oblique
 10
62915.85577850463
 20
78103.79516776802
 30
0.0
 41
75.0
 42
75.0
 43
75.0
 50
180.0
  0
MTEXT
  5
743
330
73A
100
AcDbEntity
  8
$Слои конструкции
 62
     5
440
 16777216
 48
100.0
100
AcDbMText
 10
62690.85577850463
 20
78191.29516776802
 30
0.0
 40
125.0
 41
0.0
 46
0.0
 71
     5
 72
     1
  1
\A1;300
  7
@ТРАНСПРОЕКТ
 73
     1
 44
1.0
  0
POINT
  5
744
330
73A
100
AcDbEntity
  8
Defpoints
 62
     0
440
 16777216
 48
100.0
100
AcDbPoint
 10
63215.81687158765
 20
78477.01752957329
 30
0.0
  0
POINT
  5
745
330
73A
100
AcDbEntity
  8
Defpoints
 62
     0
440
 16777216
 48
100.0
100
AcDbPoint
 10
62915.85577850463
 20
78777.05193235201
 30
0.0
  0
POINT
  5
746
330
73A
100
AcDbEntity
  8
Defpoints
 62
     0
440
 16777216
 48
100.0
100
AcDbPoint
 10
62915.85577850463
 20
78103.79516776802
 30
0.0
  0
ENDBLK
  5
747
330
73A
100
AcDbEntity
  8
0
100
AcDbBlockEnd
  0
BLOCK
  5
749
330
748
100
AcDbEntity
  8
0
100
AcDbBlockBegin
  2
*D94
 70
     1
 10
0.0
 20
0.0
 30
0.0
  3
*D94
  1

  0
LINE
  5
74A
330
748
100
AcDbEntity
  8
$Слои конструкции
  6
Continuous
 62
     5
440
 16777216
370
    13
100
AcDbLine
 10
62865.85577850463
 20
78777.05193235201
 30
0.0
 11
62228.42536442075
 21
78777.05193235201
 31
0.0
  0
LINE
  5
74B
330
748
100
AcDbEntity
  8
$Слои конструкции
  6
Continuous
 62
     5
440
 16777216
370
    13
100
AcDbLine
 10
63165.81687158765
 20
78477.01752957329
 30
0.0
 11
62228.42536442075
 21
78477.01752957329
 31
0.0
  0
LINE
  5
74C
330
748
100
AcDbEntity
  8
$Слои конструкции
  6
Continuous
 62
     5
440
 16777216
370
    13
100
AcDbLine
 10
62263.42536442075
 20
78777.05193235201
 30
0.0
 11
62263.42536442075
 21
78477.01752957329
 31
0.0
  0
INSERT
  5
74D
330
748
100
AcDbEntity
  8
$Слои конструкции
 62
     5
440
 16777216
 48
100.0
370
    13
100
AcDbBlockReference
  2
_Oblique
 10
62263.42536442075
 20
78777.05193235201
 30
0.0
 41
75.0
 42
75.0
 43
75.0
 50
90.0
  0
INSERT
  5
74E
330
748
100
AcDbEntity
  8
$Слои конструкции
 62
     5
440
 16777216
 48
100.0
370
    13
100
AcDbBlockReference
  2
_Oblique
 10
62263.42536442075
 20
78477.01752957329
 30
0.0
 41
75.0
 42
75.0
 43
75.0
 50
270.0
  0
MTEXT
  5
74F
330
748
100
AcDbEntity
  8
$Слои конструкции
 62
     5
440
 16777216
 48
100.0
100
AcDbMText
 10
62175.92536442075
 20
78627.03473096265
 30
0.0
 40
125.0
 41
0.0
 46
0.0
 71
     5
 72
     1
  1
\A1;300
  7
@ТРАНСПРОЕКТ
 11
0.0
 21
1.0
 31
0.0
 73
     1
 44
1.0
  0
POINT
  5
750
330
748
100
AcDbEntity
  8
Defpoints
 62
     0
440
 16777216
 48
100.0
100
AcDbPoint
 10
62915.85577850463
 20
78777.05193235201
 30
0.0
  0
POINT
  5
751
330
748
100
AcDbEntity
  8
Defpoints
 62
     0
440
 16777216
 48
100.0
100
AcDbPoint
 10
63215.81687158765
 20
78477.01752957329
 30
0.0
  0
POINT
  5
752
330
748
100
AcDbEntity
  8
Defpoints
 62
     0
440
 16777216
 48
100.0
100
AcDbPoint
 10
62263.42536442075
 20
78477.01752957329
 30
0.0
  0
ENDBLK
  5
753
330
748
100
AcDbEntity
  8
0
100
AcDbBlockEnd
  0
BLOCK
  5
755
330
754
100
AcDbEntity
  8
0
100
AcDbBlockBegin
  2
*D95
 70
     1
 10
0.0
 20
0.0
 30
0.0
  3
*D95
  1

  0
LINE
  5
756
330
754
100
AcDbEntity
  8
$Слои конструкции
  6
Continuous
 62
     5
440
 16777216
370
    13
100
AcDbLine
 10
57858.04473936591
 20
79436.74255774617
 30
0.0
 11
57654.65990946434
 21
79435.72458903475
 31
0.0
  0
LINE
  5
757
330
754
100
AcDbEntity
  8
$Слои конструкции
  6
Continuous
 62
     5
440
 16777216
370
    13
100
AcDbLine
 10
57861.473195908
 20
78751.75485349334
 30
0.0
 11
57658.08836600642
 21
78750.73688478193
 31
0.0
  0
LINE
  5
758
330
754
100
AcDbEntity
  8
$Слои конструкции
  6
Continuous
 62
     5
440
 16777216
370
    13
100
AcDbLine
 10
57693.08792761542
 20
78750.91206234383
 30
0.0
 11
57695.09080482054
 21
78350.74766130976
 31
0.0
  0
LINE
  5
759
330
754
100
AcDbEntity
  8
$Слои конструкции
  6
Continuous
 62
     5
440
 16777216
370
    13
100
AcDbLine
 10
57693.08792761542
 20
78750.91206234383
 30
0.0
 11
57695.09080482054
 21
78350.74766130976
 31
0.0
  0
LINE
  5
75A
330
754
100
AcDbEntity
  8
$Слои конструкции
  6
Continuous
 62
     5
440
 16777216
370
    13
100
AcDbLine
 10
57689.65947107334
 20
79435.89976659666
 30
0.0
 11
57693.08792761542
 21
78750.91206234383
 31
0.0
  0
INSERT
  5
75B
330
754
100
AcDbEntity
  8
$Слои конструкции
 62
     5
440
 16777216
 48
100.0
370
    13
100
AcDbBlockReference
  2
_Oblique
 10
57689.65947107334
 20
79435.89976659666
 30
0.0
 41
75.0
 42
75.0
 43
75.0
 50
90.28677076767703
  0
INSERT
  5
75C
330
754
100
AcDbEntity
  8
$Слои конструкции
 62
     5
440
 16777216
 48
100.0
370
    13
100
AcDbBlockReference
  2
_Oblique
 10
57693.08792761542
 20
78750.91206234383
 30
0.0
 41
75.0
 42
75.0
 43
75.0
 50
270.286770767677
  0
MTEXT
  5
75D
330
754
100
AcDbEntity
  8
$Слои конструкции
 62
     5
440
 16777216
 48
100.0
100
AcDbMText
 10
57781.83894786341
 20
78501.18372639594
 30
0.0
 40
125.0
 41
0.0
 46
0.0
 71
     5
 72
     1
  1
\A1;685
  7
@ТРАНСПРОЕКТ
 11
0.0050050731973879
 21
-0.9999874745427009
 31
0.0
 73
     1
 44
1.0
  0
POINT
  5
75E
330
754
100
AcDbEntity
  8
Defpoints
 62
     0
440
 16777216
 48
100.0
100
AcDbPoint
 10
57908.04411309306
 20
79436.99281140603
 30
0.0
  0
POINT
  5
75F
330
754
100
AcDbEntity
  8
Defpoints
 62
     0
440
 16777216
 48
100.0
100
AcDbPoint
 10
57911.47256963514
 20
78752.00510715321
 30
0.0
  0
POINT
  5
760
330
754
100
AcDbEntity
  8
Defpoints
 62
     0
440
 16777216
 48
100.0
100
AcDbPoint
 10
57693.08792761542
 20
78750.91206234383
 30
0.0
  0
ENDBLK
  5
761
330
754
100
AcDbEntity
  8
0
100
AcDbBlockEnd
  0
BLOCK
  5
763
330
762
100
AcDbEntity
  8
0
100
AcDbBlockBegin
  2
*D96
 70
     1
 10
0.0
 20
0.0
 30
0.0
  3
*D96
  1

  0
LINE
  5
764
330
762
100
AcDbEntity
  8
$Слои конструкции
  6
Continuous
 62
     5
440
 16777216
370
    13
100
AcDbLine
 10
54965.77789084566
 20
78415.42633602559
 30
0.0
 11
55213.65238730004
 21
78415.42633602559
 31
0.0
  0
LINE
  5
765
330
762
100
AcDbEntity
  8
$Слои конструкции
  6
Continuous
 62
     5
440
 16777216
370
    13
100
AcDbLine
 10
54965.77796467021
 20
78442.51717960194
 30
0.0
 11
55213.65238730004
 21
78442.51717960194
 31
0.0
  0
LINE
  5
766
330
762
100
AcDbEntity
  8
$Слои конструкции
  6
Continuous
 62
     5
440
 16777216
370
    13
100
AcDbLine
 10
55178.65238730004
 20
78415.42633602559
 30
0.0
 11
55178.65238730004
 21
78042.42951149912
 31
0.0
  0
LINE
  5
767
330
762
100
AcDbEntity
  8
$Слои конструкции
  6
Continuous
 62
     5
440
 16777216
370
    13
100
AcDbLine
 10
55178.65238730004
 20
78415.42633602559
 30
0.0
 11
55178.65238730004
 21
78340.42633602559
 31
0.0
  0
LINE
  5
768
330
762
100
AcDbEntity
  8
$Слои конструкции
  6
Continuous
 62
     5
440
 16777216
370
    13
100
AcDbLine
 10
55178.65238730004
 20
78442.51717960194
 30
0.0
 11
55178.65238730004
 21
78517.51717960194
 31
0.0
  0
INSERT
  5
769
330
762
100
AcDbEntity
  8
$Слои конструкции
 62
     5
440
 16777216
 48
100.0
370
    13
100
AcDbBlockReference
  2
_Oblique
 10
55178.65238730004
 20
78415.42633602559
 30
0.0
 41
75.0
 42
75.0
 43
75.0
 50
90.0
  0
INSERT
  5
76A
330
762
100
AcDbEntity
  8
$Слои конструкции
 62
     5
440
 16777216
 48
100.0
370
    13
100
AcDbBlockReference
  2
_Oblique
 10
55178.65238730004
 20
78442.51717960194
 30
0.0
 41
75.0
 42
75.0
 43
75.0
 50
270.0
  0
MTEXT
  5
76B
330
762
100
AcDbEntity
  8
$Слои конструкции
 62
     5
440
 16777216
 48
100.0
100
AcDbMText
 10
55091.15238730004
 20
78148.67951149913
 30
0.0
 40
125.0
 41
0.0
 46
0.0
 71
     5
 72
     1
  1
\A1;27
  7
@ТРАНСПРОЕКТ
 11
0.0
 21
1.0
 31
0.0
 73
     1
 44
1.0
  0
POINT
  5
76C
330
762
100
AcDbEntity
  8
Defpoints
 62
     0
440
 16777216
 48
100.0
100
AcDbPoint
 10
54915.77789084566
 20
78415.42633602559
 30
0.0
  0
POINT
  5
76D
330
762
100
AcDbEntity
  8
Defpoints
 62
     0
440
 16777216
 48
100.0
100
AcDbPoint
 10
54915.77796467021
 20
78442.51717960194
 30
0.0
  0
POINT
  5
76E
330
762
100
AcDbEntity
  8
Defpoints
 62
     0
440
 16777216
 48
100.0
100
AcDbPoint
 10
55178.65238730004
 20
78442.51717960194
 30
0.0
  0
ENDBLK
  5
76F
330
762
100
AcDbEntity
  8
0
100
AcDbBlockEnd
  0
BLOCK
  5
771
330
770
100
AcDbEntity
  8
0
100
AcDbBlockBegin
  2
*D97
 70
     1
 10
0.0
 20
0.0
 30
0.0
  3
*D97
  1

  0
LINE
  5
772
330
770
100
AcDbEntity
  8
$Слои конструкции
  6
Continuous
 62
     5
440
 16777216
370
    13
100
AcDbLine
 10
63965.89468542207
 20
78477.01752957329
 30
0.0
 11
63812.82543715229
 21
78477.01752957329
 31
0.0
  0
LINE
  5
773
330
770
100
AcDbEntity
  8
$Слои конструкции
  6
Continuous
 62
     5
440
 16777216
370
    13
100
AcDbLine
 10
63965.89468542207
 20
78449.92661217239
 30
0.0
 11
63812.82543715229
 21
78449.92661217239
 31
0.0
  0
LINE
  5
774
330
770
100
AcDbEntity
  8
$Слои конструкции
  6
Continuous
 62
     5
440
 16777216
370
    13
100
AcDbLine
 10
63847.82543715229
 20
78449.92661217239
 30
0.0
 11
63847.82543715229
 21
78162.42661217239
 31
0.0
  0
LINE
  5
775
330
770
100
AcDbEntity
  8
$Слои конструкции
  6
Continuous
 62
     5
440
 16777216
370
    13
100
AcDbLine
 10
63847.82543715229
 20
78477.01752957329
 30
0.0
 11
63847.82543715229
 21
78552.01752957329
 31
0.0
  0
INSERT
  5
776
330
770
100
AcDbEntity
  8
$Слои конструкции
 62
     5
440
 16777216
 48
100.0
370
    13
100
AcDbBlockReference
  2
_Oblique
 10
63847.82543715229
 20
78477.01752957329
 30
0.0
 41
75.0
 42
75.0
 43
75.0
 50
270.0
  0
INSERT
  5
777
330
770
100
AcDbEntity
  8
$Слои конструкции
 62
     5
440
 16777216
 48
100.0
370
    13
100
AcDbBlockReference
  2
_Oblique
 10
63847.82543715229
 20
78449.92661217239
 30
0.0
 41
75.0
 42
75.0
 43
75.0
 50
90.0
  0
MTEXT
  5
778
330
770
100
AcDbEntity
  8
$Слои конструкции
 62
     5
440
 16777216
 48
100.0
100
AcDbMText
 10
63760.32543715229
 20
78193.67661217239
 30
0.0
 40
125.0
 41
0.0
 46
0.0
 71
     5
 72
     1
  1
\A1;27
  7
@ТРАНСПРОЕКТ
 11
0.0
 21
1.0
 31
0.0
 73
     1
 44
1.0
  0
POINT
  5
779
330
770
100
AcDbEntity
  8
Defpoints
 62
     0
440
 16777216
 48
100.0
100
AcDbPoint
 10
64015.89468542207
 20
78477.01752957329
 30
0.0
  0
POINT
  5
77A
330
770
100
AcDbEntity
  8
Defpoints
 62
     0
440
 16777216
 48
100.0
100
AcDbPoint
 10
64015.89468542207
 20
78449.92661217239
 30
0.0
  0
POINT
  5
77B
330
770
100
AcDbEntity
  8
Defpoints
 62
     0
440
 16777216
 48
100.0
100
AcDbPoint
 10
63847.82543715229
 20
78449.92661217239
 30
0.0
  0
ENDBLK
  5
77C
330
770
100
AcDbEntity
  8
0
100
AcDbBlockEnd
  0
BLOCK
  5
77E
330
77D
100
AcDbEntity
  8
0
100
AcDbBlockBegin
  2
*D98
 70
     1
 10
0.0
 20
0.0
 30
0.0
  3
*D98
  1

  0
LINE
  5
77F
330
77D
100
AcDbEntity
  8
$Размеры
  6
Continuous
 62
     5
440
 16777216
370
    13
100
AcDbLine
 10
69103.88010280579
 20
69652.21707139408
 30
0.0
 11
69103.88010280579
 21
69103.91395933076
 31
0.0
  0
LINE
  5
780
330
77D
100
AcDbEntity
  8
$Размеры
  6
Continuous
 62
     5
440
 16777216
370
    13
100
AcDbLine
 10
68553.88010280579
 20
69452.21707141329
 30
0.0
 11
68553.88010280579
 21
69103.91395933076
 31
0.0
  0
LINE
  5
781
330
77D
100
AcDbEntity
  8
$Размеры
  6
Continuous
 62
     5
440
 16777216
370
    13
100
AcDbLine
 10
69103.88010280579
 20
69138.91395933076
 30
0.0
 11
68553.88010280579
 21
69138.91395933076
 31
0.0
  0
INSERT
  5
782
330
77D
100
AcDbEntity
  8
$Размеры
 62
     5
440
 16777216
 48
100.0
370
    13
100
AcDbBlockReference
  2
_Oblique
 10
69103.88010280579
 20
69138.91395933076
 30
0.0
 41
75.0
 42
75.0
 43
75.0
  0
INSERT
  5
783
330
77D
100
AcDbEntity
  8
$Размеры
 62
     5
440
 16777216
 48
100.0
370
    13
100
AcDbBlockReference
  2
_Oblique
 10
68553.88010280579
 20
69138.91395933076
 30
0.0
 41
75.0
 42
75.0
 43
75.0
 50
180.0
  0
MTEXT
  5
784
330
77D
100
AcDbEntity
  8
$Размеры
 62
     5
440
 16777216
 48
100.0
100
AcDbMText
 10
68828.88010280579
 20
69226.41395933077
 30
0.0
 40
125.0
 41
0.0
 46
0.0
 71
     5
 72
     1
  1
\A1;550
  7
@ТРАНСПРОЕКТ
 73
     1
 44
1.0
  0
POINT
  5
785
330
77D
100
AcDbEntity
  8
Defpoints
 62
     0
440
 16777216
 48
100.0
100
AcDbPoint
 10
69103.88010280579
 20
69702.21707139408
 30
0.0
  0
POINT
  5
786
330
77D
100
AcDbEntity
  8
Defpoints
 62
     0
440
 16777216
 48
100.0
100
AcDbPoint
 10
68553.88010280579
 20
69502.21707141329
 30
0.0
  0
POINT
  5
787
330
77D
100
AcDbEntity
  8
Defpoints
 62
     0
440
 16777216
 48
100.0
100
AcDbPoint
 10
68553.88010280579
 20
69138.91395933076
 30
0.0
  0
ENDBLK
  5
788
330
77D
100
AcDbEntity
  8
0
100
AcDbBlockEnd
  0
BLOCK
  5
78A
330
789
100
AcDbEntity
  8
0
100
AcDbBlockBegin
  2
*D99
 70
     1
 10
0.0
 20
0.0
 30
0.0
  3
*D99
  1

  0
LINE
  5
78B
330
789
100
AcDbEntity
  8
$Размеры
  6
Continuous
 62
     5
440
 16777216
370
    13
100
AcDbLine
 10
69103.88010280579
 20
69652.21707139408
 30
0.0
 11
69103.88010280579
 21
69103.91395933076
 31
0.0
  0
LINE
  5
78C
330
789
100
AcDbEntity
  8
$Размеры
  6
Continuous
 62
     5
440
 16777216
370
    13
100
AcDbLine
 10
94233.88010280579
 20
69652.21707139408
 30
0.0
 11
94233.88010280579
 21
69103.91395933076
 31
0.0
  0
LINE
  5
78D
330
789
100
AcDbEntity
  8
$Размеры
  6
Continuous
 62
     5
440
 16777216
370
    13
100
AcDbLine
 10
69103.88010280579
 20
69138.91395933076
 30
0.0
 11
94233.88010280579
 21
69138.91395933076
 31
0.0
  0
INSERT
  5
78E
330
789
100
AcDbEntity
  8
$Размеры
 62
     5
440
 16777216
 48
100.0
370
    13
100
AcDbBlockReference
  2
_Oblique
 10
69103.88010280579
 20
69138.91395933076
 30
0.0
 41
75.0
 42
75.0
 43
75.0
 50
180.0
  0
INSERT
  5
78F
330
789
100
AcDbEntity
  8
$Размеры
 62
     5
440
 16777216
 48
100.0
370
    13
100
AcDbBlockReference
  2
_Oblique
 10
94233.88010280579
 20
69138.91395933076
 30
0.0
 41
75.0
 42
75.0
 43
75.0
  0
MTEXT
  5
790
330
789
100
AcDbEntity
  8
$Размеры
 62
     5
440
 16777216
 48
100.0
100
AcDbMText
 10
81668.8801028058
 20
69226.41395933077
 30
0.0
 40
125.0
 41
0.0
 46
0.0
 71
     5
 72
     1
  1
\A1;25130
  7
@ТРАНСПРОЕКТ
 73
     1
 44
1.0
  0
POINT
  5
791
330
789
100
AcDbEntity
  8
Defpoints
 62
     0
440
 16777216
 48
100.0
100
AcDbPoint
 10
69103.88010280579
 20
69702.21707139408
 30
0.0
  0
POINT
  5
792
330
789
100
AcDbEntity
  8
Defpoints
 62
     0
440
 16777216
 48
100.0
100
AcDbPoint
 10
94233.88010280579
 20
69702.21707139408
 30
0.0
  0
POINT
  5
793
330
789
100
AcDbEntity
  8
Defpoints
 62
     0
440
 16777216
 48
100.0
100
AcDbPoint
 10
94233.88010280579
 20
69138.91395933076
 30
0.0
  0
ENDBLK
  5
794
330
789
100
AcDbEntity
  8
0
100
AcDbBlockEnd
  0
BLOCK
  5
796
330
795
100
AcDbEntity
  8
0
100
AcDbBlockBegin
  2
*D100
 70
     1
 10
0.0
 20
0.0
 30
0.0
  3
*D100
  1

  0
LINE
  5
797
330
795
100
AcDbEntity
  8
$Размеры
  6
Continuous
 62
     5
440
 16777216
370
    13
100
AcDbLine
 10
94233.88010280579
 20
69652.21707139408
 30
0.0
 11
94233.88010280579
 21
69103.91395933076
 31
0.0
  0
LINE
  5
798
330
795
100
AcDbEntity
  8
$Размеры
  6
Continuous
 62
     5
440
 16777216
370
    13
100
AcDbLine
 10
94483.88010280579
 20
69452.21707141353
 30
0.0
 11
94483.88010280579
 21
69103.91395933076
 31
0.0
  0
LINE
  5
799
330
795
100
AcDbEntity
  8
$Размеры
  6
Continuous
 62
     5
440
 16777216
370
    13
100
AcDbLine
 10
94233.88010280579
 20
69138.91395933076
 30
0.0
 11
94483.88010280579
 21
69138.91395933076
 31
0.0
  0
INSERT
  5
79A
330
795
100
AcDbEntity
  8
$Размеры
 62
     5
440
 16777216
 48
100.0
370
    13
100
AcDbBlockReference
  2
_Oblique
 10
94233.88010280579
 20
69138.91395933076
 30
0.0
 41
75.0
 42
75.0
 43
75.0
 50
180.0
  0
INSERT
  5
79B
330
795
100
AcDbEntity
  8
$Размеры
 62
     5
440
 16777216
 48
100.0
370
    13
100
AcDbBlockReference
  2
_Oblique
 10
94483.88010280579
 20
69138.91395933076
 30
0.0
 41
75.0
 42
75.0
 43
75.0
  0
MTEXT
  5
79C
330
795
100
AcDbEntity
  8
$Размеры
 62
     5
440
 16777216
 48
100.0
100
AcDbMText
 10
94358.8801028058
 20
69226.41395933077
 30
0.0
 40
125.0
 41
0.0
 46
0.0
 71
     5
 72
     1
  1
\A1;250
  7
@ТРАНСПРОЕКТ
 73
     1
 44
1.0
  0
POINT
  5
79D
330
795
100
AcDbEntity
  8
Defpoints
 62
     0
440
 16777216
 48
100.0
100
AcDbPoint
 10
94233.88010280579
 20
69702.21707139408
 30
0.0
  0
POINT
  5
79E
330
795
100
AcDbEntity
  8
Defpoints
 62
     0
440
 16777216
 48
100.0
100
AcDbPoint
 10
94483.88010280579
 20
69502.21707141353
 30
0.0
  0
POINT
  5
79F
330
795
100
AcDbEntity
  8
Defpoints
 62
     0
440
 16777216
 48
100.0
100
AcDbPoint
 10
94483.88010280579
 20
69138.91395933076
 30
0.0
  0
ENDBLK
  5
7A0
330
795
100
AcDbEntity
  8
0
100
AcDbBlockEnd
  0
BLOCK
  5
7A2
330
7A1
100
AcDbEntity
  8
0
100
AcDbBlockBegin
  2
*D101
 70
     1
 10
0.0
 20
0.0
 30
0.0
  3
*D101
  1

  0
LINE
  5
7A3
330
7A1
100
AcDbEntity
  8
$Размеры
  6
Continuous
 62
     5
440
 16777216
370
    13
100
AcDbLine
 10
81618.88010280579
 20
83003.80283253675
 30
0.0
 11
80673.02734495932
 21
83003.80283253675
 31
0.0
  0
LINE
  5
7A4
330
7A1
100
AcDbEntity
  8
$Размеры
  6
Continuous
 62
     5
440
 16777216
370
    13
100
AcDbLine
 10
81618.88010280579
 20
82302.52283253673
 30
0.0
 11
80673.02734495932
 21
82302.52283253673
 31
0.0
  0
LINE
  5
7A5
330
7A1
100
AcDbEntity
  8
$Размеры
  6
Continuous
 62
     5
440
 16777216
370
    13
100
AcDbLine
 10
80708.02734495932
 20
83003.80283253675
 30
0.0
 11
80708.02734495932
 21
83402.53130093602
 31
0.0
  0
LINE
  5
7A6
330
7A1
100
AcDbEntity
  8
$Размеры
  6
Continuous
 62
     5
440
 16777216
370
    13
100
AcDbLine
 10
80708.02734495932
 20
83003.80283253675
 30
0.0
 11
80708.02734495932
 21
83402.53130093602
 31
0.0
  0
LINE
  5
7A7
330
7A1
100
AcDbEntity
  8
$Размеры
  6
Continuous
 62
     5
440
 16777216
370
    13
100
AcDbLine
 10
80708.02734495932
 20
83003.80283253675
 30
0.0
 11
80708.02734495932
 21
82302.52283253673
 31
0.0
  0
INSERT
  5
7A8
330
7A1
100
AcDbEntity
  8
$Размеры
 62
     5
440
 16777216
 48
100.0
370
    13
100
AcDbBlockReference
  2
_Oblique
 10
80708.02734495932
 20
83003.80283253675
 30
0.0
 41
75.0
 42
75.0
 43
75.0
 50
90.0
  0
INSERT
  5
7A9
330
7A1
100
AcDbEntity
  8
$Размеры
 62
     5
440
 16777216
 48
100.0
370
    13
100
AcDbBlockReference
  2
_Oblique
 10
80708.02734495932
 20
82302.52283253673
 30
0.0
 41
75.0
 42
75.0
 43
75.0
 50
270.0
  0
MTEXT
  5
7AA
330
7A1
100
AcDbEntity
  8
$Размеры
 62
     5
440
 16777216
 48
100.0
100
AcDbMText
 10
80620.52734495932
 20
83265.03130093602
 30
0.0
 40
125.0
 41
0.0
 46
0.0
 71
     5
 72
     1
  1
\A1;701
  7
@ТРАНСПРОЕКТ
 11
0.0
 21
1.0
 31
0.0
 73
     1
 44
1.0
  0
POINT
  5
7AB
330
7A1
100
AcDbEntity
  8
Defpoints
 62
     0
440
 16777216
 48
100.0
100
AcDbPoint
 10
81668.8801028058
 20
83003.80283253675
 30
0.0
  0
POINT
  5
7AC
330
7A1
100
AcDbEntity
  8
Defpoints
 62
     0
440
 16777216
 48
100.0
100
AcDbPoint
 10
81668.8801028058
 20
82302.52283253673
 30
0.0
  0
POINT
  5
7AD
330
7A1
100
AcDbEntity
  8
Defpoints
 62
     0
440
 16777216
 48
100.0
100
AcDbPoint
 10
80708.02734495932
 20
82302.52283253673
 30
0.0
  0
ENDBLK
  5
7AE
330
7A1
100
AcDbEntity
  8
0
100
AcDbBlockEnd
  0
BLOCK
  5
D95
330
D94
100
AcDbEntity
  8
0
100
AcDbBlockBegin
  2
*D103
 70
     1
 10
0.0
 20
0.0
 30
0.0
  3
*D103
  1

  0
LINE
  5
1224
330
D94
100
AcDbEntity
  8
$Размеры
  6
Continuous
 62
     5
440
 16777216
370
    13
100
AcDbLine
 10
15510.87815433303
 20
1568.066645180944
 30
0.0
 11
15510.87815433303
 21
913.6912867690179
 31
0.0
  0
LINE
  5
1225
330
D94
100
AcDbEntity
  8
$Размеры
  6
Continuous
 62
     5
440
 16777216
370
    13
100
AcDbLine
 10
41440.87815433303
 20
1568.066645163132
 30
0.0
 11
41440.87815433303
 21
913.6912867690179
 31
0.0
  0
LINE
  5
1226
330
D94
100
AcDbEntity
  8
$Размеры
  6
Continuous
 62
     5
440
 16777216
370
    13
100
AcDbLine
 10
15510.87815433303
 20
948.6912867690179
 30
0.0
 11
41440.87815433303
 21
948.6912867690179
 31
0.0
  0
INSERT
  5
1227
330
D94
100
AcDbEntity
  8
$Размеры
 62
     5
440
 16777216
370
    13
100
AcDbBlockReference
  2
_Oblique
 10
15510.87815433303
 20
948.6912867690179
 30
0.0
 41
75.0
 42
75.0
 43
75.0
 50
180.0
  0
INSERT
  5
1228
330
D94
100
AcDbEntity
  8
$Размеры
 62
     5
440
 16777216
370
    13
100
AcDbBlockReference
  2
_Oblique
 10
41440.87815433303
 20
948.6912867690179
 30
0.0
 41
75.0
 42
75.0
 43
75.0
  0
MTEXT
  5
1229
330
D94
100
AcDbEntity
  8
$Размеры
 62
     5
440
 16777216
100
AcDbMText
 10
28475.87815433303
 20
1036.191286769018
 30
0.0
 40
125.0
 41
0.0
 46
0.0
 71
     5
 72
     1
  1
\A1;25930
  7
@ТРАНСПРОЕКТ
 73
     1
 44
1.0
  0
POINT
  5
122A
330
D94
100
AcDbEntity
  8
Defpoints
 62
     0
440
 16777216
100
AcDbPoint
 10
15510.87815433303
 20
1618.066645180944
 30
0.0
  0
POINT
  5
122B
330
D94
100
AcDbEntity
  8
Defpoints
 62
     0
440
 16777216
100
AcDbPoint
 10
41440.87815433303
 20
1618.066645163132
 30
0.0
  0
POINT
  5
122C
330
D94
100
AcDbEntity
  8
Defpoints
 62
     0
440
 16777216
100
AcDbPoint
 10
41440.87815433303
 20
948.6912867690179
 30
0.0
  0
ENDBLK
  5
D96
330
D94
100
AcDbEntity
  8
0
100
AcDbBlockEnd
  0
BLOCK
  5
DA1
330
DA0
100
AcDbEntity
  8
0
100
AcDbBlockBegin
  2
*D104
 70
     1
 10
0.0
 20
0.0
 30
0.0
  3
*D104
  1

  0
LINE
  5
122D
330
DA0
100
AcDbEntity
  8
$Размеры
  6
Continuous
 62
     5
440
 16777216
370
    13
100
AcDbLine
 10
15460.87815432652
 20
1818.066645161736
 30
0.0
 11
14964.80583866436
 21
1818.066645161736
 31
0.0
  0
LINE
  5
122E
330
DA0
100
AcDbEntity
  8
$Размеры
  6
Continuous
 62
     5
440
 16777216
370
    13
100
AcDbLine
 10
15460.87815433304
 20
10918.14796886689
 30
0.0
 11
14964.80583866436
 21
10918.14796886689
 31
0.0
  0
LINE
  5
122F
330
DA0
100
AcDbEntity
  8
$Размеры
  6
Continuous
 62
     5
440
 16777216
370
    13
100
AcDbLine
 10
14999.80583866436
 20
1818.066645161736
 30
0.0
 11
14999.80583866436
 21
10918.14796886689
 31
0.0
  0
INSERT
  5
1230
330
DA0
100
AcDbEntity
  8
$Размеры
 62
     5
440
 16777216
370
    13
100
AcDbBlockReference
  2
_Oblique
 10
14999.80583866436
 20
1818.066645161736
 30
0.0
 41
75.0
 42
75.0
 43
75.0
 50
270.0
  0
INSERT
  5
1231
330
DA0
100
AcDbEntity
  8
$Размеры
 62
     5
440
 16777216
370
    13
100
AcDbBlockReference
  2
_Oblique
 10
14999.80583866436
 20
10918.14796886689
 30
0.0
 41
75.0
 42
75.0
 43
75.0
 50
90.0
  0
MTEXT
  5
1232
330
DA0
100
AcDbEntity
  8
$Размеры
 62
     5
440
 16777216
100
AcDbMText
 10
14912.30583866436
 20
6368.107307014306
 30
0.0
 40
125.0
 41
0.0
 46
0.0
 71
     5
 72
     1
  1
\A1;9100
  7
@ТРАНСПРОЕКТ
 11
0.0000000000000001
 21
1.0
 31
0.0
 73
     1
 44
1.0
  0
POINT
  5
1233
330
DA0
100
AcDbEntity
  8
Defpoints
 62
     0
440
 16777216
100
AcDbPoint
 10
15510.87815432652
 20
1818.066645161736
 30
0.0
  0
POINT
  5
1234
330
DA0
100
AcDbEntity
  8
Defpoints
 62
     0
440
 16777216
100
AcDbPoint
 10
15510.87815433304
 20
10918.14796886689
 30
0.0
  0
POINT
  5
1235
330
DA0
100
AcDbEntity
  8
Defpoints
 62
     0
440
 16777216
100
AcDbPoint
 10
14999.80583866436
 20
10918.14796886689
 30
0.0
  0
ENDBLK
  5
DA2
330
DA0
100
AcDbEntity
  8
0
100
AcDbBlockEnd
  0
BLOCK
  5
DAD
330
DAC
100
AcDbEntity
  8
0
100
AcDbBlockBegin
  2
*D105
 70
     1
 10
0.0
 20
0.0
 30
0.0
  3
*D105
  1

  0
LINE
  5
1236
330
DAC
100
AcDbEntity
  8
$Размеры
  6
Continuous
 62
     5
440
 16777216
370
    13
100
AcDbLine
 10
15460.87815432652
 20
1818.066645161736
 30
0.0
 11
14964.80583866436
 21
1818.066645161736
 31
0.0
  0
LINE
  5
1237
330
DAC
100
AcDbEntity
  8
$Размеры
  6
Continuous
 62
     5
440
 16777216
370
    13
100
AcDbLine
 10
15460.87815433304
 20
1618.066645180945
 30
0.0
 11
14964.80583866436
 21
1618.066645180945
 31
0.0
  0
LINE
  5
1238
330
DAC
100
AcDbEntity
  8
$Размеры
  6
Continuous
 62
     5
440
 16777216
370
    13
100
AcDbLine
 10
14999.80583866436
 20
1818.066645161736
 30
0.0
 11
14999.80583866436
 21
1618.066645180945
 31
0.0
  0
LINE
  5
1239
330
DAC
100
AcDbEntity
  8
$Размеры
  6
Continuous
 62
     5
440
 16777216
370
    13
100
AcDbLine
 10
14999.80583866436
 20
1618.066645180945
 30
0.0
 11
14999.80583866436
 21
1222.072996127054
 31
0.0
  0
INSERT
  5
123A
330
DAC
100
AcDbEntity
  8
$Размеры
 62
     5
440
 16777216
370
    13
100
AcDbBlockReference
  2
_Oblique
 10
14999.80583866436
 20
1818.066645161736
 30
0.0
 41
75.0
 42
75.0
 43
75.0
 50
90.0
  0
INSERT
  5
123B
330
DAC
100
AcDbEntity
  8
$Размеры
 62
     5
440
 16777216
370
    13
100
AcDbBlockReference
  2
_Oblique
 10
14999.80583866436
 20
1618.066645180945
 30
0.0
 41
75.0
 42
75.0
 43
75.0
 50
270.0
  0
MTEXT
  5
123C
330
DAC
100
AcDbEntity
  8
$Размеры
 62
     5
440
 16777216
100
AcDbMText
 10
14912.30583866436
 20
1382.569820653995
 30
0.0
 40
125.0
 41
0.0
 46
0.0
 71
     5
 72
     1
  1
\A1;200
  7
@ТРАНСПРОЕКТ
 11
0.0000000000000001
 21
1.0
 31
0.0
 73
     1
 44
1.0
  0
POINT
  5
123D
330
DAC
100
AcDbEntity
  8
Defpoints
 62
     0
440
 16777216
100
AcDbPoint
 10
15510.87815432652
 20
1818.066645161736
 30
0.0
  0
POINT
  5
123E
330
DAC
100
AcDbEntity
  8
Defpoints
 62
     0
440
 16777216
100
AcDbPoint
 10
15510.87815433304
 20
1618.066645180945
 30
0.0
  0
POINT
  5
123F
330
DAC
100
AcDbEntity
  8
Defpoints
 62
     0
440
 16777216
100
AcDbPoint
 10
14999.80583866436
 20
1618.066645180945
 30
0.0
  0
ENDBLK
  5
DAE
330
DAC
100
AcDbEntity
  8
0
100
AcDbBlockEnd
  0
BLOCK
  5
DBA
330
DB9
100
AcDbEntity
  8
0
100
AcDbBlockBegin
  2
*D106
 70
     1
 10
0.0
 20
0.0
 30
0.0
  3
*D106
  1

  0
LINE
  5
1240
330
DB9
100
AcDbEntity
  8
$Размеры
  6
Continuous
 62
     5
440
 16777216
370
    13
100
AcDbLine
 10
15460.87815433304
 20
10918.14796886689
 30
0.0
 11
14964.80583866436
 21
10918.14796886689
 31
0.0
  0
LINE
  5
1241
330
DB9
100
AcDbEntity
  8
$Размеры
  6
Continuous
 62
     5
440
 16777216
370
    13
100
AcDbLine
 10
15460.87815433304
 20
11118.14796888621
 30
0.0
 11
14964.80583866436
 21
11118.14796888621
 31
0.0
  0
LINE
  5
1242
330
DB9
100
AcDbEntity
  8
$Размеры
  6
Continuous
 62
     5
440
 16777216
370
    13
100
AcDbLine
 10
14999.80583866436
 20
10918.14796886689
 30
0.0
 11
14999.80583866436
 21
11118.14796888621
 31
0.0
  0
LINE
  5
1243
330
DB9
100
AcDbEntity
  8
$Размеры
  6
Continuous
 62
     5
440
 16777216
370
    13
100
AcDbLine
 10
14999.80583866436
 20
11118.14796888621
 30
0.0
 11
14999.80583866436
 21
11514.1416179401
 31
0.0
  0
INSERT
  5
1244
330
DB9
100
AcDbEntity
  8
$Размеры
 62
     5
440
 16777216
370
    13
100
AcDbBlockReference
  2
_Oblique
 10
14999.80583866436
 20
10918.14796886689
 30
0.0
 41
75.0
 42
75.0
 43
75.0
 50
270.0
  0
INSERT
  5
1245
330
DB9
100
AcDbEntity
  8
$Размеры
 62
     5
440
 16777216
370
    13
100
AcDbBlockReference
  2
_Oblique
 10
14999.80583866436
 20
11118.14796888621
 30
0.0
 41
75.0
 42
75.0
 43
75.0
 50
90.0
  0
MTEXT
  5
1246
330
DB9
100
AcDbEntity
  8
$Размеры
 62
     5
440
 16777216
100
AcDbMText
 10
14912.30583866436
 20
11353.64479341315
 30
0.0
 40
125.0
 41
0.0
 46
0.0
 71
     5
 72
     1
  1
\A1;200
  7
@ТРАНСПРОЕКТ
 11
0.0000000000000001
 21
1.0
 31
0.0
 73
     1
 44
1.0
  0
POINT
  5
1247
330
DB9
100
AcDbEntity
  8
Defpoints
 62
     0
440
 16777216
100
AcDbPoint
 10
15510.87815433304
 20
10918.14796886689
 30
0.0
  0
POINT
  5
1248
330
DB9
100
AcDbEntity
  8
Defpoints
 62
     0
440
 16777216
100
AcDbPoint
 10
15510.87815433304
 20
11118.14796888621
 30
0.0
  0
POINT
  5
1249
330
DB9
100
AcDbEntity
  8
Defpoints
 62
     0
440
 16777216
100
AcDbPoint
 10
14999.80583866436
 20
11118.14796888621
 30
0.0
  0
ENDBLK
  5
DBB
330
DB9
100
AcDbEntity
  8
0
100
AcDbBlockEnd
  0
BLOCK
  5
DC7
330
DC6
100
AcDbEntity
  8
0
100
AcDbBlockBegin
  2
*D107
 70
     1
 10
0.0
 20
0.0
 30
0.0
  3
*D107
  1

  0
LINE
  5
124A
330
DC6
100
AcDbEntity
  8
$Размеры
  6
Continuous
 62
     5
440
 16777216
370
    13
100
AcDbLine
 10
16060.87815433303
 20
15128.37240630437
 30
0.0
 11
16060.87815433303
 21
15619.97226019252
 31
0.0
  0
LINE
  5
124B
330
DC6
100
AcDbEntity
  8
$Размеры
  6
Continuous
 62
     5
440
 16777216
370
    13
100
AcDbLine
 10
15510.87815433303
 20
15128.37240630437
 30
0.0
 11
15510.87815433303
 21
15619.97226019252
 31
0.0
  0
LINE
  5
124C
330
DC6
100
AcDbEntity
  8
$Размеры
  6
Continuous
 62
     5
440
 16777216
370
    13
100
AcDbLine
 10
16060.87815433303
 20
15584.97226019252
 30
0.0
 11
15510.87815433303
 21
15584.97226019252
 31
0.0
  0
INSERT
  5
124D
330
DC6
100
AcDbEntity
  8
$Размеры
 62
     5
440
 16777216
370
    13
100
AcDbBlockReference
  2
_Oblique
 10
16060.87815433303
 20
15584.97226019252
 30
0.0
 41
75.0
 42
75.0
 43
75.0
  0
INSERT
  5
124E
330
DC6
100
AcDbEntity
  8
$Размеры
 62
     5
440
 16777216
370
    13
100
AcDbBlockReference
  2
_Oblique
 10
15510.87815433303
 20
15584.97226019252
 30
0.0
 41
75.0
 42
75.0
 43
75.0
 50
180.0
  0
MTEXT
  5
124F
330
DC6
100
AcDbEntity
  8
$Размеры
 62
     5
440
 16777216
100
AcDbMText
 10
15785.87815433303
 20
15672.47226019252
 30
0.0
 40
125.0
 41
0.0
 46
0.0
 71
     5
 72
     1
  1
\A1;550
  7
@ТРАНСПРОЕКТ
 73
     1
 44
1.0
  0
POINT
  5
1250
330
DC6
100
AcDbEntity
  8
Defpoints
 62
     0
440
 16777216
100
AcDbPoint
 10
16060.87815433303
 20
15078.37240630437
 30
0.0
  0
POINT
  5
1251
330
DC6
100
AcDbEntity
  8
Defpoints
 62
     0
440
 16777216
100
AcDbPoint
 10
15510.87815433303
 20
15078.37240630437
 30
0.0
  0
POINT
  5
1252
330
DC6
100
AcDbEntity
  8
Defpoints
 62
     0
440
 16777216
100
AcDbPoint
 10
15510.87815433303
 20
15584.97226019252
 30
0.0
  0
ENDBLK
  5
DC8
330
DC6
100
AcDbEntity
  8
0
100
AcDbBlockEnd
  0
BLOCK
  5
DD3
330
DD2
100
AcDbEntity
  8
0
100
AcDbBlockBegin
  2
*D108
 70
     1
 10
0.0
 20
0.0
 30
0.0
  3
*D108
  1

  0
LINE
  5
1253
330
DD2
100
AcDbEntity
  8
$Размеры
  6
Continuous
 62
     5
440
 16777216
370
    13
100
AcDbLine
 10
16060.87815433303
 20
15128.37240630437
 30
0.0
 11
16060.87815433303
 21
15619.97226019252
 31
0.0
  0
LINE
  5
1254
330
DD2
100
AcDbEntity
  8
$Размеры
  6
Continuous
 62
     5
440
 16777216
370
    13
100
AcDbLine
 10
28625.87815433304
 20
15220.25652306343
 30
0.0
 11
28625.87815433304
 21
15619.97226019252
 31
0.0
  0
LINE
  5
1255
330
DD2
100
AcDbEntity
  8
$Размеры
  6
Continuous
 62
     5
440
 16777216
370
    13
100
AcDbLine
 10
16060.87815433303
 20
15584.97226019252
 30
0.0
 11
28625.87815433304
 21
15584.97226019252
 31
0.0
  0
INSERT
  5
1256
330
DD2
100
AcDbEntity
  8
$Размеры
 62
     5
440
 16777216
370
    13
100
AcDbBlockReference
  2
_Oblique
 10
16060.87815433303
 20
15584.97226019252
 30
0.0
 41
75.0
 42
75.0
 43
75.0
 50
180.0
  0
INSERT
  5
1257
330
DD2
100
AcDbEntity
  8
$Размеры
 62
     5
440
 16777216
370
    13
100
AcDbBlockReference
  2
_Oblique
 10
28625.87815433304
 20
15584.97226019252
 30
0.0
 41
75.0
 42
75.0
 43
75.0
  0
MTEXT
  5
1258
330
DD2
100
AcDbEntity
  8
$Размеры
 62
     5
440
 16777216
100
AcDbMText
 10
22343.37815433304
 20
15672.47226019252
 30
0.0
 40
125.0
 41
0.0
 46
0.0
 71
     5
 72
     1
  1
\A1;12565
  7
@ТРАНСПРОЕКТ
 73
     1
 44
1.0
  0
POINT
  5
1259
330
DD2
100
AcDbEntity
  8
Defpoints
 62
     0
440
 16777216
100
AcDbPoint
 10
16060.87815433303
 20
15078.37240630437
 30
0.0
  0
POINT
  5
125A
330
DD2
100
AcDbEntity
  8
Defpoints
 62
     0
440
 16777216
100
AcDbPoint
 10
28625.87815433304
 20
15170.25652306343
 30
0.0
  0
POINT
  5
125B
330
DD2
100
AcDbEntity
  8
Defpoints
 62
     0
440
 16777216
100
AcDbPoint
 10
28625.87815433304
 20
15584.97226019252
 30
0.0
  0
ENDBLK
  5
DD4
330
DD2
100
AcDbEntity
  8
0
100
AcDbBlockEnd
  0
BLOCK
  5
DDF
330
DDE
100
AcDbEntity
  8
0
100
AcDbBlockBegin
  2
*D109
 70
     1
 10
0.0
 20
0.0
 30
0.0
  3
*D109
  1

  0
LINE
  5
125C
330
DDE
100
AcDbEntity
  8
$Размеры
  6
Continuous
 62
     5
440
 16777216
370
    13
100
AcDbLine
 10
28625.87815433304
 20
15220.25652306343
 30
0.0
 11
28625.87815433304
 21
15619.97226019252
 31
0.0
  0
LINE
  5
125D
330
DDE
100
AcDbEntity
  8
$Размеры
  6
Continuous
 62
     5
440
 16777216
370
    13
100
AcDbLine
 10
41190.87815433303
 20
15128.37240630437
 30
0.0
 11
41190.87815433303
 21
15619.97226019252
 31
0.0
  0
LINE
  5
125E
330
DDE
100
AcDbEntity
  8
$Размеры
  6
Continuous
 62
     5
440
 16777216
370
    13
100
AcDbLine
 10
28625.87815433304
 20
15584.97226019252
 30
0.0
 11
41190.87815433303
 21
15584.97226019252
 31
0.0
  0
INSERT
  5
125F
330
DDE
100
AcDbEntity
  8
$Размеры
 62
     5
440
 16777216
370
    13
100
AcDbBlockReference
  2
_Oblique
 10
28625.87815433304
 20
15584.97226019252
 30
0.0
 41
75.0
 42
75.0
 43
75.0
 50
180.0
  0
INSERT
  5
1260
330
DDE
100
AcDbEntity
  8
$Размеры
 62
     5
440
 16777216
370
    13
100
AcDbBlockReference
  2
_Oblique
 10
41190.87815433303
 20
15584.97226019252
 30
0.0
 41
75.0
 42
75.0
 43
75.0
  0
MTEXT
  5
1261
330
DDE
100
AcDbEntity
  8
$Размеры
 62
     5
440
 16777216
100
AcDbMText
 10
34908.37815433303
 20
15672.47226019252
 30
0.0
 40
125.0
 41
0.0
 46
0.0
 71
     5
 72
     1
  1
\A1;12565
  7
@ТРАНСПРОЕКТ
 73
     1
 44
1.0
  0
POINT
  5
1262
330
DDE
100
AcDbEntity
  8
Defpoints
 62
     0
440
 16777216
100
AcDbPoint
 10
28625.87815433304
 20
15170.25652306343
 30
0.0
  0
POINT
  5
1263
330
DDE
100
AcDbEntity
  8
Defpoints
 62
     0
440
 16777216
100
AcDbPoint
 10
41190.87815433303
 20
15078.37240630437
 30
0.0
  0
POINT
  5
1264
330
DDE
100
AcDbEntity
  8
Defpoints
 62
     0
440
 16777216
100
AcDbPoint
 10
41190.87815433303
 20
15584.97226019252
 30
0.0
  0
ENDBLK
  5
DE0
330
DDE
100
AcDbEntity
  8
0
100
AcDbBlockEnd
  0
BLOCK
  5
DEB
330
DEA
100
AcDbEntity
  8
0
100
AcDbBlockBegin
  2
*D110
 70
     1
 10
0.0
 20
0.0
 30
0.0
  3
*D110
  1

  0
LINE
  5
1265
330
DEA
100
AcDbEntity
  8
$Размеры
  6
Continuous
 62
     5
440
 16777216
370
    13
100
AcDbLine
 10
41190.87815433303
 20
15128.37240630437
 30
0.0
 11
41190.87815433303
 21
15619.97226019252
 31
0.0
  0
LINE
  5
1266
330
DEA
100
AcDbEntity
  8
$Размеры
  6
Continuous
 62
     5
440
 16777216
370
    13
100
AcDbLine
 10
41440.87815433303
 20
15128.37240630437
 30
0.0
 11
41440.87815433303
 21
15619.97226019252
 31
0.0
  0
LINE
  5
1267
330
DEA
100
AcDbEntity
  8
$Размеры
  6
Continuous
 62
     5
440
 16777216
370
    13
100
AcDbLine
 10
41190.87815433303
 20
15584.97226019252
 30
0.0
 11
41440.87815433303
 21
15584.97226019252
 31
0.0
  0
LINE
  5
1268
330
DEA
100
AcDbEntity
  8
$Размеры
  6
Continuous
 62
     5
440
 16777216
370
    13
100
AcDbLine
 10
41440.87815433303
 20
15584.97226019252
 30
0.0
 11
41836.87180338692
 21
15584.97226019252
 31
0.0
  0
INSERT
  5
1269
330
DEA
100
AcDbEntity
  8
$Размеры
 62
     5
440
 16777216
370
    13
100
AcDbBlockReference
  2
_Oblique
 10
41190.87815433303
 20
15584.97226019252
 30
0.0
 41
75.0
 42
75.0
 43
75.0
 50
180.0
  0
INSERT
  5
126A
330
DEA
100
AcDbEntity
  8
$Размеры
 62
     5
440
 16777216
370
    13
100
AcDbBlockReference
  2
_Oblique
 10
41440.87815433303
 20
15584.97226019252
 30
0.0
 41
75.0
 42
75.0
 43
75.0
  0
MTEXT
  5
126B
330
DEA
100
AcDbEntity
  8
$Размеры
 62
     5
440
 16777216
100
AcDbMText
 10
41676.37497885998
 20
15672.47226019252
 30
0.0
 40
125.0
 41
0.0
 46
0.0
 71
     5
 72
     1
  1
\A1;250
  7
@ТРАНСПРОЕКТ
 73
     1
 44
1.0
  0
POINT
  5
126C
330
DEA
100
AcDbEntity
  8
Defpoints
 62
     0
440
 16777216
100
AcDbPoint
 10
41190.87815433303
 20
15078.37240630437
 30
0.0
  0
POINT
  5
126D
330
DEA
100
AcDbEntity
  8
Defpoints
 62
     0
440
 16777216
100
AcDbPoint
 10
41440.87815433303
 20
15078.37240630437
 30
0.0
  0
POINT
  5
126E
330
DEA
100
AcDbEntity
  8
Defpoints
 62
     0
440
 16777216
100
AcDbPoint
 10
41440.87815433303
 20
15584.97226019252
 30
0.0
  0
ENDBLK
  5
DEC
330
DEA
100
AcDbEntity
  8
0
100
AcDbBlockEnd
  0
BLOCK
  5
DF8
330
DF7
100
AcDbEntity
  8
0
100
AcDbBlockBegin
  2
*D111
 70
     1
 10
0.0
 20
0.0
 30
0.0
  3
*D111
  1

  0
LINE
  5
126F
330
DF7
100
AcDbEntity
  8
$Размеры
  6
Continuous
 62
     5
440
 16777216
370
    13
100
AcDbLine
 10
41465.87815433305
 20
15103.37240630438
 30
0.0
 11
42203.48999854022
 21
15103.37240630438
 31
0.0
  0
LINE
  5
1270
330
DF7
100
AcDbEntity
  8
$Размеры
  6
Continuous
 62
     5
440
 16777216
370
    13
100
AcDbLine
 10
41490.87815433304
 20
14118.37240630438
 30
0.0
 11
42203.48999854022
 21
14118.37240630438
 31
0.0
  0
LINE
  5
1271
330
DF7
100
AcDbEntity
  8
$Размеры
  6
Continuous
 62
     5
440
 16777216
370
    13
100
AcDbLine
 10
42168.48999854022
 20
15103.37240630438
 30
0.0
 11
42168.48999854022
 21
14118.37240630438
 31
0.0
  0
INSERT
  5
1272
330
DF7
100
AcDbEntity
  8
$Размеры
 62
     5
440
 16777216
370
    13
100
AcDbBlockReference
  2
_Oblique
 10
42168.48999854022
 20
15103.37240630438
 30
0.0
 41
75.0
 42
75.0
 43
75.0
 50
90.0
  0
INSERT
  5
1273
330
DF7
100
AcDbEntity
  8
$Размеры
 62
     5
440
 16777216
370
    13
100
AcDbBlockReference
  2
_Oblique
 10
42168.48999854022
 20
14118.37240630438
 30
0.0
 41
75.0
 42
75.0
 43
75.0
 50
270.0
  0
MTEXT
  5
1274
330
DF7
100
AcDbEntity
  8
$Размеры
 62
     5
440
 16777216
100
AcDbMText
 10
42080.98999854021
 20
14610.87240630436
 30
0.0
 40
125.0
 41
0.0
 46
0.0
 71
     5
 72
     1
  1
\A1;985
  7
@ТРАНСПРОЕКТ
 11
0.0000000000000001
 21
1.0
 31
0.0
 73
     1
 44
1.0
  0
POINT
  5
1275
330
DF7
100
AcDbEntity
  8
Defpoints
 62
     0
440
 16777216
100
AcDbPoint
 10
41415.87815433305
 20
15103.37240630438
 30
0.0
  0
POINT
  5
1276
330
DF7
100
AcDbEntity
  8
Defpoints
 62
     0
440
 16777216
100
AcDbPoint
 10
41440.87815433304
 20
14118.37240630438
 30
0.0
  0
POINT
  5
1277
330
DF7
100
AcDbEntity
  8
Defpoints
 62
     0
440
 16777216
100
AcDbPoint
 10
42168.48999854022
 20
14118.37240630438
 30
0.0
  0
ENDBLK
  5
DF9
330
DF7
100
AcDbEntity
  8
0
100
AcDbBlockEnd
  0
BLOCK
  5
E04
330
E03
100
AcDbEntity
  8
0
100
AcDbBlockBegin
  2
*D112
 70
     1
 10
0.0
 20
0.0
 30
0.0
  3
*D112
  1

  0
LINE
  5
1278
330
E03
100
AcDbEntity
  8
$Размеры
  6
Continuous
 62
     5
440
 16777216
370
    13
100
AcDbLine
 10
41056.92211279954
 20
10368.10730705261
 30
0.0
 11
41960.83183991475
 21
10368.10730705261
 31
0.0
  0
LINE
  5
1279
330
E03
100
AcDbEntity
  8
$Размеры
  6
Continuous
 62
     5
440
 16777216
370
    13
100
AcDbLine
 10
41056.92211279954
 20
2368.107307050283
 30
0.0
 11
41960.83183991475
 21
2368.107307050283
 31
0.0
  0
LINE
  5
127A
330
E03
100
AcDbEntity
  8
$Размеры
  6
Continuous
 62
     5
440
 16777216
370
    13
100
AcDbLine
 10
41925.83183991474
 20
10368.10730705261
 30
0.0
 11
41925.83183991474
 21
2368.107307050283
 31
0.0
  0
INSERT
  5
127B
330
E03
100
AcDbEntity
  8
$Размеры
 62
     5
440
 16777216
370
    13
100
AcDbBlockReference
  2
_Oblique
 10
41925.83183991474
 20
10368.10730705261
 30
0.0
 41
75.0
 42
75.0
 43
75.0
 50
90.0
  0
INSERT
  5
127C
330
E03
100
AcDbEntity
  8
$Размеры
 62
     5
440
 16777216
370
    13
100
AcDbBlockReference
  2
_Oblique
 10
41925.83183991474
 20
2368.107307050283
 30
0.0
 41
75.0
 42
75.0
 43
75.0
 50
270.0
  0
MTEXT
  5
127D
330
E03
100
AcDbEntity
  8
$Размеры
 62
     5
440
 16777216
100
AcDbMText
 10
41838.33183991474
 20
6368.107307051436
 30
0.0
 40
125.0
 41
0.0
 46
0.0
 71
     5
 72
     1
  1
\A1;4х2000=8000
  7
@ТРАНСПРОЕКТ
 11
0.0000000000000001
 21
1.0
 31
0.0
 73
     1
 44
1.0
  0
POINT
  5
127E
330
E03
100
AcDbEntity
  8
Defpoints
 62
     0
440
 16777216
100
AcDbPoint
 10
41006.92211279954
 20
10368.10730705261
 30
0.0
  0
POINT
  5
127F
330
E03
100
AcDbEntity
  8
Defpoints
 62
     0
440
 16777216
100
AcDbPoint
 10
41006.92211279954
 20
2368.107307050283
 30
0.0
  0
POINT
  5
1280
330
E03
100
AcDbEntity
  8
Defpoints
 62
     0
440
 16777216
100
AcDbPoint
 10
41925.83183991474
 20
2368.107307050283
 30
0.0
  0
ENDBLK
  5
E05
330
E03
100
AcDbEntity
  8
0
100
AcDbBlockEnd
  0
BLOCK
  5
E10
330
E0F
100
AcDbEntity
  8
0
100
AcDbBlockBegin
  2
*D113
 70
     1
 10
0.0
 20
0.0
 30
0.0
  3
*D113
  1

  0
LINE
  5
1281
330
E0F
100
AcDbEntity
  8
$Размеры
  6
Continuous
 62
     5
440
 16777216
370
    13
100
AcDbLine
 10
41056.92211279954
 20
2368.107307050283
 30
0.0
 11
41960.83183991475
 21
2368.107307050283
 31
0.0
  0
LINE
  5
1282
330
E0F
100
AcDbEntity
  8
$Размеры
  6
Continuous
 62
     5
440
 16777216
370
    13
100
AcDbLine
 10
41490.87815433304
 20
1818.066645161736
 30
0.0
 11
41960.83183991475
 21
1818.066645161736
 31
0.0
  0
LINE
  5
1283
330
E0F
100
AcDbEntity
  8
$Размеры
  6
Continuous
 62
     5
440
 16777216
370
    13
100
AcDbLine
 10
41925.83183991474
 20
2368.107307050283
 30
0.0
 11
41925.83183991474
 21
1818.066645161736
 31
0.0
  0
INSERT
  5
1284
330
E0F
100
AcDbEntity
  8
$Размеры
 62
     5
440
 16777216
370
    13
100
AcDbBlockReference
  2
_Oblique
 10
41925.83183991474
 20
2368.107307050283
 30
0.0
 41
75.0
 42
75.0
 43
75.0
 50
90.0
  0
INSERT
  5
1285
330
E0F
100
AcDbEntity
  8
$Размеры
 62
     5
440
 16777216
370
    13
100
AcDbBlockReference
  2
_Oblique
 10
41925.83183991474
 20
1818.066645161736
 30
0.0
 41
75.0
 42
75.0
 43
75.0
 50
270.0
  0
MTEXT
  5
1286
330
E0F
100
AcDbEntity
  8
$Размеры
 62
     5
440
 16777216
100
AcDbMText
 10
41838.33183991474
 20
2093.086976105997
 30
0.0
 40
125.0
 41
0.0
 46
0.0
 71
     5
 72
     1
  1
\A1;550
  7
@ТРАНСПРОЕКТ
 11
0.0000000000000001
 21
1.0
 31
0.0
 73
     1
 44
1.0
  0
POINT
  5
1287
330
E0F
100
AcDbEntity
  8
Defpoints
 62
     0
440
 16777216
100
AcDbPoint
 10
41006.92211279954
 20
2368.107307050283
 30
0.0
  0
POINT
  5
1288
330
E0F
100
AcDbEntity
  8
Defpoints
 62
     0
440
 16777216
100
AcDbPoint
 10
41440.87815433304
 20
1818.066645161736
 30
0.0
  0
POINT
  5
1289
330
E0F
100
AcDbEntity
  8
Defpoints
 62
     0
440
 16777216
100
AcDbPoint
 10
41925.83183991474
 20
1818.066645161736
 30
0.0
  0
ENDBLK
  5
E11
330
E0F
100
AcDbEntity
  8
0
100
AcDbBlockEnd
  0
BLOCK
  5
E1C
330
E1B
100
AcDbEntity
  8
0
100
AcDbBlockBegin
  2
*D114
 70
     1
 10
0.0
 20
0.0
 30
0.0
  3
*D114
  1

  0
LINE
  5
128A
330
E1B
100
AcDbEntity
  8
$Размеры
  6
Continuous
 62
     5
440
 16777216
370
    13
100
AcDbLine
 10
41490.87815433304
 20
1818.066645161736
 30
0.0
 11
41960.83183991475
 21
1818.066645161736
 31
0.0
  0
LINE
  5
128B
330
E1B
100
AcDbEntity
  8
$Размеры
  6
Continuous
 62
     5
440
 16777216
370
    13
100
AcDbLine
 10
41490.87815433304
 20
1618.066645181178
 30
0.0
 11
41960.83183991475
 21
1618.066645181178
 31
0.0
  0
LINE
  5
128C
330
E1B
100
AcDbEntity
  8
$Размеры
  6
Continuous
 62
     5
440
 16777216
370
    13
100
AcDbLine
 10
41925.83183991474
 20
1818.066645161736
 30
0.0
 11
41925.83183991474
 21
1618.066645181178
 31
0.0
  0
LINE
  5
128D
330
E1B
100
AcDbEntity
  8
$Размеры
  6
Continuous
 62
     5
440
 16777216
370
    13
100
AcDbLine
 10
41925.83183991474
 20
1618.066645181178
 30
0.0
 11
41925.83183991474
 21
1222.072996127287
 31
0.0
  0
INSERT
  5
128E
330
E1B
100
AcDbEntity
  8
$Размеры
 62
     5
440
 16777216
370
    13
100
AcDbBlockReference
  2
_Oblique
 10
41925.83183991474
 20
1818.066645161736
 30
0.0
 41
75.0
 42
75.0
 43
75.0
 50
90.0
  0
INSERT
  5
128F
330
E1B
100
AcDbEntity
  8
$Размеры
 62
     5
440
 16777216
370
    13
100
AcDbBlockReference
  2
_Oblique
 10
41925.83183991474
 20
1618.066645181178
 30
0.0
 41
75.0
 42
75.0
 43
75.0
 50
270.0
  0
MTEXT
  5
1290
330
E1B
100
AcDbEntity
  8
$Размеры
 62
     5
440
 16777216
100
AcDbMText
 10
41838.33183991474
 20
1382.56982065422
 30
0.0
 40
125.0
 41
0.0
 46
0.0
 71
     5
 72
     1
  1
\A1;200
  7
@ТРАНСПРОЕКТ
 11
0.0000000000000001
 21
1.0
 31
0.0
 73
     1
 44
1.0
  0
POINT
  5
1291
330
E1B
100
AcDbEntity
  8
Defpoints
 62
     0
440
 16777216
100
AcDbPoint
 10
41440.87815433304
 20
1818.066645161736
 30
0.0
  0
POINT
  5
1292
330
E1B
100
AcDbEntity
  8
Defpoints
 62
     0
440
 16777216
100
AcDbPoint
 10
41440.87815433304
 20
1618.066645181178
 30
0.0
  0
POINT
  5
1293
330
E1B
100
AcDbEntity
  8
Defpoints
 62
     0
440
 16777216
100
AcDbPoint
 10
41925.83183991474
 20
1618.066645181178
 30
0.0
  0
ENDBLK
  5
E1D
330
E1B
100
AcDbEntity
  8
0
100
AcDbBlockEnd
  0
BLOCK
  5
E29
330
E28
100
AcDbEntity
  8
0
100
AcDbBlockBegin
  2
*D115
 70
     1
 10
0.0
 20
0.0
 30
0.0
  3
*D115
  1

  0
LINE
  5
1294
330
E28
100
AcDbEntity
  8
$Размеры
  6
Continuous
 62
     5
440
 16777216
370
    13
100
AcDbLine
 10
41056.92211279954
 20
10368.10730705261
 30
0.0
 11
41960.83183991475
 21
10368.10730705261
 31
0.0
  0
LINE
  5
1295
330
E28
100
AcDbEntity
  8
$Размеры
  6
Continuous
 62
     5
440
 16777216
370
    13
100
AcDbLine
 10
41490.87815433956
 20
10918.14796886689
 30
0.0
 11
41960.83183991475
 21
10918.14796886689
 31
0.0
  0
LINE
  5
1296
330
E28
100
AcDbEntity
  8
$Размеры
  6
Continuous
 62
     5
440
 16777216
370
    13
100
AcDbLine
 10
41925.83183991474
 20
10368.10730705261
 30
0.0
 11
41925.83183991474
 21
10918.14796886689
 31
0.0
  0
INSERT
  5
1297
330
E28
100
AcDbEntity
  8
$Размеры
 62
     5
440
 16777216
370
    13
100
AcDbBlockReference
  2
_Oblique
 10
41925.83183991474
 20
10368.10730705261
 30
0.0
 41
75.0
 42
75.0
 43
75.0
 50
270.0
  0
INSERT
  5
1298
330
E28
100
AcDbEntity
  8
$Размеры
 62
     5
440
 16777216
370
    13
100
AcDbBlockReference
  2
_Oblique
 10
41925.83183991474
 20
10918.14796886689
 30
0.0
 41
75.0
 42
75.0
 43
75.0
 50
90.0
  0
MTEXT
  5
1299
330
E28
100
AcDbEntity
  8
$Размеры
 62
     5
440
 16777216
100
AcDbMText
 10
41838.33183991474
 20
10643.12763795974
 30
0.0
 40
125.0
 41
0.0
 46
0.0
 71
     5
 72
     1
  1
\A1;550
  7
@ТРАНСПРОЕКТ
 11
0.0000000000000001
 21
1.0
 31
0.0
 73
     1
 44
1.0
  0
POINT
  5
129A
330
E28
100
AcDbEntity
  8
Defpoints
 62
     0
440
 16777216
100
AcDbPoint
 10
41006.92211279954
 20
10368.10730705261
 30
0.0
  0
POINT
  5
129B
330
E28
100
AcDbEntity
  8
Defpoints
 62
     0
440
 16777216
100
AcDbPoint
 10
41440.87815433956
 20
10918.14796886689
 30
0.0
  0
POINT
  5
129C
330
E28
100
AcDbEntity
  8
Defpoints
 62
     0
440
 16777216
100
AcDbPoint
 10
41925.83183991474
 20
10918.14796886689
 30
0.0
  0
ENDBLK
  5
E2A
330
E28
100
AcDbEntity
  8
0
100
AcDbBlockEnd
  0
BLOCK
  5
E35
330
E34
100
AcDbEntity
  8
0
100
AcDbBlockBegin
  2
*D116
 70
     1
 10
0.0
 20
0.0
 30
0.0
  3
*D116
  1

  0
LINE
  5
129D
330
E34
100
AcDbEntity
  8
$Размеры
  6
Continuous
 62
     5
440
 16777216
370
    13
100
AcDbLine
 10
41490.87815433956
 20
10918.14796886689
 30
0.0
 11
41960.83183991475
 21
10918.14796886689
 31
0.0
  0
LINE
  5
129E
330
E34
100
AcDbEntity
  8
$Размеры
  6
Continuous
 62
     5
440
 16777216
370
    13
100
AcDbLine
 10
41490.87815433956
 20
11118.14796888621
 30
0.0
 11
41960.83183991475
 21
11118.14796888621
 31
0.0
  0
LINE
  5
129F
330
E34
100
AcDbEntity
  8
$Размеры
  6
Continuous
 62
     5
440
 16777216
370
    13
100
AcDbLine
 10
41925.83183991474
 20
10918.14796886689
 30
0.0
 11
41925.83183991474
 21
11118.14796888621
 31
0.0
  0
LINE
  5
12A0
330
E34
100
AcDbEntity
  8
$Размеры
  6
Continuous
 62
     5
440
 16777216
370
    13
100
AcDbLine
 10
41925.83183991474
 20
11118.14796888621
 30
0.0
 11
41925.83183991474
 21
11514.1416179401
 31
0.0
  0
INSERT
  5
12A1
330
E34
100
AcDbEntity
  8
$Размеры
 62
     5
440
 16777216
370
    13
100
AcDbBlockReference
  2
_Oblique
 10
41925.83183991474
 20
10918.14796886689
 30
0.0
 41
75.0
 42
75.0
 43
75.0
 50
270.0
  0
INSERT
  5
12A2
330
E34
100
AcDbEntity
  8
$Размеры
 62
     5
440
 16777216
370
    13
100
AcDbBlockReference
  2
_Oblique
 10
41925.83183991474
 20
11118.14796888621
 30
0.0
 41
75.0
 42
75.0
 43
75.0
 50
90.0
  0
MTEXT
  5
12A3
330
E34
100
AcDbEntity
  8
$Размеры
 62
     5
440
 16777216
100
AcDbMText
 10
41838.33183991474
 20
11353.64479341314
 30
0.0
 40
125.0
 41
0.0
 46
0.0
 71
     5
 72
     1
  1
\A1;200
  7
@ТРАНСПРОЕКТ
 11
0.0000000000000001
 21
1.0
 31
0.0
 73
     1
 44
1.0
  0
POINT
  5
12A4
330
E34
100
AcDbEntity
  8
Defpoints
 62
     0
440
 16777216
100
AcDbPoint
 10
41440.87815433956
 20
10918.14796886689
 30
0.0
  0
POINT
  5
12A5
330
E34
100
AcDbEntity
  8
Defpoints
 62
     0
440
 16777216
100
AcDbPoint
 10
41440.87815433956
 20
11118.14796888621
 30
0.0
  0
POINT
  5
12A6
330
E34
100
AcDbEntity
  8
Defpoints
 62
     0
440
 16777216
100
AcDbPoint
 10
41925.83183991474
 20
11118.14796888621
 30
0.0
  0
ENDBLK
  5
E36
330
E34
100
AcDbEntity
  8
0
100
AcDbBlockEnd
  0
BLOCK
  5
E42
330
E41
100
AcDbEntity
  8
0
100
AcDbBlockBegin
  2
*D117
 70
     1
 10
0.0
 20
0.0
 30
0.0
  3
*D117
  1

  0
LINE
  5
12A7
330
E41
100
AcDbEntity
  8
$Размеры
  6
Continuous
 62
     5
440
 16777216
370
    13
100
AcDbLine
 10
16430.83419586839
 20
11380.93322999614
 30
0.0
 11
16430.83419586839
 21
11686.35247613096
 31
0.0
  0
LINE
  5
12A8
330
E41
100
AcDbEntity
  8
$Размеры
  6
Continuous
 62
     5
440
 16777216
370
    13
100
AcDbLine
 10
15510.87815433303
 20
11168.14796888621
 30
0.0
 11
15510.87815433303
 21
11686.35247613096
 31
0.0
  0
LINE
  5
12A9
330
E41
100
AcDbEntity
  8
$Размеры
  6
Continuous
 62
     5
440
 16777216
370
    13
100
AcDbLine
 10
16430.83419586839
 20
11651.35247613096
 30
0.0
 11
15510.87815433303
 21
11651.35247613096
 31
0.0
  0
INSERT
  5
12AA
330
E41
100
AcDbEntity
  8
$Размеры
 62
     5
440
 16777216
370
    13
100
AcDbBlockReference
  2
_Oblique
 10
16430.83419586839
 20
11651.35247613096
 30
0.0
 41
75.0
 42
75.0
 43
75.0
  0
INSERT
  5
12AB
330
E41
100
AcDbEntity
  8
$Размеры
 62
     5
440
 16777216
370
    13
100
AcDbBlockReference
  2
_Oblique
 10
15510.87815433303
 20
11651.35247613096
 30
0.0
 41
75.0
 42
75.0
 43
75.0
 50
180.0
  0
MTEXT
  5
12AC
330
E41
100
AcDbEntity
  8
$Размеры
 62
     5
440
 16777216
100
AcDbMText
 10
15970.85617510071
 20
11738.85247613096
 30
0.0
 40
125.0
 41
0.0
 46
0.0
 71
     5
 72
     1
  1
\A1;920
  7
@ТРАНСПРОЕКТ
 73
     1
 44
1.0
  0
POINT
  5
12AD
330
E41
100
AcDbEntity
  8
Defpoints
 62
     0
440
 16777216
100
AcDbPoint
 10
16430.83419586839
 20
11330.93322999614
 30
0.0
  0
POINT
  5
12AE
330
E41
100
AcDbEntity
  8
Defpoints
 62
     0
440
 16777216
100
AcDbPoint
 10
15510.87815433303
 20
11118.14796888621
 30
0.0
  0
POINT
  5
12AF
330
E41
100
AcDbEntity
  8
Defpoints
 62
     0
440
 16777216
100
AcDbPoint
 10
15510.87815433303
 20
11651.35247613096
 30
0.0
  0
ENDBLK
  5
E43
330
E41
100
AcDbEntity
  8
0
100
AcDbBlockEnd
  0
BLOCK
  5
E4E
330
E4D
100
AcDbEntity
  8
0
100
AcDbBlockBegin
  2
*D118
 70
     1
 10
0.0
 20
0.0
 30
0.0
  3
*D118
  1

  0
LINE
  5
12B0
330
E4D
100
AcDbEntity
  8
$Размеры
  6
Continuous
 62
     5
440
 16777216
370
    13
100
AcDbLine
 10
16430.83419586839
 20
11380.93322999614
 30
0.0
 11
16430.83419586839
 21
11686.35247613096
 31
0.0
  0
LINE
  5
12B1
330
E4D
100
AcDbEntity
  8
$Размеры
  6
Continuous
 62
     5
440
 16777216
370
    13
100
AcDbLine
 10
28625.87815433304
 20
11380.93322999614
 30
0.0
 11
28625.87815433304
 21
11686.35247613096
 31
0.0
  0
LINE
  5
12B2
330
E4D
100
AcDbEntity
  8
$Размеры
  6
Continuous
 62
     5
440
 16777216
370
    13
100
AcDbLine
 10
16430.83419586839
 20
11651.35247613096
 30
0.0
 11
28625.87815433304
 21
11651.35247613096
 31
0.0
  0
INSERT
  5
12B3
330
E4D
100
AcDbEntity
  8
$Размеры
 62
     5
440
 16777216
370
    13
100
AcDbBlockReference
  2
_Oblique
 10
16430.83419586839
 20
11651.35247613096
 30
0.0
 41
75.0
 42
75.0
 43
75.0
 50
180.0
  0
INSERT
  5
12B4
330
E4D
100
AcDbEntity
  8
$Размеры
 62
     5
440
 16777216
370
    13
100
AcDbBlockReference
  2
_Oblique
 10
28625.87815433304
 20
11651.35247613096
 30
0.0
 41
75.0
 42
75.0
 43
75.0
  0
MTEXT
  5
12B5
330
E4D
100
AcDbEntity
  8
$Размеры
 62
     5
440
 16777216
100
AcDbMText
 10
22528.35617510072
 20
11738.85247613096
 30
0.0
 40
125.0
 41
0.0
 46
0.0
 71
     5
 72
     1
  1
\A1;12195
  7
@ТРАНСПРОЕКТ
 73
     1
 44
1.0
  0
POINT
  5
12B6
330
E4D
100
AcDbEntity
  8
Defpoints
 62
     0
440
 16777216
100
AcDbPoint
 10
16430.83419586839
 20
11330.93322999614
 30
0.0
  0
POINT
  5
12B7
330
E4D
100
AcDbEntity
  8
Defpoints
 62
     0
440
 16777216
100
AcDbPoint
 10
28625.87815433304
 20
11330.93322999614
 30
0.0
  0
POINT
  5
12B8
330
E4D
100
AcDbEntity
  8
Defpoints
 62
     0
440
 16777216
100
AcDbPoint
 10
28625.87815433304
 20
11651.35247613096
 30
0.0
  0
ENDBLK
  5
E4F
330
E4D
100
AcDbEntity
  8
0
100
AcDbBlockEnd
  0
BLOCK
  5
E5A
330
E59
100
AcDbEntity
  8
0
100
AcDbBlockBegin
  2
*D119
 70
     1
 10
0.0
 20
0.0
 30
0.0
  3
*D119
  1

  0
LINE
  5
12B9
330
E59
100
AcDbEntity
  8
$Размеры
  6
Continuous
 62
     5
440
 16777216
370
    13
100
AcDbLine
 10
28625.87815433304
 20
11380.93322999614
 30
0.0
 11
28625.87815433304
 21
11686.35247613096
 31
0.0
  0
LINE
  5
12BA
330
E59
100
AcDbEntity
  8
$Размеры
  6
Continuous
 62
     5
440
 16777216
370
    13
100
AcDbLine
 10
40816.92211279906
 20
11380.97389183044
 30
0.0
 11
40816.92211279906
 21
11686.35247613096
 31
0.0
  0
LINE
  5
12BB
330
E59
100
AcDbEntity
  8
$Размеры
  6
Continuous
 62
     5
440
 16777216
370
    13
100
AcDbLine
 10
28625.87815433304
 20
11651.35247613096
 30
0.0
 11
40816.92211279906
 21
11651.35247613096
 31
0.0
  0
INSERT
  5
12BC
330
E59
100
AcDbEntity
  8
$Размеры
 62
     5
440
 16777216
370
    13
100
AcDbBlockReference
  2
_Oblique
 10
28625.87815433304
 20
11651.35247613096
 30
0.0
 41
75.0
 42
75.0
 43
75.0
 50
180.0
  0
INSERT
  5
12BD
330
E59
100
AcDbEntity
  8
$Размеры
 62
     5
440
 16777216
370
    13
100
AcDbBlockReference
  2
_Oblique
 10
40816.92211279906
 20
11651.35247613096
 30
0.0
 41
75.0
 42
75.0
 43
75.0
  0
MTEXT
  5
12BE
330
E59
100
AcDbEntity
  8
$Размеры
 62
     5
440
 16777216
100
AcDbMText
 10
34721.40013356605
 20
11738.85247613096
 30
0.0
 40
125.0
 41
0.0
 46
0.0
 71
     5
 72
     1
  1
\A1;12191
  7
@ТРАНСПРОЕКТ
 73
     1
 44
1.0
  0
POINT
  5
12BF
330
E59
100
AcDbEntity
  8
Defpoints
 62
     0
440
 16777216
100
AcDbPoint
 10
28625.87815433304
 20
11330.93322999614
 30
0.0
  0
POINT
  5
12C0
330
E59
100
AcDbEntity
  8
Defpoints
 62
     0
440
 16777216
100
AcDbPoint
 10
40816.92211279906
 20
11330.97389183044
 30
0.0
  0
POINT
  5
12C1
330
E59
100
AcDbEntity
  8
Defpoints
 62
     0
440
 16777216
100
AcDbPoint
 10
40816.92211279906
 20
11651.35247613096
 30
0.0
  0
ENDBLK
  5
E5B
330
E59
100
AcDbEntity
  8
0
100
AcDbBlockEnd
  0
BLOCK
  5
E66
330
E65
100
AcDbEntity
  8
0
100
AcDbBlockBegin
  2
*D120
 70
     1
 10
0.0
 20
0.0
 30
0.0
  3
*D120
  1

  0
LINE
  5
12C2
330
E65
100
AcDbEntity
  8
$Размеры
  6
Continuous
 62
     5
440
 16777216
370
    13
100
AcDbLine
 10
40816.92211279906
 20
11380.97389183044
 30
0.0
 11
40816.92211279906
 21
11686.35247613096
 31
0.0
  0
LINE
  5
12C3
330
E65
100
AcDbEntity
  8
$Размеры
  6
Continuous
 62
     5
440
 16777216
370
    13
100
AcDbLine
 10
41440.87815433955
 20
11168.14796888621
 30
0.0
 11
41440.87815433955
 21
11686.35247613096
 31
0.0
  0
LINE
  5
12C4
330
E65
100
AcDbEntity
  8
$Размеры
  6
Continuous
 62
     5
440
 16777216
370
    13
100
AcDbLine
 10
40816.92211279906
 20
11651.35247613096
 30
0.0
 11
41440.87815433955
 21
11651.35247613096
 31
0.0
  0
INSERT
  5
12C5
330
E65
100
AcDbEntity
  8
$Размеры
 62
     5
440
 16777216
370
    13
100
AcDbBlockReference
  2
_Oblique
 10
40816.92211279906
 20
11651.35247613096
 30
0.0
 41
75.0
 42
75.0
 43
75.0
 50
180.0
  0
INSERT
  5
12C6
330
E65
100
AcDbEntity
  8
$Размеры
 62
     5
440
 16777216
370
    13
100
AcDbBlockReference
  2
_Oblique
 10
41440.87815433955
 20
11651.35247613096
 30
0.0
 41
75.0
 42
75.0
 43
75.0
  0
MTEXT
  5
12C7
330
E65
100
AcDbEntity
  8
$Размеры
 62
     5
440
 16777216
100
AcDbMText
 10
41128.9001335693
 20
11738.85247613096
 30
0.0
 40
125.0
 41
0.0
 46
0.0
 71
     5
 72
     1
  1
\A1;624
  7
@ТРАНСПРОЕКТ
 73
     1
 44
1.0
  0
POINT
  5
12C8
330
E65
100
AcDbEntity
  8
Defpoints
 62
     0
440
 16777216
100
AcDbPoint
 10
40816.92211279906
 20
11330.97389183044
 30
0.0
  0
POINT
  5
12C9
330
E65
100
AcDbEntity
  8
Defpoints
 62
     0
440
 16777216
100
AcDbPoint
 10
41440.87815433955
 20
11118.14796888621
 30
0.0
  0
POINT
  5
12CA
330
E65
100
AcDbEntity
  8
Defpoints
 62
     0
440
 16777216
100
AcDbPoint
 10
41440.87815433955
 20
11651.35247613096
 30
0.0
  0
ENDBLK
  5
E67
330
E65
100
AcDbEntity
  8
0
100
AcDbBlockEnd
  0
BLOCK
  5
E72
330
E71
100
AcDbEntity
  8
0
100
AcDbBlockBegin
  2
*D121
 70
     1
 10
0.0
 20
0.0
 30
0.0
  3
*D121
  1

  0
LINE
  5
12CB
330
E71
100
AcDbEntity
  8
$Размеры
  6
Continuous
440
 16777216
370
    13
100
AcDbLine
 10
41440.87815433303
 20
19547.37240630437
 30
0.0
 11
41440.87815433303
 21
19903.39577218881
 31
0.0
  0
LINE
  5
12CC
330
E71
100
AcDbEntity
  8
$Размеры
  6
Continuous
440
 16777216
370
    13
100
AcDbLine
 10
41190.87815433303
 20
19547.37240630437
 30
0.0
 11
41190.87815433303
 21
19903.39577218881
 31
0.0
  0
LINE
  5
12CD
330
E71
100
AcDbEntity
  8
$Размеры
  6
Continuous
440
 16777216
370
    13
100
AcDbLine
 10
41440.87815433303
 20
19885.89577218881
 30
0.0
 11
41190.87815433303
 21
19885.89577218881
 31
0.0
  0
INSERT
  5
12CE
330
E71
100
AcDbEntity
  8
$Размеры
440
 16777216
370
    13
100
AcDbBlockReference
  2
_Oblique
 10
41440.87815433303
 20
19885.89577218881
 30
0.0
 41
37.5
 42
37.5
 43
37.5
  0
INSERT
  5
12CF
330
E71
100
AcDbEntity
  8
$Размеры
440
 16777216
370
    13
100
AcDbBlockReference
  2
_Oblique
 10
41190.87815433303
 20
19885.89577218881
 30
0.0
 41
37.5
 42
37.5
 43
37.5
 50
180.0
  0
MTEXT
  5
12D0
330
E71
100
AcDbEntity
  8
$Размеры
440
 16777216
100
AcDbMText
 10
41315.87815433303
 20
19929.64577218881
 30
0.0
 40
62.5
 41
0.0
 46
0.0
 71
     5
 72
     1
  1
\A1;250
  7
@ТРАНСПРОЕКТ
 73
     1
 44
1.0
  0
POINT
  5
12D1
330
E71
100
AcDbEntity
  8
Defpoints
 62
     0
440
 16777216
100
AcDbPoint
 10
41440.87815433303
 20
19522.37240630437
 30
0.0
  0
POINT
  5
12D2
330
E71
100
AcDbEntity
  8
Defpoints
 62
     0
440
 16777216
100
AcDbPoint
 10
41190.87815433303
 20
19522.37240630437
 30
0.0
  0
POINT
  5
12D3
330
E71
100
AcDbEntity
  8
Defpoints
 62
     0
440
 16777216
100
AcDbPoint
 10
41190.87815433303
 20
19885.89577218881
 30
0.0
  0
ENDBLK
  5
E73
330
E71
100
AcDbEntity
  8
0
100
AcDbBlockEnd
  0
BLOCK
  5
E7E
330
E7D
100
AcDbEntity
  8
0
100
AcDbBlockBegin
  2
*D122
 70
     1
 10
0.0
 20
0.0
 30
0.0
  3
*D122
  1

  0
LINE
  5
12D4
330
E7D
100
AcDbEntity
  8
$Размеры
  6
Continuous
440
 16777216
370
    13
100
AcDbLine
 10
41165.87815433304
 20
19522.37240630438
 30
0.0
 11
40853.65004035024
 21
19522.37240630437
 31
0.0
  0
LINE
  5
12D5
330
E7D
100
AcDbEntity
  8
$Размеры
  6
Continuous
440
 16777216
370
    13
100
AcDbLine
 10
41190.87815433305
 20
19547.37240630437
 30
0.0
 11
40853.65004035024
 21
19547.37240630437
 31
0.0
  0
LINE
  5
12D6
330
E7D
100
AcDbEntity
  8
$Размеры
  6
Continuous
440
 16777216
370
    13
100
AcDbLine
 10
40871.15004035023
 20
19522.37240630437
 30
0.0
 11
40871.15004035023
 21
19547.37240630437
 31
0.0
  0
LINE
  5
12D7
330
E7D
100
AcDbEntity
  8
$Размеры
  6
Continuous
440
 16777216
370
    13
100
AcDbLine
 10
40871.15004035023
 20
19547.37240630437
 30
0.0
 11
40871.15004035023
 21
19701.61923083132
 31
0.0
  0
INSERT
  5
12D8
330
E7D
100
AcDbEntity
  8
$Размеры
440
 16777216
370
    13
100
AcDbBlockReference
  2
_Oblique
 10
40871.15004035023
 20
19522.37240630437
 30
0.0
 41
37.5
 42
37.5
 43
37.5
 50
270.0
  0
INSERT
  5
12D9
330
E7D
100
AcDbEntity
  8
$Размеры
440
 16777216
370
    13
100
AcDbBlockReference
  2
_Oblique
 10
40871.15004035023
 20
19547.37240630437
 30
0.0
 41
37.5
 42
37.5
 43
37.5
 50
90.0
  0
MTEXT
  5
12DA
330
E7D
100
AcDbEntity
  8
$Размеры
440
 16777216
100
AcDbMText
 10
40827.40004035024
 20
19643.24581856783
 30
0.0
 40
62.5
 41
0.0
 46
0.0
 71
     5
 72
     1
  1
\A1;25
  7
@ТРАНСПРОЕКТ
 11
0.0000000000000001
 21
1.0
 31
0.0
 73
     1
 44
1.0
  0
POINT
  5
12DB
330
E7D
100
AcDbEntity
  8
Defpoints
 62
     0
440
 16777216
100
AcDbPoint
 10
41190.87815433305
 20
19522.37240630438
 30
0.0
  0
POINT
  5
12DC
330
E7D
100
AcDbEntity
  8
Defpoints
 62
     0
440
 16777216
100
AcDbPoint
 10
41215.87815433304
 20
19547.37240630437
 30
0.0
  0
POINT
  5
12DD
330
E7D
100
AcDbEntity
  8
Defpoints
 62
     0
440
 16777216
100
AcDbPoint
 10
40871.15004035023
 20
19547.37240630437
 30
0.0
  0
ENDBLK
  5
E7F
330
E7D
100
AcDbEntity
  8
0
100
AcDbBlockEnd
  0
BLOCK
  5
E8B
330
E8A
100
AcDbEntity
  8
0
100
AcDbBlockBegin
  2
*D123
 70
     1
 10
0.0
 20
0.0
 30
0.0
  3
*D123
  1

  0
LINE
  5
12DE
330
E8A
100
AcDbEntity
  8
$Размеры
  6
Continuous
440
 16777216
370
    13
100
AcDbLine
 10
41165.87815433304
 20
19522.37240630438
 30
0.0
 11
40853.65004035024
 21
19522.37240630437
 31
0.0
  0
LINE
  5
12DF
330
E8A
100
AcDbEntity
  8
$Размеры
  6
Continuous
440
 16777216
370
    13
100
AcDbLine
 10
41165.87815433304
 20
19462.57864925582
 30
0.0
 11
40853.65004035024
 21
19462.57864925582
 31
0.0
  0
LINE
  5
12E0
330
E8A
100
AcDbEntity
  8
$Размеры
  6
Continuous
440
 16777216
370
    13
100
AcDbLine
 10
40871.15004035023
 20
19522.37240630437
 30
0.0
 11
40871.15004035023
 21
19462.57864925582
 31
0.0
  0
LINE
  5
12E1
330
E8A
100
AcDbEntity
  8
$Размеры
  6
Continuous
440
 16777216
370
    13
100
AcDbLine
 10
40871.15004035023
 20
19492.47552778009
 30
0.0
 11
40713.36895400919
 21
19492.26122125125
 31
0.0
  0
LINE
  5
12E2
330
E8A
100
AcDbEntity
  8
$Размеры
  6
Continuous
440
 16777216
370
    13
100
AcDbLine
 10
40713.36895400919
 20
19492.26122125125
 30
0.0
 11
40713.36895400919
 21
19609.0080457782
 31
0.0
  0
MTEXT
  5
12E3
330
E8A
100
AcDbEntity
  8
$Размеры
440
 16777216
100
AcDbMText
 10
40669.61895400919
 20
19550.63463351471
 30
0.0
 40
62.5
 41
0.0
 46
0.0
 71
     5
 72
     1
  1
\A1;60
  7
@ТРАНСПРОЕКТ
 11
0.0000000000000001
 21
1.0
 31
0.0
 73
     1
 44
1.0
  0
INSERT
  5
12E4
330
E8A
100
AcDbEntity
  8
$Размеры
440
 16777216
370
    13
100
AcDbBlockReference
  2
_Oblique
 10
40871.15004035023
 20
19522.37240630437
 30
0.0
 41
37.5
 42
37.5
 43
37.5
 50
90.0
  0
INSERT
  5
12E5
330
E8A
100
AcDbEntity
  8
$Размеры
440
 16777216
370
    13
100
AcDbBlockReference
  2
_Oblique
 10
40871.15004035023
 20
19462.57864925582
 30
0.0
 41
37.5
 42
37.5
 43
37.5
 50
270.0
  0
POINT
  5
12E6
330
E8A
100
AcDbEntity
  8
Defpoints
 62
     0
440
 16777216
100
AcDbPoint
 10
41190.87815433305
 20
19522.37240630438
 30
0.0
  0
POINT
  5
12E7
330
E8A
100
AcDbEntity
  8
Defpoints
 62
     0
440
 16777216
100
AcDbPoint
 10
41190.87815433305
 20
19462.57864925582
 30
0.0
  0
POINT
  5
12E8
330
E8A
100
AcDbEntity
  8
Defpoints
 62
     0
440
 16777216
100
AcDbPoint
 10
40871.15004035023
 20
19462.57864925582
 30
0.0
  0
ENDBLK
  5
E8C
330
E8A
100
AcDbEntity
  8
0
100
AcDbBlockEnd
  0
BLOCK
  5
E99
330
E98
100
AcDbEntity
  8
0
100
AcDbBlockBegin
  2
*D124
 70
     1
 10
0.0
 20
0.0
 30
0.0
  3
*D124
  1

  0
LINE
  5
12E9
330
E98
100
AcDbEntity
  8
$Размеры
  6
Continuous
440
 16777216
370
    13
100
AcDbLine
 10
41165.87815433304
 20
19462.57864925582
 30
0.0
 11
40853.6500403502
 21
19462.57864925582
 31
0.0
  0
LINE
  5
12EA
330
E98
100
AcDbEntity
  8
$Размеры
  6
Continuous
440
 16777216
370
    13
100
AcDbLine
 10
41185.87815433304
 20
19337.45240630294
 30
0.0
 11
40853.6500403502
 21
19337.45240630293
 31
0.0
  0
LINE
  5
12EB
330
E98
100
AcDbEntity
  8
$Размеры
  6
Continuous
440
 16777216
370
    13
100
AcDbLine
 10
40871.15004035021
 20
19462.57864925582
 30
0.0
 11
40871.15004035021
 21
19337.45240630293
 31
0.0
  0
INSERT
  5
12EC
330
E98
100
AcDbEntity
  8
$Размеры
440
 16777216
370
    13
100
AcDbBlockReference
  2
_Oblique
 10
40871.15004035021
 20
19462.57864925582
 30
0.0
 41
37.5
 42
37.5
 43
37.5
 50
90.0
  0
INSERT
  5
12ED
330
E98
100
AcDbEntity
  8
$Размеры
440
 16777216
370
    13
100
AcDbBlockReference
  2
_Oblique
 10
40871.15004035021
 20
19337.45240630293
 30
0.0
 41
37.5
 42
37.5
 43
37.5
 50
270.0
  0
MTEXT
  5
12EE
330
E98
100
AcDbEntity
  8
$Размеры
440
 16777216
100
AcDbMText
 10
40827.4000403502
 20
19400.01552777936
 30
0.0
 40
62.5
 41
0.0
 46
0.0
 71
     5
 72
     1
  1
\A1;125
  7
@ТРАНСПРОЕКТ
 11
0.0000000000000001
 21
1.0
 31
0.0
 73
     1
 44
1.0
  0
POINT
  5
12EF
330
E98
100
AcDbEntity
  8
Defpoints
 62
     0
440
 16777216
100
AcDbPoint
 10
41190.87815433305
 20
19462.57864925582
 30
0.0
  0
POINT
  5
12F0
330
E98
100
AcDbEntity
  8
Defpoints
 62
     0
440
 16777216
100
AcDbPoint
 10
41210.87815433305
 20
19337.45240630294
 30
0.0
  0
POINT
  5
12F1
330
E98
100
AcDbEntity
  8
Defpoints
 62
     0
440
 16777216
100
AcDbPoint
 10
40871.15004035021
 20
19337.45240630293
 30
0.0
  0
ENDBLK
  5
E9A
330
E98
100
AcDbEntity
  8
0
100
AcDbBlockEnd
  0
BLOCK
  5
EA5
330
EA4
100
AcDbEntity
  8
0
100
AcDbBlockBegin
  2
*D125
 70
     1
 10
0.0
 20
0.0
 30
0.0
  3
*D125
  1

  0
LINE
  5
12F2
330
EA4
100
AcDbEntity
  8
$Размеры
  6
Continuous
440
 16777216
370
    13
100
AcDbLine
 10
41185.87815433304
 20
19337.45240630294
 30
0.0
 11
40853.65004035024
 21
19337.45240630293
 31
0.0
  0
LINE
  5
12F3
330
EA4
100
AcDbEntity
  8
$Размеры
  6
Continuous
440
 16777216
370
    13
100
AcDbLine
 10
41160.87815433305
 20
19312.45240630294
 30
0.0
 11
40853.65004035024
 21
19312.45240630293
 31
0.0
  0
LINE
  5
12F4
330
EA4
100
AcDbEntity
  8
$Размеры
  6
Continuous
440
 16777216
370
    13
100
AcDbLine
 10
40871.15004035023
 20
19337.45240630293
 30
0.0
 11
40871.15004035023
 21
19312.45240630293
 31
0.0
  0
LINE
  5
12F5
330
EA4
100
AcDbEntity
  8
$Размеры
  6
Continuous
440
 16777216
370
    13
100
AcDbLine
 10
40871.15004035023
 20
19312.45240630293
 30
0.0
 11
40871.15004035023
 21
19158.20558177599
 31
0.0
  0
INSERT
  5
12F6
330
EA4
100
AcDbEntity
  8
$Размеры
440
 16777216
370
    13
100
AcDbBlockReference
  2
_Oblique
 10
40871.15004035023
 20
19337.45240630293
 30
0.0
 41
37.5
 42
37.5
 43
37.5
 50
90.0
  0
INSERT
  5
12F7
330
EA4
100
AcDbEntity
  8
$Размеры
440
 16777216
370
    13
100
AcDbBlockReference
  2
_Oblique
 10
40871.15004035023
 20
19312.45240630293
 30
0.0
 41
37.5
 42
37.5
 43
37.5
 50
270.0
  0
MTEXT
  5
12F8
330
EA4
100
AcDbEntity
  8
$Размеры
440
 16777216
100
AcDbMText
 10
40827.40004035024
 20
19216.57899403944
 30
0.0
 40
62.5
 41
0.0
 46
0.0
 71
     5
 72
     1
  1
\A1;25
  7
@ТРАНСПРОЕКТ
 11
0.0000000000000001
 21
1.0
 31
0.0
 73
     1
 44
1.0
  0
POINT
  5
12F9
330
EA4
100
AcDbEntity
  8
Defpoints
 62
     0
440
 16777216
100
AcDbPoint
 10
41210.87815433305
 20
19337.45240630294
 30
0.0
  0
POINT
  5
12FA
330
EA4
100
AcDbEntity
  8
Defpoints
 62
     0
440
 16777216
100
AcDbPoint
 10
41185.87815433304
 20
19312.45240630294
 30
0.0
  0
POINT
  5
12FB
330
EA4
100
AcDbEntity
  8
Defpoints
 62
     0
440
 16777216
100
AcDbPoint
 10
40871.15004035023
 20
19312.45240630293
 30
0.0
  0
ENDBLK
  5
EA6
330
EA4
100
AcDbEntity
  8
0
100
AcDbBlockEnd
  0
BLOCK
  5
EB2
330
EB1
100
AcDbEntity
  8
0
100
AcDbBlockBegin
  2
*D126
 70
     1
 10
0.0
 20
0.0
 30
0.0
  3
*D126
  1

  0
LINE
  5
12FC
330
EB1
100
AcDbEntity
  8
$Размеры
  6
Continuous
440
 16777216
370
    13
100
AcDbLine
 10
41440.87815433304
 20
19547.37240630437
 30
0.0
 11
41810.54787998118
 21
19547.37240630437
 31
0.0
  0
LINE
  5
12FD
330
EB1
100
AcDbEntity
  8
$Размеры
  6
Continuous
440
 16777216
370
    13
100
AcDbLine
 10
41465.87815433305
 20
18862.37240630437
 30
0.0
 11
41810.54787998118
 21
18862.37240630437
 31
0.0
  0
LINE
  5
12FE
330
EB1
100
AcDbEntity
  8
$Размеры
  6
Continuous
440
 16777216
370
    13
100
AcDbLine
 10
41793.04787998119
 20
19547.37240630437
 30
0.0
 11
41793.04787998119
 21
18862.37240630437
 31
0.0
  0
INSERT
  5
12FF
330
EB1
100
AcDbEntity
  8
$Размеры
440
 16777216
370
    13
100
AcDbBlockReference
  2
_Oblique
 10
41793.04787998119
 20
19547.37240630437
 30
0.0
 41
37.5
 42
37.5
 43
37.5
 50
90.0
  0
INSERT
  5
1300
330
EB1
100
AcDbEntity
  8
$Размеры
440
 16777216
370
    13
100
AcDbBlockReference
  2
_Oblique
 10
41793.04787998119
 20
18862.37240630437
 30
0.0
 41
37.5
 42
37.5
 43
37.5
 50
270.0
  0
MTEXT
  5
1301
330
EB1
100
AcDbEntity
  8
$Размеры
440
 16777216
100
AcDbMText
 10
41749.29787998118
 20
19204.87240630436
 30
0.0
 40
62.5
 41
0.0
 46
0.0
 71
     5
 72
     1
  1
\A1;685
  7
@ТРАНСПРОЕКТ
 11
0.0000000000000001
 21
1.0
 31
0.0
 73
     1
 44
1.0
  0
POINT
  5
1302
330
EB1
100
AcDbEntity
  8
Defpoints
 62
     0
440
 16777216
100
AcDbPoint
 10
41415.87815433305
 20
19547.37240630437
 30
0.0
  0
POINT
  5
1303
330
EB1
100
AcDbEntity
  8
Defpoints
 62
     0
440
 16777216
100
AcDbPoint
 10
41440.87815433304
 20
18862.37240630437
 30
0.0
  0
POINT
  5
1304
330
EB1
100
AcDbEntity
  8
Defpoints
 62
     0
440
 16777216
100
AcDbPoint
 10
41793.04787998119
 20
18862.37240630437
 30
0.0
  0
ENDBLK
  5
EB3
330
EB1
100
AcDbEntity
  8
0
100
AcDbBlockEnd
  0
BLOCK
  5
EBE
330
EBD
100
AcDbEntity
  8
0
100
AcDbBlockBegin
  2
*D127
 70
     1
 10
0.0
 20
0.0
 30
0.0
  3
*D127
  1

  0
LINE
  5
1305
330
EBD
100
AcDbEntity
  8
$Размеры
  6
Continuous
440
 16777216
370
    13
100
AcDbLine
 10
15510.87815433304
 20
19547.37240630437
 30
0.0
 11
15157.61851243705
 21
19547.37240630437
 31
0.0
  0
LINE
  5
1306
330
EBD
100
AcDbEntity
  8
$Размеры
  6
Continuous
440
 16777216
370
    13
100
AcDbLine
 10
15485.87815433304
 20
18862.37240630437
 30
0.0
 11
15157.61851243705
 21
18862.37240630437
 31
0.0
  0
LINE
  5
1307
330
EBD
100
AcDbEntity
  8
$Размеры
  6
Continuous
440
 16777216
370
    13
100
AcDbLine
 10
15175.11851243705
 20
19547.37240630437
 30
0.0
 11
15175.11851243705
 21
18862.37240630437
 31
0.0
  0
INSERT
  5
1308
330
EBD
100
AcDbEntity
  8
$Размеры
440
 16777216
370
    13
100
AcDbBlockReference
  2
_Oblique
 10
15175.11851243705
 20
19547.37240630437
 30
0.0
 41
37.5
 42
37.5
 43
37.5
 50
90.0
  0
INSERT
  5
1309
330
EBD
100
AcDbEntity
  8
$Размеры
440
 16777216
370
    13
100
AcDbBlockReference
  2
_Oblique
 10
15175.11851243705
 20
18862.37240630437
 30
0.0
 41
37.5
 42
37.5
 43
37.5
 50
270.0
  0
MTEXT
  5
130A
330
EBD
100
AcDbEntity
  8
$Размеры
440
 16777216
100
AcDbMText
 10
15131.36851243705
 20
19204.87240630437
 30
0.0
 40
62.5
 41
0.0
 46
0.0
 71
     5
 72
     1
  1
\A1;685
  7
@ТРАНСПРОЕКТ
 11
0.0000000000000001
 21
1.0
 31
0.0
 73
     1
 44
1.0
  0
POINT
  5
130B
330
EBD
100
AcDbEntity
  8
Defpoints
 62
     0
440
 16777216
100
AcDbPoint
 10
15535.87815433304
 20
19547.37240630437
 30
0.0
  0
POINT
  5
130C
330
EBD
100
AcDbEntity
  8
Defpoints
 62
     0
440
 16777216
100
AcDbPoint
 10
15510.87815433304
 20
18862.37240630437
 30
0.0
  0
POINT
  5
130D
330
EBD
100
AcDbEntity
  8
Defpoints
 62
     0
440
 16777216
100
AcDbPoint
 10
15175.11851243705
 20
18862.37240630437
 30
0.0
  0
ENDBLK
  5
EBF
330
EBD
100
AcDbEntity
  8
0
100
AcDbBlockEnd
  0
BLOCK
  5
ECA
330
EC9
100
AcDbEntity
  8
0
100
AcDbBlockBegin
  2
*D128
 70
     1
 10
0.0
 20
0.0
 30
0.0
  3
*D128
  1

  0
LINE
  5
130E
330
EC9
100
AcDbEntity
  8
$Размеры
  6
Continuous
 62
     5
440
 16777216
370
    13
100
AcDbLine
 10
2672.776016197453
 20
10508.36675336959
 30
0.0
 11
2672.776016197453
 21
9889.372929994388
 31
0.0
  0
LINE
  5
130F
330
EC9
100
AcDbEntity
  8
$Размеры
  6
Continuous
 62
     5
440
 16777216
370
    13
100
AcDbLine
 10
1872.775942372909
 20
10481.27590979323
 30
0.0
 11
1872.775942372909
 21
9889.372929994388
 31
0.0
  0
LINE
  5
1310
330
EC9
100
AcDbEntity
  8
$Размеры
  6
Continuous
 62
     5
440
 16777216
370
    13
100
AcDbLine
 10
2672.776016197453
 20
9924.372929994389
 30
0.0
 11
1872.775942372909
 21
9924.372929994389
 31
0.0
  0
INSERT
  5
1311
330
EC9
100
AcDbEntity
  8
$Размеры
 62
     5
440
 16777216
370
    13
100
AcDbBlockReference
  2
_Oblique
 10
2672.776016197453
 20
9924.372929994389
 30
0.0
 41
75.0
 42
75.0
 43
75.0
  0
INSERT
  5
1312
330
EC9
100
AcDbEntity
  8
$Размеры
 62
     5
440
 16777216
370
    13
100
AcDbBlockReference
  2
_Oblique
 10
1872.775942372909
 20
9924.372929994389
 30
0.0
 41
75.0
 42
75.0
 43
75.0
 50
180.0
  0
MTEXT
  5
1313
330
EC9
100
AcDbEntity
  8
$Размеры
 62
     5
440
 16777216
100
AcDbMText
 10
2272.775979285182
 20
10011.87292999438
 30
0.0
 40
125.0
 41
0.0
 46
0.0
 71
     5
 72
     1
  1
\A1;800
  7
@ТРАНСПРОЕКТ
 73
     1
 44
1.0
  0
POINT
  5
1314
330
EC9
100
AcDbEntity
  8
Defpoints
 62
     0
440
 16777216
100
AcDbPoint
 10
2672.776016197453
 20
10558.36675336959
 30
0.0
  0
POINT
  5
1315
330
EC9
100
AcDbEntity
  8
Defpoints
 62
     0
440
 16777216
100
AcDbPoint
 10
1872.775942372909
 20
10531.27590979323
 30
0.0
  0
POINT
  5
1316
330
EC9
100
AcDbEntity
  8
Defpoints
 62
     0
440
 16777216
100
AcDbPoint
 10
1872.775942372909
 20
9924.372929994389
 30
0.0
  0
ENDBLK
  5
ECB
330
EC9
100
AcDbEntity
  8
0
100
AcDbBlockEnd
  0
BLOCK
  5
ED6
330
ED5
100
AcDbEntity
  8
0
100
AcDbBlockBegin
  2
*D129
 70
     1
 10
0.0
 20
0.0
 30
0.0
  3
*D129
  1

  0
LINE
  5
1317
330
ED5
100
AcDbEntity
  8
$Размеры
  6
Continuous
 62
     5
440
 16777216
370
    13
100
AcDbLine
 10
2672.776016197453
 20
10508.36675336959
 30
0.0
 11
2672.776016197453
 21
9889.372929994388
 31
0.0
  0
LINE
  5
1318
330
ED5
100
AcDbEntity
  8
$Размеры
  6
Continuous
 62
     5
440
 16777216
370
    13
100
AcDbLine
 10
10172.77601619745
 20
10542.90150611966
 30
0.0
 11
10172.77601619745
 21
9889.372929994388
 31
0.0
  0
LINE
  5
1319
330
ED5
100
AcDbEntity
  8
$Размеры
  6
Continuous
 62
     5
440
 16777216
370
    13
100
AcDbLine
 10
2672.776016197453
 20
9924.372929994389
 30
0.0
 11
10172.77601619745
 21
9924.372929994389
 31
0.0
  0
INSERT
  5
131A
330
ED5
100
AcDbEntity
  8
$Размеры
 62
     5
440
 16777216
370
    13
100
AcDbBlockReference
  2
_Oblique
 10
2672.776016197453
 20
9924.372929994389
 30
0.0
 41
75.0
 42
75.0
 43
75.0
 50
180.0
  0
INSERT
  5
131B
330
ED5
100
AcDbEntity
  8
$Размеры
 62
     5
440
 16777216
370
    13
100
AcDbBlockReference
  2
_Oblique
 10
10172.77601619745
 20
9924.372929994389
 30
0.0
 41
75.0
 42
75.0
 43
75.0
  0
MTEXT
  5
131C
330
ED5
100
AcDbEntity
  8
$Размеры
 62
     5
440
 16777216
100
AcDbMText
 10
6422.776016197452
 20
10011.87292999438
 30
0.0
 40
125.0
 41
0.0
 46
0.0
 71
     5
 72
     1
  1
\A1;7500
  7
@ТРАНСПРОЕКТ
 73
     1
 44
1.0
  0
POINT
  5
131D
330
ED5
100
AcDbEntity
  8
Defpoints
 62
     0
440
 16777216
100
AcDbPoint
 10
2672.776016197453
 20
10558.36675336959
 30
0.0
  0
POINT
  5
131E
330
ED5
100
AcDbEntity
  8
Defpoints
 62
     0
440
 16777216
100
AcDbPoint
 10
10172.77601619745
 20
10592.90150611966
 30
0.0
  0
POINT
  5
131F
330
ED5
100
AcDbEntity
  8
Defpoints
 62
     0
440
 16777216
100
AcDbPoint
 10
10172.77601619745
 20
9924.372929994389
 30
0.0
  0
ENDBLK
  5
ED7
330
ED5
100
AcDbEntity
  8
0
100
AcDbBlockEnd
  0
BLOCK
  5
EE2
330
EE1
100
AcDbEntity
  8
0
100
AcDbBlockBegin
  2
*D130
 70
     1
 10
0.0
 20
0.0
 30
0.0
  3
*D130
  1

  0
LINE
  5
1320
330
EE1
100
AcDbEntity
  8
$Размеры
  6
Continuous
 62
     5
440
 16777216
370
    13
100
AcDbLine
 10
10172.77601619745
 20
10542.90150611966
 30
0.0
 11
10172.77601619745
 21
9889.372929994388
 31
0.0
  0
LINE
  5
1321
330
EE1
100
AcDbEntity
  8
$Размеры
  6
Continuous
 62
     5
440
 16777216
370
    13
100
AcDbLine
 10
10972.89281077385
 20
10515.77625976458
 30
0.0
 11
10972.89281077385
 21
9889.372929994388
 31
0.0
  0
LINE
  5
1322
330
EE1
100
AcDbEntity
  8
$Размеры
  6
Continuous
 62
     5
440
 16777216
370
    13
100
AcDbLine
 10
10172.77601619745
 20
9924.372929994389
 30
0.0
 11
10972.89281077385
 21
9924.372929994389
 31
0.0
  0
INSERT
  5
1323
330
EE1
100
AcDbEntity
  8
$Размеры
 62
     5
440
 16777216
370
    13
100
AcDbBlockReference
  2
_Oblique
 10
10172.77601619745
 20
9924.372929994389
 30
0.0
 41
75.0
 42
75.0
 43
75.0
 50
180.0
  0
INSERT
  5
1324
330
EE1
100
AcDbEntity
  8
$Размеры
 62
     5
440
 16777216
370
    13
100
AcDbBlockReference
  2
_Oblique
 10
10972.89281077385
 20
9924.372929994389
 30
0.0
 41
75.0
 42
75.0
 43
75.0
  0
MTEXT
  5
1325
330
EE1
100
AcDbEntity
  8
$Размеры
 62
     5
440
 16777216
100
AcDbMText
 10
10572.83441348565
 20
10011.87292999438
 30
0.0
 40
125.0
 41
0.0
 46
0.0
 71
     5
 72
     1
  1
\A1;800
  7
@ТРАНСПРОЕКТ
 73
     1
 44
1.0
  0
POINT
  5
1326
330
EE1
100
AcDbEntity
  8
Defpoints
 62
     0
440
 16777216
100
AcDbPoint
 10
10172.77601619745
 20
10592.90150611966
 30
0.0
  0
POINT
  5
1327
330
EE1
100
AcDbEntity
  8
Defpoints
 62
     0
440
 16777216
100
AcDbPoint
 10
10972.89281077385
 20
10565.77625976458
 30
0.0
  0
POINT
  5
1328
330
EE1
100
AcDbEntity
  8
Defpoints
 62
     0
440
 16777216
100
AcDbPoint
 10
10972.89281077385
 20
9924.372929994389
 30
0.0
  0
ENDBLK
  5
EE3
330
EE1
100
AcDbEntity
  8
0
100
AcDbBlockEnd
  0
BLOCK
  5
EEE
330
EED
100
AcDbEntity
  8
0
100
AcDbBlockBegin
  2
*D131
 70
     1
 10
0.0
 20
0.0
 30
0.0
  3
*D131
  1

  0
LINE
  5
1329
330
EED
100
AcDbEntity
  8
$Слои конструкции
  6
Continuous
 62
     5
440
 16777216
370
    13
100
AcDbLine
 10
1872.966430191236
 20
11587.88203158488
 30
0.0
 11
1872.966430191236
 21
11964.26165207687
 31
0.0
  0
LINE
  5
132A
330
EED
100
AcDbEntity
  8
$Слои конструкции
  6
Continuous
 62
     5
440
 16777216
370
    13
100
AcDbLine
 10
1672.776016197453
 20
10981.27583596869
 30
0.0
 11
1672.776016197453
 21
11964.26165207687
 31
0.0
  0
LINE
  5
132B
330
EED
100
AcDbEntity
  8
$Слои конструкции
  6
Continuous
 62
     5
440
 16777216
370
    13
100
AcDbLine
 10
1872.966430191236
 20
11929.26165207687
 30
0.0
 11
1672.776016197453
 21
11929.26165207687
 31
0.0
  0
LINE
  5
132C
330
EED
100
AcDbEntity
  8
$Слои конструкции
  6
Continuous
 62
     5
440
 16777216
370
    13
100
AcDbLine
 10
1672.776016197453
 20
11929.26165207687
 30
0.0
 11
1276.782367143562
 21
11929.26165207687
 31
0.0
  0
INSERT
  5
132D
330
EED
100
AcDbEntity
  8
$Слои конструкции
 62
     5
440
 16777216
370
    13
100
AcDbBlockReference
  2
_Oblique
 10
1872.966430191236
 20
11929.26165207687
 30
0.0
 41
75.0
 42
75.0
 43
75.0
  0
INSERT
  5
132E
330
EED
100
AcDbEntity
  8
$Слои конструкции
 62
     5
440
 16777216
370
    13
100
AcDbBlockReference
  2
_Oblique
 10
1672.776016197453
 20
11929.26165207687
 30
0.0
 41
75.0
 42
75.0
 43
75.0
 50
180.0
  0
MTEXT
  5
132F
330
EED
100
AcDbEntity
  8
$Слои конструкции
 62
     5
440
 16777216
100
AcDbMText
 10
1437.279191670508
 20
12016.76165207687
 30
0.0
 40
125.0
 41
0.0
 46
0.0
 71
     5
 72
     1
  1
\A1;200
  7
@ТРАНСПРОЕКТ
 73
     1
 44
1.0
  0
POINT
  5
1330
330
EED
100
AcDbEntity
  8
Defpoints
 62
     0
440
 16777216
100
AcDbPoint
 10
1872.966430191236
 20
11537.88203158488
 30
0.0
  0
POINT
  5
1331
330
EED
100
AcDbEntity
  8
Defpoints
 62
     0
440
 16777216
100
AcDbPoint
 10
1672.776016197453
 20
10931.27583596869
 30
0.0
  0
POINT
  5
1332
330
EED
100
AcDbEntity
  8
Defpoints
 62
     0
440
 16777216
100
AcDbPoint
 10
1672.776016197453
 20
11929.26165207687
 30
0.0
  0
ENDBLK
  5
EEF
330
EED
100
AcDbEntity
  8
0
100
AcDbBlockEnd
  0
BLOCK
  5
EFB
330
EFA
100
AcDbEntity
  8
0
100
AcDbBlockBegin
  2
*D132
 70
     1
 10
0.0
 20
0.0
 30
0.0
  3
*D132
  1

  0
LINE
  5
1333
330
EFA
100
AcDbEntity
  8
$Слои конструкции
  6
Continuous
 62
     5
440
 16777216
370
    13
100
AcDbLine
 10
1872.966430191236
 20
11587.88203158488
 30
0.0
 11
1872.966430191236
 21
11964.26165207687
 31
0.0
  0
LINE
  5
1334
330
EFA
100
AcDbEntity
  8
$Слои конструкции
  6
Continuous
 62
     5
440
 16777216
370
    13
100
AcDbLine
 10
10973.04424402565
 20
11633.38234436572
 30
0.0
 11
10973.04424402565
 21
11964.26165207687
 31
0.0
  0
LINE
  5
1335
330
EFA
100
AcDbEntity
  8
$Слои конструкции
  6
Continuous
 62
     5
440
 16777216
370
    13
100
AcDbLine
 10
1872.966430191236
 20
11929.26165207687
 30
0.0
 11
10973.04424402565
 21
11929.26165207687
 31
0.0
  0
INSERT
  5
1336
330
EFA
100
AcDbEntity
  8
$Слои конструкции
 62
     5
440
 16777216
370
    13
100
AcDbBlockReference
  2
_Oblique
 10
1872.966430191236
 20
11929.26165207687
 30
0.0
 41
75.0
 42
75.0
 43
75.0
 50
180.0
  0
INSERT
  5
1337
330
EFA
100
AcDbEntity
  8
$Слои конструкции
 62
     5
440
 16777216
370
    13
100
AcDbBlockReference
  2
_Oblique
 10
10973.04424402565
 20
11929.26165207687
 30
0.0
 41
75.0
 42
75.0
 43
75.0
  0
MTEXT
  5
1338
330
EFA
100
AcDbEntity
  8
$Слои конструкции
 62
     5
440
 16777216
100
AcDbMText
 10
6423.005337108445
 20
12016.76165207687
 30
0.0
 40
125.0
 41
0.0
 46
0.0
 71
     5
 72
     1
  1
\A1;9100
  7
@ТРАНСПРОЕКТ
 73
     1
 44
1.0
  0
POINT
  5
1339
330
EFA
100
AcDbEntity
  8
Defpoints
 62
     0
440
 16777216
100
AcDbPoint
 10
1872.966430191236
 20
11537.88203158488
 30
0.0
  0
POINT
  5
133A
330
EFA
100
AcDbEntity
  8
Defpoints
 62
     0
440
 16777216
100
AcDbPoint
 10
10973.04424402565
 20
11583.38234436572
 30
0.0
  0
POINT
  5
133B
330
EFA
100
AcDbEntity
  8
Defpoints
 62
     0
440
 16777216
100
AcDbPoint
 10
10973.04424402565
 20
11929.26165207687
 30
0.0
  0
ENDBLK
  5
EFC
330
EFA
100
AcDbEntity
  8
0
100
AcDbBlockEnd
  0
BLOCK
  5
F07
330
F06
100
AcDbEntity
  8
0
100
AcDbBlockBegin
  2
*D133
 70
     1
 10
0.0
 20
0.0
 30
0.0
  3
*D133
  1

  0
LINE
  5
133C
330
F06
100
AcDbEntity
  8
$Слои конструкции
  6
Continuous
 62
     5
440
 16777216
370
    13
100
AcDbLine
 10
10973.04424402565
 20
11633.38234436572
 30
0.0
 11
10973.04424402565
 21
11964.26165207687
 31
0.0
  0
LINE
  5
133D
330
F06
100
AcDbEntity
  8
$Слои конструкции
  6
Continuous
 62
     5
440
 16777216
370
    13
100
AcDbLine
 10
11172.89273694931
 20
11015.77618594004
 30
0.0
 11
11172.89273694931
 21
11964.26165207687
 31
0.0
  0
LINE
  5
133E
330
F06
100
AcDbEntity
  8
$Слои конструкции
  6
Continuous
 62
     5
440
 16777216
370
    13
100
AcDbLine
 10
10973.04424402565
 20
11929.26165207687
 30
0.0
 11
11172.89273694931
 21
11929.26165207687
 31
0.0
  0
LINE
  5
133F
330
F06
100
AcDbEntity
  8
$Слои конструкции
  6
Continuous
 62
     5
440
 16777216
370
    13
100
AcDbLine
 10
11172.89273694931
 20
11929.26165207687
 30
0.0
 11
11568.8863860032
 21
11929.26165207687
 31
0.0
  0
INSERT
  5
1340
330
F06
100
AcDbEntity
  8
$Слои конструкции
 62
     5
440
 16777216
370
    13
100
AcDbBlockReference
  2
_Oblique
 10
10973.04424402565
 20
11929.26165207687
 30
0.0
 41
75.0
 42
75.0
 43
75.0
 50
180.0
  0
INSERT
  5
1341
330
F06
100
AcDbEntity
  8
$Слои конструкции
 62
     5
440
 16777216
370
    13
100
AcDbBlockReference
  2
_Oblique
 10
11172.89273694931
 20
11929.26165207687
 30
0.0
 41
75.0
 42
75.0
 43
75.0
  0
MTEXT
  5
1342
330
F06
100
AcDbEntity
  8
$Слои конструкции
 62
     5
440
 16777216
100
AcDbMText
 10
11408.38956147625
 20
12016.76165207687
 30
0.0
 40
125.0
 41
0.0
 46
0.0
 71
     5
 72
     1
  1
\A1;200
  7
@ТРАНСПРОЕКТ
 73
     1
 44
1.0
  0
POINT
  5
1343
330
F06
100
AcDbEntity
  8
Defpoints
 62
     0
440
 16777216
100
AcDbPoint
 10
10973.04424402565
 20
11583.38234436572
 30
0.0
  0
POINT
  5
1344
330
F06
100
AcDbEntity
  8
Defpoints
 62
     0
440
 16777216
100
AcDbPoint
 10
11172.89273694931
 20
10965.77618594004
 30
0.0
  0
POINT
  5
1345
330
F06
100
AcDbEntity
  8
Defpoints
 62
     0
440
 16777216
100
AcDbPoint
 10
11172.89273694931
 20
11929.26165207687
 30
0.0
  0
ENDBLK
  5
F08
330
F06
100
AcDbEntity
  8
0
100
AcDbBlockEnd
  0
BLOCK
  5
F14
330
F13
100
AcDbEntity
  8
0
100
AcDbBlockBegin
  2
*D134
 70
     1
 10
0.0
 20
0.0
 30
0.0
  3
*D134
  1

  0
LINE
  5
1346
330
F13
100
AcDbEntity
  8
$Слои конструкции
  6
Continuous
 62
     5
440
 16777216
370
    13
100
AcDbLine
 10
1672.776016197453
 20
10981.27583596869
 30
0.0
 11
1672.776016197453
 21
12222.54307603628
 31
0.0
  0
LINE
  5
1347
330
F13
100
AcDbEntity
  8
$Слои конструкции
  6
Continuous
 62
     5
440
 16777216
370
    13
100
AcDbLine
 10
11172.89273694931
 20
11015.77618594004
 30
0.0
 11
11172.89273694931
 21
12222.54307603628
 31
0.0
  0
LINE
  5
1348
330
F13
100
AcDbEntity
  8
$Слои конструкции
  6
Continuous
 62
     5
440
 16777216
370
    13
100
AcDbLine
 10
1672.776016197453
 20
12187.54307603628
 30
0.0
 11
11172.89273694931
 21
12187.54307603628
 31
0.0
  0
INSERT
  5
1349
330
F13
100
AcDbEntity
  8
$Слои конструкции
 62
     5
440
 16777216
370
    13
100
AcDbBlockReference
  2
_Oblique
 10
1672.776016197453
 20
12187.54307603628
 30
0.0
 41
75.0
 42
75.0
 43
75.0
 50
180.0
  0
INSERT
  5
134A
330
F13
100
AcDbEntity
  8
$Слои конструкции
 62
     5
440
 16777216
370
    13
100
AcDbBlockReference
  2
_Oblique
 10
11172.89273694931
 20
12187.54307603628
 30
0.0
 41
75.0
 42
75.0
 43
75.0
  0
MTEXT
  5
134B
330
F13
100
AcDbEntity
  8
$Слои конструкции
 62
     5
440
 16777216
100
AcDbMText
 10
6422.834376573383
 20
12275.04307603628
 30
0.0
 40
125.0
 41
0.0
 46
0.0
 71
     5
 72
     1
  1
\A1;9500
  7
@ТРАНСПРОЕКТ
 73
     1
 44
1.0
  0
POINT
  5
134C
330
F13
100
AcDbEntity
  8
Defpoints
 62
     0
440
 16777216
100
AcDbPoint
 10
1672.776016197453
 20
10931.27583596869
 30
0.0
  0
POINT
  5
134D
330
F13
100
AcDbEntity
  8
Defpoints
 62
     0
440
 16777216
100
AcDbPoint
 10
11172.89273694931
 20
10965.77618594004
 30
0.0
  0
POINT
  5
134E
330
F13
100
AcDbEntity
  8
Defpoints
 62
     0
440
 16777216
100
AcDbPoint
 10
11172.89273694931
 20
12187.54307603628
 30
0.0
  0
ENDBLK
  5
F15
330
F13
100
AcDbEntity
  8
0
100
AcDbBlockEnd
  0
BLOCK
  5
F20
330
F1F
100
AcDbEntity
  8
0
100
AcDbBlockBegin
  2
*D135
 70
     1
 10
0.0
 20
0.0
 30
0.0
  3
*D135
  1

  0
LINE
  5
134F
330
F1F
100
AcDbEntity
  8
$Слои конструкции
  6
Continuous
 62
     5
440
 16777216
370
    13
100
AcDbLine
 10
1622.776016197454
 20
10731.27583596869
 30
0.0
 11
1388.203870834603
 21
10731.27583596869
 31
0.0
  0
LINE
  5
1350
330
F1F
100
AcDbEntity
  8
$Слои конструкции
  6
Continuous
 62
     5
440
 16777216
370
    13
100
AcDbLine
 10
1822.77594237291
 20
10531.27590979324
 30
0.0
 11
1388.203870834603
 21
10531.27590979324
 31
0.0
  0
LINE
  5
1351
330
F1F
100
AcDbEntity
  8
$Слои конструкции
  6
Continuous
 62
     5
440
 16777216
370
    13
100
AcDbLine
 10
1423.203870834603
 20
10731.27583596869
 30
0.0
 11
1423.203870834603
 21
10531.27590979324
 31
0.0
  0
LINE
  5
1352
330
F1F
100
AcDbEntity
  8
$Слои конструкции
  6
Continuous
 62
     5
440
 16777216
370
    13
100
AcDbLine
 10
1423.203870834603
 20
10531.27590979324
 30
0.0
 11
1423.203870834603
 21
10135.28226073935
 31
0.0
  0
INSERT
  5
1353
330
F1F
100
AcDbEntity
  8
$Слои конструкции
 62
     5
440
 16777216
370
    13
100
AcDbBlockReference
  2
_Oblique
 10
1423.203870834603
 20
10731.27583596869
 30
0.0
 41
75.0
 42
75.0
 43
75.0
 50
90.0
  0
INSERT
  5
1354
330
F1F
100
AcDbEntity
  8
$Слои конструкции
 62
     5
440
 16777216
370
    13
100
AcDbBlockReference
  2
_Oblique
 10
1423.203870834603
 20
10531.27590979324
 30
0.0
 41
75.0
 42
75.0
 43
75.0
 50
270.0
  0
MTEXT
  5
1355
330
F1F
100
AcDbEntity
  8
$Слои конструкции
 62
     5
440
 16777216
100
AcDbMText
 10
1335.703870834606
 20
10295.77908526629
 30
0.0
 40
125.0
 41
0.0
 46
0.0
 71
     5
 72
     1
  1
\A1;200
  7
@ТРАНСПРОЕКТ
 11
0.0000000000000001
 21
1.0
 31
0.0
 73
     1
 44
1.0
  0
POINT
  5
1356
330
F1F
100
AcDbEntity
  8
Defpoints
 62
     0
440
 16777216
100
AcDbPoint
 10
1672.776016197454
 20
10731.27583596869
 30
0.0
  0
POINT
  5
1357
330
F1F
100
AcDbEntity
  8
Defpoints
 62
     0
440
 16777216
100
AcDbPoint
 10
1872.77594237291
 20
10531.27590979324
 30
0.0
  0
POINT
  5
1358
330
F1F
100
AcDbEntity
  8
Defpoints
 62
     0
440
 16777216
100
AcDbPoint
 10
1423.203870834603
 20
10531.27590979324
 30
0.0
  0
ENDBLK
  5
F21
330
F1F
100
AcDbEntity
  8
0
100
AcDbBlockEnd
  0
BLOCK
  5
F2D
330
F2C
100
AcDbEntity
  8
0
100
AcDbBlockBegin
  2
*D136
 70
     1
 10
0.0
 20
0.0
 30
0.0
  3
*D136
  1

  0
LINE
  5
1359
330
F2C
100
AcDbEntity
  8
$Слои конструкции
  6
Continuous
 62
     5
440
 16777216
370
    13
100
AcDbLine
 10
1622.776016197454
 20
10931.27583596869
 30
0.0
 11
1388.203870834603
 21
10931.27583596869
 31
0.0
  0
LINE
  5
135A
330
F2C
100
AcDbEntity
  8
$Слои конструкции
  6
Continuous
 62
     5
440
 16777216
370
    13
100
AcDbLine
 10
1622.776016197454
 20
10731.27583596869
 30
0.0
 11
1388.203870834603
 21
10731.27583596869
 31
0.0
  0
LINE
  5
135B
330
F2C
100
AcDbEntity
  8
$Слои конструкции
  6
Continuous
 62
     5
440
 16777216
370
    13
100
AcDbLine
 10
1423.203870834603
 20
10931.27583596869
 30
0.0
 11
1423.203870834603
 21
10731.27583596869
 31
0.0
  0
LINE
  5
135C
330
F2C
100
AcDbEntity
  8
$Слои конструкции
  6
Continuous
 62
     5
440
 16777216
370
    13
100
AcDbLine
 10
1423.203870834603
 20
10831.27583596869
 30
0.0
 11
1169.490968495424
 21
10831.38518976352
 31
0.0
  0
LINE
  5
135D
330
F2C
100
AcDbEntity
  8
$Слои конструкции
  6
Continuous
 62
     5
440
 16777216
370
    13
100
AcDbLine
 10
1169.490968495424
 20
10831.38518976352
 30
0.0
 11
1169.490968495424
 21
10510.39154070963
 31
0.0
  0
MTEXT
  5
135E
330
F2C
100
AcDbEntity
  8
$Слои конструкции
 62
     5
440
 16777216
100
AcDbMText
 10
1081.990968495427
 20
10670.88836523658
 30
0.0
 40
125.0
 41
0.0
 46
0.0
 71
     5
 72
     1
  1
\A1;200
  7
@ТРАНСПРОЕКТ
 11
0.0000000000000001
 21
1.0
 31
0.0
 73
     1
 44
1.0
  0
INSERT
  5
135F
330
F2C
100
AcDbEntity
  8
$Слои конструкции
 62
     5
440
 16777216
370
    13
100
AcDbBlockReference
  2
_Oblique
 10
1423.203870834603
 20
10931.27583596869
 30
0.0
 41
75.0
 42
75.0
 43
75.0
 50
90.0
  0
INSERT
  5
1360
330
F2C
100
AcDbEntity
  8
$Слои конструкции
 62
     5
440
 16777216
370
    13
100
AcDbBlockReference
  2
_Oblique
 10
1423.203870834603
 20
10731.27583596869
 30
0.0
 41
75.0
 42
75.0
 43
75.0
 50
270.0
  0
POINT
  5
1361
330
F2C
100
AcDbEntity
  8
Defpoints
 62
     0
440
 16777216
100
AcDbPoint
 10
1672.776016197454
 20
10931.27583596869
 30
0.0
  0
POINT
  5
1362
330
F2C
100
AcDbEntity
  8
Defpoints
 62
     0
440
 16777216
100
AcDbPoint
 10
1672.776016197454
 20
10731.27583596869
 30
0.0
  0
POINT
  5
1363
330
F2C
100
AcDbEntity
  8
Defpoints
 62
     0
440
 16777216
100
AcDbPoint
 10
1423.203870834603
 20
10731.27583596869
 30
0.0
  0
ENDBLK
  5
F2E
330
F2C
100
AcDbEntity
  8
0
100
AcDbBlockEnd
  0
BLOCK
  5
F3B
330
F3A
100
AcDbEntity
  8
0
100
AcDbBlockBegin
  2
*D137
 70
     1
 10
0.0
 20
0.0
 30
0.0
  3
*D137
  1

  0
LINE
  5
1364
330
F3A
100
AcDbEntity
  8
$Слои конструкции
  6
Continuous
 62
     5
440
 16777216
370
    13
100
AcDbLine
 10
1622.776016197454
 20
10931.27583596869
 30
0.0
 11
1388.203870834603
 21
10931.27583596869
 31
0.0
  0
LINE
  5
1365
330
F3A
100
AcDbEntity
  8
$Слои конструкции
  6
Continuous
 62
     5
440
 16777216
370
    13
100
AcDbLine
 10
1822.776016197454
 20
10942.27583429196
 30
0.0
 11
1388.203870834603
 21
10942.27583429196
 31
0.0
  0
LINE
  5
1366
330
F3A
100
AcDbEntity
  8
$Слои конструкции
  6
Continuous
 62
     5
440
 16777216
370
    13
100
AcDbLine
 10
1423.203870834603
 20
10931.27583596869
 30
0.0
 11
1423.203870834603
 21
10856.27583596869
 31
0.0
  0
LINE
  5
1367
330
F3A
100
AcDbEntity
  8
$Слои конструкции
  6
Continuous
 62
     5
440
 16777216
370
    13
100
AcDbLine
 10
1423.203870834603
 20
10942.27583429196
 30
0.0
 11
1423.203870834603
 21
11017.27583429196
 31
0.0
  0
LINE
  5
1368
330
F3A
100
AcDbEntity
  8
$Слои конструкции
  6
Continuous
 62
     5
440
 16777216
370
    13
100
AcDbLine
 10
1423.203870834603
 20
10936.77583513033
 30
0.0
 11
1169.548686181012
 21
10936.75315403521
 31
0.0
  0
LINE
  5
1369
330
F3A
100
AcDbEntity
  8
$Слои конструкции
  6
Continuous
 62
     5
440
 16777216
370
    13
100
AcDbLine
 10
1169.548686181012
 20
10936.75315403521
 30
0.0
 11
1169.548686181012
 21
11120.2468030891
 31
0.0
  0
MTEXT
  5
136A
330
F3A
100
AcDbEntity
  8
$Слои конструкции
 62
     5
440
 16777216
100
AcDbMText
 10
1082.048686181015
 20
11028.49997856216
 30
0.0
 40
125.0
 41
0.0
 46
0.0
 71
     5
 72
     1
  1
\A1;11
  7
@ТРАНСПРОЕКТ
 11
0.0000000000000001
 21
1.0
 31
0.0
 73
     1
 44
1.0
  0
LINE
  5
136B
330
F3A
100
AcDbEntity
  8
$Слои конструкции
  6
Continuous
 62
     5
440
 16777216
370
    13
100
AcDbLine
 10
1423.203870834603
 20
10931.27583596869
 30
0.0
 11
1423.203870834603
 21
10942.27583429196
 31
0.0
  0
INSERT
  5
136C
330
F3A
100
AcDbEntity
  8
$Слои конструкции
 62
     5
440
 16777216
370
    13
100
AcDbBlockReference
  2
_Oblique
 10
1423.203870834603
 20
10931.27583596869
 30
0.0
 41
75.0
 42
75.0
 43
75.0
 50
90.0
  0
INSERT
  5
136D
330
F3A
100
AcDbEntity
  8
$Слои конструкции
 62
     5
440
 16777216
370
    13
100
AcDbBlockReference
  2
_Oblique
 10
1423.203870834603
 20
10942.27583429196
 30
0.0
 41
75.0
 42
75.0
 43
75.0
 50
270.0
  0
POINT
  5
136E
330
F3A
100
AcDbEntity
  8
Defpoints
 62
     0
440
 16777216
100
AcDbPoint
 10
1672.776016197454
 20
10931.27583596869
 30
0.0
  0
POINT
  5
136F
330
F3A
100
AcDbEntity
  8
Defpoints
 62
     0
440
 16777216
100
AcDbPoint
 10
1872.776016197454
 20
10942.27583429196
 30
0.0
  0
POINT
  5
1370
330
F3A
100
AcDbEntity
  8
Defpoints
 62
     0
440
 16777216
100
AcDbPoint
 10
1423.203870834603
 20
10942.27583429196
 30
0.0
  0
ENDBLK
  5
F3C
330
F3A
100
AcDbEntity
  8
0
100
AcDbBlockEnd
  0
BLOCK
  5
F4B
330
F4A
100
AcDbEntity
  8
0
100
AcDbBlockBegin
  2
*D138
 70
     1
 10
0.0
 20
0.0
 30
0.0
  3
*D138
  1

  0
LINE
  5
1371
330
F4A
100
AcDbEntity
  8
$Слои конструкции
  6
Continuous
 62
     5
440
 16777216
370
    13
100
AcDbLine
 10
1822.966430191237
 20
11537.88203158488
 30
0.0
 11
1388.203870834603
 21
11537.88203158488
 31
0.0
  0
LINE
  5
1372
330
F4A
100
AcDbEntity
  8
$Слои конструкции
  6
Continuous
 62
     5
440
 16777216
370
    13
100
AcDbLine
 10
1822.776016197454
 20
10942.27583429196
 30
0.0
 11
1388.203870834603
 21
10942.27583429196
 31
0.0
  0
LINE
  5
1373
330
F4A
100
AcDbEntity
  8
$Слои конструкции
  6
Continuous
 62
     5
440
 16777216
370
    13
100
AcDbLine
 10
1423.203870834603
 20
11537.88203158488
 30
0.0
 11
1423.203870834603
 21
10942.27583429196
 31
0.0
  0
INSERT
  5
1374
330
F4A
100
AcDbEntity
  8
$Слои конструкции
 62
     5
440
 16777216
370
    13
100
AcDbBlockReference
  2
_Oblique
 10
1423.203870834603
 20
11537.88203158488
 30
0.0
 41
75.0
 42
75.0
 43
75.0
 50
90.0
  0
INSERT
  5
1375
330
F4A
100
AcDbEntity
  8
$Слои конструкции
 62
     5
440
 16777216
370
    13
100
AcDbBlockReference
  2
_Oblique
 10
1423.203870834603
 20
10942.27583429196
 30
0.0
 41
75.0
 42
75.0
 43
75.0
 50
270.0
  0
MTEXT
  5
1376
330
F4A
100
AcDbEntity
  8
$Слои конструкции
 62
     5
440
 16777216
100
AcDbMText
 10
1335.703870834606
 20
11240.07893293842
 30
0.0
 40
125.0
 41
0.0
 46
0.0
 71
     5
 72
     1
  1
\A1;596
  7
@ТРАНСПРОЕКТ
 11
0.0000000000000001
 21
1.0
 31
0.0
 73
     1
 44
1.0
  0
POINT
  5
1377
330
F4A
100
AcDbEntity
  8
Defpoints
 62
     0
440
 16777216
100
AcDbPoint
 10
1872.966430191237
 20
11537.88203158488
 30
0.0
  0
POINT
  5
1378
330
F4A
100
AcDbEntity
  8
Defpoints
 62
     0
440
 16777216
100
AcDbPoint
 10
1872.776016197454
 20
10942.27583429196
 30
0.0
  0
POINT
  5
1379
330
F4A
100
AcDbEntity
  8
Defpoints
 62
     0
440
 16777216
100
AcDbPoint
 10
1423.203870834603
 20
10942.27583429196
 30
0.0
  0
ENDBLK
  5
F4C
330
F4A
100
AcDbEntity
  8
0
100
AcDbBlockEnd
  0
BLOCK
  5
F57
330
F56
100
AcDbEntity
  8
0
100
AcDbBlockBegin
  2
*D139
 70
     1
 10
0.0
 20
0.0
 30
0.0
  3
*D139
  1

  0
LINE
  5
137A
330
F56
100
AcDbEntity
  8
$Слои конструкции
  6
Continuous
 62
     5
440
 16777216
370
    13
100
AcDbLine
 10
11222.8573399026
 20
10765.74078889333
 30
0.0
 11
11457.42229930154
 21
10765.74078889333
 31
0.0
  0
LINE
  5
137B
330
F56
100
AcDbEntity
  8
$Слои конструкции
  6
Continuous
 62
     5
440
 16777216
370
    13
100
AcDbLine
 10
11022.89281077386
 20
10565.77625976459
 30
0.0
 11
11457.42229930154
 21
10565.77625976459
 31
0.0
  0
LINE
  5
137C
330
F56
100
AcDbEntity
  8
$Слои конструкции
  6
Continuous
 62
     5
440
 16777216
370
    13
100
AcDbLine
 10
11422.42229930154
 20
10765.74078889333
 30
0.0
 11
11422.42229930154
 21
10565.77625976459
 31
0.0
  0
LINE
  5
137D
330
F56
100
AcDbEntity
  8
$Слои конструкции
  6
Continuous
 62
     5
440
 16777216
370
    13
100
AcDbLine
 10
11422.42229930154
 20
10565.77625976459
 30
0.0
 11
11422.42229930154
 21
10169.7826107107
 31
0.0
  0
INSERT
  5
137E
330
F56
100
AcDbEntity
  8
$Слои конструкции
 62
     5
440
 16777216
370
    13
100
AcDbBlockReference
  2
_Oblique
 10
11422.42229930154
 20
10765.74078889333
 30
0.0
 41
75.0
 42
75.0
 43
75.0
 50
90.0
  0
INSERT
  5
137F
330
F56
100
AcDbEntity
  8
$Слои конструкции
 62
     5
440
 16777216
370
    13
100
AcDbBlockReference
  2
_Oblique
 10
11422.42229930154
 20
10565.77625976459
 30
0.0
 41
75.0
 42
75.0
 43
75.0
 50
270.0
  0
MTEXT
  5
1380
330
F56
100
AcDbEntity
  8
$Слои конструкции
 62
     5
440
 16777216
100
AcDbMText
 10
11334.92229930154
 20
10330.27943523764
 30
0.0
 40
125.0
 41
0.0
 46
0.0
 71
     5
 72
     1
  1
\A1;200
  7
@ТРАНСПРОЕКТ
 11
0.0000000000000001
 21
1.0
 31
0.0
 73
     1
 44
1.0
  0
POINT
  5
1381
330
F56
100
AcDbEntity
  8
Defpoints
 62
     0
440
 16777216
100
AcDbPoint
 10
11172.8573399026
 20
10765.74078889333
 30
0.0
  0
POINT
  5
1382
330
F56
100
AcDbEntity
  8
Defpoints
 62
     0
440
 16777216
100
AcDbPoint
 10
10972.89281077386
 20
10565.77625976459
 30
0.0
  0
POINT
  5
1383
330
F56
100
AcDbEntity
  8
Defpoints
 62
     0
440
 16777216
100
AcDbPoint
 10
11422.42229930154
 20
10565.77625976459
 30
0.0
  0
ENDBLK
  5
F58
330
F56
100
AcDbEntity
  8
0
100
AcDbBlockEnd
  0
BLOCK
  5
F64
330
F63
100
AcDbEntity
  8
0
100
AcDbBlockBegin
  2
*D140
 70
     1
 10
0.0
 20
0.0
 30
0.0
  3
*D140
  1

  0
LINE
  5
1384
330
F63
100
AcDbEntity
  8
$Слои конструкции
  6
Continuous
 62
     5
440
 16777216
370
    13
100
AcDbLine
 10
11222.89273694931
 20
10965.77618594004
 30
0.0
 11
11457.42229930154
 21
10965.77618594004
 31
0.0
  0
LINE
  5
1385
330
F63
100
AcDbEntity
  8
$Слои конструкции
  6
Continuous
 62
     5
440
 16777216
370
    13
100
AcDbLine
 10
11222.8573399026
 20
10765.74078889333
 30
0.0
 11
11457.42229930154
 21
10765.74078889333
 31
0.0
  0
LINE
  5
1386
330
F63
100
AcDbEntity
  8
$Слои конструкции
  6
Continuous
 62
     5
440
 16777216
370
    13
100
AcDbLine
 10
11422.42229930154
 20
10965.77618594004
 30
0.0
 11
11422.42229930154
 21
10765.74078889333
 31
0.0
  0
LINE
  5
1387
330
F63
100
AcDbEntity
  8
$Слои конструкции
  6
Continuous
 62
     5
440
 16777216
370
    13
100
AcDbLine
 10
11422.42229930154
 20
10865.75848741669
 30
0.0
 11
11676.13520164071
 21
10865.9058430294
 31
0.0
  0
LINE
  5
1388
330
F63
100
AcDbEntity
  8
$Слои конструкции
  6
Continuous
 62
     5
440
 16777216
370
    13
100
AcDbLine
 10
11676.13520164071
 20
10865.9058430294
 30
0.0
 11
11676.13520164071
 21
10544.91219397551
 31
0.0
  0
MTEXT
  5
1389
330
F63
100
AcDbEntity
  8
$Слои конструкции
 62
     5
440
 16777216
100
AcDbMText
 10
11588.63520164071
 20
10705.40901850246
 30
0.0
 40
125.0
 41
0.0
 46
0.0
 71
     5
 72
     1
  1
\A1;200
  7
@ТРАНСПРОЕКТ
 11
0.0000000000000001
 21
1.0
 31
0.0
 73
     1
 44
1.0
  0
INSERT
  5
138A
330
F63
100
AcDbEntity
  8
$Слои конструкции
 62
     5
440
 16777216
370
    13
100
AcDbBlockReference
  2
_Oblique
 10
11422.42229930154
 20
10965.77618594004
 30
0.0
 41
75.0
 42
75.0
 43
75.0
 50
90.0
  0
INSERT
  5
138B
330
F63
100
AcDbEntity
  8
$Слои конструкции
 62
     5
440
 16777216
370
    13
100
AcDbBlockReference
  2
_Oblique
 10
11422.42229930154
 20
10765.74078889333
 30
0.0
 41
75.0
 42
75.0
 43
75.0
 50
270.0
  0
POINT
  5
138C
330
F63
100
AcDbEntity
  8
Defpoints
 62
     0
440
 16777216
100
AcDbPoint
 10
11172.89273694931
 20
10965.77618594004
 30
0.0
  0
POINT
  5
138D
330
F63
100
AcDbEntity
  8
Defpoints
 62
     0
440
 16777216
100
AcDbPoint
 10
11172.8573399026
 20
10765.74078889333
 30
0.0
  0
POINT
  5
138E
330
F63
100
AcDbEntity
  8
Defpoints
 62
     0
440
 16777216
100
AcDbPoint
 10
11422.42229930154
 20
10765.74078889333
 30
0.0
  0
ENDBLK
  5
F65
330
F63
100
AcDbEntity
  8
0
100
AcDbBlockEnd
  0
BLOCK
  5
F72
330
F71
100
AcDbEntity
  8
0
100
AcDbBlockBegin
  2
*D141
 70
     1
 10
0.0
 20
0.0
 30
0.0
  3
*D141
  1

  0
LINE
  5
138F
330
F71
100
AcDbEntity
  8
$Слои конструкции
  6
Continuous
 62
     5
440
 16777216
370
    13
100
AcDbLine
 10
11222.85741372714
 20
10965.77777549114
 30
0.0
 11
11457.42229930154
 21
10965.77777549114
 31
0.0
  0
LINE
  5
1390
330
F71
100
AcDbEntity
  8
$Слои конструкции
  6
Continuous
 62
     5
440
 16777216
370
    13
100
AcDbLine
 10
11022.89272021252
 20
10974.77622120911
 30
0.0
 11
11457.42229930154
 21
10974.77622120911
 31
0.0
  0
LINE
  5
1391
330
F71
100
AcDbEntity
  8
$Слои конструкции
  6
Continuous
 62
     5
440
 16777216
370
    13
100
AcDbLine
 10
11422.42229930154
 20
10965.77777549114
 30
0.0
 11
11422.42229930154
 21
10890.77777549114
 31
0.0
  0
LINE
  5
1392
330
F71
100
AcDbEntity
  8
$Слои конструкции
  6
Continuous
 62
     5
440
 16777216
370
    13
100
AcDbLine
 10
11422.42229930154
 20
10974.77622120911
 30
0.0
 11
11422.42229930154
 21
11049.77622120911
 31
0.0
  0
LINE
  5
1393
330
F71
100
AcDbEntity
  8
$Слои конструкции
  6
Continuous
 62
     5
440
 16777216
370
    13
100
AcDbLine
 10
11422.42229930154
 20
10970.27699835013
 30
0.0
 11
11676.13520164071
 21
10970.23004723017
 31
0.0
  0
LINE
  5
1394
330
F71
100
AcDbEntity
  8
$Слои конструкции
  6
Continuous
 62
     5
440
 16777216
370
    13
100
AcDbLine
 10
11676.13520164071
 20
10970.23004723017
 30
0.0
 11
11676.13520164071
 21
11116.22369628406
 31
0.0
  0
MTEXT
  5
1395
330
F71
100
AcDbEntity
  8
$Слои конструкции
 62
     5
440
 16777216
100
AcDbMText
 10
11588.63520164071
 20
11043.22687175711
 30
0.0
 40
125.0
 41
0.0
 46
0.0
 71
     5
 72
     1
  1
\A1;9
  7
@ТРАНСПРОЕКТ
 11
0.0000000000000001
 21
1.0
 31
0.0
 73
     1
 44
1.0
  0
LINE
  5
1396
330
F71
100
AcDbEntity
  8
$Слои конструкции
  6
Continuous
 62
     5
440
 16777216
370
    13
100
AcDbLine
 10
11422.42229930154
 20
10965.77777549114
 30
0.0
 11
11422.42229930154
 21
10974.77622120911
 31
0.0
  0
INSERT
  5
1397
330
F71
100
AcDbEntity
  8
$Слои конструкции
 62
     5
440
 16777216
370
    13
100
AcDbBlockReference
  2
_Oblique
 10
11422.42229930154
 20
10965.77777549114
 30
0.0
 41
75.0
 42
75.0
 43
75.0
 50
90.0
  0
INSERT
  5
1398
330
F71
100
AcDbEntity
  8
$Слои конструкции
 62
     5
440
 16777216
370
    13
100
AcDbBlockReference
  2
_Oblique
 10
11422.42229930154
 20
10974.77622120911
 30
0.0
 41
75.0
 42
75.0
 43
75.0
 50
270.0
  0
POINT
  5
1399
330
F71
100
AcDbEntity
  8
Defpoints
 62
     0
440
 16777216
100
AcDbPoint
 10
11172.85741372715
 20
10965.77777549114
 30
0.0
  0
POINT
  5
139A
330
F71
100
AcDbEntity
  8
Defpoints
 62
     0
440
 16777216
100
AcDbPoint
 10
10972.89272021252
 20
10974.77622120911
 30
0.0
  0
POINT
  5
139B
330
F71
100
AcDbEntity
  8
Defpoints
 62
     0
440
 16777216
100
AcDbPoint
 10
11422.42229930154
 20
10974.77622120911
 30
0.0
  0
ENDBLK
  5
F73
330
F71
100
AcDbEntity
  8
0
100
AcDbBlockEnd
  0
BLOCK
  5
F82
330
F81
100
AcDbEntity
  8
0
100
AcDbBlockBegin
  2
*D142
 70
     1
 10
0.0
 20
0.0
 30
0.0
  3
*D142
  1

  0
LINE
  5
139C
330
F81
100
AcDbEntity
  8
$Слои конструкции
  6
Continuous
 62
     5
440
 16777216
370
    13
100
AcDbLine
 10
11023.04424402565
 20
11583.38234436573
 30
0.0
 11
11457.42229930154
 21
11583.38234436573
 31
0.0
  0
LINE
  5
139D
330
F81
100
AcDbEntity
  8
$Слои конструкции
  6
Continuous
 62
     5
440
 16777216
370
    13
100
AcDbLine
 10
11022.89272021252
 20
10974.77622120911
 30
0.0
 11
11457.42229930154
 21
10974.77622120911
 31
0.0
  0
LINE
  5
139E
330
F81
100
AcDbEntity
  8
$Слои конструкции
  6
Continuous
 62
     5
440
 16777216
370
    13
100
AcDbLine
 10
11422.42229930154
 20
11583.38234436573
 30
0.0
 11
11422.42229930154
 21
10974.77622120911
 31
0.0
  0
INSERT
  5
139F
330
F81
100
AcDbEntity
  8
$Слои конструкции
 62
     5
440
 16777216
370
    13
100
AcDbBlockReference
  2
_Oblique
 10
11422.42229930154
 20
11583.38234436573
 30
0.0
 41
75.0
 42
75.0
 43
75.0
 50
90.0
  0
INSERT
  5
13A0
330
F81
100
AcDbEntity
  8
$Слои конструкции
 62
     5
440
 16777216
370
    13
100
AcDbBlockReference
  2
_Oblique
 10
11422.42229930154
 20
10974.77622120911
 30
0.0
 41
75.0
 42
75.0
 43
75.0
 50
270.0
  0
MTEXT
  5
13A1
330
F81
100
AcDbEntity
  8
$Слои конструкции
 62
     5
440
 16777216
100
AcDbMText
 10
11334.92229930154
 20
11279.07928278742
 30
0.0
 40
125.0
 41
0.0
 46
0.0
 71
     5
 72
     1
  1
\A1;609
  7
@ТРАНСПРОЕКТ
 11
0.0000000000000001
 21
1.0
 31
0.0
 73
     1
 44
1.0
  0
POINT
  5
13A2
330
F81
100
AcDbEntity
  8
Defpoints
 62
     0
440
 16777216
100
AcDbPoint
 10
10973.04424402566
 20
11583.38234436573
 30
0.0
  0
POINT
  5
13A3
330
F81
100
AcDbEntity
  8
Defpoints
 62
     0
440
 16777216
100
AcDbPoint
 10
10972.89272021252
 20
10974.77622120911
 30
0.0
  0
POINT
  5
13A4
330
F81
100
AcDbEntity
  8
Defpoints
 62
     0
440
 16777216
100
AcDbPoint
 10
11422.42229930154
 20
10974.77622120911
 30
0.0
  0
ENDBLK
  5
F83
330
F81
100
AcDbEntity
  8
0
100
AcDbBlockEnd
  0
BLOCK
  5
F8E
330
F8D
100
AcDbEntity
  8
0
100
AcDbBlockBegin
  2
*D143
 70
     1
 10
0.0
 20
0.0
 30
0.0
  3
*D143
  1

  0
LINE
  5
13A5
330
F8D
100
AcDbEntity
  8
$Размеры
  6
Continuous
 62
     5
440
 16777216
370
    13
100
AcDbLine
 10
3022.772266280193
 20
10858.36675336959
 30
0.0
 11
3716.329253092226
 21
10858.36675336959
 31
0.0
  0
LINE
  5
13A6
330
F8D
100
AcDbEntity
  8
$Размеры
  6
Continuous
 62
     5
440
 16777216
370
    13
100
AcDbLine
 10
2722.776016197454
 20
10558.36675336959
 30
0.0
 11
3716.329253092226
 21
10558.36675336959
 31
0.0
  0
LINE
  5
13A7
330
F8D
100
AcDbEntity
  8
$Размеры
  6
Continuous
 62
     5
440
 16777216
370
    13
100
AcDbLine
 10
3681.329253092226
 20
10858.36675336959
 30
0.0
 11
3681.329253092226
 21
10558.36675336959
 31
0.0
  0
LINE
  5
13A8
330
F8D
100
AcDbEntity
  8
$Размеры
  6
Continuous
 62
     5
440
 16777216
370
    13
100
AcDbLine
 10
3681.329253092226
 20
10558.36675336959
 30
0.0
 11
3681.329253092226
 21
10162.3731043157
 31
0.0
  0
INSERT
  5
13A9
330
F8D
100
AcDbEntity
  8
$Размеры
 62
     5
440
 16777216
370
    13
100
AcDbBlockReference
  2
_Oblique
 10
3681.329253092226
 20
10858.36675336959
 30
0.0
 41
75.0
 42
75.0
 43
75.0
 50
90.0
  0
INSERT
  5
13AA
330
F8D
100
AcDbEntity
  8
$Размеры
 62
     5
440
 16777216
370
    13
100
AcDbBlockReference
  2
_Oblique
 10
3681.329253092226
 20
10558.36675336959
 30
0.0
 41
75.0
 42
75.0
 43
75.0
 50
270.0
  0
MTEXT
  5
13AB
330
F8D
100
AcDbEntity
  8
$Размеры
 62
     5
440
 16777216
100
AcDbMText
 10
3593.829253092228
 20
10322.86992884265
 30
0.0
 40
125.0
 41
0.0
 46
0.0
 71
     5
 72
     1
  1
\A1;300
  7
@ТРАНСПРОЕКТ
 11
0.0000000000000001
 21
1.0
 31
0.0
 73
     1
 44
1.0
  0
POINT
  5
13AC
330
F8D
100
AcDbEntity
  8
Defpoints
 62
     0
440
 16777216
100
AcDbPoint
 10
2972.772266280193
 20
10858.36675336959
 30
0.0
  0
POINT
  5
13AD
330
F8D
100
AcDbEntity
  8
Defpoints
 62
     0
440
 16777216
100
AcDbPoint
 10
2672.776016197454
 20
10558.36675336959
 30
0.0
  0
POINT
  5
13AE
330
F8D
100
AcDbEntity
  8
Defpoints
 62
     0
440
 16777216
100
AcDbPoint
 10
3681.329253092226
 20
10558.36675336959
 30
0.0
  0
ENDBLK
  5
F8F
330
F8D
100
AcDbEntity
  8
0
100
AcDbBlockEnd
  0
BLOCK
  5
F9B
330
F9A
100
AcDbEntity
  8
0
100
AcDbBlockBegin
  2
*D144
 70
     1
 10
0.0
 20
0.0
 30
0.0
  3
*D144
  1

  0
LINE
  5
13AF
330
F9A
100
AcDbEntity
  8
$Слои конструкции
  6
Continuous
 62
     5
440
 16777216
370
    13
100
AcDbLine
 10
2672.776016197453
 20
10508.36675336959
 30
0.0
 11
2672.776016197453
 21
10184.64474153567
 31
0.0
  0
LINE
  5
13B0
330
F9A
100
AcDbEntity
  8
$Слои конструкции
  6
Continuous
 62
     5
440
 16777216
370
    13
100
AcDbLine
 10
2972.772266280191
 20
10808.36675336959
 30
0.0
 11
2972.772266280191
 21
10184.64474153567
 31
0.0
  0
LINE
  5
13B1
330
F9A
100
AcDbEntity
  8
$Слои конструкции
  6
Continuous
 62
     5
440
 16777216
370
    13
100
AcDbLine
 10
2672.776016197453
 20
10219.64474153567
 30
0.0
 11
2972.772266280191
 21
10219.64474153567
 31
0.0
  0
LINE
  5
13B2
330
F9A
100
AcDbEntity
  8
$Слои конструкции
  6
Continuous
 62
     5
440
 16777216
370
    13
100
AcDbLine
 10
2972.772266280191
 20
10219.64474153567
 30
0.0
 11
3368.765915334082
 21
10219.64474153567
 31
0.0
  0
INSERT
  5
13B3
330
F9A
100
AcDbEntity
  8
$Слои конструкции
 62
     5
440
 16777216
370
    13
100
AcDbBlockReference
  2
_Oblique
 10
2672.776016197453
 20
10219.64474153567
 30
0.0
 41
75.0
 42
75.0
 43
75.0
 50
180.0
  0
INSERT
  5
13B4
330
F9A
100
AcDbEntity
  8
$Слои конструкции
 62
     5
440
 16777216
370
    13
100
AcDbBlockReference
  2
_Oblique
 10
2972.772266280191
 20
10219.64474153567
 30
0.0
 41
75.0
 42
75.0
 43
75.0
  0
MTEXT
  5
13B5
330
F9A
100
AcDbEntity
  8
$Слои конструкции
 62
     5
440
 16777216
100
AcDbMText
 10
3208.269090807137
 20
10307.14474153567
 30
0.0
 40
125.0
 41
0.0
 46
0.0
 71
     5
 72
     1
  1
\A1;300
  7
@ТРАНСПРОЕКТ
 73
     1
 44
1.0
  0
POINT
  5
13B6
330
F9A
100
AcDbEntity
  8
Defpoints
 62
     0
440
 16777216
100
AcDbPoint
 10
2672.776016197453
 20
10558.36675336959
 30
0.0
  0
POINT
  5
13B7
330
F9A
100
AcDbEntity
  8
Defpoints
 62
     0
440
 16777216
100
AcDbPoint
 10
2972.772266280191
 20
10858.36675336959
 30
0.0
  0
POINT
  5
13B8
330
F9A
100
AcDbEntity
  8
Defpoints
 62
     0
440
 16777216
100
AcDbPoint
 10
2972.772266280191
 20
10219.64474153567
 30
0.0
  0
ENDBLK
  5
F9C
330
F9A
100
AcDbEntity
  8
0
100
AcDbBlockEnd
  0
BLOCK
  5
FA8
330
FA7
100
AcDbEntity
  8
0
100
AcDbBlockBegin
  2
*D145
 70
     1
 10
0.0
 20
0.0
 30
0.0
  3
*D145
  1

  0
LINE
  5
13B9
330
FA7
100
AcDbEntity
  8
$Слои конструкции
  6
Continuous
 62
     5
440
 16777216
370
    13
100
AcDbLine
 10
10172.81492311489
 20
10542.86710334094
 30
0.0
 11
10172.81492311489
 21
10184.64474153567
 31
0.0
  0
LINE
  5
13BA
330
FA7
100
AcDbEntity
  8
$Слои конструкции
  6
Continuous
 62
     5
440
 16777216
370
    13
100
AcDbLine
 10
9872.853830031871
 20
10842.90150611966
 30
0.0
 11
9872.853830031871
 21
10184.64474153567
 31
0.0
  0
LINE
  5
13BB
330
FA7
100
AcDbEntity
  8
$Слои конструкции
  6
Continuous
 62
     5
440
 16777216
370
    13
100
AcDbLine
 10
10172.81492311489
 20
10219.64474153567
 30
0.0
 11
9872.853830031871
 21
10219.64474153567
 31
0.0
  0
LINE
  5
13BC
330
FA7
100
AcDbEntity
  8
$Слои конструкции
  6
Continuous
 62
     5
440
 16777216
370
    13
100
AcDbLine
 10
9872.853830031871
 20
10219.64474153567
 30
0.0
 11
9476.860180977979
 21
10219.64474153567
 31
0.0
  0
INSERT
  5
13BD
330
FA7
100
AcDbEntity
  8
$Слои конструкции
 62
     5
440
 16777216
370
    13
100
AcDbBlockReference
  2
_Oblique
 10
10172.81492311489
 20
10219.64474153567
 30
0.0
 41
75.0
 42
75.0
 43
75.0
  0
INSERT
  5
13BE
330
FA7
100
AcDbEntity
  8
$Слои конструкции
 62
     5
440
 16777216
370
    13
100
AcDbBlockReference
  2
_Oblique
 10
9872.853830031871
 20
10219.64474153567
 30
0.0
 41
75.0
 42
75.0
 43
75.0
 50
180.0
  0
MTEXT
  5
13BF
330
FA7
100
AcDbEntity
  8
$Слои конструкции
 62
     5
440
 16777216
100
AcDbMText
 10
9637.357005504926
 20
10307.14474153567
 30
0.0
 40
125.0
 41
0.0
 46
0.0
 71
     5
 72
     1
  1
\A1;300
  7
@ТРАНСПРОЕКТ
 73
     1
 44
1.0
  0
POINT
  5
13C0
330
FA7
100
AcDbEntity
  8
Defpoints
 62
     0
440
 16777216
100
AcDbPoint
 10
10172.81492311489
 20
10592.86710334094
 30
0.0
  0
POINT
  5
13C1
330
FA7
100
AcDbEntity
  8
Defpoints
 62
     0
440
 16777216
100
AcDbPoint
 10
9872.853830031871
 20
10892.90150611966
 30
0.0
  0
POINT
  5
13C2
330
FA7
100
AcDbEntity
  8
Defpoints
 62
     0
440
 16777216
100
AcDbPoint
 10
9872.853830031871
 20
10219.64474153567
 30
0.0
  0
ENDBLK
  5
FA9
330
FA7
100
AcDbEntity
  8
0
100
AcDbBlockEnd
  0
BLOCK
  5
FB5
330
FB4
100
AcDbEntity
  8
0
100
AcDbBlockBegin
  2
*D146
 70
     1
 10
0.0
 20
0.0
 30
0.0
  3
*D146
  1

  0
LINE
  5
13C3
330
FB4
100
AcDbEntity
  8
$Слои конструкции
  6
Continuous
 62
     5
440
 16777216
370
    13
100
AcDbLine
 10
9822.853830031874
 20
10892.90150611966
 30
0.0
 11
9185.423415947999
 21
10892.90150611966
 31
0.0
  0
LINE
  5
13C4
330
FB4
100
AcDbEntity
  8
$Слои конструкции
  6
Continuous
 62
     5
440
 16777216
370
    13
100
AcDbLine
 10
10122.8149231149
 20
10592.86710334094
 30
0.0
 11
9185.423415947999
 21
10592.86710334094
 31
0.0
  0
LINE
  5
13C5
330
FB4
100
AcDbEntity
  8
$Слои конструкции
  6
Continuous
 62
     5
440
 16777216
370
    13
100
AcDbLine
 10
9220.423415947998
 20
10892.90150611966
 30
0.0
 11
9220.423415947998
 21
10592.86710334094
 31
0.0
  0
LINE
  5
13C6
330
FB4
100
AcDbEntity
  8
$Слои конструкции
  6
Continuous
 62
     5
440
 16777216
370
    13
100
AcDbLine
 10
9220.423415947998
 20
10592.86710334094
 30
0.0
 11
9220.423415947998
 21
10196.87345428705
 31
0.0
  0
INSERT
  5
13C7
330
FB4
100
AcDbEntity
  8
$Слои конструкции
 62
     5
440
 16777216
370
    13
100
AcDbBlockReference
  2
_Oblique
 10
9220.423415947998
 20
10892.90150611966
 30
0.0
 41
75.0
 42
75.0
 43
75.0
 50
90.0
  0
INSERT
  5
13C8
330
FB4
100
AcDbEntity
  8
$Слои конструкции
 62
     5
440
 16777216
370
    13
100
AcDbBlockReference
  2
_Oblique
 10
9220.423415947998
 20
10592.86710334094
 30
0.0
 41
75.0
 42
75.0
 43
75.0
 50
270.0
  0
MTEXT
  5
13C9
330
FB4
100
AcDbEntity
  8
$Слои конструкции
 62
     5
440
 16777216
100
AcDbMText
 10
9132.923415947997
 20
10357.37027881399
 30
0.0
 40
125.0
 41
0.0
 46
0.0
 71
     5
 72
     1
  1
\A1;300
  7
@ТРАНСПРОЕКТ
 11
0.0000000000000001
 21
1.0
 31
0.0
 73
     1
 44
1.0
  0
POINT
  5
13CA
330
FB4
100
AcDbEntity
  8
Defpoints
 62
     0
440
 16777216
100
AcDbPoint
 10
9872.853830031875
 20
10892.90150611966
 30
0.0
  0
POINT
  5
13CB
330
FB4
100
AcDbEntity
  8
Defpoints
 62
     0
440
 16777216
100
AcDbPoint
 10
10172.8149231149
 20
10592.86710334094
 30
0.0
  0
POINT
  5
13CC
330
FB4
100
AcDbEntity
  8
Defpoints
 62
     0
440
 16777216
100
AcDbPoint
 10
9220.423415947998
 20
10592.86710334094
 30
0.0
  0
ENDBLK
  5
FB6
330
FB4
100
AcDbEntity
  8
0
100
AcDbBlockEnd
  0
BLOCK
  5
FC2
330
FC1
100
AcDbEntity
  8
0
100
AcDbBlockBegin
  2
*D147
 70
     1
 10
0.0
 20
0.0
 30
0.0
  3
*D147
  1

  0
LINE
  5
13DA
330
FC1
100
AcDbEntity
  8
$Слои конструкции
  6
Continuous
 62
     5
440
 16777216
370
    13
100
AcDbLine
 10
1922.77594237291
 20
10531.27590979324
 30
0.0
 11
2170.65043882728
 21
10531.27590979324
 31
0.0
  0
LINE
  5
13DB
330
FC1
100
AcDbEntity
  8
$Слои конструкции
  6
Continuous
 62
     5
440
 16777216
370
    13
100
AcDbLine
 10
1922.776016197454
 20
10558.36675336959
 30
0.0
 11
2170.65043882728
 21
10558.36675336959
 31
0.0
  0
LINE
  5
13DC
330
FC1
100
AcDbEntity
  8
$Слои конструкции
  6
Continuous
 62
     5
440
 16777216
370
    13
100
AcDbLine
 10
2135.65043882728
 20
10558.36675336959
 30
0.0
 11
2135.65043882728
 21
10633.36675336959
 31
0.0
  0
LINE
  5
13DD
330
FC1
100
AcDbEntity
  8
$Слои конструкции
  6
Continuous
 62
     5
440
 16777216
370
    13
100
AcDbLine
 10
2135.65043882728
 20
10531.27590979324
 30
0.0
 11
2135.65043882728
 21
10147.78226073934
 31
0.0
  0
INSERT
  5
13DE
330
FC1
100
AcDbEntity
  8
$Слои конструкции
 62
     5
440
 16777216
370
    13
100
AcDbBlockReference
  2
_Oblique
 10
2135.65043882728
 20
10558.36675336959
 30
0.0
 41
75.0
 42
75.0
 43
75.0
 50
270.0
  0
INSERT
  5
13DF
330
FC1
100
AcDbEntity
  8
$Слои конструкции
 62
     5
440
 16777216
370
    13
100
AcDbBlockReference
  2
_Oblique
 10
2135.65043882728
 20
10531.27590979324
 30
0.0
 41
75.0
 42
75.0
 43
75.0
 50
90.0
  0
MTEXT
  5
13E0
330
FC1
100
AcDbEntity
  8
$Слои конструкции
 62
     5
440
 16777216
100
AcDbMText
 10
2048.150438827283
 20
10264.52908526629
 30
0.0
 40
125.0
 41
0.0
 46
0.0
 71
     5
 72
     1
  1
\A1;27
  7
@ТРАНСПРОЕКТ
 11
0.0000000000000001
 21
1.0
 31
0.0
 73
     1
 44
1.0
  0
POINT
  5
13E1
330
FC1
100
AcDbEntity
  8
Defpoints
 62
     0
440
 16777216
100
AcDbPoint
 10
1872.77594237291
 20
10531.27590979324
 30
0.0
  0
POINT
  5
13E2
330
FC1
100
AcDbEntity
  8
Defpoints
 62
     0
440
 16777216
100
AcDbPoint
 10
1872.776016197454
 20
10558.36675336959
 30
0.0
  0
POINT
  5
13E3
330
FC1
100
AcDbEntity
  8
Defpoints
 62
     0
440
 16777216
100
AcDbPoint
 10
2135.65043882728
 20
10558.36675336959
 30
0.0
  0
ENDBLK
  5
FC3
330
FC1
100
AcDbEntity
  8
0
100
AcDbBlockEnd
  0
BLOCK
  5
FCF
330
FCE
100
AcDbEntity
  8
0
100
AcDbBlockBegin
  2
*D148
 70
     1
 10
0.0
 20
0.0
 30
0.0
  3
*D148
  1

  0
LINE
  5
13E4
330
FCE
100
AcDbEntity
  8
$Слои конструкции
  6
Continuous
 62
     5
440
 16777216
370
    13
100
AcDbLine
 10
10922.89273694931
 20
10592.86710334094
 30
0.0
 11
10769.82348867954
 21
10592.86710334094
 31
0.0
  0
LINE
  5
13E5
330
FCE
100
AcDbEntity
  8
$Слои конструкции
  6
Continuous
 62
     5
440
 16777216
370
    13
100
AcDbLine
 10
10922.89273694931
 20
10565.77618594004
 30
0.0
 11
10769.82348867954
 21
10565.77618594004
 31
0.0
  0
LINE
  5
13E6
330
FCE
100
AcDbEntity
  8
$Слои конструкции
  6
Continuous
 62
     5
440
 16777216
370
    13
100
AcDbLine
 10
10804.82348867954
 20
10592.86710334094
 30
0.0
 11
10804.82348867954
 21
10667.86710334094
 31
0.0
  0
LINE
  5
13E7
330
FCE
100
AcDbEntity
  8
$Слои конструкции
  6
Continuous
 62
     5
440
 16777216
370
    13
100
AcDbLine
 10
10804.82348867954
 20
10565.77618594004
 30
0.0
 11
10804.82348867954
 21
10182.28253688615
 31
0.0
  0
INSERT
  5
13E8
330
FCE
100
AcDbEntity
  8
$Слои конструкции
 62
     5
440
 16777216
370
    13
100
AcDbBlockReference
  2
_Oblique
 10
10804.82348867954
 20
10592.86710334094
 30
0.0
 41
75.0
 42
75.0
 43
75.0
 50
270.0
  0
INSERT
  5
13E9
330
FCE
100
AcDbEntity
  8
$Слои конструкции
 62
     5
440
 16777216
370
    13
100
AcDbBlockReference
  2
_Oblique
 10
10804.82348867954
 20
10565.77618594004
 30
0.0
 41
75.0
 42
75.0
 43
75.0
 50
90.0
  0
MTEXT
  5
13EA
330
FCE
100
AcDbEntity
  8
$Слои конструкции
 62
     5
440
 16777216
100
AcDbMText
 10
10717.32348867954
 20
10299.02936141309
 30
0.0
 40
125.0
 41
0.0
 46
0.0
 71
     5
 72
     1
  1
\A1;27
  7
@ТРАНСПРОЕКТ
 11
0.0000000000000001
 21
1.0
 31
0.0
 73
     1
 44
1.0
  0
POINT
  5
13EB
330
FCE
100
AcDbEntity
  8
Defpoints
 62
     0
440
 16777216
100
AcDbPoint
 10
10972.89273694931
 20
10592.86710334094
 30
0.0
  0
POINT
  5
13EC
330
FCE
100
AcDbEntity
  8
Defpoints
 62
     0
440
 16777216
100
AcDbPoint
 10
10972.89273694931
 20
10565.77618594004
 30
0.0
  0
POINT
  5
13ED
330
FCE
100
AcDbEntity
  8
Defpoints
 62
     0
440
 16777216
100
AcDbPoint
 10
10804.82348867954
 20
10565.77618594004
 30
0.0
  0
ENDBLK
  5
FD0
330
FCE
100
AcDbEntity
  8
0
100
AcDbBlockEnd
  0
BLOCK
  5
FDC
330
FDB
100
AcDbEntity
  8
0
100
AcDbBlockBegin
  2
*D149
 70
     1
 10
0.0
 20
0.0
 30
0.0
  3
*D149
  1

  0
LINE
  5
13EE
330
FDB
100
AcDbEntity
  8
$Размеры
  6
Continuous
 62
     5
440
 16777216
370
    13
100
AcDbLine
 10
16060.87815433303
 20
1768.066645161735
 30
0.0
 11
16060.87815433303
 21
1219.763533098411
 31
0.0
  0
LINE
  5
13EF
330
FDB
100
AcDbEntity
  8
$Размеры
  6
Continuous
 62
     5
440
 16777216
370
    13
100
AcDbLine
 10
15510.87815433303
 20
1568.066645180944
 30
0.0
 11
15510.87815433303
 21
1219.763533098411
 31
0.0
  0
LINE
  5
13F0
330
FDB
100
AcDbEntity
  8
$Размеры
  6
Continuous
 62
     5
440
 16777216
370
    13
100
AcDbLine
 10
16060.87815433303
 20
1254.763533098411
 30
0.0
 11
15510.87815433303
 21
1254.763533098411
 31
0.0
  0
INSERT
  5
13F1
330
FDB
100
AcDbEntity
  8
$Размеры
 62
     5
440
 16777216
370
    13
100
AcDbBlockReference
  2
_Oblique
 10
16060.87815433303
 20
1254.763533098411
 30
0.0
 41
75.0
 42
75.0
 43
75.0
  0
INSERT
  5
13F2
330
FDB
100
AcDbEntity
  8
$Размеры
 62
     5
440
 16777216
370
    13
100
AcDbBlockReference
  2
_Oblique
 10
15510.87815433303
 20
1254.763533098411
 30
0.0
 41
75.0
 42
75.0
 43
75.0
 50
180.0
  0
MTEXT
  5
13F3
330
FDB
100
AcDbEntity
  8
$Размеры
 62
     5
440
 16777216
100
AcDbMText
 10
15785.87815433303
 20
1342.263533098411
 30
0.0
 40
125.0
 41
0.0
 46
0.0
 71
     5
 72
     1
  1
\A1;550
  7
@ТРАНСПРОЕКТ
 73
     1
 44
1.0
  0
POINT
  5
13F4
330
FDB
100
AcDbEntity
  8
Defpoints
 62
     0
440
 16777216
100
AcDbPoint
 10
16060.87815433303
 20
1818.066645161735
 30
0.0
  0
POINT
  5
13F5
330
FDB
100
AcDbEntity
  8
Defpoints
 62
     0
440
 16777216
100
AcDbPoint
 10
15510.87815433303
 20
1618.066645180944
 30
0.0
  0
POINT
  5
13F6
330
FDB
100
AcDbEntity
  8
Defpoints
 62
     0
440
 16777216
100
AcDbPoint
 10
15510.87815433303
 20
1254.763533098411
 30
0.0
  0
ENDBLK
  5
FDD
330
FDB
100
AcDbEntity
  8
0
100
AcDbBlockEnd
  0
BLOCK
  5
FE8
330
FE7
100
AcDbEntity
  8
0
100
AcDbBlockBegin
  2
*D150
 70
     1
 10
0.0
 20
0.0
 30
0.0
  3
*D150
  1

  0
LINE
  5
13F7
330
FE7
100
AcDbEntity
  8
$Размеры
  6
Continuous
 62
     5
440
 16777216
370
    13
100
AcDbLine
 10
16060.87815433303
 20
1768.066645161735
 30
0.0
 11
16060.87815433303
 21
1219.763533098411
 31
0.0
  0
LINE
  5
13F8
330
FE7
100
AcDbEntity
  8
$Размеры
  6
Continuous
 62
     5
440
 16777216
370
    13
100
AcDbLine
 10
41190.87815433303
 20
1768.066645161735
 30
0.0
 11
41190.87815433303
 21
1219.763533098411
 31
0.0
  0
LINE
  5
13F9
330
FE7
100
AcDbEntity
  8
$Размеры
  6
Continuous
 62
     5
440
 16777216
370
    13
100
AcDbLine
 10
16060.87815433303
 20
1254.763533098411
 30
0.0
 11
41190.87815433303
 21
1254.763533098411
 31
0.0
  0
INSERT
  5
13FA
330
FE7
100
AcDbEntity
  8
$Размеры
 62
     5
440
 16777216
370
    13
100
AcDbBlockReference
  2
_Oblique
 10
16060.87815433303
 20
1254.763533098411
 30
0.0
 41
75.0
 42
75.0
 43
75.0
 50
180.0
  0
INSERT
  5
13FB
330
FE7
100
AcDbEntity
  8
$Размеры
 62
     5
440
 16777216
370
    13
100
AcDbBlockReference
  2
_Oblique
 10
41190.87815433303
 20
1254.763533098411
 30
0.0
 41
75.0
 42
75.0
 43
75.0
  0
MTEXT
  5
13FC
330
FE7
100
AcDbEntity
  8
$Размеры
 62
     5
440
 16777216
100
AcDbMText
 10
28625.87815433304
 20
1342.263533098411
 30
0.0
 40
125.0
 41
0.0
 46
0.0
 71
     5
 72
     1
  1
\A1;25130
  7
@ТРАНСПРОЕКТ
 73
     1
 44
1.0
  0
POINT
  5
13FD
330
FE7
100
AcDbEntity
  8
Defpoints
 62
     0
440
 16777216
100
AcDbPoint
 10
16060.87815433303
 20
1818.066645161735
 30
0.0
  0
POINT
  5
13FE
330
FE7
100
AcDbEntity
  8
Defpoints
 62
     0
440
 16777216
100
AcDbPoint
 10
41190.87815433303
 20
1818.066645161735
 30
0.0
  0
POINT
  5
13FF
330
FE7
100
AcDbEntity
  8
Defpoints
 62
     0
440
 16777216
100
AcDbPoint
 10
41190.87815433303
 20
1254.763533098411
 30
0.0
  0
ENDBLK
  5
FE9
330
FE7
100
AcDbEntity
  8
0
100
AcDbBlockEnd
  0
BLOCK
  5
FF4
330
FF3
100
AcDbEntity
  8
0
100
AcDbBlockBegin
  2
*D151
 70
     1
 10
0.0
 20
0.0
 30
0.0
  3
*D151
  1

  0
LINE
  5
1400
330
FF3
100
AcDbEntity
  8
$Размеры
  6
Continuous
 62
     5
440
 16777216
370
    13
100
AcDbLine
 10
41190.87815433303
 20
1768.066645161735
 30
0.0
 11
41190.87815433303
 21
1219.763533098411
 31
0.0
  0
LINE
  5
1401
330
FF3
100
AcDbEntity
  8
$Размеры
  6
Continuous
 62
     5
440
 16777216
370
    13
100
AcDbLine
 10
41440.87815433303
 20
1568.066645181177
 30
0.0
 11
41440.87815433303
 21
1219.763533098411
 31
0.0
  0
LINE
  5
1402
330
FF3
100
AcDbEntity
  8
$Размеры
  6
Continuous
 62
     5
440
 16777216
370
    13
100
AcDbLine
 10
41190.87815433303
 20
1254.763533098411
 30
0.0
 11
41440.87815433303
 21
1254.763533098411
 31
0.0
  0
INSERT
  5
1403
330
FF3
100
AcDbEntity
  8
$Размеры
 62
     5
440
 16777216
370
    13
100
AcDbBlockReference
  2
_Oblique
 10
41190.87815433303
 20
1254.763533098411
 30
0.0
 41
75.0
 42
75.0
 43
75.0
 50
180.0
  0
INSERT
  5
1404
330
FF3
100
AcDbEntity
  8
$Размеры
 62
     5
440
 16777216
370
    13
100
AcDbBlockReference
  2
_Oblique
 10
41440.87815433303
 20
1254.763533098411
 30
0.0
 41
75.0
 42
75.0
 43
75.0
  0
MTEXT
  5
1405
330
FF3
100
AcDbEntity
  8
$Размеры
 62
     5
440
 16777216
100
AcDbMText
 10
41315.87815433303
 20
1342.263533098411
 30
0.0
 40
125.0
 41
0.0
 46
0.0
 71
     5
 72
     1
  1
\A1;250
  7
@ТРАНСПРОЕКТ
 73
     1
 44
1.0
  0
POINT
  5
1406
330
FF3
100
AcDbEntity
  8
Defpoints
 62
     0
440
 16777216
100
AcDbPoint
 10
41190.87815433303
 20
1818.066645161735
 30
0.0
  0
POINT
  5
1407
330
FF3
100
AcDbEntity
  8
Defpoints
 62
     0
440
 16777216
100
AcDbPoint
 10
41440.87815433303
 20
1618.066645181176
 30
0.0
  0
POINT
  5
1408
330
FF3
100
AcDbEntity
  8
Defpoints
 62
     0
440
 16777216
100
AcDbPoint
 10
41440.87815433303
 20
1254.763533098411
 30
0.0
  0
ENDBLK
  5
FF5
330
FF3
100
AcDbEntity
  8
0
100
AcDbBlockEnd
  0
BLOCK
  5
1000
330
FFF
100
AcDbEntity
  8
0
100
AcDbBlockBegin
  2
*D152
 70
     1
 10
0.0
 20
0.0
 30
0.0
  3
*D152
  1

  0
LINE
  5
1409
330
FFF
100
AcDbEntity
  8
$Размеры
  6
Continuous
 62
     5
440
 16777216
370
    13
100
AcDbLine
 10
28575.87815433305
 20
15119.6524063044
 30
0.0
 11
27630.02539648657
 21
15119.6524063044
 31
0.0
  0
LINE
  5
140A
330
FFF
100
AcDbEntity
  8
$Размеры
  6
Continuous
 62
     5
440
 16777216
370
    13
100
AcDbLine
 10
28575.87815433305
 20
14418.37240630438
 30
0.0
 11
27630.02539648657
 21
14418.37240630438
 31
0.0
  0
LINE
  5
140B
330
FFF
100
AcDbEntity
  8
$Размеры
  6
Continuous
 62
     5
440
 16777216
370
    13
100
AcDbLine
 10
27665.02539648657
 20
14418.37240630438
 30
0.0
 11
27665.02539648657
 21
15119.6524063044
 31
0.0
  0
LINE
  5
140C
330
FFF
100
AcDbEntity
  8
$Размеры
  6
Continuous
 62
     5
440
 16777216
370
    13
100
AcDbLine
 10
27665.02539648657
 20
15119.6524063044
 30
0.0
 11
27665.02539648657
 21
15528.87769923062
 31
0.0
  0
INSERT
  5
140D
330
FFF
100
AcDbEntity
  8
$Размеры
 62
     5
440
 16777216
370
    13
100
AcDbBlockReference
  2
_Oblique
 10
27665.02539648657
 20
14418.37240630438
 30
0.0
 41
75.0
 42
75.0
 43
75.0
 50
270.0
  0
INSERT
  5
140E
330
FFF
100
AcDbEntity
  8
$Размеры
 62
     5
440
 16777216
370
    13
100
AcDbBlockReference
  2
_Oblique
 10
27665.02539648657
 20
15119.6524063044
 30
0.0
 41
75.0
 42
75.0
 43
75.0
 50
90.0
  0
MTEXT
  5
140F
330
FFF
100
AcDbEntity
  8
$Размеры
 62
     5
440
 16777216
100
AcDbMText
 10
27577.52539648656
 20
15380.88087470366
 30
0.0
 40
125.0
 41
0.0
 46
0.0
 71
     5
 72
     1
  1
\A1;701
  7
@ТРАНСПРОЕКТ
 11
0.0000000000000001
 21
1.0
 31
0.0
 73
     1
 44
1.0
  0
POINT
  5
1410
330
FFF
100
AcDbEntity
  8
Defpoints
 62
     0
440
 16777216
100
AcDbPoint
 10
28625.87815433305
 20
15119.6524063044
 30
0.0
  0
POINT
  5
1411
330
FFF
100
AcDbEntity
  8
Defpoints
 62
     0
440
 16777216
100
AcDbPoint
 10
28625.87815433305
 20
14418.37240630438
 30
0.0
  0
POINT
  5
1412
330
FFF
100
AcDbEntity
  8
Defpoints
 62
     0
440
 16777216
100
AcDbPoint
 10
27665.02539648657
 20
14418.37240630438
 30
0.0
  0
ENDBLK
  5
1001
330
FFF
100
AcDbEntity
  8
0
100
AcDbBlockEnd
  0
BLOCK
  5
100D
330
100C
100
AcDbEntity
  8
0
100
AcDbBlockBegin
  2
*D153
 70
     1
 10
0.0
 20
0.0
 30
0.0
  3
*D153
  1

  0
LINE
  5
1413
330
100C
100
AcDbEntity
  8
$Размеры
  6
Continuous
 62
     5
440
 16777216
370
    13
100
AcDbLine
 10
15485.87815433304
 20
15103.37240630438
 30
0.0
 11
15024.66748152377
 21
15103.37240630438
 31
0.0
  0
LINE
  5
1414
330
100C
100
AcDbEntity
  8
$Размеры
  6
Continuous
 62
     5
440
 16777216
370
    13
100
AcDbLine
 10
15460.87815433304
 20
14118.37240630438
 30
0.0
 11
15024.66748152377
 21
14118.37240630438
 31
0.0
  0
LINE
  5
1415
330
100C
100
AcDbEntity
  8
$Размеры
  6
Continuous
 62
     5
440
 16777216
370
    13
100
AcDbLine
 10
15059.66748152377
 20
15103.37240630438
 30
0.0
 11
15059.66748152377
 21
14118.37240630438
 31
0.0
  0
INSERT
  5
1416
330
100C
100
AcDbEntity
  8
$Размеры
 62
     5
440
 16777216
370
    13
100
AcDbBlockReference
  2
_Oblique
 10
15059.66748152377
 20
15103.37240630438
 30
0.0
 41
75.0
 42
75.0
 43
75.0
 50
90.0
  0
INSERT
  5
1417
330
100C
100
AcDbEntity
  8
$Размеры
 62
     5
440
 16777216
370
    13
100
AcDbBlockReference
  2
_Oblique
 10
15059.66748152377
 20
14118.37240630438
 30
0.0
 41
75.0
 42
75.0
 43
75.0
 50
270.0
  0
MTEXT
  5
1418
330
100C
100
AcDbEntity
  8
$Размеры
 62
     5
440
 16777216
100
AcDbMText
 10
14972.16748152377
 20
14610.87240630437
 30
0.0
 40
125.0
 41
0.0
 46
0.0
 71
     5
 72
     1
  1
\A1;985
  7
@ТРАНСПРОЕКТ
 11
0.0000000000000001
 21
1.0
 31
0.0
 73
     1
 44
1.0
  0
POINT
  5
1419
330
100C
100
AcDbEntity
  8
Defpoints
 62
     0
440
 16777216
100
AcDbPoint
 10
15535.87815433304
 20
15103.37240630438
 30
0.0
  0
POINT
  5
141A
330
100C
100
AcDbEntity
  8
Defpoints
 62
     0
440
 16777216
100
AcDbPoint
 10
15510.87815433304
 20
14118.37240630438
 30
0.0
  0
POINT
  5
141B
330
100C
100
AcDbEntity
  8
Defpoints
 62
     0
440
 16777216
100
AcDbPoint
 10
15059.66748152377
 20
14118.37240630438
 30
0.0
  0
ENDBLK
  5
100E
330
100C
100
AcDbEntity
  8
0
100
AcDbBlockEnd
  0
BLOCK
  5
1019
330
1018
100
AcDbEntity
  8
0
100
AcDbBlockBegin
  2
*D154
 70
     1
 10
0.0
 20
0.0
 30
0.0
  3
*D154
  1

  0
LINE
  5
141C
330
1018
100
AcDbEntity
  8
$Слои конструкции
  6
Continuous
 62
     5
440
 16777216
370
    13
100
AcDbLine
 10
15460.87815433304
 20
11118.14796888621
 30
0.0
 11
14652.85319469573
 21
11118.14796888621
 31
0.0
  0
LINE
  5
141D
330
1018
100
AcDbEntity
  8
$Слои конструкции
  6
Continuous
 62
     5
440
 16777216
370
    13
100
AcDbLine
 10
15460.87815433304
 20
1618.066645180945
 30
0.0
 11
14652.85319469573
 21
1618.066645180945
 31
0.0
  0
LINE
  5
141E
330
1018
100
AcDbEntity
  8
$Слои конструкции
  6
Continuous
 62
     5
440
 16777216
370
    13
100
AcDbLine
 10
14687.85319469573
 20
11118.14796888621
 30
0.0
 11
14687.85319469573
 21
1618.066645180945
 31
0.0
  0
INSERT
  5
141F
330
1018
100
AcDbEntity
  8
$Слои конструкции
 62
     5
440
 16777216
370
    13
100
AcDbBlockReference
  2
_Oblique
 10
14687.85319469573
 20
11118.14796888621
 30
0.0
 41
75.0
 42
75.0
 43
75.0
 50
90.0
  0
INSERT
  5
1420
330
1018
100
AcDbEntity
  8
$Слои конструкции
 62
     5
440
 16777216
370
    13
100
AcDbBlockReference
  2
_Oblique
 10
14687.85319469573
 20
1618.066645180945
 30
0.0
 41
75.0
 42
75.0
 43
75.0
 50
270.0
  0
MTEXT
  5
1421
330
1018
100
AcDbEntity
  8
$Слои конструкции
 62
     5
440
 16777216
100
AcDbMText
 10
14600.35319469573
 20
6368.107307033573
 30
0.0
 40
125.0
 41
0.0
 46
0.0
 71
     5
 72
     1
  1
\A1;9500
  7
@ТРАНСПРОЕКТ
 11
0.0000000000000001
 21
1.0
 31
0.0
 73
     1
 44
1.0
  0
POINT
  5
1422
330
1018
100
AcDbEntity
  8
Defpoints
 62
     0
440
 16777216
100
AcDbPoint
 10
15510.87815433304
 20
11118.14796888621
 30
0.0
  0
POINT
  5
1423
330
1018
100
AcDbEntity
  8
Defpoints
 62
     0
440
 16777216
100
AcDbPoint
 10
15510.87815433304
 20
1618.066645180945
 30
0.0
  0
POINT
  5
1424
330
1018
100
AcDbEntity
  8
Defpoints
 62
     0
440
 16777216
100
AcDbPoint
 10
14687.85319469573
 20
1618.066645180945
 30
0.0
  0
ENDBLK
  5
101A
330
1018
100
AcDbEntity
  8
0
100
AcDbBlockEnd
  0
BLOCK
  5
1025
330
1024
100
AcDbEntity
  8
0
100
AcDbBlockBegin
  2
*D155
 70
     1
 10
0.0
 20
0.0
 30
0.0
  3
*D155
  1

  0
LINE
  5
1425
330
1024
100
AcDbEntity
  8
$Слои конструкции
  6
Continuous
 62
     5
440
 16777216
370
    13
100
AcDbLine
 10
1822.776016197454
 20
14338.67751787664
 30
0.0
 11
1388.203870834603
 21
14338.67751787664
 31
0.0
  0
LINE
  5
1426
330
1024
100
AcDbEntity
  8
$Слои конструкции
  6
Continuous
 62
     5
440
 16777216
370
    13
100
AcDbLine
 10
1822.776016197454
 20
14118.37240630438
 30
0.0
 11
1388.203870834603
 21
14118.37240630438
 31
0.0
  0
LINE
  5
1427
330
1024
100
AcDbEntity
  8
$Слои конструкции
  6
Continuous
 62
     5
440
 16777216
370
    13
100
AcDbLine
 10
1423.203870834603
 20
14338.67751787664
 30
0.0
 11
1423.203870834603
 21
14118.37240630438
 31
0.0
  0
LINE
  5
1428
330
1024
100
AcDbEntity
  8
$Слои конструкции
  6
Continuous
 62
     5
440
 16777216
370
    13
100
AcDbLine
 10
1423.203870834603
 20
14118.37240630438
 30
0.0
 11
1423.203870834603
 21
13722.37875725048
 31
0.0
  0
INSERT
  5
1429
330
1024
100
AcDbEntity
  8
$Слои конструкции
 62
     5
440
 16777216
370
    13
100
AcDbBlockReference
  2
_Oblique
 10
1423.203870834603
 20
14338.67751787664
 30
0.0
 41
75.0
 42
75.0
 43
75.0
 50
90.0
  0
INSERT
  5
142A
330
1024
100
AcDbEntity
  8
$Слои конструкции
 62
     5
440
 16777216
370
    13
100
AcDbBlockReference
  2
_Oblique
 10
1423.203870834603
 20
14118.37240630438
 30
0.0
 41
75.0
 42
75.0
 43
75.0
 50
270.0
  0
MTEXT
  5
142B
330
1024
100
AcDbEntity
  8
$Слои конструкции
 62
     5
440
 16777216
100
AcDbMText
 10
1335.703870834607
 20
13882.87558177743
 30
0.0
 40
125.0
 41
0.0
 46
0.0
 71
     5
 72
     1
  1
\A1;220
  7
@ТРАНСПРОЕКТ
 11
0.0000000000000001
 21
1.0
 31
0.0
 73
     1
 44
1.0
  0
POINT
  5
142C
330
1024
100
AcDbEntity
  8
Defpoints
 62
     0
440
 16777216
100
AcDbPoint
 10
1872.776016197454
 20
14338.67751787664
 30
0.0
  0
POINT
  5
142D
330
1024
100
AcDbEntity
  8
Defpoints
 62
     0
440
 16777216
100
AcDbPoint
 10
1872.776016197454
 20
14118.37240630438
 30
0.0
  0
POINT
  5
142E
330
1024
100
AcDbEntity
  8
Defpoints
 62
     0
440
 16777216
100
AcDbPoint
 10
1423.203870834603
 20
14118.37240630438
 30
0.0
  0
ENDBLK
  5
1026
330
1024
100
AcDbEntity
  8
0
100
AcDbBlockEnd
  0
BLOCK
  5
1032
330
1031
100
AcDbEntity
  8
0
100
AcDbBlockBegin
  2
*D156
 70
     1
 10
0.0
 20
0.0
 30
0.0
  3
*D156
  1

  0
LINE
  5
142F
330
1031
100
AcDbEntity
  8
$Слои конструкции
  6
Continuous
 62
     5
440
 16777216
370
    13
100
AcDbLine
 10
1622.776016197454
 20
14538.67751787664
 30
0.0
 11
1388.203870834603
 21
14538.67751787664
 31
0.0
  0
LINE
  5
1430
330
1031
100
AcDbEntity
  8
$Слои конструкции
  6
Continuous
 62
     5
440
 16777216
370
    13
100
AcDbLine
 10
1822.776016197454
 20
14338.67751787664
 30
0.0
 11
1388.203870834603
 21
14338.67751787664
 31
0.0
  0
LINE
  5
1431
330
1031
100
AcDbEntity
  8
$Слои конструкции
  6
Continuous
 62
     5
440
 16777216
370
    13
100
AcDbLine
 10
1423.203870834603
 20
14538.67751787664
 30
0.0
 11
1423.203870834603
 21
14338.67751787664
 31
0.0
  0
LINE
  5
1432
330
1031
100
AcDbEntity
  8
$Слои конструкции
  6
Continuous
 62
     5
440
 16777216
370
    13
100
AcDbLine
 10
1423.203870834603
 20
14438.67751787664
 30
0.0
 11
1169.490968495423
 21
14438.8318539311
 31
0.0
  0
LINE
  5
1433
330
1031
100
AcDbEntity
  8
$Слои конструкции
  6
Continuous
 62
     5
440
 16777216
370
    13
100
AcDbLine
 10
1169.490968495423
 20
14438.8318539311
 30
0.0
 11
1169.490968495423
 21
14117.8382048772
 31
0.0
  0
MTEXT
  5
1434
330
1031
100
AcDbEntity
  8
$Слои конструкции
 62
     5
440
 16777216
100
AcDbMText
 10
1081.990968495427
 20
14278.33502940415
 30
0.0
 40
125.0
 41
0.0
 46
0.0
 71
     5
 72
     1
  1
\A1;200
  7
@ТРАНСПРОЕКТ
 11
0.0000000000000001
 21
1.0
 31
0.0
 73
     1
 44
1.0
  0
INSERT
  5
1435
330
1031
100
AcDbEntity
  8
$Слои конструкции
 62
     5
440
 16777216
370
    13
100
AcDbBlockReference
  2
_Oblique
 10
1423.203870834603
 20
14538.67751787664
 30
0.0
 41
75.0
 42
75.0
 43
75.0
 50
90.0
  0
INSERT
  5
1436
330
1031
100
AcDbEntity
  8
$Слои конструкции
 62
     5
440
 16777216
370
    13
100
AcDbBlockReference
  2
_Oblique
 10
1423.203870834603
 20
14338.67751787664
 30
0.0
 41
75.0
 42
75.0
 43
75.0
 50
270.0
  0
POINT
  5
1437
330
1031
100
AcDbEntity
  8
Defpoints
 62
     0
440
 16777216
100
AcDbPoint
 10
1672.776016197454
 20
14538.67751787664
 30
0.0
  0
POINT
  5
1438
330
1031
100
AcDbEntity
  8
Defpoints
 62
     0
440
 16777216
100
AcDbPoint
 10
1872.776016197454
 20
14338.67751787664
 30
0.0
  0
POINT
  5
1439
330
1031
100
AcDbEntity
  8
Defpoints
 62
     0
440
 16777216
100
AcDbPoint
 10
1423.203870834603
 20
14338.67751787664
 30
0.0
  0
ENDBLK
  5
1033
330
1031
100
AcDbEntity
  8
0
100
AcDbBlockEnd
  0
BLOCK
  5
1040
330
103F
100
AcDbEntity
  8
0
100
AcDbBlockBegin
  2
*D157
 70
     1
 10
0.0
 20
0.0
 30
0.0
  3
*D157
  1

  0
LINE
  5
143A
330
103F
100
AcDbEntity
  8
$Слои конструкции
  6
Continuous
 62
     5
440
 16777216
370
    13
100
AcDbLine
 10
1622.776016197454
 20
14538.67751787664
 30
0.0
 11
1388.203870834599
 21
14538.67751787664
 31
0.0
  0
LINE
  5
143B
330
103F
100
AcDbEntity
  8
$Слои конструкции
  6
Continuous
 62
     5
440
 16777216
370
    13
100
AcDbLine
 10
1622.776016197454
 20
14738.67751787664
 30
0.0
 11
1388.203870834599
 21
14738.67751787664
 31
0.0
  0
LINE
  5
143C
330
103F
100
AcDbEntity
  8
$Слои конструкции
  6
Continuous
 62
     5
440
 16777216
370
    13
100
AcDbLine
 10
1423.203870834599
 20
14538.67751787664
 30
0.0
 11
1423.203870834599
 21
14738.67751787664
 31
0.0
  0
INSERT
  5
143D
330
103F
100
AcDbEntity
  8
$Слои конструкции
 62
     5
440
 16777216
370
    13
100
AcDbBlockReference
  2
_Oblique
 10
1423.203870834599
 20
14538.67751787664
 30
0.0
 41
75.0
 42
75.0
 43
75.0
 50
270.0
  0
INSERT
  5
143E
330
103F
100
AcDbEntity
  8
$Слои конструкции
 62
     5
440
 16777216
370
    13
100
AcDbBlockReference
  2
_Oblique
 10
1423.203870834599
 20
14738.67751787664
 30
0.0
 41
75.0
 42
75.0
 43
75.0
 50
90.0
  0
MTEXT
  5
143F
330
103F
100
AcDbEntity
  8
$Слои конструкции
 62
     5
440
 16777216
100
AcDbMText
 10
1335.703870834602
 20
14638.67751787663
 30
0.0
 40
125.0
 41
0.0
 46
0.0
 71
     5
 72
     1
  1
\A1;200
  7
@ТРАНСПРОЕКТ
 11
0.0000000000000001
 21
1.0
 31
0.0
 73
     1
 44
1.0
  0
POINT
  5
1440
330
103F
100
AcDbEntity
  8
Defpoints
 62
     0
440
 16777216
100
AcDbPoint
 10
1672.776016197454
 20
14538.67751787664
 30
0.0
  0
POINT
  5
1441
330
103F
100
AcDbEntity
  8
Defpoints
 62
     0
440
 16777216
100
AcDbPoint
 10
1672.776016197454
 20
14738.67751787664
 30
0.0
  0
POINT
  5
1442
330
103F
100
AcDbEntity
  8
Defpoints
 62
     0
440
 16777216
100
AcDbPoint
 10
1423.203870834599
 20
14738.67751787664
 30
0.0
  0
ENDBLK
  5
1041
330
103F
100
AcDbEntity
  8
0
100
AcDbBlockEnd
  0
BLOCK
  5
104C
330
104B
100
AcDbEntity
  8
0
100
AcDbBlockBegin
  2
*D158
 70
     1
 10
0.0
 20
0.0
 30
0.0
  3
*D158
  1

  0
LINE
  5
1443
330
104B
100
AcDbEntity
  8
$Слои конструкции
  6
Continuous
 62
     5
440
 16777216
370
    13
100
AcDbLine
 10
1622.776016197454
 20
14738.67751787664
 30
0.0
 11
1388.203870834603
 21
14738.67751787664
 31
0.0
  0
LINE
  5
1444
330
104B
100
AcDbEntity
  8
$Слои конструкции
  6
Continuous
 62
     5
440
 16777216
370
    13
100
AcDbLine
 10
1822.776016197454
 20
14749.67751619991
 30
0.0
 11
1388.203870834603
 21
14749.67751619991
 31
0.0
  0
LINE
  5
1445
330
104B
100
AcDbEntity
  8
$Слои конструкции
  6
Continuous
 62
     5
440
 16777216
370
    13
100
AcDbLine
 10
1423.203870834603
 20
14738.67751787664
 30
0.0
 11
1423.203870834603
 21
14663.67751787664
 31
0.0
  0
LINE
  5
1446
330
104B
100
AcDbEntity
  8
$Слои конструкции
  6
Continuous
 62
     5
440
 16777216
370
    13
100
AcDbLine
 10
1423.203870834603
 20
14749.67751619991
 30
0.0
 11
1423.203870834603
 21
14824.67751619991
 31
0.0
  0
LINE
  5
1447
330
104B
100
AcDbEntity
  8
$Слои конструкции
  6
Continuous
 62
     5
440
 16777216
370
    13
100
AcDbLine
 10
1423.203870834603
 20
14744.17751703827
 30
0.0
 11
1169.490968495423
 21
14744.01998392379
 31
0.0
  0
LINE
  5
1448
330
104B
100
AcDbEntity
  8
$Слои конструкции
  6
Continuous
 62
     5
440
 16777216
370
    13
100
AcDbLine
 10
1169.490968495423
 20
14744.01998392379
 30
0.0
 11
1169.490968495423
 21
14927.51363297768
 31
0.0
  0
MTEXT
  5
1449
330
104B
100
AcDbEntity
  8
$Слои конструкции
 62
     5
440
 16777216
100
AcDbMText
 10
1081.990968495427
 20
14835.76680845072
 30
0.0
 40
125.0
 41
0.0
 46
0.0
 71
     5
 72
     1
  1
\A1;11
  7
@ТРАНСПРОЕКТ
 11
0.0000000000000001
 21
1.0
 31
0.0
 73
     1
 44
1.0
  0
LINE
  5
144A
330
104B
100
AcDbEntity
  8
$Слои конструкции
  6
Continuous
 62
     5
440
 16777216
370
    13
100
AcDbLine
 10
1423.203870834603
 20
14738.67751787664
 30
0.0
 11
1423.203870834603
 21
14749.67751619991
 31
0.0
  0
INSERT
  5
144B
330
104B
100
AcDbEntity
  8
$Слои конструкции
 62
     5
440
 16777216
370
    13
100
AcDbBlockReference
  2
_Oblique
 10
1423.203870834603
 20
14738.67751787664
 30
0.0
 41
75.0
 42
75.0
 43
75.0
 50
90.0
  0
INSERT
  5
144C
330
104B
100
AcDbEntity
  8
$Слои конструкции
 62
     5
440
 16777216
370
    13
100
AcDbBlockReference
  2
_Oblique
 10
1423.203870834603
 20
14749.67751619991
 30
0.0
 41
75.0
 42
75.0
 43
75.0
 50
270.0
  0
POINT
  5
144D
330
104B
100
AcDbEntity
  8
Defpoints
 62
     0
440
 16777216
100
AcDbPoint
 10
1672.776016197454
 20
14738.67751787664
 30
0.0
  0
POINT
  5
144E
330
104B
100
AcDbEntity
  8
Defpoints
 62
     0
440
 16777216
100
AcDbPoint
 10
1872.776016197454
 20
14749.67751619991
 30
0.0
  0
POINT
  5
144F
330
104B
100
AcDbEntity
  8
Defpoints
 62
     0
440
 16777216
100
AcDbPoint
 10
1423.203870834603
 20
14749.67751619991
 30
0.0
  0
ENDBLK
  5
104D
330
104B
100
AcDbEntity
  8
0
100
AcDbBlockEnd
  0
BLOCK
  5
105C
330
105B
100
AcDbEntity
  8
0
100
AcDbBlockBegin
  2
*D159
 70
     1
 10
0.0
 20
0.0
 30
0.0
  3
*D159
  1

  0
LINE
  5
1450
330
105B
100
AcDbEntity
  8
$Слои конструкции
  6
Continuous
 62
     5
440
 16777216
370
    13
100
AcDbLine
 10
1822.776016197454
 20
15114.15243427551
 30
0.0
 11
1388.203870834603
 21
15114.15243427551
 31
0.0
  0
LINE
  5
1451
330
105B
100
AcDbEntity
  8
$Слои конструкции
  6
Continuous
 62
     5
440
 16777216
370
    13
100
AcDbLine
 10
1822.776016197454
 20
14749.67751619991
 30
0.0
 11
1388.203870834603
 21
14749.67751619991
 31
0.0
  0
LINE
  5
1452
330
105B
100
AcDbEntity
  8
$Слои конструкции
  6
Continuous
 62
     5
440
 16777216
370
    13
100
AcDbLine
 10
1423.203870834603
 20
15114.15243427551
 30
0.0
 11
1423.203870834603
 21
14749.67751619991
 31
0.0
  0
INSERT
  5
1453
330
105B
100
AcDbEntity
  8
$Слои конструкции
 62
     5
440
 16777216
370
    13
100
AcDbBlockReference
  2
_Oblique
 10
1423.203870834603
 20
15114.15243427551
 30
0.0
 41
75.0
 42
75.0
 43
75.0
 50
90.0
  0
INSERT
  5
1454
330
105B
100
AcDbEntity
  8
$Слои конструкции
 62
     5
440
 16777216
370
    13
100
AcDbBlockReference
  2
_Oblique
 10
1423.203870834603
 20
14749.67751619991
 30
0.0
 41
75.0
 42
75.0
 43
75.0
 50
270.0
  0
MTEXT
  5
1455
330
105B
100
AcDbEntity
  8
$Слои конструкции
 62
     5
440
 16777216
100
AcDbMText
 10
1335.703870834607
 20
14931.91497523771
 30
0.0
 40
125.0
 41
0.0
 46
0.0
 71
     5
 72
     1
  1
\A1;364
  7
@ТРАНСПРОЕКТ
 11
0.0000000000000001
 21
1.0
 31
0.0
 73
     1
 44
1.0
  0
POINT
  5
1456
330
105B
100
AcDbEntity
  8
Defpoints
 62
     0
440
 16777216
100
AcDbPoint
 10
1872.776016197454
 20
15114.15243427551
 30
0.0
  0
POINT
  5
1457
330
105B
100
AcDbEntity
  8
Defpoints
 62
     0
440
 16777216
100
AcDbPoint
 10
1872.776016197454
 20
14749.67751619991
 30
0.0
  0
POINT
  5
1458
330
105B
100
AcDbEntity
  8
Defpoints
 62
     0
440
 16777216
100
AcDbPoint
 10
1423.203870834603
 20
14749.67751619991
 30
0.0
  0
ENDBLK
  5
105D
330
105B
100
AcDbEntity
  8
0
100
AcDbBlockEnd
  0
BLOCK
  5
1068
330
1067
100
AcDbEntity
  8
0
100
AcDbBlockBegin
  2
*D160
 70
     1
 10
0.0
 20
0.0
 30
0.0
  3
*D160
  1

  0
LINE
  5
1459
330
1067
100
AcDbEntity
  8
$Размеры
  6
Continuous
 62
     5
440
 16777216
370
    13
100
AcDbLine
 10
3022.772266280193
 20
14418.37240630438
 30
0.0
 11
3716.329253092225
 21
14418.37240630438
 31
0.0
  0
LINE
  5
145A
330
1067
100
AcDbEntity
  8
$Размеры
  6
Continuous
 62
     5
440
 16777216
370
    13
100
AcDbLine
 10
2722.776016197454
 20
14118.37240630438
 30
0.0
 11
3716.329253092225
 21
14118.37240630438
 31
0.0
  0
LINE
  5
145B
330
1067
100
AcDbEntity
  8
$Размеры
  6
Continuous
 62
     5
440
 16777216
370
    13
100
AcDbLine
 10
3681.329253092225
 20
14418.37240630438
 30
0.0
 11
3681.329253092225
 21
14118.37240630438
 31
0.0
  0
LINE
  5
145C
330
1067
100
AcDbEntity
  8
$Размеры
  6
Continuous
 62
     5
440
 16777216
370
    13
100
AcDbLine
 10
3681.329253092225
 20
14118.37240630438
 30
0.0
 11
3681.329253092225
 21
13722.37875725048
 31
0.0
  0
INSERT
  5
145D
330
1067
100
AcDbEntity
  8
$Размеры
 62
     5
440
 16777216
370
    13
100
AcDbBlockReference
  2
_Oblique
 10
3681.329253092225
 20
14418.37240630438
 30
0.0
 41
75.0
 42
75.0
 43
75.0
 50
90.0
  0
INSERT
  5
145E
330
1067
100
AcDbEntity
  8
$Размеры
 62
     5
440
 16777216
370
    13
100
AcDbBlockReference
  2
_Oblique
 10
3681.329253092225
 20
14118.37240630438
 30
0.0
 41
75.0
 42
75.0
 43
75.0
 50
270.0
  0
MTEXT
  5
145F
330
1067
100
AcDbEntity
  8
$Размеры
 62
     5
440
 16777216
100
AcDbMText
 10
3593.829253092228
 20
13882.87558177743
 30
0.0
 40
125.0
 41
0.0
 46
0.0
 71
     5
 72
     1
  1
\A1;300
  7
@ТРАНСПРОЕКТ
 11
0.0000000000000001
 21
1.0
 31
0.0
 73
     1
 44
1.0
  0
POINT
  5
1460
330
1067
100
AcDbEntity
  8
Defpoints
 62
     0
440
 16777216
100
AcDbPoint
 10
2972.772266280193
 20
14418.37240630438
 30
0.0
  0
POINT
  5
1461
330
1067
100
AcDbEntity
  8
Defpoints
 62
     0
440
 16777216
100
AcDbPoint
 10
2672.776016197454
 20
14118.37240630438
 30
0.0
  0
POINT
  5
1462
330
1067
100
AcDbEntity
  8
Defpoints
 62
     0
440
 16777216
100
AcDbPoint
 10
3681.329253092225
 20
14118.37240630438
 30
0.0
  0
ENDBLK
  5
1069
330
1067
100
AcDbEntity
  8
0
100
AcDbBlockEnd
  0
BLOCK
  5
1075
330
1074
100
AcDbEntity
  8
0
100
AcDbBlockBegin
  2
*D161
 70
     1
 10
0.0
 20
0.0
 30
0.0
  3
*D161
  1

  0
LINE
  5
1463
330
1074
100
AcDbEntity
  8
$Размеры
  6
Continuous
 62
     5
440
 16777216
370
    13
100
AcDbLine
 10
2672.776016197453
 20
14068.37240630437
 30
0.0
 11
2672.776016197453
 21
13449.37858292917
 31
0.0
  0
LINE
  5
1464
330
1074
100
AcDbEntity
  8
$Размеры
  6
Continuous
 62
     5
440
 16777216
370
    13
100
AcDbLine
 10
1872.776016197453
 20
14068.37240630437
 30
0.0
 11
1872.776016197453
 21
13449.37858292917
 31
0.0
  0
LINE
  5
1465
330
1074
100
AcDbEntity
  8
$Размеры
  6
Continuous
 62
     5
440
 16777216
370
    13
100
AcDbLine
 10
2672.776016197453
 20
13484.37858292916
 30
0.0
 11
1872.776016197453
 21
13484.37858292916
 31
0.0
  0
INSERT
  5
1466
330
1074
100
AcDbEntity
  8
$Размеры
 62
     5
440
 16777216
370
    13
100
AcDbBlockReference
  2
_Oblique
 10
2672.776016197453
 20
13484.37858292916
 30
0.0
 41
75.0
 42
75.0
 43
75.0
  0
INSERT
  5
1467
330
1074
100
AcDbEntity
  8
$Размеры
 62
     5
440
 16777216
370
    13
100
AcDbBlockReference
  2
_Oblique
 10
1872.776016197453
 20
13484.37858292916
 30
0.0
 41
75.0
 42
75.0
 43
75.0
 50
180.0
  0
MTEXT
  5
1468
330
1074
100
AcDbEntity
  8
$Размеры
 62
     5
440
 16777216
100
AcDbMText
 10
2272.776016197453
 20
13571.87858292916
 30
0.0
 40
125.0
 41
0.0
 46
0.0
 71
     5
 72
     1
  1
\A1;800
  7
@ТРАНСПРОЕКТ
 73
     1
 44
1.0
  0
POINT
  5
1469
330
1074
100
AcDbEntity
  8
Defpoints
 62
     0
440
 16777216
100
AcDbPoint
 10
2672.776016197453
 20
14118.37240630437
 30
0.0
  0
POINT
  5
146A
330
1074
100
AcDbEntity
  8
Defpoints
 62
     0
440
 16777216
100
AcDbPoint
 10
1872.776016197453
 20
14118.37240630437
 30
0.0
  0
POINT
  5
146B
330
1074
100
AcDbEntity
  8
Defpoints
 62
     0
440
 16777216
100
AcDbPoint
 10
1872.776016197453
 20
13484.37858292916
 30
0.0
  0
ENDBLK
  5
1076
330
1074
100
AcDbEntity
  8
0
100
AcDbBlockEnd
  0
BLOCK
  5
1081
330
1080
100
AcDbEntity
  8
0
100
AcDbBlockBegin
  2
*D162
 70
     1
 10
0.0
 20
0.0
 30
0.0
  3
*D162
  1

  0
LINE
  5
146C
330
1080
100
AcDbEntity
  8
$Размеры
  6
Continuous
 62
     5
440
 16777216
370
    13
100
AcDbLine
 10
2672.776016197453
 20
14068.37240630437
 30
0.0
 11
2672.776016197453
 21
13449.37858292917
 31
0.0
  0
LINE
  5
146D
330
1080
100
AcDbEntity
  8
$Размеры
  6
Continuous
 62
     5
440
 16777216
370
    13
100
AcDbLine
 10
10172.77601619745
 20
14102.90715905444
 30
0.0
 11
10172.77601619745
 21
13449.37858292917
 31
0.0
  0
LINE
  5
146E
330
1080
100
AcDbEntity
  8
$Размеры
  6
Continuous
 62
     5
440
 16777216
370
    13
100
AcDbLine
 10
2672.776016197453
 20
13484.37858292916
 30
0.0
 11
10172.77601619745
 21
13484.37858292916
 31
0.0
  0
INSERT
  5
146F
330
1080
100
AcDbEntity
  8
$Размеры
 62
     5
440
 16777216
370
    13
100
AcDbBlockReference
  2
_Oblique
 10
2672.776016197453
 20
13484.37858292916
 30
0.0
 41
75.0
 42
75.0
 43
75.0
 50
180.0
  0
INSERT
  5
1470
330
1080
100
AcDbEntity
  8
$Размеры
 62
     5
440
 16777216
370
    13
100
AcDbBlockReference
  2
_Oblique
 10
10172.77601619745
 20
13484.37858292916
 30
0.0
 41
75.0
 42
75.0
 43
75.0
  0
MTEXT
  5
1471
330
1080
100
AcDbEntity
  8
$Размеры
 62
     5
440
 16777216
100
AcDbMText
 10
6422.776016197452
 20
13571.87858292916
 30
0.0
 40
125.0
 41
0.0
 46
0.0
 71
     5
 72
     1
  1
\A1;7500
  7
@ТРАНСПРОЕКТ
 73
     1
 44
1.0
  0
POINT
  5
1472
330
1080
100
AcDbEntity
  8
Defpoints
 62
     0
440
 16777216
100
AcDbPoint
 10
2672.776016197453
 20
14118.37240630437
 30
0.0
  0
POINT
  5
1473
330
1080
100
AcDbEntity
  8
Defpoints
 62
     0
440
 16777216
100
AcDbPoint
 10
10172.77601619745
 20
14152.90715905444
 30
0.0
  0
POINT
  5
1474
330
1080
100
AcDbEntity
  8
Defpoints
 62
     0
440
 16777216
100
AcDbPoint
 10
10172.77601619745
 20
13484.37858292916
 30
0.0
  0
ENDBLK
  5
1082
330
1080
100
AcDbEntity
  8
0
100
AcDbBlockEnd
  0
BLOCK
  5
108D
330
108C
100
AcDbEntity
  8
0
100
AcDbBlockBegin
  2
*D163
 70
     1
 10
0.0
 20
0.0
 30
0.0
  3
*D163
  1

  0
LINE
  5
1475
330
108C
100
AcDbEntity
  8
$Размеры
  6
Continuous
 62
     5
440
 16777216
370
    13
100
AcDbLine
 10
10172.77601619745
 20
14102.90715905444
 30
0.0
 11
10172.77601619745
 21
13449.37858292917
 31
0.0
  0
LINE
  5
1476
330
108C
100
AcDbEntity
  8
$Размеры
  6
Continuous
 62
     5
440
 16777216
370
    13
100
AcDbLine
 10
10972.8538298484
 20
14102.89503697355
 30
0.0
 11
10972.8538298484
 21
13449.37858292917
 31
0.0
  0
LINE
  5
1477
330
108C
100
AcDbEntity
  8
$Размеры
  6
Continuous
 62
     5
440
 16777216
370
    13
100
AcDbLine
 10
10172.77601619745
 20
13484.37858292916
 30
0.0
 11
10972.8538298484
 21
13484.37858292916
 31
0.0
  0
INSERT
  5
1478
330
108C
100
AcDbEntity
  8
$Размеры
 62
     5
440
 16777216
370
    13
100
AcDbBlockReference
  2
_Oblique
 10
10172.77601619745
 20
13484.37858292916
 30
0.0
 41
75.0
 42
75.0
 43
75.0
 50
180.0
  0
INSERT
  5
1479
330
108C
100
AcDbEntity
  8
$Размеры
 62
     5
440
 16777216
370
    13
100
AcDbBlockReference
  2
_Oblique
 10
10972.8538298484
 20
13484.37858292916
 30
0.0
 41
75.0
 42
75.0
 43
75.0
  0
MTEXT
  5
147A
330
108C
100
AcDbEntity
  8
$Размеры
 62
     5
440
 16777216
100
AcDbMText
 10
10572.81492302292
 20
13571.87858292916
 30
0.0
 40
125.0
 41
0.0
 46
0.0
 71
     5
 72
     1
  1
\A1;800
  7
@ТРАНСПРОЕКТ
 73
     1
 44
1.0
  0
POINT
  5
147B
330
108C
100
AcDbEntity
  8
Defpoints
 62
     0
440
 16777216
100
AcDbPoint
 10
10172.77601619745
 20
14152.90715905444
 30
0.0
  0
POINT
  5
147C
330
108C
100
AcDbEntity
  8
Defpoints
 62
     0
440
 16777216
100
AcDbPoint
 10
10972.8538298484
 20
14152.89503697354
 30
0.0
  0
POINT
  5
147D
330
108C
100
AcDbEntity
  8
Defpoints
 62
     0
440
 16777216
100
AcDbPoint
 10
10972.8538298484
 20
13484.37858292916
 30
0.0
  0
ENDBLK
  5
108E
330
108C
100
AcDbEntity
  8
0
100
AcDbBlockEnd
  0
BLOCK
  5
1099
330
1098
100
AcDbEntity
  8
0
100
AcDbBlockBegin
  2
*D164
 70
     1
 10
0.0
 20
0.0
 30
0.0
  3
*D164
  1

  0
LINE
  5
147E
330
1098
100
AcDbEntity
  8
$Слои конструкции
  6
Continuous
 62
     5
440
 16777216
370
    13
100
AcDbLine
 10
4827.773551320763
 20
15128.92714593403
 30
0.0
 11
4572.785665005773
 21
15127.65092733779
 31
0.0
  0
LINE
  5
147F
330
1098
100
AcDbEntity
  8
$Слои конструкции
  6
Continuous
 62
     5
440
 16777216
370
    13
100
AcDbLine
 10
4831.28333388326
 20
14427.67421036557
 30
0.0
 11
4576.295447568271
 21
14426.39799176934
 31
0.0
  0
LINE
  5
1480
330
1098
100
AcDbEntity
  8
$Слои конструкции
  6
Continuous
 62
     5
440
 16777216
370
    13
100
AcDbLine
 10
4607.785226635669
 20
15127.8261007237
 30
0.0
 11
4611.295009198166
 21
14426.57316515525
 31
0.0
  0
LINE
  5
1481
330
1098
100
AcDbEntity
  8
$Слои конструкции
  6
Continuous
 62
     5
440
 16777216
370
    13
100
AcDbLine
 10
4611.295009198166
 20
14426.57316515525
 30
0.0
 11
4613.293245362898
 21
14027.32650200025
 31
0.0
  0
INSERT
  5
1482
330
1098
100
AcDbEntity
  8
$Слои конструкции
 62
     5
440
 16777216
370
    13
100
AcDbBlockReference
  2
_Oblique
 10
4607.785226635669
 20
15127.8261007237
 30
0.0
 41
75.0
 42
75.0
 43
75.0
 50
90.28676393139067
  0
INSERT
  5
1483
330
1098
100
AcDbEntity
  8
$Слои конструкции
 62
     5
440
 16777216
370
    13
100
AcDbBlockReference
  2
_Oblique
 10
4611.295009198166
 20
14426.57316515525
 30
0.0
 41
75.0
 42
75.0
 43
75.0
 50
270.2867639313907
  0
MTEXT
  5
1484
330
1098
100
AcDbEntity
  8
$Слои конструкции
 62
     5
440
 16777216
100
AcDbMText
 10
4700.051432156022
 20
14175.75940635245
 30
0.0
 40
125.0
 41
0.0
 46
0.0
 71
     5
 72
     1
  1
\A1;701
  7
@ТРАНСПРОЕКТ
 11
0.0050049538831765
 21
-0.9999874751398776
 31
0.0
 73
     1
 44
1.0
  0
POINT
  5
1485
330
1098
100
AcDbEntity
  8
Defpoints
 62
     0
440
 16777216
100
AcDbPoint
 10
4877.772925077757
 20
15129.17739362818
 30
0.0
  0
POINT
  5
1486
330
1098
100
AcDbEntity
  8
Defpoints
 62
     0
440
 16777216
100
AcDbPoint
 10
4881.282707640255
 20
14427.92445805973
 30
0.0
  0
POINT
  5
1487
330
1098
100
AcDbEntity
  8
Defpoints
 62
     0
440
 16777216
100
AcDbPoint
 10
4611.295009198166
 20
14426.57316515525
 30
0.0
  0
ENDBLK
  5
109A
330
1098
100
AcDbEntity
  8
0
100
AcDbBlockEnd
  0
BLOCK
  5
10A6
330
10A5
100
AcDbEntity
  8
0
100
AcDbBlockBegin
  2
*D165
 70
     1
 10
0.0
 20
0.0
 30
0.0
  3
*D165
  1

  0
LINE
  5
1488
330
10A5
100
AcDbEntity
  8
$Слои конструкции
  6
Continuous
 62
     5
440
 16777216
370
    13
100
AcDbLine
 10
1872.776016197453
 20
15164.15243427551
 30
0.0
 11
1872.776016197453
 21
15540.5320547675
 31
0.0
  0
LINE
  5
1489
330
10A5
100
AcDbEntity
  8
$Слои конструкции
  6
Continuous
 62
     5
440
 16777216
370
    13
100
AcDbLine
 10
1672.776016197453
 20
14788.67751787663
 30
0.0
 11
1672.776016197453
 21
15540.5320547675
 31
0.0
  0
LINE
  5
148A
330
10A5
100
AcDbEntity
  8
$Слои конструкции
  6
Continuous
 62
     5
440
 16777216
370
    13
100
AcDbLine
 10
1872.776016197453
 20
15505.5320547675
 30
0.0
 11
1672.776016197453
 21
15505.5320547675
 31
0.0
  0
LINE
  5
148B
330
10A5
100
AcDbEntity
  8
$Слои конструкции
  6
Continuous
 62
     5
440
 16777216
370
    13
100
AcDbLine
 10
1672.776016197453
 20
15505.5320547675
 30
0.0
 11
1276.782367143562
 21
15505.5320547675
 31
0.0
  0
INSERT
  5
148C
330
10A5
100
AcDbEntity
  8
$Слои конструкции
 62
     5
440
 16777216
370
    13
100
AcDbBlockReference
  2
_Oblique
 10
1872.776016197453
 20
15505.5320547675
 30
0.0
 41
75.0
 42
75.0
 43
75.0
  0
INSERT
  5
148D
330
10A5
100
AcDbEntity
  8
$Слои конструкции
 62
     5
440
 16777216
370
    13
100
AcDbBlockReference
  2
_Oblique
 10
1672.776016197453
 20
15505.5320547675
 30
0.0
 41
75.0
 42
75.0
 43
75.0
 50
180.0
  0
MTEXT
  5
148E
330
10A5
100
AcDbEntity
  8
$Слои конструкции
 62
     5
440
 16777216
100
AcDbMText
 10
1437.279191670508
 20
15593.0320547675
 30
0.0
 40
125.0
 41
0.0
 46
0.0
 71
     5
 72
     1
  1
\A1;200
  7
@ТРАНСПРОЕКТ
 73
     1
 44
1.0
  0
POINT
  5
148F
330
10A5
100
AcDbEntity
  8
Defpoints
 62
     0
440
 16777216
100
AcDbPoint
 10
1872.776016197453
 20
15114.1524342755
 30
0.0
  0
POINT
  5
1490
330
10A5
100
AcDbEntity
  8
Defpoints
 62
     0
440
 16777216
100
AcDbPoint
 10
1672.776016197453
 20
14738.67751787663
 30
0.0
  0
POINT
  5
1491
330
10A5
100
AcDbEntity
  8
Defpoints
 62
     0
440
 16777216
100
AcDbPoint
 10
1672.776016197453
 20
15505.5320547675
 30
0.0
  0
ENDBLK
  5
10A7
330
10A5
100
AcDbEntity
  8
0
100
AcDbBlockEnd
  0
BLOCK
  5
10B3
330
10B2
100
AcDbEntity
  8
0
100
AcDbBlockBegin
  2
*D166
 70
     1
 10
0.0
 20
0.0
 30
0.0
  3
*D166
  1

  0
LINE
  5
1492
330
10B2
100
AcDbEntity
  8
$Слои конструкции
  6
Continuous
 62
     5
440
 16777216
370
    13
100
AcDbLine
 10
1872.776016197453
 20
15164.15243427551
 30
0.0
 11
1872.776016197453
 21
15540.5320547675
 31
0.0
  0
LINE
  5
1493
330
10B2
100
AcDbEntity
  8
$Слои конструкции
  6
Continuous
 62
     5
440
 16777216
370
    13
100
AcDbLine
 10
10972.85383003187
 20
15209.65274705635
 30
0.0
 11
10972.85383003187
 21
15540.5320547675
 31
0.0
  0
LINE
  5
1494
330
10B2
100
AcDbEntity
  8
$Слои конструкции
  6
Continuous
 62
     5
440
 16777216
370
    13
100
AcDbLine
 10
1872.776016197453
 20
15505.5320547675
 30
0.0
 11
10972.85383003187
 21
15505.5320547675
 31
0.0
  0
INSERT
  5
1495
330
10B2
100
AcDbEntity
  8
$Слои конструкции
 62
     5
440
 16777216
370
    13
100
AcDbBlockReference
  2
_Oblique
 10
1872.776016197453
 20
15505.5320547675
 30
0.0
 41
75.0
 42
75.0
 43
75.0
 50
180.0
  0
INSERT
  5
1496
330
10B2
100
AcDbEntity
  8
$Слои конструкции
 62
     5
440
 16777216
370
    13
100
AcDbBlockReference
  2
_Oblique
 10
10972.85383003187
 20
15505.5320547675
 30
0.0
 41
75.0
 42
75.0
 43
75.0
  0
MTEXT
  5
1497
330
10B2
100
AcDbEntity
  8
$Слои конструкции
 62
     5
440
 16777216
100
AcDbMText
 10
6422.814923114661
 20
15593.0320547675
 30
0.0
 40
125.0
 41
0.0
 46
0.0
 71
     5
 72
     1
  1
\A1;9100
  7
@ТРАНСПРОЕКТ
 73
     1
 44
1.0
  0
POINT
  5
1498
330
10B2
100
AcDbEntity
  8
Defpoints
 62
     0
440
 16777216
100
AcDbPoint
 10
1872.776016197453
 20
15114.1524342755
 30
0.0
  0
POINT
  5
1499
330
10B2
100
AcDbEntity
  8
Defpoints
 62
     0
440
 16777216
100
AcDbPoint
 10
10972.85383003187
 20
15159.65274705635
 30
0.0
  0
POINT
  5
149A
330
10B2
100
AcDbEntity
  8
Defpoints
 62
     0
440
 16777216
100
AcDbPoint
 10
10972.85383003187
 20
15505.5320547675
 30
0.0
  0
ENDBLK
  5
10B4
330
10B2
100
AcDbEntity
  8
0
100
AcDbBlockEnd
  0
BLOCK
  5
10BF
330
10BE
100
AcDbEntity
  8
0
100
AcDbBlockBegin
  2
*D167
 70
     1
 10
0.0
 20
0.0
 30
0.0
  3
*D167
  1

  0
LINE
  5
149B
330
10BE
100
AcDbEntity
  8
$Слои конструкции
  6
Continuous
 62
     5
440
 16777216
370
    13
100
AcDbLine
 10
10972.85383003187
 20
15209.65274705635
 30
0.0
 11
10972.85383003187
 21
15540.5320547675
 31
0.0
  0
LINE
  5
149C
330
10BE
100
AcDbEntity
  8
$Слои конструкции
  6
Continuous
 62
     5
440
 16777216
370
    13
100
AcDbLine
 10
11172.8573399026
 20
14836.33586322821
 30
0.0
 11
11172.8573399026
 21
15540.5320547675
 31
0.0
  0
LINE
  5
149D
330
10BE
100
AcDbEntity
  8
$Слои конструкции
  6
Continuous
 62
     5
440
 16777216
370
    13
100
AcDbLine
 10
10972.85383003187
 20
15505.5320547675
 30
0.0
 11
11172.8573399026
 21
15505.5320547675
 31
0.0
  0
LINE
  5
149E
330
10BE
100
AcDbEntity
  8
$Слои конструкции
  6
Continuous
 62
     5
440
 16777216
370
    13
100
AcDbLine
 10
11172.8573399026
 20
15505.5320547675
 30
0.0
 11
11568.85098895649
 21
15505.5320547675
 31
0.0
  0
INSERT
  5
149F
330
10BE
100
AcDbEntity
  8
$Слои конструкции
 62
     5
440
 16777216
370
    13
100
AcDbBlockReference
  2
_Oblique
 10
10972.85383003187
 20
15505.5320547675
 30
0.0
 41
75.0
 42
75.0
 43
75.0
 50
180.0
  0
INSERT
  5
14A0
330
10BE
100
AcDbEntity
  8
$Слои конструкции
 62
     5
440
 16777216
370
    13
100
AcDbBlockReference
  2
_Oblique
 10
11172.8573399026
 20
15505.5320547675
 30
0.0
 41
75.0
 42
75.0
 43
75.0
  0
MTEXT
  5
14A1
330
10BE
100
AcDbEntity
  8
$Слои конструкции
 62
     5
440
 16777216
100
AcDbMText
 10
11408.35416442954
 20
15593.0320547675
 30
0.0
 40
125.0
 41
0.0
 46
0.0
 71
     5
 72
     1
  1
\A1;200
  7
@ТРАНСПРОЕКТ
 73
     1
 44
1.0
  0
POINT
  5
14A2
330
10BE
100
AcDbEntity
  8
Defpoints
 62
     0
440
 16777216
100
AcDbPoint
 10
10972.85383003187
 20
15159.65274705635
 30
0.0
  0
POINT
  5
14A3
330
10BE
100
AcDbEntity
  8
Defpoints
 62
     0
440
 16777216
100
AcDbPoint
 10
11172.8573399026
 20
14786.33586322821
 30
0.0
  0
POINT
  5
14A4
330
10BE
100
AcDbEntity
  8
Defpoints
 62
     0
440
 16777216
100
AcDbPoint
 10
11172.8573399026
 20
15505.5320547675
 30
0.0
  0
ENDBLK
  5
10C0
330
10BE
100
AcDbEntity
  8
0
100
AcDbBlockEnd
  0
BLOCK
  5
10CC
330
10CB
100
AcDbEntity
  8
0
100
AcDbBlockBegin
  2
*D168
 70
     1
 10
0.0
 20
0.0
 30
0.0
  3
*D168
  1

  0
LINE
  5
14A5
330
10CB
100
AcDbEntity
  8
$Слои конструкции
  6
Continuous
 62
     5
440
 16777216
370
    13
100
AcDbLine
 10
1672.776016197453
 20
14788.67751787663
 30
0.0
 11
1672.776016197453
 21
15798.81347872691
 31
0.0
  0
LINE
  5
14A6
330
10CB
100
AcDbEntity
  8
$Слои конструкции
  6
Continuous
 62
     5
440
 16777216
370
    13
100
AcDbLine
 10
11172.8573399026
 20
14836.33586322821
 30
0.0
 11
11172.8573399026
 21
15798.81347872691
 31
0.0
  0
LINE
  5
14A7
330
10CB
100
AcDbEntity
  8
$Слои конструкции
  6
Continuous
 62
     5
440
 16777216
370
    13
100
AcDbLine
 10
1672.776016197453
 20
15763.81347872691
 30
0.0
 11
11172.8573399026
 21
15763.81347872691
 31
0.0
  0
INSERT
  5
14A8
330
10CB
100
AcDbEntity
  8
$Слои конструкции
 62
     5
440
 16777216
370
    13
100
AcDbBlockReference
  2
_Oblique
 10
1672.776016197453
 20
15763.81347872691
 30
0.0
 41
75.0
 42
75.0
 43
75.0
 50
180.0
  0
INSERT
  5
14A9
330
10CB
100
AcDbEntity
  8
$Слои конструкции
 62
     5
440
 16777216
370
    13
100
AcDbBlockReference
  2
_Oblique
 10
11172.8573399026
 20
15763.81347872691
 30
0.0
 41
75.0
 42
75.0
 43
75.0
  0
MTEXT
  5
14AA
330
10CB
100
AcDbEntity
  8
$Слои конструкции
 62
     5
440
 16777216
100
AcDbMText
 10
6422.816678050027
 20
15851.31347872691
 30
0.0
 40
125.0
 41
0.0
 46
0.0
 71
     5
 72
     1
  1
\A1;9500
  7
@ТРАНСПРОЕКТ
 73
     1
 44
1.0
  0
POINT
  5
14AB
330
10CB
100
AcDbEntity
  8
Defpoints
 62
     0
440
 16777216
100
AcDbPoint
 10
1672.776016197453
 20
14738.67751787663
 30
0.0
  0
POINT
  5
14AC
330
10CB
100
AcDbEntity
  8
Defpoints
 62
     0
440
 16777216
100
AcDbPoint
 10
11172.8573399026
 20
14786.33586322821
 30
0.0
  0
POINT
  5
14AD
330
10CB
100
AcDbEntity
  8
Defpoints
 62
     0
440
 16777216
100
AcDbPoint
 10
11172.8573399026
 20
15763.81347872691
 30
0.0
  0
ENDBLK
  5
10CD
330
10CB
100
AcDbEntity
  8
0
100
AcDbBlockEnd
  0
BLOCK
  5
10D8
330
10D7
100
AcDbEntity
  8
0
100
AcDbBlockBegin
  2
*D169
 70
     1
 10
0.0
 20
0.0
 30
0.0
  3
*D169
  1

  0
LINE
  5
14AE
330
10D7
100
AcDbEntity
  8
$Слои конструкции
  6
Continuous
 62
     5
440
 16777216
370
    13
100
AcDbLine
 10
2672.776016197453
 20
14068.37240630437
 30
0.0
 11
2672.776016197453
 21
13744.65039447045
 31
0.0
  0
LINE
  5
14AF
330
10D7
100
AcDbEntity
  8
$Слои конструкции
  6
Continuous
 62
     5
440
 16777216
370
    13
100
AcDbLine
 10
2972.772266280191
 20
14368.37240630437
 30
0.0
 11
2972.772266280191
 21
13744.65039447045
 31
0.0
  0
LINE
  5
14B0
330
10D7
100
AcDbEntity
  8
$Слои конструкции
  6
Continuous
 62
     5
440
 16777216
370
    13
100
AcDbLine
 10
2672.776016197453
 20
13779.65039447045
 30
0.0
 11
2972.772266280191
 21
13779.65039447045
 31
0.0
  0
LINE
  5
14B1
330
10D7
100
AcDbEntity
  8
$Слои конструкции
  6
Continuous
 62
     5
440
 16777216
370
    13
100
AcDbLine
 10
2972.772266280191
 20
13779.65039447045
 30
0.0
 11
3368.765915334082
 21
13779.65039447045
 31
0.0
  0
INSERT
  5
14B2
330
10D7
100
AcDbEntity
  8
$Слои конструкции
 62
     5
440
 16777216
370
    13
100
AcDbBlockReference
  2
_Oblique
 10
2672.776016197453
 20
13779.65039447045
 30
0.0
 41
75.0
 42
75.0
 43
75.0
 50
180.0
  0
INSERT
  5
14B3
330
10D7
100
AcDbEntity
  8
$Слои конструкции
 62
     5
440
 16777216
370
    13
100
AcDbBlockReference
  2
_Oblique
 10
2972.772266280191
 20
13779.65039447045
 30
0.0
 41
75.0
 42
75.0
 43
75.0
  0
MTEXT
  5
14B4
330
10D7
100
AcDbEntity
  8
$Слои конструкции
 62
     5
440
 16777216
100
AcDbMText
 10
3208.269090807137
 20
13867.15039447045
 30
0.0
 40
125.0
 41
0.0
 46
0.0
 71
     5
 72
     1
  1
\A1;300
  7
@ТРАНСПРОЕКТ
 73
     1
 44
1.0
  0
POINT
  5
14B5
330
10D7
100
AcDbEntity
  8
Defpoints
 62
     0
440
 16777216
100
AcDbPoint
 10
2672.776016197453
 20
14118.37240630437
 30
0.0
  0
POINT
  5
14B6
330
10D7
100
AcDbEntity
  8
Defpoints
 62
     0
440
 16777216
100
AcDbPoint
 10
2972.772266280191
 20
14418.37240630437
 30
0.0
  0
POINT
  5
14B7
330
10D7
100
AcDbEntity
  8
Defpoints
 62
     0
440
 16777216
100
AcDbPoint
 10
2972.772266280191
 20
13779.65039447045
 30
0.0
  0
ENDBLK
  5
10D9
330
10D7
100
AcDbEntity
  8
0
100
AcDbBlockEnd
  0
BLOCK
  5
10E5
330
10E4
100
AcDbEntity
  8
0
100
AcDbBlockBegin
  2
*D170
 70
     1
 10
0.0
 20
0.0
 30
0.0
  3
*D170
  1

  0
LINE
  5
14B8
330
10E4
100
AcDbEntity
  8
$Слои конструкции
  6
Continuous
 62
     5
440
 16777216
370
    13
100
AcDbLine
 10
11022.85008011415
 20
14386.29319884223
 30
0.0
 11
11457.422225477
 21
14386.29319884223
 31
0.0
  0
LINE
  5
14B9
330
10E4
100
AcDbEntity
  8
$Слои конструкции
  6
Continuous
 62
     5
440
 16777216
370
    13
100
AcDbLine
 10
11022.89273694931
 20
14152.87275627572
 30
0.0
 11
11457.422225477
 21
14152.87275627572
 31
0.0
  0
LINE
  5
14BA
330
10E4
100
AcDbEntity
  8
$Слои конструкции
  6
Continuous
 62
     5
440
 16777216
370
    13
100
AcDbLine
 10
11422.422225477
 20
14386.29319884223
 30
0.0
 11
11422.422225477
 21
14152.87275627572
 31
0.0
  0
LINE
  5
14BB
330
10E4
100
AcDbEntity
  8
$Слои конструкции
  6
Continuous
 62
     5
440
 16777216
370
    13
100
AcDbLine
 10
11422.422225477
 20
14152.87275627572
 30
0.0
 11
11422.422225477
 21
13756.87910722183
 31
0.0
  0
INSERT
  5
14BC
330
10E4
100
AcDbEntity
  8
$Слои конструкции
 62
     5
440
 16777216
370
    13
100
AcDbBlockReference
  2
_Oblique
 10
11422.422225477
 20
14386.29319884223
 30
0.0
 41
75.0
 42
75.0
 43
75.0
 50
90.0
  0
INSERT
  5
14BD
330
10E4
100
AcDbEntity
  8
$Слои конструкции
 62
     5
440
 16777216
370
    13
100
AcDbBlockReference
  2
_Oblique
 10
11422.422225477
 20
14152.87275627572
 30
0.0
 41
75.0
 42
75.0
 43
75.0
 50
270.0
  0
MTEXT
  5
14BE
330
10E4
100
AcDbEntity
  8
$Слои конструкции
 62
     5
440
 16777216
100
AcDbMText
 10
11334.922225477
 20
13917.37593174877
 30
0.0
 40
125.0
 41
0.0
 46
0.0
 71
     5
 72
     1
  1
\A1;233
  7
@ТРАНСПРОЕКТ
 11
0.0000000000000001
 21
1.0
 31
0.0
 73
     1
 44
1.0
  0
POINT
  5
14BF
330
10E4
100
AcDbEntity
  8
Defpoints
 62
     0
440
 16777216
100
AcDbPoint
 10
10972.85008011414
 20
14386.29319884223
 30
0.0
  0
POINT
  5
14C0
330
10E4
100
AcDbEntity
  8
Defpoints
 62
     0
440
 16777216
100
AcDbPoint
 10
10972.89273694931
 20
14152.87275627572
 30
0.0
  0
POINT
  5
14C1
330
10E4
100
AcDbEntity
  8
Defpoints
 62
     0
440
 16777216
100
AcDbPoint
 10
11422.422225477
 20
14152.87275627572
 30
0.0
  0
ENDBLK
  5
10E6
330
10E4
100
AcDbEntity
  8
0
100
AcDbBlockEnd
  0
BLOCK
  5
10F2
330
10F1
100
AcDbEntity
  8
0
100
AcDbBlockBegin
  2
*D171
 70
     1
 10
0.0
 20
0.0
 30
0.0
  3
*D171
  1

  0
LINE
  5
14C2
330
10F1
100
AcDbEntity
  8
$Слои конструкции
  6
Continuous
 62
     5
440
 16777216
370
    13
100
AcDbLine
 10
11222.85008011415
 20
14586.32860215465
 30
0.0
 11
11457.422225477
 21
14586.32860215465
 31
0.0
  0
LINE
  5
14C3
330
10F1
100
AcDbEntity
  8
$Слои конструкции
  6
Continuous
 62
     5
440
 16777216
370
    13
100
AcDbLine
 10
11022.85008011415
 20
14386.29319884223
 30
0.0
 11
11457.422225477
 21
14386.29319884223
 31
0.0
  0
LINE
  5
14C4
330
10F1
100
AcDbEntity
  8
$Слои конструкции
  6
Continuous
 62
     5
440
 16777216
370
    13
100
AcDbLine
 10
11422.422225477
 20
14586.32860215465
 30
0.0
 11
11422.422225477
 21
14386.29319884223
 31
0.0
  0
LINE
  5
14C5
330
10F1
100
AcDbEntity
  8
$Слои конструкции
  6
Continuous
 62
     5
440
 16777216
370
    13
100
AcDbLine
 10
11422.422225477
 20
14486.31090049844
 30
0.0
 11
11676.13512781616
 21
14485.82661092912
 31
0.0
  0
LINE
  5
14C6
330
10F1
100
AcDbEntity
  8
$Слои конструкции
  6
Continuous
 62
     5
440
 16777216
370
    13
100
AcDbLine
 10
11676.13512781616
 20
14485.82661092912
 30
0.0
 11
11676.13512781616
 21
14164.83296187523
 31
0.0
  0
MTEXT
  5
14C7
330
10F1
100
AcDbEntity
  8
$Слои конструкции
 62
     5
440
 16777216
100
AcDbMText
 10
11588.63512781617
 20
14325.32978640217
 30
0.0
 40
125.0
 41
0.0
 46
0.0
 71
     5
 72
     1
  1
\A1;200
  7
@ТРАНСПРОЕКТ
 11
0.0000000000000001
 21
1.0
 31
0.0
 73
     1
 44
1.0
  0
INSERT
  5
14C8
330
10F1
100
AcDbEntity
  8
$Слои конструкции
 62
     5
440
 16777216
370
    13
100
AcDbBlockReference
  2
_Oblique
 10
11422.422225477
 20
14586.32860215465
 30
0.0
 41
75.0
 42
75.0
 43
75.0
 50
90.0
  0
INSERT
  5
14C9
330
10F1
100
AcDbEntity
  8
$Слои конструкции
 62
     5
440
 16777216
370
    13
100
AcDbBlockReference
  2
_Oblique
 10
11422.422225477
 20
14386.29319884223
 30
0.0
 41
75.0
 42
75.0
 43
75.0
 50
270.0
  0
POINT
  5
14CA
330
10F1
100
AcDbEntity
  8
Defpoints
 62
     0
440
 16777216
100
AcDbPoint
 10
11172.85008011414
 20
14586.32860215465
 30
0.0
  0
POINT
  5
14CB
330
10F1
100
AcDbEntity
  8
Defpoints
 62
     0
440
 16777216
100
AcDbPoint
 10
10972.85008011414
 20
14386.29319884223
 30
0.0
  0
POINT
  5
14CC
330
10F1
100
AcDbEntity
  8
Defpoints
 62
     0
440
 16777216
100
AcDbPoint
 10
11422.422225477
 20
14386.29319884223
 30
0.0
  0
ENDBLK
  5
10F3
330
10F1
100
AcDbEntity
  8
0
100
AcDbBlockEnd
  0
BLOCK
  5
1100
330
10FF
100
AcDbEntity
  8
0
100
AcDbBlockBegin
  2
*D172
 70
     1
 10
0.0
 20
0.0
 30
0.0
  3
*D172
  1

  0
LINE
  5
14CD
330
10FF
100
AcDbEntity
  8
$Слои конструкции
  6
Continuous
 62
     5
440
 16777216
370
    13
100
AcDbLine
 10
11222.85008011415
 20
14586.32860215465
 30
0.0
 11
11457.42222547699
 21
14586.32860215465
 31
0.0
  0
LINE
  5
14CE
330
10FF
100
AcDbEntity
  8
$Слои конструкции
  6
Continuous
 62
     5
440
 16777216
370
    13
100
AcDbLine
 10
11222.8573399026
 20
14786.33586322822
 30
0.0
 11
11457.42222547699
 21
14786.33586322822
 31
0.0
  0
LINE
  5
14CF
330
10FF
100
AcDbEntity
  8
$Слои конструкции
  6
Continuous
 62
     5
440
 16777216
370
    13
100
AcDbLine
 10
11422.42222547699
 20
14586.32860215465
 30
0.0
 11
11422.42222547699
 21
14786.33586322822
 31
0.0
  0
INSERT
  5
14D0
330
10FF
100
AcDbEntity
  8
$Слои конструкции
 62
     5
440
 16777216
370
    13
100
AcDbBlockReference
  2
_Oblique
 10
11422.42222547699
 20
14586.32860215465
 30
0.0
 41
75.0
 42
75.0
 43
75.0
 50
270.0
  0
INSERT
  5
14D1
330
10FF
100
AcDbEntity
  8
$Слои конструкции
 62
     5
440
 16777216
370
    13
100
AcDbBlockReference
  2
_Oblique
 10
11422.42222547699
 20
14786.33586322822
 30
0.0
 41
75.0
 42
75.0
 43
75.0
 50
90.0
  0
MTEXT
  5
14D2
330
10FF
100
AcDbEntity
  8
$Слои конструкции
 62
     5
440
 16777216
100
AcDbMText
 10
11334.92222547699
 20
14686.33223269143
 30
0.0
 40
125.0
 41
0.0
 46
0.0
 71
     5
 72
     1
  1
\A1;200
  7
@ТРАНСПРОЕКТ
 11
0.0000000000000001
 21
1.0
 31
0.0
 73
     1
 44
1.0
  0
POINT
  5
14D3
330
10FF
100
AcDbEntity
  8
Defpoints
 62
     0
440
 16777216
100
AcDbPoint
 10
11172.85008011414
 20
14586.32860215465
 30
0.0
  0
POINT
  5
14D4
330
10FF
100
AcDbEntity
  8
Defpoints
 62
     0
440
 16777216
100
AcDbPoint
 10
11172.8573399026
 20
14786.33586322822
 30
0.0
  0
POINT
  5
14D5
330
10FF
100
AcDbEntity
  8
Defpoints
 62
     0
440
 16777216
100
AcDbPoint
 10
11422.42222547699
 20
14786.33586322822
 30
0.0
  0
ENDBLK
  5
1101
330
10FF
100
AcDbEntity
  8
0
100
AcDbBlockEnd
  0
BLOCK
  5
110C
330
110B
100
AcDbEntity
  8
0
100
AcDbBlockBegin
  2
*D173
 70
     1
 10
0.0
 20
0.0
 30
0.0
  3
*D173
  1

  0
LINE
  5
14D6
330
110B
100
AcDbEntity
  8
$Слои конструкции
  6
Continuous
 62
     5
440
 16777216
370
    13
100
AcDbLine
 10
11222.8573399026
 20
14786.33586322822
 30
0.0
 11
11457.422225477
 21
14786.33586322822
 31
0.0
  0
LINE
  5
14D7
330
110B
100
AcDbEntity
  8
$Слои конструкции
  6
Continuous
 62
     5
440
 16777216
370
    13
100
AcDbLine
 10
11022.8573231658
 20
14795.33589849729
 30
0.0
 11
11457.422225477
 21
14795.33589849729
 31
0.0
  0
LINE
  5
14D8
330
110B
100
AcDbEntity
  8
$Слои конструкции
  6
Continuous
 62
     5
440
 16777216
370
    13
100
AcDbLine
 10
11422.422225477
 20
14786.33586322822
 30
0.0
 11
11422.422225477
 21
14711.33586322822
 31
0.0
  0
LINE
  5
14D9
330
110B
100
AcDbEntity
  8
$Слои конструкции
  6
Continuous
 62
     5
440
 16777216
370
    13
100
AcDbLine
 10
11422.422225477
 20
14795.33589849729
 30
0.0
 11
11422.422225477
 21
14870.33589849729
 31
0.0
  0
LINE
  5
14DA
330
110B
100
AcDbEntity
  8
$Слои конструкции
  6
Continuous
 62
     5
440
 16777216
370
    13
100
AcDbLine
 10
11422.422225477
 20
14790.83588086275
 30
0.0
 11
11676.13512781616
 21
14790.90784095673
 31
0.0
  0
LINE
  5
14DB
330
110B
100
AcDbEntity
  8
$Слои конструкции
  6
Continuous
 62
     5
440
 16777216
370
    13
100
AcDbLine
 10
11676.13512781616
 20
14790.90784095673
 30
0.0
 11
11676.13512781616
 21
14644.91419190284
 31
0.0
  0
MTEXT
  5
14DC
330
110B
100
AcDbEntity
  8
$Слои конструкции
 62
     5
440
 16777216
100
AcDbMText
 10
11588.63512781617
 20
14717.91101642978
 30
0.0
 40
125.0
 41
0.0
 46
0.0
 71
     5
 72
     1
  1
\A1;9
  7
@ТРАНСПРОЕКТ
 11
0.0000000000000001
 21
1.0
 31
0.0
 73
     1
 44
1.0
  0
LINE
  5
14DD
330
110B
100
AcDbEntity
  8
$Слои конструкции
  6
Continuous
 62
     5
440
 16777216
370
    13
100
AcDbLine
 10
11422.422225477
 20
14786.33586322822
 30
0.0
 11
11422.422225477
 21
14795.33589849729
 31
0.0
  0
INSERT
  5
14DE
330
110B
100
AcDbEntity
  8
$Слои конструкции
 62
     5
440
 16777216
370
    13
100
AcDbBlockReference
  2
_Oblique
 10
11422.422225477
 20
14786.33586322822
 30
0.0
 41
75.0
 42
75.0
 43
75.0
 50
90.0
  0
INSERT
  5
14DF
330
110B
100
AcDbEntity
  8
$Слои конструкции
 62
     5
440
 16777216
370
    13
100
AcDbBlockReference
  2
_Oblique
 10
11422.422225477
 20
14795.33589849729
 30
0.0
 41
75.0
 42
75.0
 43
75.0
 50
270.0
  0
POINT
  5
14E0
330
110B
100
AcDbEntity
  8
Defpoints
 62
     0
440
 16777216
100
AcDbPoint
 10
11172.8573399026
 20
14786.33586322822
 30
0.0
  0
POINT
  5
14E1
330
110B
100
AcDbEntity
  8
Defpoints
 62
     0
440
 16777216
100
AcDbPoint
 10
10972.8573231658
 20
14795.33589849729
 30
0.0
  0
POINT
  5
14E2
330
110B
100
AcDbEntity
  8
Defpoints
 62
     0
440
 16777216
100
AcDbPoint
 10
11422.422225477
 20
14795.33589849729
 30
0.0
  0
ENDBLK
  5
110D
330
110B
100
AcDbEntity
  8
0
100
AcDbBlockEnd
  0
BLOCK
  5
111C
330
111B
100
AcDbEntity
  8
0
100
AcDbBlockBegin
  2
*D174
 70
     1
 10
0.0
 20
0.0
 30
0.0
  3
*D174
  1

  0
LINE
  5
14E3
330
111B
100
AcDbEntity
  8
$Слои конструкции
  6
Continuous
 62
     5
440
 16777216
370
    13
100
AcDbLine
 10
11022.85383003187
 20
15159.65274705636
 30
0.0
 11
11457.422225477
 21
15159.65274705636
 31
0.0
  0
LINE
  5
14E4
330
111B
100
AcDbEntity
  8
$Слои конструкции
  6
Continuous
 62
     5
440
 16777216
370
    13
100
AcDbLine
 10
11022.8573231658
 20
14795.33589849729
 30
0.0
 11
11457.422225477
 21
14795.33589849729
 31
0.0
  0
LINE
  5
14E5
330
111B
100
AcDbEntity
  8
$Слои конструкции
  6
Continuous
 62
     5
440
 16777216
370
    13
100
AcDbLine
 10
11422.422225477
 20
15159.65274705636
 30
0.0
 11
11422.422225477
 21
14795.33589849729
 31
0.0
  0
INSERT
  5
14E6
330
111B
100
AcDbEntity
  8
$Слои конструкции
 62
     5
440
 16777216
370
    13
100
AcDbBlockReference
  2
_Oblique
 10
11422.422225477
 20
15159.65274705636
 30
0.0
 41
75.0
 42
75.0
 43
75.0
 50
90.0
  0
INSERT
  5
14E7
330
111B
100
AcDbEntity
  8
$Слои конструкции
 62
     5
440
 16777216
370
    13
100
AcDbBlockReference
  2
_Oblique
 10
11422.422225477
 20
14795.33589849729
 30
0.0
 41
75.0
 42
75.0
 43
75.0
 50
270.0
  0
MTEXT
  5
14E8
330
111B
100
AcDbEntity
  8
$Слои конструкции
 62
     5
440
 16777216
100
AcDbMText
 10
11334.922225477
 20
14977.49432277682
 30
0.0
 40
125.0
 41
0.0
 46
0.0
 71
     5
 72
     1
  1
\A1;364
  7
@ТРАНСПРОЕКТ
 11
0.0000000000000001
 21
1.0
 31
0.0
 73
     1
 44
1.0
  0
POINT
  5
14E9
330
111B
100
AcDbEntity
  8
Defpoints
 62
     0
440
 16777216
100
AcDbPoint
 10
10972.85383003187
 20
15159.65274705636
 30
0.0
  0
POINT
  5
14EA
330
111B
100
AcDbEntity
  8
Defpoints
 62
     0
440
 16777216
100
AcDbPoint
 10
10972.8573231658
 20
14795.33589849729
 30
0.0
  0
POINT
  5
14EB
330
111B
100
AcDbEntity
  8
Defpoints
 62
     0
440
 16777216
100
AcDbPoint
 10
11422.422225477
 20
14795.33589849729
 30
0.0
  0
ENDBLK
  5
111D
330
111B
100
AcDbEntity
  8
0
100
AcDbBlockEnd
  0
BLOCK
  5
1128
330
1127
100
AcDbEntity
  8
0
100
AcDbBlockBegin
  2
*D175
 70
     1
 10
0.0
 20
0.0
 30
0.0
  3
*D175
  1

  0
LINE
  5
14EC
330
1127
100
AcDbEntity
  8
$Слои конструкции
  6
Continuous
 62
     5
440
 16777216
370
    13
100
AcDbLine
 10
10172.81492311489
 20
14102.87275627572
 30
0.0
 11
10172.81492311489
 21
13744.65039447045
 31
0.0
  0
LINE
  5
14ED
330
1127
100
AcDbEntity
  8
$Слои конструкции
  6
Continuous
 62
     5
440
 16777216
370
    13
100
AcDbLine
 10
9872.853830031871
 20
14402.90715905444
 30
0.0
 11
9872.853830031871
 21
13744.65039447045
 31
0.0
  0
LINE
  5
14EE
330
1127
100
AcDbEntity
  8
$Слои конструкции
  6
Continuous
 62
     5
440
 16777216
370
    13
100
AcDbLine
 10
10172.81492311489
 20
13779.65039447045
 30
0.0
 11
9872.853830031871
 21
13779.65039447045
 31
0.0
  0
LINE
  5
14EF
330
1127
100
AcDbEntity
  8
$Слои конструкции
  6
Continuous
 62
     5
440
 16777216
370
    13
100
AcDbLine
 10
9872.853830031871
 20
13779.65039447045
 30
0.0
 11
9476.860180977979
 21
13779.65039447045
 31
0.0
  0
INSERT
  5
14F0
330
1127
100
AcDbEntity
  8
$Слои конструкции
 62
     5
440
 16777216
370
    13
100
AcDbBlockReference
  2
_Oblique
 10
10172.81492311489
 20
13779.65039447045
 30
0.0
 41
75.0
 42
75.0
 43
75.0
  0
INSERT
  5
14F1
330
1127
100
AcDbEntity
  8
$Слои конструкции
 62
     5
440
 16777216
370
    13
100
AcDbBlockReference
  2
_Oblique
 10
9872.853830031871
 20
13779.65039447045
 30
0.0
 41
75.0
 42
75.0
 43
75.0
 50
180.0
  0
MTEXT
  5
14F2
330
1127
100
AcDbEntity
  8
$Слои конструкции
 62
     5
440
 16777216
100
AcDbMText
 10
9637.357005504926
 20
13867.15039447045
 30
0.0
 40
125.0
 41
0.0
 46
0.0
 71
     5
 72
     1
  1
\A1;300
  7
@ТРАНСПРОЕКТ
 73
     1
 44
1.0
  0
POINT
  5
14F3
330
1127
100
AcDbEntity
  8
Defpoints
 62
     0
440
 16777216
100
AcDbPoint
 10
10172.81492311489
 20
14152.87275627572
 30
0.0
  0
POINT
  5
14F4
330
1127
100
AcDbEntity
  8
Defpoints
 62
     0
440
 16777216
100
AcDbPoint
 10
9872.853830031871
 20
14452.90715905444
 30
0.0
  0
POINT
  5
14F5
330
1127
100
AcDbEntity
  8
Defpoints
 62
     0
440
 16777216
100
AcDbPoint
 10
9872.853830031871
 20
13779.65039447045
 30
0.0
  0
ENDBLK
  5
1129
330
1127
100
AcDbEntity
  8
0
100
AcDbBlockEnd
  0
BLOCK
  5
1135
330
1134
100
AcDbEntity
  8
0
100
AcDbBlockBegin
  2
*D176
 70
     1
 10
0.0
 20
0.0
 30
0.0
  3
*D176
  1

  0
LINE
  5
14F6
330
1134
100
AcDbEntity
  8
$Слои конструкции
  6
Continuous
 62
     5
440
 16777216
370
    13
100
AcDbLine
 10
9822.853830031874
 20
14452.90715905445
 30
0.0
 11
9185.423415947999
 21
14452.90715905445
 31
0.0
  0
LINE
  5
14F7
330
1134
100
AcDbEntity
  8
$Слои конструкции
  6
Continuous
 62
     5
440
 16777216
370
    13
100
AcDbLine
 10
10122.8149231149
 20
14152.87275627572
 30
0.0
 11
9185.423415947999
 21
14152.87275627572
 31
0.0
  0
LINE
  5
14F8
330
1134
100
AcDbEntity
  8
$Слои конструкции
  6
Continuous
 62
     5
440
 16777216
370
    13
100
AcDbLine
 10
9220.423415947998
 20
14452.90715905445
 30
0.0
 11
9220.423415947998
 21
14152.87275627572
 31
0.0
  0
LINE
  5
14F9
330
1134
100
AcDbEntity
  8
$Слои конструкции
  6
Continuous
 62
     5
440
 16777216
370
    13
100
AcDbLine
 10
9220.423415947998
 20
14152.87275627572
 30
0.0
 11
9220.423415947998
 21
13756.87910722183
 31
0.0
  0
INSERT
  5
14FA
330
1134
100
AcDbEntity
  8
$Слои конструкции
 62
     5
440
 16777216
370
    13
100
AcDbBlockReference
  2
_Oblique
 10
9220.423415947998
 20
14452.90715905445
 30
0.0
 41
75.0
 42
75.0
 43
75.0
 50
90.0
  0
INSERT
  5
14FB
330
1134
100
AcDbEntity
  8
$Слои конструкции
 62
     5
440
 16777216
370
    13
100
AcDbBlockReference
  2
_Oblique
 10
9220.423415947998
 20
14152.87275627572
 30
0.0
 41
75.0
 42
75.0
 43
75.0
 50
270.0
  0
MTEXT
  5
14FC
330
1134
100
AcDbEntity
  8
$Слои конструкции
 62
     5
440
 16777216
100
AcDbMText
 10
9132.923415948001
 20
13917.37593174877
 30
0.0
 40
125.0
 41
0.0
 46
0.0
 71
     5
 72
     1
  1
\A1;300
  7
@ТРАНСПРОЕКТ
 11
0.0000000000000001
 21
1.0
 31
0.0
 73
     1
 44
1.0
  0
POINT
  5
14FD
330
1134
100
AcDbEntity
  8
Defpoints
 62
     0
440
 16777216
100
AcDbPoint
 10
9872.853830031875
 20
14452.90715905445
 30
0.0
  0
POINT
  5
14FE
330
1134
100
AcDbEntity
  8
Defpoints
 62
     0
440
 16777216
100
AcDbPoint
 10
10172.8149231149
 20
14152.87275627572
 30
0.0
  0
POINT
  5
14FF
330
1134
100
AcDbEntity
  8
Defpoints
 62
     0
440
 16777216
100
AcDbPoint
 10
9220.423415947998
 20
14152.87275627572
 30
0.0
  0
ENDBLK
  5
1136
330
1134
100
AcDbEntity
  8
0
100
AcDbBlockEnd
  0
BLOCK
  5
1142
330
1141
100
AcDbEntity
  8
0
100
AcDbBlockBegin
  2
*D177
 70
     1
 10
0.0
 20
0.0
 30
0.0
  3
*D177
  1

  0
LINE
  5
1500
330
1141
100
AcDbEntity
  8
$Размеры
  6
Continuous
440
 16777216
370
    13
100
AcDbLine
 10
15485.87815433304
 20
19522.37240630438
 30
0.0
 11
15311.17007301964
 21
19522.37240630438
 31
0.0
  0
LINE
  5
1501
330
1141
100
AcDbEntity
  8
$Размеры
  6
Continuous
440
 16777216
370
    13
100
AcDbLine
 10
15485.87815433304
 20
18862.37240630437
 30
0.0
 11
15311.17007301964
 21
18862.37240630437
 31
0.0
  0
LINE
  5
1502
330
1141
100
AcDbEntity
  8
$Размеры
  6
Continuous
440
 16777216
370
    13
100
AcDbLine
 10
15328.67007301964
 20
19522.37240630438
 30
0.0
 11
15328.67007301964
 21
18862.37240630437
 31
0.0
  0
INSERT
  5
1503
330
1141
100
AcDbEntity
  8
$Размеры
440
 16777216
370
    13
100
AcDbBlockReference
  2
_Oblique
 10
15328.67007301964
 20
19522.37240630438
 30
0.0
 41
37.5
 42
37.5
 43
37.5
 50
90.0
  0
INSERT
  5
1504
330
1141
100
AcDbEntity
  8
$Размеры
440
 16777216
370
    13
100
AcDbBlockReference
  2
_Oblique
 10
15328.67007301964
 20
18862.37240630437
 30
0.0
 41
37.5
 42
37.5
 43
37.5
 50
270.0
  0
MTEXT
  5
1505
330
1141
100
AcDbEntity
  8
$Размеры
440
 16777216
100
AcDbMText
 10
15284.92007301964
 20
19192.37240630437
 30
0.0
 40
62.5
 41
0.0
 46
0.0
 71
     5
 72
     1
  1
\A1;660
  7
@ТРАНСПРОЕКТ
 11
0.0000000000000001
 21
1.0
 31
0.0
 73
     1
 44
1.0
  0
POINT
  5
1506
330
1141
100
AcDbEntity
  8
Defpoints
 62
     0
440
 16777216
100
AcDbPoint
 10
15510.87815433304
 20
19522.37240630438
 30
0.0
  0
POINT
  5
1507
330
1141
100
AcDbEntity
  8
Defpoints
 62
     0
440
 16777216
100
AcDbPoint
 10
15510.87815433304
 20
18862.37240630437
 30
0.0
  0
POINT
  5
1508
330
1141
100
AcDbEntity
  8
Defpoints
 62
     0
440
 16777216
100
AcDbPoint
 10
15328.67007301964
 20
18862.37240630437
 30
0.0
  0
ENDBLK
  5
1143
330
1141
100
AcDbEntity
  8
0
100
AcDbBlockEnd
  0
BLOCK
  5
114E
330
114D
100
AcDbEntity
  8
0
100
AcDbBlockBegin
  2
*D178
 70
     1
 10
0.0
 20
0.0
 30
0.0
  3
*D178
  1

  0
LINE
  5
1509
330
114D
100
AcDbEntity
  8
$Размеры
  6
Continuous
440
 16777216
370
    13
100
AcDbLine
 10
15485.87815433304
 20
19522.37240630438
 30
0.0
 11
15311.17007301964
 21
19522.37240630438
 31
0.0
  0
LINE
  5
150A
330
114D
100
AcDbEntity
  8
$Размеры
  6
Continuous
440
 16777216
370
    13
100
AcDbLine
 10
15510.87815433304
 20
19547.37240630437
 30
0.0
 11
15311.17007301964
 21
19547.37240630437
 31
0.0
  0
LINE
  5
150B
330
114D
100
AcDbEntity
  8
$Размеры
  6
Continuous
440
 16777216
370
    13
100
AcDbLine
 10
15328.67007301964
 20
19522.37240630438
 30
0.0
 11
15328.67007301964
 21
19547.37240630437
 31
0.0
  0
LINE
  5
150C
330
114D
100
AcDbEntity
  8
$Размеры
  6
Continuous
440
 16777216
370
    13
100
AcDbLine
 10
15328.67007301964
 20
19547.37240630437
 30
0.0
 11
15328.67007301964
 21
19701.61923083132
 31
0.0
  0
INSERT
  5
150D
330
114D
100
AcDbEntity
  8
$Размеры
440
 16777216
370
    13
100
AcDbBlockReference
  2
_Oblique
 10
15328.67007301964
 20
19522.37240630438
 30
0.0
 41
37.5
 42
37.5
 43
37.5
 50
270.0
  0
INSERT
  5
150E
330
114D
100
AcDbEntity
  8
$Размеры
440
 16777216
370
    13
100
AcDbBlockReference
  2
_Oblique
 10
15328.67007301964
 20
19547.37240630437
 30
0.0
 41
37.5
 42
37.5
 43
37.5
 50
90.0
  0
MTEXT
  5
150F
330
114D
100
AcDbEntity
  8
$Размеры
440
 16777216
100
AcDbMText
 10
15284.92007301964
 20
19643.24581856784
 30
0.0
 40
62.5
 41
0.0
 46
0.0
 71
     5
 72
     1
  1
\A1;25
  7
@ТРАНСПРОЕКТ
 11
0.0000000000000001
 21
1.0
 31
0.0
 73
     1
 44
1.0
  0
POINT
  5
1510
330
114D
100
AcDbEntity
  8
Defpoints
 62
     0
440
 16777216
100
AcDbPoint
 10
15510.87815433304
 20
19522.37240630438
 30
0.0
  0
POINT
  5
1511
330
114D
100
AcDbEntity
  8
Defpoints
 62
     0
440
 16777216
100
AcDbPoint
 10
15535.87815433304
 20
19547.37240630437
 30
0.0
  0
POINT
  5
1512
330
114D
100
AcDbEntity
  8
Defpoints
 62
     0
440
 16777216
100
AcDbPoint
 10
15328.67007301964
 20
19547.37240630437
 30
0.0
  0
ENDBLK
  5
114F
330
114D
100
AcDbEntity
  8
0
100
AcDbBlockEnd
  0
BLOCK
  5
115B
330
115A
100
AcDbEntity
  8
0
100
AcDbBlockBegin
  2
*D179
 70
     1
 10
0.0
 20
0.0
 30
0.0
  3
*D179
  1

  0
LINE
  5
1513
330
115A
100
AcDbEntity
  8
$Размеры
  6
Continuous
440
 16777216
370
    13
100
AcDbLine
 10
15535.87815433303
 20
19572.37240630437
 30
0.0
 11
15535.87815433303
 21
19766.11779547555
 31
0.0
  0
LINE
  5
1514
330
115A
100
AcDbEntity
  8
$Размеры
  6
Continuous
440
 16777216
370
    13
100
AcDbLine
 10
15510.87815433303
 20
19547.37240630437
 30
0.0
 11
15510.87815433303
 21
19766.11779547555
 31
0.0
  0
LINE
  5
1515
330
115A
100
AcDbEntity
  8
$Размеры
  6
Continuous
440
 16777216
370
    13
100
AcDbLine
 10
15535.87815433303
 20
19748.61779547555
 30
0.0
 11
15510.87815433303
 21
19748.61779547555
 31
0.0
  0
LINE
  5
1516
330
115A
100
AcDbEntity
  8
$Размеры
  6
Continuous
440
 16777216
370
    13
100
AcDbLine
 10
15510.87815433303
 20
19748.61779547555
 30
0.0
 11
15356.63132980609
 21
19748.61779547555
 31
0.0
  0
INSERT
  5
1517
330
115A
100
AcDbEntity
  8
$Размеры
440
 16777216
370
    13
100
AcDbBlockReference
  2
_Oblique
 10
15535.87815433303
 20
19748.61779547555
 30
0.0
 41
37.5
 42
37.5
 43
37.5
  0
INSERT
  5
1518
330
115A
100
AcDbEntity
  8
$Размеры
440
 16777216
370
    13
100
AcDbBlockReference
  2
_Oblique
 10
15510.87815433303
 20
19748.61779547555
 30
0.0
 41
37.5
 42
37.5
 43
37.5
 50
180.0
  0
MTEXT
  5
1519
330
115A
100
AcDbEntity
  8
$Размеры
440
 16777216
100
AcDbMText
 10
15415.00474206956
 20
19792.36779547555
 30
0.0
 40
62.5
 41
0.0
 46
0.0
 71
     5
 72
     1
  1
\A1;25
  7
@ТРАНСПРОЕКТ
 73
     1
 44
1.0
  0
POINT
  5
151A
330
115A
100
AcDbEntity
  8
Defpoints
 62
     0
440
 16777216
100
AcDbPoint
 10
15535.87815433303
 20
19547.37240630437
 30
0.0
  0
POINT
  5
151B
330
115A
100
AcDbEntity
  8
Defpoints
 62
     0
440
 16777216
100
AcDbPoint
 10
15510.87815433303
 20
19522.37240630437
 30
0.0
  0
POINT
  5
151C
330
115A
100
AcDbEntity
  8
Defpoints
 62
     0
440
 16777216
100
AcDbPoint
 10
15510.87815433303
 20
19748.61779547555
 30
0.0
  0
ENDBLK
  5
115C
330
115A
100
AcDbEntity
  8
0
100
AcDbBlockEnd
  0
BLOCK
  5
1168
330
1167
100
AcDbEntity
  8
0
100
AcDbBlockBegin
  2
*D180
 70
     1
 10
0.0
 20
0.0
 30
0.0
  3
*D180
  1

  0
LINE
  5
151D
330
1167
100
AcDbEntity
  8
$Размеры
  6
Continuous
440
 16777216
370
    13
100
AcDbLine
 10
15535.87815433303
 20
19572.37240630437
 30
0.0
 11
15535.87815433303
 21
19766.11779547555
 31
0.0
  0
LINE
  5
151E
330
1167
100
AcDbEntity
  8
$Размеры
  6
Continuous
440
 16777216
370
    13
100
AcDbLine
 10
16035.87815433303
 20
19572.37240630437
 30
0.0
 11
16035.87815433303
 21
19766.11779547555
 31
0.0
  0
LINE
  5
151F
330
1167
100
AcDbEntity
  8
$Размеры
  6
Continuous
440
 16777216
370
    13
100
AcDbLine
 10
15535.87815433303
 20
19748.61779547555
 30
0.0
 11
16035.87815433303
 21
19748.61779547555
 31
0.0
  0
INSERT
  5
1520
330
1167
100
AcDbEntity
  8
$Размеры
440
 16777216
370
    13
100
AcDbBlockReference
  2
_Oblique
 10
15535.87815433303
 20
19748.61779547555
 30
0.0
 41
37.5
 42
37.5
 43
37.5
 50
180.0
  0
INSERT
  5
1521
330
1167
100
AcDbEntity
  8
$Размеры
440
 16777216
370
    13
100
AcDbBlockReference
  2
_Oblique
 10
16035.87815433303
 20
19748.61779547555
 30
0.0
 41
37.5
 42
37.5
 43
37.5
  0
MTEXT
  5
1522
330
1167
100
AcDbEntity
  8
$Размеры
440
 16777216
100
AcDbMText
 10
15785.87815433303
 20
19792.36779547555
 30
0.0
 40
62.5
 41
0.0
 46
0.0
 71
     5
 72
     1
  1
\A1;500
  7
@ТРАНСПРОЕКТ
 73
     1
 44
1.0
  0
POINT
  5
1523
330
1167
100
AcDbEntity
  8
Defpoints
 62
     0
440
 16777216
100
AcDbPoint
 10
15535.87815433303
 20
19547.37240630437
 30
0.0
  0
POINT
  5
1524
330
1167
100
AcDbEntity
  8
Defpoints
 62
     0
440
 16777216
100
AcDbPoint
 10
16035.87815433303
 20
19547.37240630437
 30
0.0
  0
POINT
  5
1525
330
1167
100
AcDbEntity
  8
Defpoints
 62
     0
440
 16777216
100
AcDbPoint
 10
16035.87815433303
 20
19748.61779547555
 30
0.0
  0
ENDBLK
  5
1169
330
1167
100
AcDbEntity
  8
0
100
AcDbBlockEnd
  0
BLOCK
  5
1174
330
1173
100
AcDbEntity
  8
0
100
AcDbBlockBegin
  2
*D181
 70
     1
 10
0.0
 20
0.0
 30
0.0
  3
*D181
  1

  0
LINE
  5
1526
330
1173
100
AcDbEntity
  8
$Размеры
  6
Continuous
440
 16777216
370
    13
100
AcDbLine
 10
16035.87815433303
 20
19572.37240630437
 30
0.0
 11
16035.87815433303
 21
19766.11779547555
 31
0.0
  0
LINE
  5
1527
330
1173
100
AcDbEntity
  8
$Размеры
  6
Continuous
440
 16777216
370
    13
100
AcDbLine
 10
16060.87815433303
 20
19547.37240630437
 30
0.0
 11
16060.87815433303
 21
19766.11779547555
 31
0.0
  0
LINE
  5
1528
330
1173
100
AcDbEntity
  8
$Размеры
  6
Continuous
440
 16777216
370
    13
100
AcDbLine
 10
16035.87815433303
 20
19748.61779547555
 30
0.0
 11
16060.87815433303
 21
19748.61779547555
 31
0.0
  0
LINE
  5
1529
330
1173
100
AcDbEntity
  8
$Размеры
  6
Continuous
440
 16777216
370
    13
100
AcDbLine
 10
16060.87815433303
 20
19748.61779547555
 30
0.0
 11
16215.12497885998
 21
19748.61779547555
 31
0.0
  0
INSERT
  5
152A
330
1173
100
AcDbEntity
  8
$Размеры
440
 16777216
370
    13
100
AcDbBlockReference
  2
_Oblique
 10
16035.87815433303
 20
19748.61779547555
 30
0.0
 41
37.5
 42
37.5
 43
37.5
 50
180.0
  0
INSERT
  5
152B
330
1173
100
AcDbEntity
  8
$Размеры
440
 16777216
370
    13
100
AcDbBlockReference
  2
_Oblique
 10
16060.87815433303
 20
19748.61779547555
 30
0.0
 41
37.5
 42
37.5
 43
37.5
  0
MTEXT
  5
152C
330
1173
100
AcDbEntity
  8
$Размеры
440
 16777216
100
AcDbMText
 10
16156.75156659651
 20
19792.36779547555
 30
0.0
 40
62.5
 41
0.0
 46
0.0
 71
     5
 72
     1
  1
\A1;25
  7
@ТРАНСПРОЕКТ
 73
     1
 44
1.0
  0
POINT
  5
152D
330
1173
100
AcDbEntity
  8
Defpoints
 62
     0
440
 16777216
100
AcDbPoint
 10
16035.87815433303
 20
19547.37240630437
 30
0.0
  0
POINT
  5
152E
330
1173
100
AcDbEntity
  8
Defpoints
 62
     0
440
 16777216
100
AcDbPoint
 10
16060.87815433303
 20
19522.37240630437
 30
0.0
  0
POINT
  5
152F
330
1173
100
AcDbEntity
  8
Defpoints
 62
     0
440
 16777216
100
AcDbPoint
 10
16060.87815433303
 20
19748.61779547555
 30
0.0
  0
ENDBLK
  5
1175
330
1173
100
AcDbEntity
  8
0
100
AcDbBlockEnd
  0
BLOCK
  5
1181
330
1180
100
AcDbEntity
  8
0
100
AcDbBlockBegin
  2
*D182
 70
     1
 10
0.0
 20
0.0
 30
0.0
  3
*D182
  1

  0
LINE
  5
1530
330
1180
100
AcDbEntity
  8
$Размеры
  6
Continuous
440
 16777216
370
    13
100
AcDbLine
 10
15510.87815433303
 20
19547.37240630437
 30
0.0
 11
15510.87815433303
 21
19903.39577218881
 31
0.0
  0
LINE
  5
1531
330
1180
100
AcDbEntity
  8
$Размеры
  6
Continuous
440
 16777216
370
    13
100
AcDbLine
 10
16060.87815433303
 20
19547.37240630437
 30
0.0
 11
16060.87815433303
 21
19903.39577218881
 31
0.0
  0
LINE
  5
1532
330
1180
100
AcDbEntity
  8
$Размеры
  6
Continuous
440
 16777216
370
    13
100
AcDbLine
 10
15510.87815433303
 20
19885.89577218881
 30
0.0
 11
16060.87815433303
 21
19885.89577218881
 31
0.0
  0
INSERT
  5
1533
330
1180
100
AcDbEntity
  8
$Размеры
440
 16777216
370
    13
100
AcDbBlockReference
  2
_Oblique
 10
15510.87815433303
 20
19885.89577218881
 30
0.0
 41
37.5
 42
37.5
 43
37.5
 50
180.0
  0
INSERT
  5
1534
330
1180
100
AcDbEntity
  8
$Размеры
440
 16777216
370
    13
100
AcDbBlockReference
  2
_Oblique
 10
16060.87815433303
 20
19885.89577218881
 30
0.0
 41
37.5
 42
37.5
 43
37.5
  0
MTEXT
  5
1535
330
1180
100
AcDbEntity
  8
$Размеры
440
 16777216
100
AcDbMText
 10
15785.87815433303
 20
19929.64577218881
 30
0.0
 40
62.5
 41
0.0
 46
0.0
 71
     5
 72
     1
  1
\A1;550
  7
@ТРАНСПРОЕКТ
 73
     1
 44
1.0
  0
POINT
  5
1536
330
1180
100
AcDbEntity
  8
Defpoints
 62
     0
440
 16777216
100
AcDbPoint
 10
15510.87815433303
 20
19522.37240630437
 30
0.0
  0
POINT
  5
1537
330
1180
100
AcDbEntity
  8
Defpoints
 62
     0
440
 16777216
100
AcDbPoint
 10
16060.87815433303
 20
19522.37240630437
 30
0.0
  0
POINT
  5
1538
330
1180
100
AcDbEntity
  8
Defpoints
 62
     0
440
 16777216
100
AcDbPoint
 10
16060.87815433303
 20
19885.89577218881
 30
0.0
  0
ENDBLK
  5
1182
330
1180
100
AcDbEntity
  8
0
100
AcDbBlockEnd
  0
BLOCK
  5
118D
330
118C
100
AcDbEntity
  8
0
100
AcDbBlockBegin
  2
*D183
 70
     1
 10
0.0
 20
0.0
 30
0.0
  3
*D183
  1

  0
LINE
  5
1539
330
118C
100
AcDbEntity
  8
$Размеры
  6
Continuous
440
 16777216
370
    13
100
AcDbLine
 10
15485.87815433304
 20
18862.37240630437
 30
0.0
 11
15311.17007301964
 21
18862.37240630437
 31
0.0
  0
LINE
  5
153A
330
118C
100
AcDbEntity
  8
$Размеры
  6
Continuous
440
 16777216
370
    13
100
AcDbLine
 10
15485.87815433304
 20
18562.3723394658
 30
0.0
 11
15311.17007301964
 21
18562.3723394658
 31
0.0
  0
LINE
  5
153B
330
118C
100
AcDbEntity
  8
$Размеры
  6
Continuous
440
 16777216
370
    13
100
AcDbLine
 10
15328.67007301964
 20
18862.37240630437
 30
0.0
 11
15328.67007301964
 21
18562.3723394658
 31
0.0
  0
INSERT
  5
153C
330
118C
100
AcDbEntity
  8
$Размеры
440
 16777216
370
    13
100
AcDbBlockReference
  2
_Oblique
 10
15328.67007301964
 20
18862.37240630437
 30
0.0
 41
37.5
 42
37.5
 43
37.5
 50
90.0
  0
INSERT
  5
153D
330
118C
100
AcDbEntity
  8
$Размеры
440
 16777216
370
    13
100
AcDbBlockReference
  2
_Oblique
 10
15328.67007301964
 20
18562.3723394658
 30
0.0
 41
37.5
 42
37.5
 43
37.5
 50
270.0
  0
MTEXT
  5
153E
330
118C
100
AcDbEntity
  8
$Размеры
440
 16777216
100
AcDbMText
 10
15284.92007301964
 20
18712.37237288508
 30
0.0
 40
62.5
 41
0.0
 46
0.0
 71
     5
 72
     1
  1
\A1;300
  7
@ТРАНСПРОЕКТ
 11
0.0000000000000001
 21
1.0
 31
0.0
 73
     1
 44
1.0
  0
POINT
  5
153F
330
118C
100
AcDbEntity
  8
Defpoints
 62
     0
440
 16777216
100
AcDbPoint
 10
15510.87815433304
 20
18862.37240630437
 30
0.0
  0
POINT
  5
1540
330
118C
100
AcDbEntity
  8
Defpoints
 62
     0
440
 16777216
100
AcDbPoint
 10
15510.87815433304
 20
18562.3723394658
 30
0.0
  0
POINT
  5
1541
330
118C
100
AcDbEntity
  8
Defpoints
 62
     0
440
 16777216
100
AcDbPoint
 10
15328.67007301964
 20
18562.3723394658
 30
0.0
  0
ENDBLK
  5
118E
330
118C
100
AcDbEntity
  8
0
100
AcDbBlockEnd
  0
BLOCK
  5
1199
330
1198
100
AcDbEntity
  8
0
100
AcDbBlockBegin
  2
*D184
 70
     1
 10
0.0
 20
0.0
 30
0.0
  3
*D184
  1

  0
LINE
  5
1542
330
1198
100
AcDbEntity
  8
$Размеры
  6
Continuous
440
 16777216
370
    13
100
AcDbLine
 10
16085.87815433304
 20
19522.37240630438
 30
0.0
 11
16398.10626831587
 21
19522.37240630438
 31
0.0
  0
LINE
  5
1543
330
1198
100
AcDbEntity
  8
$Размеры
  6
Continuous
440
 16777216
370
    13
100
AcDbLine
 10
16060.87815433304
 20
19547.37240630437
 30
0.0
 11
16398.10626831587
 21
19547.37240630437
 31
0.0
  0
LINE
  5
1544
330
1198
100
AcDbEntity
  8
$Размеры
  6
Continuous
440
 16777216
370
    13
100
AcDbLine
 10
16380.60626831587
 20
19522.37240630438
 30
0.0
 11
16380.60626831587
 21
19547.37240630437
 31
0.0
  0
LINE
  5
1545
330
1198
100
AcDbEntity
  8
$Размеры
  6
Continuous
440
 16777216
370
    13
100
AcDbLine
 10
16380.60626831587
 20
19547.37240630437
 30
0.0
 11
16380.60626831587
 21
19701.61923083132
 31
0.0
  0
INSERT
  5
1546
330
1198
100
AcDbEntity
  8
$Размеры
440
 16777216
370
    13
100
AcDbBlockReference
  2
_Oblique
 10
16380.60626831587
 20
19522.37240630438
 30
0.0
 41
37.5
 42
37.5
 43
37.5
 50
270.0
  0
INSERT
  5
1547
330
1198
100
AcDbEntity
  8
$Размеры
440
 16777216
370
    13
100
AcDbBlockReference
  2
_Oblique
 10
16380.60626831587
 20
19547.37240630437
 30
0.0
 41
37.5
 42
37.5
 43
37.5
 50
90.0
  0
MTEXT
  5
1548
330
1198
100
AcDbEntity
  8
$Размеры
440
 16777216
100
AcDbMText
 10
16336.85626831588
 20
19643.24581856784
 30
0.0
 40
62.5
 41
0.0
 46
0.0
 71
     5
 72
     1
  1
\A1;25
  7
@ТРАНСПРОЕКТ
 11
0.0000000000000001
 21
1.0
 31
0.0
 73
     1
 44
1.0
  0
POINT
  5
1549
330
1198
100
AcDbEntity
  8
Defpoints
 62
     0
440
 16777216
100
AcDbPoint
 10
16060.87815433304
 20
19522.37240630438
 30
0.0
  0
POINT
  5
154A
330
1198
100
AcDbEntity
  8
Defpoints
 62
     0
440
 16777216
100
AcDbPoint
 10
16035.87815433304
 20
19547.37240630437
 30
0.0
  0
POINT
  5
154B
330
1198
100
AcDbEntity
  8
Defpoints
 62
     0
440
 16777216
100
AcDbPoint
 10
16380.60626831587
 20
19547.37240630437
 30
0.0
  0
ENDBLK
  5
119A
330
1198
100
AcDbEntity
  8
0
100
AcDbBlockEnd
  0
BLOCK
  5
11A6
330
11A5
100
AcDbEntity
  8
0
100
AcDbBlockBegin
  2
*D185
 70
     1
 10
0.0
 20
0.0
 30
0.0
  3
*D185
  1

  0
LINE
  5
154C
330
11A5
100
AcDbEntity
  8
$Размеры
  6
Continuous
440
 16777216
370
    13
100
AcDbLine
 10
16085.87815433304
 20
19522.37240630438
 30
0.0
 11
16398.10626831586
 21
19522.37240630438
 31
0.0
  0
LINE
  5
154D
330
11A5
100
AcDbEntity
  8
$Размеры
  6
Continuous
440
 16777216
370
    13
100
AcDbLine
 10
16085.87815433304
 20
19412.57864925582
 30
0.0
 11
16398.10626831586
 21
19412.57864925582
 31
0.0
  0
LINE
  5
154E
330
11A5
100
AcDbEntity
  8
$Размеры
  6
Continuous
440
 16777216
370
    13
100
AcDbLine
 10
16380.60626831586
 20
19522.37240630438
 30
0.0
 11
16380.60626831586
 21
19412.57864925582
 31
0.0
  0
INSERT
  5
154F
330
11A5
100
AcDbEntity
  8
$Размеры
440
 16777216
370
    13
100
AcDbBlockReference
  2
_Oblique
 10
16380.60626831586
 20
19522.37240630438
 30
0.0
 41
37.5
 42
37.5
 43
37.5
 50
90.0
  0
INSERT
  5
1550
330
11A5
100
AcDbEntity
  8
$Размеры
440
 16777216
370
    13
100
AcDbBlockReference
  2
_Oblique
 10
16380.60626831586
 20
19412.57864925582
 30
0.0
 41
37.5
 42
37.5
 43
37.5
 50
270.0
  0
MTEXT
  5
1551
330
11A5
100
AcDbEntity
  8
$Размеры
440
 16777216
100
AcDbMText
 10
16336.85626831586
 20
19467.47552778009
 30
0.0
 40
62.5
 41
0.0
 46
0.0
 71
     5
 72
     1
  1
\A1;110
  7
@ТРАНСПРОЕКТ
 11
0.0000000000000001
 21
1.0
 31
0.0
 73
     1
 44
1.0
  0
POINT
  5
1552
330
11A5
100
AcDbEntity
  8
Defpoints
 62
     0
440
 16777216
100
AcDbPoint
 10
16060.87815433304
 20
19522.37240630438
 30
0.0
  0
POINT
  5
1553
330
11A5
100
AcDbEntity
  8
Defpoints
 62
     0
440
 16777216
100
AcDbPoint
 10
16060.87815433304
 20
19412.57864925582
 30
0.0
  0
POINT
  5
1554
330
11A5
100
AcDbEntity
  8
Defpoints
 62
     0
440
 16777216
100
AcDbPoint
 10
16380.60626831586
 20
19412.57864925582
 30
0.0
  0
ENDBLK
  5
11A7
330
11A5
100
AcDbEntity
  8
0
100
AcDbBlockEnd
  0
BLOCK
  5
11B2
330
11B1
100
AcDbEntity
  8
0
100
AcDbBlockBegin
  2
*D186
 70
     1
 10
0.0
 20
0.0
 30
0.0
  3
*D186
  1

  0
LINE
  5
1555
330
11B1
100
AcDbEntity
  8
$Размеры
  6
Continuous
440
 16777216
370
    13
100
AcDbLine
 10
16060.87815433303
 20
19437.57864925582
 30
0.0
 11
16060.87815433303
 21
19456.56508019289
 31
0.0
  0
LINE
  5
1556
330
11B1
100
AcDbEntity
  8
$Размеры
  6
Continuous
440
 16777216
370
    13
100
AcDbLine
 10
16040.87815433303
 20
19437.57864925582
 30
0.0
 11
16040.87815433303
 21
19456.56508019289
 31
0.0
  0
LINE
  5
1557
330
11B1
100
AcDbEntity
  8
$Размеры
  6
Continuous
440
 16777216
370
    13
100
AcDbLine
 10
16040.87815433303
 20
19439.06508019289
 30
0.0
 11
16003.37815433303
 21
19439.06508019289
 31
0.0
  0
LINE
  5
1558
330
11B1
100
AcDbEntity
  8
$Размеры
  6
Continuous
440
 16777216
370
    13
100
AcDbLine
 10
16060.87815433303
 20
19439.06508019289
 30
0.0
 11
16252.62497886009
 21
19439.06508019289
 31
0.0
  0
INSERT
  5
1559
330
11B1
100
AcDbEntity
  8
$Размеры
440
 16777216
370
    13
100
AcDbBlockReference
  2
_Oblique
 10
16040.87815433303
 20
19439.06508019289
 30
0.0
 41
37.5
 42
37.5
 43
37.5
  0
INSERT
  5
155A
330
11B1
100
AcDbEntity
  8
$Размеры
440
 16777216
370
    13
100
AcDbBlockReference
  2
_Oblique
 10
16060.87815433303
 20
19439.06508019289
 30
0.0
 41
37.5
 42
37.5
 43
37.5
 50
180.0
  0
MTEXT
  5
155B
330
11B1
100
AcDbEntity
  8
$Размеры
440
 16777216
100
AcDbMText
 10
16194.25156659661
 20
19482.81508019289
 30
0.0
 40
62.5
 41
0.0
 46
0.0
 71
     5
 72
     1
  1
\A1;20
  7
@ТРАНСПРОЕКТ
 73
     1
 44
1.0
  0
POINT
  5
155C
330
11B1
100
AcDbEntity
  8
Defpoints
 62
     0
440
 16777216
100
AcDbPoint
 10
16060.87815433303
 20
19412.57864925582
 30
0.0
  0
POINT
  5
155D
330
11B1
100
AcDbEntity
  8
Defpoints
 62
     0
440
 16777216
100
AcDbPoint
 10
16040.87815433303
 20
19412.57864925582
 30
0.0
  0
POINT
  5
155E
330
11B1
100
AcDbEntity
  8
Defpoints
 62
     0
440
 16777216
100
AcDbPoint
 10
16040.87815433303
 20
19439.06508019289
 30
0.0
  0
ENDBLK
  5
11B3
330
11B1
100
AcDbEntity
  8
0
100
AcDbBlockEnd
  0
BLOCK
  5
11BF
330
11BE
100
AcDbEntity
  8
0
100
AcDbBlockBegin
  2
*D187
 70
     1
 10
0.0
 20
0.0
 30
0.0
  3
*D187
  1

  0
LINE
  5
155F
330
11BE
100
AcDbEntity
  8
$Размеры
  6
Continuous
440
 16777216
370
    13
100
AcDbLine
 10
16085.87815433304
 20
19412.57864925582
 30
0.0
 11
16398.10626831587
 21
19412.57864925582
 31
0.0
  0
LINE
  5
1560
330
11BE
100
AcDbEntity
  8
$Размеры
  6
Continuous
440
 16777216
370
    13
100
AcDbLine
 10
16065.87815433304
 20
19337.45240630294
 30
0.0
 11
16398.10626831587
 21
19337.45240630294
 31
0.0
  0
LINE
  5
1561
330
11BE
100
AcDbEntity
  8
$Размеры
  6
Continuous
440
 16777216
370
    13
100
AcDbLine
 10
16380.60626831587
 20
19412.57864925582
 30
0.0
 11
16380.60626831587
 21
19337.45240630294
 31
0.0
  0
LINE
  5
1562
330
11BE
100
AcDbEntity
  8
$Размеры
  6
Continuous
440
 16777216
370
    13
100
AcDbLine
 10
16380.60626831587
 20
19375.01552777938
 30
0.0
 11
16503.34841135824
 21
19374.87500152996
 31
0.0
  0
LINE
  5
1563
330
11BE
100
AcDbEntity
  8
$Размеры
  6
Continuous
440
 16777216
370
    13
100
AcDbLine
 10
16503.34841135824
 20
19374.87500152996
 30
0.0
 11
16503.34841135824
 21
19491.6218260569
 31
0.0
  0
MTEXT
  5
1564
330
11BE
100
AcDbEntity
  8
$Размеры
440
 16777216
100
AcDbMText
 10
16459.59841135824
 20
19433.24841379342
 30
0.0
 40
62.5
 41
0.0
 46
0.0
 71
     5
 72
     1
  1
\A1;75
  7
@ТРАНСПРОЕКТ
 11
0.0000000000000001
 21
1.0
 31
0.0
 73
     1
 44
1.0
  0
INSERT
  5
1565
330
11BE
100
AcDbEntity
  8
$Размеры
440
 16777216
370
    13
100
AcDbBlockReference
  2
_Oblique
 10
16380.60626831587
 20
19412.57864925582
 30
0.0
 41
37.5
 42
37.5
 43
37.5
 50
90.0
  0
INSERT
  5
1566
330
11BE
100
AcDbEntity
  8
$Размеры
440
 16777216
370
    13
100
AcDbBlockReference
  2
_Oblique
 10
16380.60626831587
 20
19337.45240630294
 30
0.0
 41
37.5
 42
37.5
 43
37.5
 50
270.0
  0
POINT
  5
1567
330
11BE
100
AcDbEntity
  8
Defpoints
 62
     0
440
 16777216
100
AcDbPoint
 10
16060.87815433304
 20
19412.57864925582
 30
0.0
  0
POINT
  5
1568
330
11BE
100
AcDbEntity
  8
Defpoints
 62
     0
440
 16777216
100
AcDbPoint
 10
16040.87815433304
 20
19337.45240630294
 30
0.0
  0
POINT
  5
1569
330
11BE
100
AcDbEntity
  8
Defpoints
 62
     0
440
 16777216
100
AcDbPoint
 10
16380.60626831587
 20
19337.45240630294
 30
0.0
  0
ENDBLK
  5
11C0
330
11BE
100
AcDbEntity
  8
0
100
AcDbBlockEnd
  0
BLOCK
  5
11CD
330
11CC
100
AcDbEntity
  8
0
100
AcDbBlockBegin
  2
*D188
 70
     1
 10
0.0
 20
0.0
 30
0.0
  3
*D188
  1

  0
LINE
  5
156A
330
11CC
100
AcDbEntity
  8
$Размеры
  6
Continuous
440
 16777216
370
    13
100
AcDbLine
 10
16065.87815433304
 20
19337.45240630294
 30
0.0
 11
16398.10626831587
 21
19337.45240630294
 31
0.0
  0
LINE
  5
156B
330
11CC
100
AcDbEntity
  8
$Размеры
  6
Continuous
440
 16777216
370
    13
100
AcDbLine
 10
16090.87815433304
 20
19312.45240630294
 30
0.0
 11
16398.10626831587
 21
19312.45240630294
 31
0.0
  0
LINE
  5
156C
330
11CC
100
AcDbEntity
  8
$Размеры
  6
Continuous
440
 16777216
370
    13
100
AcDbLine
 10
16380.60626831587
 20
19337.45240630294
 30
0.0
 11
16380.60626831587
 21
19312.45240630294
 31
0.0
  0
LINE
  5
156D
330
11CC
100
AcDbEntity
  8
$Размеры
  6
Continuous
440
 16777216
370
    13
100
AcDbLine
 10
16380.60626831587
 20
19312.45240630294
 30
0.0
 11
16380.60626831587
 21
19158.20558177599
 31
0.0
  0
INSERT
  5
156E
330
11CC
100
AcDbEntity
  8
$Размеры
440
 16777216
370
    13
100
AcDbBlockReference
  2
_Oblique
 10
16380.60626831587
 20
19337.45240630294
 30
0.0
 41
37.5
 42
37.5
 43
37.5
 50
90.0
  0
INSERT
  5
156F
330
11CC
100
AcDbEntity
  8
$Размеры
440
 16777216
370
    13
100
AcDbBlockReference
  2
_Oblique
 10
16380.60626831587
 20
19312.45240630294
 30
0.0
 41
37.5
 42
37.5
 43
37.5
 50
270.0
  0
MTEXT
  5
1570
330
11CC
100
AcDbEntity
  8
$Размеры
440
 16777216
100
AcDbMText
 10
16336.85626831588
 20
19216.57899403945
 30
0.0
 40
62.5
 41
0.0
 46
0.0
 71
     5
 72
     1
  1
\A1;25
  7
@ТРАНСПРОЕКТ
 11
0.0000000000000001
 21
1.0
 31
0.0
 73
     1
 44
1.0
  0
POINT
  5
1571
330
11CC
100
AcDbEntity
  8
Defpoints
 62
     0
440
 16777216
100
AcDbPoint
 10
16040.87815433304
 20
19337.45240630294
 30
0.0
  0
POINT
  5
1572
330
11CC
100
AcDbEntity
  8
Defpoints
 62
     0
440
 16777216
100
AcDbPoint
 10
16065.87815433304
 20
19312.45240630294
 30
0.0
  0
POINT
  5
1573
330
11CC
100
AcDbEntity
  8
Defpoints
 62
     0
440
 16777216
100
AcDbPoint
 10
16380.60626831587
 20
19312.45240630294
 30
0.0
  0
ENDBLK
  5
11CE
330
11CC
100
AcDbEntity
  8
0
100
AcDbBlockEnd
  0
BLOCK
  5
11DA
330
11D9
100
AcDbEntity
  8
0
100
AcDbBlockBegin
  2
*D189
 70
     1
 10
0.0
 20
0.0
 30
0.0
  3
*D189
  1

  0
LINE
  5
1574
330
11D9
100
AcDbEntity
  8
$Размеры
  6
Continuous
440
 16777216
370
    13
100
AcDbLine
 10
41465.87815433305
 20
19522.37240630438
 30
0.0
 11
41640.58623564647
 21
19522.37240630438
 31
0.0
  0
LINE
  5
1575
330
11D9
100
AcDbEntity
  8
$Размеры
  6
Continuous
440
 16777216
370
    13
100
AcDbLine
 10
41465.87815433305
 20
18862.37240630437
 30
0.0
 11
41640.58623564647
 21
18862.37240630437
 31
0.0
  0
LINE
  5
1576
330
11D9
100
AcDbEntity
  8
$Размеры
  6
Continuous
440
 16777216
370
    13
100
AcDbLine
 10
41623.08623564647
 20
19522.37240630438
 30
0.0
 11
41623.08623564647
 21
18862.37240630437
 31
0.0
  0
INSERT
  5
1577
330
11D9
100
AcDbEntity
  8
$Размеры
440
 16777216
370
    13
100
AcDbBlockReference
  2
_Oblique
 10
41623.08623564647
 20
19522.37240630438
 30
0.0
 41
37.5
 42
37.5
 43
37.5
 50
90.0
  0
INSERT
  5
1578
330
11D9
100
AcDbEntity
  8
$Размеры
440
 16777216
370
    13
100
AcDbBlockReference
  2
_Oblique
 10
41623.08623564647
 20
18862.37240630437
 30
0.0
 41
37.5
 42
37.5
 43
37.5
 50
270.0
  0
MTEXT
  5
1579
330
11D9
100
AcDbEntity
  8
$Размеры
440
 16777216
100
AcDbMText
 10
41579.33623564646
 20
19192.37240630436
 30
0.0
 40
62.5
 41
0.0
 46
0.0
 71
     5
 72
     1
  1
\A1;660
  7
@ТРАНСПРОЕКТ
 11
0.0000000000000001
 21
1.0
 31
0.0
 73
     1
 44
1.0
  0
POINT
  5
157A
330
11D9
100
AcDbEntity
  8
Defpoints
 62
     0
440
 16777216
100
AcDbPoint
 10
41440.87815433304
 20
19522.37240630438
 30
0.0
  0
POINT
  5
157B
330
11D9
100
AcDbEntity
  8
Defpoints
 62
     0
440
 16777216
100
AcDbPoint
 10
41440.87815433304
 20
18862.37240630437
 30
0.0
  0
POINT
  5
157C
330
11D9
100
AcDbEntity
  8
Defpoints
 62
     0
440
 16777216
100
AcDbPoint
 10
41623.08623564647
 20
18862.37240630437
 30
0.0
  0
ENDBLK
  5
11DB
330
11D9
100
AcDbEntity
  8
0
100
AcDbBlockEnd
  0
BLOCK
  5
11E6
330
11E5
100
AcDbEntity
  8
0
100
AcDbBlockBegin
  2
*D190
 70
     1
 10
0.0
 20
0.0
 30
0.0
  3
*D190
  1

  0
LINE
  5
157D
330
11E5
100
AcDbEntity
  8
$Размеры
  6
Continuous
440
 16777216
370
    13
100
AcDbLine
 10
41465.87815433305
 20
19522.37240630438
 30
0.0
 11
41640.58623564647
 21
19522.37240630438
 31
0.0
  0
LINE
  5
157E
330
11E5
100
AcDbEntity
  8
$Размеры
  6
Continuous
440
 16777216
370
    13
100
AcDbLine
 10
41440.87815433304
 20
19547.37240630437
 30
0.0
 11
41640.58623564647
 21
19547.37240630437
 31
0.0
  0
LINE
  5
157F
330
11E5
100
AcDbEntity
  8
$Размеры
  6
Continuous
440
 16777216
370
    13
100
AcDbLine
 10
41623.08623564647
 20
19522.37240630438
 30
0.0
 11
41623.08623564647
 21
19547.37240630437
 31
0.0
  0
LINE
  5
1580
330
11E5
100
AcDbEntity
  8
$Размеры
  6
Continuous
440
 16777216
370
    13
100
AcDbLine
 10
41623.08623564647
 20
19547.37240630437
 30
0.0
 11
41623.08623564647
 21
19701.61923083132
 31
0.0
  0
INSERT
  5
1581
330
11E5
100
AcDbEntity
  8
$Размеры
440
 16777216
370
    13
100
AcDbBlockReference
  2
_Oblique
 10
41623.08623564647
 20
19522.37240630438
 30
0.0
 41
37.5
 42
37.5
 43
37.5
 50
270.0
  0
INSERT
  5
1582
330
11E5
100
AcDbEntity
  8
$Размеры
440
 16777216
370
    13
100
AcDbBlockReference
  2
_Oblique
 10
41623.08623564647
 20
19547.37240630437
 30
0.0
 41
37.5
 42
37.5
 43
37.5
 50
90.0
  0
MTEXT
  5
1583
330
11E5
100
AcDbEntity
  8
$Размеры
440
 16777216
100
AcDbMText
 10
41579.33623564646
 20
19643.24581856783
 30
0.0
 40
62.5
 41
0.0
 46
0.0
 71
     5
 72
     1
  1
\A1;25
  7
@ТРАНСПРОЕКТ
 11
0.0000000000000001
 21
1.0
 31
0.0
 73
     1
 44
1.0
  0
POINT
  5
1584
330
11E5
100
AcDbEntity
  8
Defpoints
 62
     0
440
 16777216
100
AcDbPoint
 10
41440.87815433304
 20
19522.37240630438
 30
0.0
  0
POINT
  5
1585
330
11E5
100
AcDbEntity
  8
Defpoints
 62
     0
440
 16777216
100
AcDbPoint
 10
41415.87815433305
 20
19547.37240630437
 30
0.0
  0
POINT
  5
1586
330
11E5
100
AcDbEntity
  8
Defpoints
 62
     0
440
 16777216
100
AcDbPoint
 10
41623.08623564647
 20
19547.37240630437
 30
0.0
  0
ENDBLK
  5
11E7
330
11E5
100
AcDbEntity
  8
0
100
AcDbBlockEnd
  0
BLOCK
  5
11F3
330
11F2
100
AcDbEntity
  8
0
100
AcDbBlockBegin
  2
*D191
 70
     1
 10
0.0
 20
0.0
 30
0.0
  3
*D191
  1

  0
LINE
  5
1587
330
11F2
100
AcDbEntity
  8
$Размеры
  6
Continuous
440
 16777216
370
    13
100
AcDbLine
 10
41465.87815433305
 20
18862.37240630437
 30
0.0
 11
41640.58623564647
 21
18862.37240630437
 31
0.0
  0
LINE
  5
1588
330
11F2
100
AcDbEntity
  8
$Размеры
  6
Continuous
440
 16777216
370
    13
100
AcDbLine
 10
41465.87815433305
 20
18562.3723394658
 30
0.0
 11
41640.58623564647
 21
18562.3723394658
 31
0.0
  0
LINE
  5
1589
330
11F2
100
AcDbEntity
  8
$Размеры
  6
Continuous
440
 16777216
370
    13
100
AcDbLine
 10
41623.08623564647
 20
18862.37240630437
 30
0.0
 11
41623.08623564647
 21
18562.3723394658
 31
0.0
  0
INSERT
  5
158A
330
11F2
100
AcDbEntity
  8
$Размеры
440
 16777216
370
    13
100
AcDbBlockReference
  2
_Oblique
 10
41623.08623564647
 20
18862.37240630437
 30
0.0
 41
37.5
 42
37.5
 43
37.5
 50
90.0
  0
INSERT
  5
158B
330
11F2
100
AcDbEntity
  8
$Размеры
440
 16777216
370
    13
100
AcDbBlockReference
  2
_Oblique
 10
41623.08623564647
 20
18562.3723394658
 30
0.0
 41
37.5
 42
37.5
 43
37.5
 50
270.0
  0
MTEXT
  5
158C
330
11F2
100
AcDbEntity
  8
$Размеры
440
 16777216
100
AcDbMText
 10
41579.33623564646
 20
18712.37237288507
 30
0.0
 40
62.5
 41
0.0
 46
0.0
 71
     5
 72
     1
  1
\A1;300
  7
@ТРАНСПРОЕКТ
 11
0.0000000000000001
 21
1.0
 31
0.0
 73
     1
 44
1.0
  0
POINT
  5
158D
330
11F2
100
AcDbEntity
  8
Defpoints
 62
     0
440
 16777216
100
AcDbPoint
 10
41440.87815433304
 20
18862.37240630437
 30
0.0
  0
POINT
  5
158E
330
11F2
100
AcDbEntity
  8
Defpoints
 62
     0
440
 16777216
100
AcDbPoint
 10
41440.87815433304
 20
18562.3723394658
 30
0.0
  0
POINT
  5
158F
330
11F2
100
AcDbEntity
  8
Defpoints
 62
     0
440
 16777216
100
AcDbPoint
 10
41623.08623564647
 20
18562.3723394658
 30
0.0
  0
ENDBLK
  5
11F4
330
11F2
100
AcDbEntity
  8
0
100
AcDbBlockEnd
  0
BLOCK
  5
11FF
330
11FE
100
AcDbEntity
  8
0
100
AcDbBlockBegin
  2
*D192
 70
     1
 10
0.0
 20
0.0
 30
0.0
  3
*D192
  1

  0
LINE
  5
1590
330
11FE
100
AcDbEntity
  8
$Размеры
  6
Continuous
440
 16777216
370
    13
100
AcDbLine
 10
41415.87815433303
 20
19572.37240630437
 30
0.0
 11
41415.87815433303
 21
19766.11779547555
 31
0.0
  0
LINE
  5
1591
330
11FE
100
AcDbEntity
  8
$Размеры
  6
Continuous
440
 16777216
370
    13
100
AcDbLine
 10
41440.87815433303
 20
19547.37240630437
 30
0.0
 11
41440.87815433303
 21
19766.11779547555
 31
0.0
  0
LINE
  5
1592
330
11FE
100
AcDbEntity
  8
$Размеры
  6
Continuous
440
 16777216
370
    13
100
AcDbLine
 10
41415.87815433303
 20
19748.61779547555
 30
0.0
 11
41440.87815433303
 21
19748.61779547555
 31
0.0
  0
LINE
  5
1593
330
11FE
100
AcDbEntity
  8
$Размеры
  6
Continuous
440
 16777216
370
    13
100
AcDbLine
 10
41440.87815433303
 20
19748.61779547555
 30
0.0
 11
41595.12497885998
 21
19748.61779547555
 31
0.0
  0
INSERT
  5
1594
330
11FE
100
AcDbEntity
  8
$Размеры
440
 16777216
370
    13
100
AcDbBlockReference
  2
_Oblique
 10
41415.87815433303
 20
19748.61779547555
 30
0.0
 41
37.5
 42
37.5
 43
37.5
 50
180.0
  0
INSERT
  5
1595
330
11FE
100
AcDbEntity
  8
$Размеры
440
 16777216
370
    13
100
AcDbBlockReference
  2
_Oblique
 10
41440.87815433303
 20
19748.61779547555
 30
0.0
 41
37.5
 42
37.5
 43
37.5
  0
MTEXT
  5
1596
330
11FE
100
AcDbEntity
  8
$Размеры
440
 16777216
100
AcDbMText
 10
41536.7515665965
 20
19792.36779547555
 30
0.0
 40
62.5
 41
0.0
 46
0.0
 71
     5
 72
     1
  1
\A1;25
  7
@ТРАНСПРОЕКТ
 73
     1
 44
1.0
  0
POINT
  5
1597
330
11FE
100
AcDbEntity
  8
Defpoints
 62
     0
440
 16777216
100
AcDbPoint
 10
41415.87815433303
 20
19547.37240630437
 30
0.0
  0
POINT
  5
1598
330
11FE
100
AcDbEntity
  8
Defpoints
 62
     0
440
 16777216
100
AcDbPoint
 10
41440.87815433303
 20
19522.37240630437
 30
0.0
  0
POINT
  5
1599
330
11FE
100
AcDbEntity
  8
Defpoints
 62
     0
440
 16777216
100
AcDbPoint
 10
41440.87815433303
 20
19748.61779547555
 30
0.0
  0
ENDBLK
  5
1200
330
11FE
100
AcDbEntity
  8
0
100
AcDbBlockEnd
  0
BLOCK
  5
120C
330
120B
100
AcDbEntity
  8
0
100
AcDbBlockBegin
  2
*D193
 70
     1
 10
0.0
 20
0.0
 30
0.0
  3
*D193
  1

  0
LINE
  5
159A
330
120B
100
AcDbEntity
  8
$Размеры
  6
Continuous
440
 16777216
370
    13
100
AcDbLine
 10
41415.87815433303
 20
19572.37240630437
 30
0.0
 11
41415.87815433303
 21
19766.11779547555
 31
0.0
  0
LINE
  5
159B
330
120B
100
AcDbEntity
  8
$Размеры
  6
Continuous
440
 16777216
370
    13
100
AcDbLine
 10
41215.87815433303
 20
19572.37240630437
 30
0.0
 11
41215.87815433303
 21
19766.11779547555
 31
0.0
  0
LINE
  5
159C
330
120B
100
AcDbEntity
  8
$Размеры
  6
Continuous
440
 16777216
370
    13
100
AcDbLine
 10
41415.87815433303
 20
19748.61779547555
 30
0.0
 11
41215.87815433303
 21
19748.61779547555
 31
0.0
  0
INSERT
  5
159D
330
120B
100
AcDbEntity
  8
$Размеры
440
 16777216
370
    13
100
AcDbBlockReference
  2
_Oblique
 10
41415.87815433303
 20
19748.61779547555
 30
0.0
 41
37.5
 42
37.5
 43
37.5
  0
INSERT
  5
159E
330
120B
100
AcDbEntity
  8
$Размеры
440
 16777216
370
    13
100
AcDbBlockReference
  2
_Oblique
 10
41215.87815433303
 20
19748.61779547555
 30
0.0
 41
37.5
 42
37.5
 43
37.5
 50
180.0
  0
MTEXT
  5
159F
330
120B
100
AcDbEntity
  8
$Размеры
440
 16777216
100
AcDbMText
 10
41315.87815433303
 20
19792.36779547555
 30
0.0
 40
62.5
 41
0.0
 46
0.0
 71
     5
 72
     1
  1
\A1;200
  7
@ТРАНСПРОЕКТ
 73
     1
 44
1.0
  0
POINT
  5
15A0
330
120B
100
AcDbEntity
  8
Defpoints
 62
     0
440
 16777216
100
AcDbPoint
 10
41415.87815433303
 20
19547.37240630437
 30
0.0
  0
POINT
  5
15A1
330
120B
100
AcDbEntity
  8
Defpoints
 62
     0
440
 16777216
100
AcDbPoint
 10
41215.87815433303
 20
19547.37240630437
 30
0.0
  0
POINT
  5
15A2
330
120B
100
AcDbEntity
  8
Defpoints
 62
     0
440
 16777216
100
AcDbPoint
 10
41215.87815433303
 20
19748.61779547555
 30
0.0
  0
ENDBLK
  5
120D
330
120B
100
AcDbEntity
  8
0
100
AcDbBlockEnd
  0
BLOCK
  5
1218
330
1217
100
AcDbEntity
  8
0
100
AcDbBlockBegin
  2
*D194
 70
     1
 10
0.0
 20
0.0
 30
0.0
  3
*D194
  1

  0
LINE
  5
15A3
330
1217
100
AcDbEntity
  8
$Размеры
  6
Continuous
440
 16777216
370
    13
100
AcDbLine
 10
41215.87815433303
 20
19572.37240630437
 30
0.0
 11
41215.87815433303
 21
19766.11779547555
 31
0.0
  0
LINE
  5
15A4
330
1217
100
AcDbEntity
  8
$Размеры
  6
Continuous
440
 16777216
370
    13
100
AcDbLine
 10
41190.87815433303
 20
19547.37240630437
 30
0.0
 11
41190.87815433303
 21
19766.11779547555
 31
0.0
  0
LINE
  5
15A5
330
1217
100
AcDbEntity
  8
$Размеры
  6
Continuous
440
 16777216
370
    13
100
AcDbLine
 10
41215.87815433303
 20
19748.61779547555
 30
0.0
 11
41190.87815433303
 21
19748.61779547555
 31
0.0
  0
LINE
  5
15A6
330
1217
100
AcDbEntity
  8
$Размеры
  6
Continuous
440
 16777216
370
    13
100
AcDbLine
 10
41190.87815433303
 20
19748.61779547555
 30
0.0
 11
41036.63132980608
 21
19748.61779547555
 31
0.0
  0
INSERT
  5
15A7
330
1217
100
AcDbEntity
  8
$Размеры
440
 16777216
370
    13
100
AcDbBlockReference
  2
_Oblique
 10
41215.87815433303
 20
19748.61779547555
 30
0.0
 41
37.5
 42
37.5
 43
37.5
  0
INSERT
  5
15A8
330
1217
100
AcDbEntity
  8
$Размеры
440
 16777216
370
    13
100
AcDbBlockReference
  2
_Oblique
 10
41190.87815433303
 20
19748.61779547555
 30
0.0
 41
37.5
 42
37.5
 43
37.5
 50
180.0
  0
MTEXT
  5
15A9
330
1217
100
AcDbEntity
  8
$Размеры
440
 16777216
100
AcDbMText
 10
41095.00474206956
 20
19792.36779547555
 30
0.0
 40
62.5
 41
0.0
 46
0.0
 71
     5
 72
     1
  1
\A1;25
  7
@ТРАНСПРОЕКТ
 73
     1
 44
1.0
  0
POINT
  5
15AA
330
1217
100
AcDbEntity
  8
Defpoints
 62
     0
440
 16777216
100
AcDbPoint
 10
41215.87815433303
 20
19547.37240630437
 30
0.0
  0
POINT
  5
15AB
330
1217
100
AcDbEntity
  8
Defpoints
 62
     0
440
 16777216
100
AcDbPoint
 10
41190.87815433303
 20
19522.37240630437
 30
0.0
  0
POINT
  5
15AC
330
1217
100
AcDbEntity
  8
Defpoints
 62
     0
440
 16777216
100
AcDbPoint
 10
41190.87815433303
 20
19748.61779547555
 30
0.0
  0
ENDBLK
  5
1219
330
1217
100
AcDbEntity
  8
0
100
AcDbBlockEnd
  0
BLOCK
  5
13CE
330
13CD
100
AcDbEntity
  8
0
100
AcDbBlockBegin
  2
*D195
 70
     1
 10
0.0
 20
0.0
 30
0.0
  3
*D195
  1

  0
LINE
  5
13D0
330
13CD
100
AcDbEntity
  8
$Слои конструкции
  6
Continuous
 62
     5
440
 16777216
370
    13
100
AcDbLine
 10
4815.042790893165
 20
11552.59213151381
 30
0.0
 11
4611.657960991588
 21
11551.57416280239
 31
0.0
  0
LINE
  5
13D1
330
13CD
100
AcDbEntity
  8
$Слои конструкции
  6
Continuous
 62
     5
440
 16777216
370
    13
100
AcDbLine
 10
4818.471247435246
 20
10867.60442726099
 30
0.0
 11
4615.08641753367
 21
10866.58645854957
 31
0.0
  0
LINE
  5
13D2
330
13CD
100
AcDbEntity
  8
$Слои конструкции
  6
Continuous
 62
     5
440
 16777216
370
    13
100
AcDbLine
 10
4646.657522600582
 20
11551.7493403643
 30
0.0
 11
4650.085979142665
 21
10866.76163611148
 31
0.0
  0
LINE
  5
13D3
330
13CD
100
AcDbEntity
  8
$Слои конструкции
  6
Continuous
 62
     5
440
 16777216
370
    13
100
AcDbLine
 10
4650.085979142665
 20
10866.76163611148
 30
0.0
 11
4652.141393722879
 21
10456.10054202799
 31
0.0
  0
INSERT
  5
13D4
330
13CD
100
AcDbEntity
  8
$Слои конструкции
 62
     5
440
 16777216
370
    13
100
AcDbBlockReference
  2
_Oblique
 10
4646.657522600582
 20
11551.7493403643
 30
0.0
 41
75.0
 42
75.0
 43
75.0
 50
90.28677076767703
  0
INSERT
  5
13D5
330
13CD
100
AcDbEntity
  8
$Слои конструкции
 62
     5
440
 16777216
370
    13
100
AcDbBlockReference
  2
_Oblique
 10
4650.085979142665
 20
10866.76163611148
 30
0.0
 41
75.0
 42
75.0
 43
75.0
 50
270.286770767677
  0
MTEXT
  5
13D6
330
13CD
100
AcDbEntity
  8
$Слои конструкции
 62
     5
440
 16777216
100
AcDbMText
 10
4738.836999390658
 20
10617.03330016359
 30
0.0
 40
125.0
 41
0.0
 46
0.0
 71
     5
 72
     1
  1
\A1;685
  7
@ТРАНСПРОЕКТ
 11
0.0050050731973878
 21
-0.9999874745427009
 31
0.0
 73
     1
 44
1.0
  0
POINT
  5
13D7
330
13CD
100
AcDbEntity
  8
Defpoints
 62
     0
440
 16777216
100
AcDbPoint
 10
4865.042164620299
 20
11552.84238517368
 30
0.0
  0
POINT
  5
13D8
330
13CD
100
AcDbEntity
  8
Defpoints
 62
     0
440
 16777216
100
AcDbPoint
 10
4868.47062116238
 20
10867.85468092086
 30
0.0
  0
POINT
  5
13D9
330
13CD
100
AcDbEntity
  8
Defpoints
 62
     0
440
 16777216
100
AcDbPoint
 10
4650.085979142665
 20
10866.76163611148
 30
0.0
  0
ENDBLK
  5
13CF
330
13CD
100
AcDbEntity
  8
0
100
AcDbBlockEnd
  0
ENDSEC
  0
SECTION
  2
ENTITIES
  0
MULTILEADER
  5
AB7
330
1F
100
AcDbEntity
  8
$Выноски
160
               608
310
60020000170000000C00000016000000000000C00C00000033000000000000000C00000013000000993A0000C000000026000000090FC30C727ED6408CA57A3C6679CD40000000000000000000000000000000000000000000000000000000000000F03F000000000000F03F17C049D3DA65BABC0000000000000000320030
310
003020000003000000010000000000000000405F40000000000000F03F65732D3852C1D03F000000000000F03F000000000000000000000000000000000000000000000000000000000100000022000000490053004F00430050004500550052000000610000006F00000073000C00000033000000000000000C0000001000
310
0000070000000C00000016000000000000C00C000000170000000D0000000C00000012000000FF7F00000C00000013000000010000000C00000013000000891300003C00000006000000020000004EAAF4C6B378D6408C07E02B7F99CD400000000000000000CE23C6894458D6408CA57A3CE66CCD4000000000000000000C
310
00000013000000112700003C0000000600000002000000CE23C6894458D6408CA57A3CE66CCD400000000000000000D40EC30C0280D6408CA57A3CE66CCD4000000000000000000C00000016000000000000C00C00000012000000FF7F00000C00000017000000000000000C000000130000009A3A00003C00000006000000
310
02000000D40EC30C0280D6408CA57A3CE66CCD4000000000000000005E42B5A4D1D1D6408CA57A3CE66CCD4000000000000000000C00000016000000000000C00C00000012000000FF7F00000C00000017000000FFFFFFFF0C0000003300000000000000
100
AcDbMLeader
270
     2
300
CONTEXT_DATA{
 40
100.0
 10
23040.03202892731
 20
15065.79872067531
 30
0.0
 41
125.0
140
100.0
145
6.25
174
     6
175
     6
176
     1
177
     0
290
     1
304
20‰
 11
0.0
 21
0.0
 31
1.0
340
7BF
 12
23206.77885345445
 22
15215.79872067531
 32
0.0
 13
1.0
 23
-0.0000000000000004
 33
0.0
 42
0.0
 43
0.0
 44
0.0
 45
1.0
170
     1
 90
-1073741824
171
     2
172
     5
 91
-1073741824
141
0.0
 92
        0
291
     0
292
     0
173
     0
293
     0
142
0.0
143
0.0
294
     0
295
     0
296
     0
110
21548.38141566544
120
15390.34348846299
130
0.0
111
1.0
121
-0.0000000000000004
131
0.0
112
0.0000000000000004
122
1.0
132
0.0
297
     0
302
LEADER{
290
     1
291
     1
 10
22881.07090905663
 20
15065.79872067531
 30
0.0
 11
1.0
 21
-0.0000000000000004
 31
0.0
 90
        0
 40
158.961119870678
304
LEADER_LINE{
 10
23010.80901829368
 20
15154.99352646225
 30
0.0
 91
        0
305
}
271
     0
303
}
272
     9
273
     9
301
}
340
12E
 90
 84166532
170
     1
 91
-1073741824
341
15
171
    13
290
     1
291
     1
 41
0.2932457142334897
342
2B9
 42
2.0
172
     2
343
7BF
173
     6
 95
        6
174
     1
175
     0
 92
-1073741824
292
     0
 93
-1056964608
 10
1.0
 20
1.0
 30
1.0
 43
0.0
176
     0
293
     0
294
     0
178
     0
179
     2
 45
100.0
271
     0
272
     9
273
     9
295
     0
  0
DIMENSION
  5
AB8
330
1F
100
AcDbEntity
  8
$Размеры
100
AcDbDimension
280
     0
  2
*D103
 10
41440.87815433303
 20
948.6912867690179
 30
0.0
 11
28475.87815433303
 21
948.6912867690179
 31
0.0
 70
   160
 71
     5
 42
25930.0
 73
     0
 74
     0
 75
     0
  3
@TN  1-50
100
AcDbAlignedDimension
 13
15510.87815433303
 23
1618.066645180944
 33
0.0
 14
41440.87815433303
 24
1618.066645163132
 34
0.0
100
AcDbRotatedDimension
  0
DIMENSION
  5
AB9
330
1F
100
AcDbEntity
  8
$Размеры
100
AcDbDimension
280
     0
  2
*D104
 10
14999.80583866436
 20
10918.14796886689
 30
0.0
 11
14912.30583866436
 21
6368.107307014306
 31
0.0
 70
    32
 71
     5
 42
9100.08132370515
 73
     0
 74
     0
 75
     0
  3
@TN  1-50
100
AcDbAlignedDimension
 13
15510.87815432651
 23
1818.066645161735
 33
0.0
 14
15510.87815433303
 24
10918.14796886688
 34
0.0
 50
90.0
100
AcDbRotatedDimension
  0
DIMENSION
  5
ABA
330
1F
100
AcDbEntity
  8
$Размеры
100
AcDbDimension
280
     0
  2
*D105
 10
14999.80583866436
 20
1618.066645180945
 30
0.0
 11
14912.30583866436
 21
1382.569820653995
 31
0.0
 70
    32
 71
     5
 42
199.9999999807915
 73
     0
 74
     0
 75
     0
  3
@TN  1-50
100
AcDbAlignedDimension
 13
15510.87815432651
 23
1818.066645161735
 33
0.0
 14
15510.87815433303
 24
1618.066645180944
 34
0.0
 50
90.0
100
AcDbRotatedDimension
  0
DIMENSION
  5
ABB
330
1F
100
AcDbEntity
  8
$Размеры
100
AcDbDimension
280
     0
  2
*D106
 10
14999.80583866436
 20
11118.14796888621
 30
0.0
 11
14912.30583866436
 21
11353.64479341315
 31
0.0
 70
    32
 71
     5
 42
200.0000000193249
 73
     0
 74
     0
 75
     0
  3
@TN  1-50
100
AcDbAlignedDimension
 13
15510.87815433303
 23
10918.14796886688
 33
0.0
 14
15510.87815433303
 24
11118.14796888621
 34
0.0
 50
90.0
100
AcDbRotatedDimension
  0
LWPOLYLINE
  5
ABC
330
1F
100
AcDbEntity
  8
$Слои конструкции
100
AcDbPolyline
 90
       22
 70
     1
 43
0.0
 10
28625.87815433304
 20
15119.6524063044
 10
41185.87815433303
 20
14868.45240630293
 10
41185.87815433303
 20
14868.45240630293
 10
41210.87815433303
 20
14893.45240630293
 10
41210.87815433303
 20
15018.57864925582
 10
41190.87815433303
 20
15018.57864925582
 10
41190.87815433303
 20
15078.37240630437
 10
41215.87815433303
 20
15103.37240630437
 10
41415.87815433303
 20
15103.37240630437
 10
41440.87815433303
 20
15078.37240630437
 10
41440.87815433303
 20
14418.37240630437
 10
28625.87815433304
 20
14418.37240630437
 10
15510.87815433303
 20
14418.37240630437
 10
15510.87815433303
 20
15078.37240630437
 10
15535.87815433303
 20
15103.37240630437
 10
16035.87815433303
 20
15103.37240630437
 10
16060.87815433303
 20
15078.37240630437
 10
16060.87815433303
 20
14968.57864925582
 10
16040.87815433303
 20
14968.57864925582
 10
16040.87815433303
 20
14893.45240630293
 10
16065.87815433303
 20
14868.45240630293
 10
16065.87815433303
 20
14868.45240630293
  0
LWPOLYLINE
  5
ABD
330
1F
100
AcDbEntity
  8
$Слои конструкции
100
AcDbPolyline
 90
        5
 70
     0
 43
0.0
 10
15510.87815433303
 20
11118.14796888621
 10
15510.87815433303
 20
1618.066645180944
 10
41440.87815433303
 20
1618.066645181176
 10
41440.87815433955
 20
11118.14796888621
 10
15510.87815433303
 20
11118.14796888621
  0
LWPOLYLINE
  5
ABE
330
1F
100
AcDbEntity
  8
$Слои конструкции
100
AcDbPolyline
 90
        2
 70
     0
 43
0.0
 10
15510.87815433303
 20
10918.14796886688
 10
41440.87815433955
 20
10918.14796886688
  0
LWPOLYLINE
  5
ABF
330
1F
100
AcDbEntity
  8
$Слои конструкции
100
AcDbPolyline
 90
        2
 70
     0
 43
0.0
 10
15510.87815432651
 20
1818.066645161735
 10
41440.87815433303
 20
1818.066645161735
  0
MTEXT
  5
AC0
102
{ACAD_XDICTIONARY
360
AC1
102
}
330
1F
100
AcDbEntity
  8
$Выноски
100
AcDbMText
 10
28620.31769904709
 20
11943.44444618143
 30
0.0
 40
120.0
 41
913.8195136159193
 46
0.0
 71
     5
 72
     5
  1
План
  7
@ТРАНСПРОЕКТ
 73
     1
 44
1.0
101
Embedded Object
 70
     5
 10
1.0
 20
0.0
 30
0.0
 11
28620.31769904709
 21
11943.44444618143
 31
0.0
 40
913.8195136159193
 41
0.0
 42
368.1539030917347
 43
120.0
 71
     2
 72
     1
 44
913.8195136159193
 45
12.5
 73
     0
 74
     0
 46
0.0
  0
MULTILEADER
  5
AC2
330
1F
100
AcDbEntity
  8
$Выноски
160
               608
310
60020000170000000C00000016000000000000C00C00000033000000000000000C00000013000000993A0000C000000026000000449A5361FF89E0408CA57A3C6679CD40000000000000000000000000000000000000000000000000000000000000F03F000000000000F03F17C049D3DA65BA3C0000000000000000320030
310
003020000003000000010000000000000000405F40000000000000F03F65732D3852C1D03F000000000000F03F000000000000000000000000000000000000000000000000000000000100000022000000490053004F00430050004500550052000000610000006F00000073000C00000033000000000000000C0000001000
310
0000070000000C00000016000000000000C00C000000170000000D0000000C00000012000000FF7F00000C00000013000000010000000C00000013000000891300003C000000060000000200000027E633501EB8E0408C07E02B7F99CD4000000000000000006729CBEE55C8E0408CA57A3CE66CCD4000000000000000000C
310
00000013000000112700003C00000006000000020000006729CBEE55C8E0408CA57A3CE66CCD400000000000000000E4B34C2D77B4E0408CA57A3CE66CCD4000000000000000000C00000016000000000000C00C00000012000000FF7F00000C00000017000000000000000C000000130000009A3A00003C00000006000000
310
020000001F9A53618F8BE0408CA57A3CE66CCD400000000000000000E4B34C2D77B4E0408CA57A3CE66CCD4000000000000000000C00000016000000000000C00C00000012000000FF7F00000C00000017000000FFFFFFFF0C0000003300000000000000
100
AcDbMLeader
270
     2
300
CONTEXT_DATA{
 40
100.0
 10
33878.23063068487
 20
15065.79872067531
 30
0.0
 41
125.0
140
100.0
145
6.25
174
     6
175
     6
176
     1
177
     0
290
     1
304
20‰
 11
0.0
 21
0.0
 31
1.0
340
7BF
 12
34044.97745521209
 22
15215.79872067531
 32
0.0
 13
1.0
 23
0.0000000000000004
 33
0.0
 42
0.0000000000000004
 43
0.0
 44
0.0
 45
1.0
170
     1
 90
-1073741824
171
     2
172
     5
 91
-1073741824
141
0.0
 92
        0
291
     0
292
     0
173
     0
293
     0
142
0.0
143
0.0
294
     0
295
     0
296
     0
110
35703.37489300063
120
15390.34348846299
130
0.0
111
1.0
121
0.0000000000000004
131
0.0
112
-0.0000000000000004
122
1.0
132
0.0
297
     0
302
LEADER{
290
     1
291
     1
 10
34370.68539960944
 20
15065.79872067531
 30
0.0
 11
-1.0
 21
-0.0000000000000004
 31
0.0
 90
        0
 40
158.961119870678
304
LEADER_LINE{
 10
34240.94729037239
 20
15154.99352646225
 30
0.0
 91
        0
305
}
271
     0
303
}
272
     9
273
     9
301
}
340
12E
 90
 84166532
170
     1
 91
-1073741824
341
15
171
    13
290
     1
291
     1
 41
0.2932457142334897
342
2B9
 42
2.0
172
     2
343
7BF
173
     6
 95
        6
174
     1
175
     0
 92
-1073741824
292
     0
 93
-1056964608
 10
1.0
 20
1.0
 30
1.0
 43
0.0
176
     0
293
     0
294
     0
178
     0
179
     2
 45
100.0
271
     0
272
     9
273
     9
295
     0
  0
LWPOLYLINE
  5
AC3
330
1F
100
AcDbEntity
  8
$Слои конструкции
100
AcDbPolyline
 90
        4
 70
     1
 43
0.0
 10
15510.87815433303
 20
14418.37240630437
 10
41440.87815433303
 20
14418.37240630437
 10
41440.87815433303
 20
14118.37240630437
 10
15510.87815433303
 20
14118.37240630437
  0
LWPOLYLINE
  5
AC4
330
1F
100
AcDbEntity
  8
$Слои конструкции
100
AcDbPolyline
 90
        3
 70
     1
 43
0.0
 10
15510.87815433303
 20
14118.37240630437
 10
41440.87815433303
 20
14118.37240630437
 10
41440.87815433303
 20
14118.37240630437
  0
LWPOLYLINE
  5
AC5
330
1F
100
AcDbEntity
  8
$Слои конструкции
100
AcDbPolyline
 90
        3
 70
     1
 43
0.0
 10
15510.87815433303
 20
14118.37240630437
 10
41440.87815433303
 20
14118.37240630437
 10
41440.87815433303
 20
14118.37240630437
  0
LWPOLYLINE
  5
AC6
330
1F
100
AcDbEntity
  8
$Слои конструкции
100
AcDbPolyline
 90
        4
 70
     1
 43
0.0
 10
15510.87815433303
 20
14418.37240630437
 10
41440.87815433303
 20
14418.37240630437
 10
41440.87815433303
 20
14118.37240630437
 10
15510.87815433303
 20
14118.37240630437
  0
DIMENSION
  5
AC7
330
1F
100
AcDbEntity
  8
$Размеры
100
AcDbDimension
280
     0
  2
*D107
 10
15510.87815433303
 20
15584.97226019252
 30
0.0
 11
15785.87815433303
 21
15672.47226019252
 31
0.0
 70
    32
 71
     5
 42
550.0
 73
     0
 74
     0
 75
     0
  3
@TN  1-50
100
AcDbAlignedDimension
 13
16060.87815433303
 23
15078.37240630437
 33
0.0
 14
15510.87815433303
 24
15078.37240630437
 34
0.0
100
AcDbRotatedDimension
  0
DIMENSION
  5
AC8
330
1F
100
AcDbEntity
  8
$Размеры
100
AcDbDimension
280
     0
  2
*D108
 10
28625.87815433304
 20
15584.97226019252
 30
0.0
 11
22343.37815433304
 21
15672.47226019252
 31
0.0
 70
    32
 71
     5
 42
12565.0
 73
     0
 74
     0
 75
     0
  3
@TN  1-50
100
AcDbAlignedDimension
 13
16060.87815433303
 23
15078.37240630437
 33
0.0
 14
28625.87815433304
 24
15170.25652306343
 34
0.0
100
AcDbRotatedDimension
  0
DIMENSION
  5
AC9
330
1F
100
AcDbEntity
  8
$Размеры
100
AcDbDimension
280
     0
  2
*D109
 10
41190.87815433303
 20
15584.97226019252
 30
0.0
 11
34908.37815433303
 21
15672.47226019252
 31
0.0
 70
    32
 71
     5
 42
12565.0
 73
     0
 74
     0
 75
     0
  3
@TN  1-50
100
AcDbAlignedDimension
 13
28625.87815433304
 23
15170.25652306343
 33
0.0
 14
41190.87815433303
 24
15078.37240630437
 34
0.0
100
AcDbRotatedDimension
  0
DIMENSION
  5
ACA
330
1F
100
AcDbEntity
  8
$Размеры
100
AcDbDimension
280
     0
  2
*D110
 10
41440.87815433303
 20
15584.97226019252
 30
0.0
 11
41676.37497885998
 21
15672.47226019252
 31
0.0
 70
    32
 71
     5
 42
250.0
 73
     0
 74
     0
 75
     0
  3
@TN  1-50
100
AcDbAlignedDimension
 13
41190.87815433303
 23
15078.37240630437
 33
0.0
 14
41440.87815433303
 24
15078.37240630437
 34
0.0
100
AcDbRotatedDimension
  0
MULTILEADER
  5
ACB
330
1F
100
AcDbEntity
  8
$Выноски
160
              1020
310
FC0300001D0000000C00000016000000000000C00C00000033000000000000000C00000013000000993A0000D80000002600000009204F5E1144DC408CEDDE0C05F7CA40000000000000000000000000000000000000000000000000000000000000F03F000000000000F03F000000000000000000000000000000001F0438
310
043A0435044204300436043D0430044F0420003E0441044C04000000000E000000010000000000000000405F40000000000000F03F65732D3852C1D03F000000000000F03F000000000000000000000000000000000000000000000000000000000100000022000000490053004F0043005000450055005200000000000000
310
000000000000D00000002600000009204F5E3179DC40E1423462DA8ECA40000000000000000000000000000000000000000000000000000000000000F03F000000000000F03F000000000000000000000000000000001E0441044C04200034043E0440043E0433043804000000000A000000010000000000000000405F4000
310
0000000000F03F65732D3852C1D03F000000000000F03F000000000000000000000000000000000000000000000000000000000100000022000000490053004F00430050004500550052000000000000000000000000000C00000033000000000000000C00000010000000070000000C00000016000000000000C00C000000
310
170000000D0000000C00000012000000FF7F00000C0000001300000001000000880000001D00000043889E3DF11250C0D69D9484C22553C000000000000000004E3BAE3378F4DB40D69D9484C225534043889E3DF11250C000000000000000000C028CBA017ACB400000000000000000000000000000000000000000000059
310
400000000000000000000000000000000000000000000000000000000000000000000000000000F03F080000001F0000000C00000016000000000000C00C00000012000000FF7F00000C00000033000000000000000C00000013000000891300003C00000006000000020000004E3BAE3378F4DB400C028CBA017ACB400000
310
000000000000CEA1DA025233DC408CEDDE0C45E4CA4000000000000000000C00000013000000112700003C0000000600000002000000CEA1DA025233DC408CEDDE0C45E4CA4000000000000000009E1F4F5EA145DC408CEDDE0C45E4CA4000000000000000000C00000016000000000000C00C00000012000000FF7F00000C
310
00000017000000000000000C000000130000009A3A00003C00000006000000020000009E1F4F5EA145DC408CEDDE0C45E4CA400000000000000000285341F6308BDD408CEDDE0C45E4CA4000000000000000000C00000016000000000000C00C00000012000000FF7F00000C00000017000000FFFFFFFF0C00000033000000
310
00000000
100
AcDbMLeader
270
     2
300
CONTEXT_DATA{
 40
50.0
 10
28950.5213811692
 20
13768.53945528601
 30
0.0
 41
125.0
140
100.0
145
6.25
174
     6
175
     6
176
     1
177
     0
290
     1
304
Пикетажная ось\PОсь дороги
 11
0.0
 21
0.0
 31
1.0
340
7BF
 12
29604.76820569653
 22
13931.03945528601
 32
0.0
 13
1.0
 23
0.0
 33
0.0
 42
0.0
 43
0.0
 44
0.0
 45
1.0
170
     1
 90
-1073741824
171
     2
172
     5
 91
-1073741824
141
0.0
 92
        0
291
     0
292
     0
173
     0
293
     0
142
0.0
143
0.0
294
     0
295
     0
296
     0
110
28627.8781543335
120
13222.73129250134
130
0.0
111
1.0
121
0.0
131
0.0
112
0.0
122
1.0
132
0.0
297
     0
302
LEADER{
290
     1
291
     1
 10
28877.28142419625
 20
13768.53945528601
 30
0.0
 11
1.0
 21
0.0
 31
0.0
 90
        0
 40
73.23995697294595
304
LEADER_LINE{
 10
28625.87815433304
 20
14068.01350545978
 30
0.0
 91
        0
305
}
271
     0
303
}
272
     9
273
     9
301
}
340
12E
 90
 84166532
170
     1
 91
-1073741824
341
15
171
    13
290
     1
291
     1
 41
0.2932457142334897
342
2B9
 42
2.0
172
     2
343
7BF
173
     6
 95
        6
174
     1
175
     0
 92
-1073741824
292
     0
 93
-1056964608
 10
1.0
 20
1.0
 30
1.0
 43
0.0
176
     0
293
     0
294
     0
178
     0
179
     2
 45
50.0
271
     0
272
     9
273
     9
295
     0
  0
LWPOLYLINE
  5
ACC
330
1F
100
AcDbEntity
  8
$ Оси
100
AcDbPolyline
 90
        2
 70
     0
 43
0.0
 10
28625.87815433304
 20
14009.67799483707
 10
28625.87815433304
 20
15170.25652306343
  0
MTEXT
  5
ACD
102
{ACAD_XDICTIONARY
360
ACE
102
}
330
1F
100
AcDbEntity
  8
$Выноски
100
AcDbMText
 10
28625.87815433304
 20
16233.54349675613
 30
0.0
 40
120.0
 41
4623.023294470971
 46
0.0
 71
     5
 72
     5
  1
Пролетное строение\PМ1:50
  7
@ТРАНСПРОЕКТ
 73
     1
 44
1.0
101
Embedded Object
 70
     5
 10
1.0
 20
0.0
 30
0.0
 11
28625.87815433304
 21
16233.54349675613
 31
0.0
 40
4623.023294470971
 41
0.0
 42
1556.153903091735
 43
320.0
 71
     2
 72
     1
 44
4623.023294470971
 45
12.5
 73
     0
 74
     0
 46
0.0
  0
DIMENSION
  5
ACF
330
1F
100
AcDbEntity
  8
$Размеры
100
AcDbDimension
280
     0
  2
*D111
 10
42168.48999854022
 20
14118.37240630438
 30
0.0
 11
42080.98999854021
 21
14610.87240630436
 31
0.0
 70
    32
 71
     5
 42
985.0
 73
     0
 74
     0
 75
     0
  3
@TN  1-50
100
AcDbAlignedDimension
 13
41415.87815433303
 23
15103.37240630437
 33
0.0
 14
41440.87815433303
 24
14118.37240630437
 34
0.0
 50
90.0
100
AcDbRotatedDimension
  0
TEXT
  5
AD0
330
1F
100
AcDbEntity
  8
$Выноски
100
AcDbText
 10
15408.3332332627
 20
16024.91907874357
 30
0.0
 40
125.0
  1
1
 51
15.0
  7
@ТРАНСПРОЕКТ
100
AcDbText
  0
LWPOLYLINE
  5
AD1
330
1F
100
AcDbEntity
  8
$Выноски
100
AcDbPolyline
 90
        5
 70
     0
 10
15770.83323326269
 20
15774.91907874357
 40
30.0
 41
30.0
 10
15770.83323326269
 20
16024.91907874357
 40
30.0
 41
30.0
 10
15770.83323326269
 20
15924.91907874357
 40
0.0
 41
40.0
 10
15570.8332332627
 20
15924.91907874357
 40
0.0
 41
0.0
 10
15270.8332332627
 20
15924.91907874357
 40
0.0
 41
0.0
  0
TEXT
  5
AD2
330
1F
100
AcDbEntity
  8
$Выноски
100
AcDbText
 10
15408.3332332627
 20
13628.2423788931
 30
0.0
 40
125.0
  1
1
 51
15.0
  7
@ТРАНСПРОЕКТ
100
AcDbText
  0
LWPOLYLINE
  5
AD3
330
1F
100
AcDbEntity
  8
$Выноски
100
AcDbPolyline
 90
        5
 70
     0
 10
15770.83323326269
 20
14003.24237889309
 40
30.0
 41
30.0
 10
15770.83323326269
 20
13753.2423788931
 40
30.0
 41
30.0
 10
15770.83323326269
 20
13853.2423788931
 40
0.0
 41
40.0
 10
15570.8332332627
 20
13853.2423788931
 40
0.0
 41
0.0
 10
15270.8332332627
 20
13853.2423788931
 40
0.0
 41
0.0
  0
TEXT
  5
AD4
330
1F
100
AcDbEntity
  8
$Выноски
100
AcDbText
 10
28263.37815433304
 20
15907.36376009138
 30
0.0
 40
125.0
  1
2
 51
15.0
  7
@ТРАНСПРОЕКТ
100
AcDbText
  0
LWPOLYLINE
  5
AD5
330
1F
100
AcDbEntity
  8
$Выноски
100
AcDbPolyline
 90
        5
 70
     0
 10
28625.87815433304
 20
15657.36376009138
 40
30.0
 41
30.0
 10
28625.87815433304
 20
15907.36376009138
 40
30.0
 41
30.0
 10
28625.87815433304
 20
15807.36376009138
 40
0.0
 41
40.0
 10
28425.87815433303
 20
15807.36376009138
 40
0.0
 41
0.0
 10
28125.87815433303
 20
15807.36376009138
 40
0.0
 41
0.0
  0
TEXT
  5
AD6
330
1F
100
AcDbEntity
  8
$Выноски
100
AcDbText
 10
28263.37815433304
 20
13628.2423788931
 30
0.0
 40
125.0
  1
2
 51
15.0
  7
@ТРАНСПРОЕКТ
100
AcDbText
  0
LWPOLYLINE
  5
AD7
330
1F
100
AcDbEntity
  8
$Выноски
100
AcDbPolyline
 90
        5
 70
     0
 10
28625.87815433304
 20
14003.24237889309
 40
30.0
 41
30.0
 10
28625.87815433304
 20
13753.2423788931
 40
30.0
 41
30.0
 10
28625.87815433304
 20
13853.2423788931
 40
0.0
 41
40.0
 10
28425.87815433303
 20
13853.2423788931
 40
0.0
 41
0.0
 10
28125.87815433303
 20
13853.2423788931
 40
0.0
 41
0.0
  0
DIMENSION
  5
AD8
330
1F
100
AcDbEntity
  8
$Размеры
100
AcDbDimension
280
     0
  2
*D112
 10
41925.83183991474
 20
2368.107307050283
 30
0.0
 11
41838.33183991474
 21
6368.107307051436
 31
0.0
 70
    32
  1
4х2000=<>
 71
     5
 42
8000.00000000233
 73
     0
 74
     0
 75
     0
  3
@TN  1-50
100
AcDbAlignedDimension
 13
41006.92211279953
 23
10368.10730705261
 33
0.0
 14
41006.92211279953
 24
2368.107307050282
 34
0.0
 50
90.0
100
AcDbRotatedDimension
  0
DIMENSION
  5
AD9
330
1F
100
AcDbEntity
  8
$Размеры
100
AcDbDimension
280
     0
  2
*D113
 10
41925.83183991474
 20
1818.066645161736
 30
0.0
 11
41838.33183991474
 21
2093.086976105997
 31
0.0
 70
    32
 71
     5
 42
550.0406618885462
 73
     0
 74
     0
 75
     0
  3
@TN  1-50
100
AcDbAlignedDimension
 13
41006.92211279953
 23
2368.107307050282
 33
0.0
 14
41440.87815433303
 24
1818.066645161735
 34
0.0
 50
90.0
100
AcDbRotatedDimension
  0
DIMENSION
  5
ADA
330
1F
100
AcDbEntity
  8
$Размеры
100
AcDbDimension
280
     0
  2
*D114
 10
41925.83183991474
 20
1618.066645181178
 30
0.0
 11
41838.33183991474
 21
1382.56982065422
 31
0.0
 70
    32
 71
     5
 42
199.9999999805586
 73
     0
 74
     0
 75
     0
  3
@TN  1-50
100
AcDbAlignedDimension
 13
41440.87815433303
 23
1818.066645161735
 33
0.0
 14
41440.87815433303
 24
1618.066645181176
 34
0.0
 50
90.0
100
AcDbRotatedDimension
  0
DIMENSION
  5
ADB
330
1F
100
AcDbEntity
  8
$Размеры
100
AcDbDimension
280
     0
  2
*D115
 10
41925.83183991474
 20
10918.14796886689
 30
0.0
 11
41838.33183991474
 21
10643.12763795974
 31
0.0
 70
    32
 71
     5
 42
550.0406618142733
 73
     0
 74
     0
 75
     0
  3
@TN  1-50
100
AcDbAlignedDimension
 13
41006.92211279953
 23
10368.10730705261
 33
0.0
 14
41440.87815433955
 24
10918.14796886688
 34
0.0
 50
90.0
100
AcDbRotatedDimension
  0
DIMENSION
  5
ADC
330
1F
100
AcDbEntity
  8
$Размеры
100
AcDbDimension
280
     0
  2
*D116
 10
41925.83183991474
 20
11118.14796888621
 30
0.0
 11
41838.33183991474
 21
11353.64479341314
 31
0.0
 70
    32
 71
     5
 42
200.0000000193249
 73
     0
 74
     0
 75
     0
  3
@TN  1-50
100
AcDbAlignedDimension
 13
41440.87815433955
 23
10918.14796886688
 33
0.0
 14
41440.87815433955
 24
11118.14796888621
 34
0.0
 50
90.0
100
AcDbRotatedDimension
  0
DIMENSION
  5
ADD
330
1F
100
AcDbEntity
  8
$Размеры
100
AcDbDimension
280
     0
  2
*D117
 10
15510.87815433303
 20
11651.35247613096
 30
0.0
 11
15970.85617510071
 21
11738.85247613096
 31
0.0
 70
    32
 71
     5
 42
919.9560415353607
 73
     0
 74
     0
 75
     0
  3
@TN  1-50
100
AcDbAlignedDimension
 13
16430.83419586839
 23
11330.93322999614
 33
0.0
 14
15510.87815433303
 24
11118.14796888621
 34
0.0
100
AcDbRotatedDimension
  0
DIMENSION
  5
ADE
330
1F
100
AcDbEntity
  8
$Размеры
100
AcDbDimension
280
     0
  2
*D118
 10
28625.87815433304
 20
11651.35247613096
 30
0.0
 11
22528.35617510072
 21
11738.85247613096
 31
0.0
 70
    32
 71
     5
 42
12195.04395846463
 73
     0
 74
     0
 75
     0
  3
@TN  1-50
100
AcDbAlignedDimension
 13
16430.83419586839
 23
11330.93322999614
 33
0.0
 14
28625.87815433304
 24
11330.93322999614
 34
0.0
100
AcDbRotatedDimension
  0
DIMENSION
  5
ADF
330
1F
100
AcDbEntity
  8
$Размеры
100
AcDbDimension
280
     0
  2
*D119
 10
40816.92211279906
 20
11651.35247613096
 30
0.0
 11
34721.40013356605
 21
11738.85247613096
 31
0.0
 70
    32
 71
     5
 42
12191.04395846603
 73
     0
 74
     0
 75
     0
  3
@TN  1-50
100
AcDbAlignedDimension
 13
28625.87815433304
 23
11330.93322999614
 33
0.0
 14
40816.92211279906
 24
11330.97389183044
 34
0.0
100
AcDbRotatedDimension
  0
DIMENSION
  5
AE0
330
1F
100
AcDbEntity
  8
$Размеры
100
AcDbDimension
280
     0
  2
*D120
 10
41440.87815433955
 20
11651.35247613096
 30
0.0
 11
41128.9001335693
 21
11738.85247613096
 31
0.0
 70
    32
 71
     5
 42
623.9560415404849
 73
     0
 74
     0
 75
     0
  3
@TN  1-50
100
AcDbAlignedDimension
 13
40816.92211279906
 23
11330.97389183044
 33
0.0
 14
41440.87815433955
 24
11118.14796888621
 34
0.0
100
AcDbRotatedDimension
  0
LWPOLYLINE
  5
AE1
330
1F
100
AcDbEntity
  8
$Слои конструкции
100
AcDbPolyline
 90
        2
 70
     0
 43
0.0
 10
16060.87815433303
 20
10918.14796886688
 10
16060.87815433303
 20
1818.066645161735
  0
LWPOLYLINE
  5
AE2
330
1F
100
AcDbEntity
  8
$Слои конструкции
100
AcDbPolyline
 90
        2
 70
     0
 43
0.0
 10
41190.87815433303
 20
10918.14796886688
 10
41190.87815433303
 20
1818.066645161735
  0
INSERT
  5
AE3
102
{ACAD_XDICTIONARY
360
AE4
102
}
330
1F
100
AcDbEntity
  8
$ Слои конструкции $
100
AcDbBlockReference
  2
*U8
 10
28975.87815433629
 20
11018.14796888621
 30
0.0
 41
1000.0
 42
1000.0
 43
1000.0
  0
INSERT
  5
AED
102
{ACAD_XDICTIONARY
360
AEE
102
}
330
1F
100
AcDbEntity
  8
$ Слои конструкции $
100
AcDbBlockReference
  2
*U8
 10
27975.87815433629
 20
11018.14796888621
 30
0.0
 41
1000.0
 42
1000.0
 43
1000.0
  0
INSERT
  5
AF7
102
{ACAD_XDICTIONARY
360
AF8
102
}
330
1F
100
AcDbEntity
  8
$ Слои конструкции $
100
AcDbBlockReference
  2
*U8
 10
25975.87815433629
 20
11018.14796888621
 30
0.0
 41
1000.0
 42
1000.0
 43
1000.0
  0
INSERT
  5
B01
102
{ACAD_XDICTIONARY
360
B02
102
}
330
1F
100
AcDbEntity
  8
$ Слои конструкции $
100
AcDbBlockReference
  2
*U8
 10
23975.87815433629
 20
11018.14796888621
 30
0.0
 41
1000.0
 42
1000.0
 43
1000.0
  0
INSERT
  5
B0B
102
{ACAD_XDICTIONARY
360
B0C
102
}
330
1F
100
AcDbEntity
  8
$ Слои конструкции $
100
AcDbBlockReference
  2
*U8
 10
22975.87815433629
 20
11018.14796888621
 30
0.0
 41
1000.0
 42
1000.0
 43
1000.0
  0
INSERT
  5
B15
102
{ACAD_XDICTIONARY
360
B16
102
}
330
1F
100
AcDbEntity
  8
$ Слои конструкции $
100
AcDbBlockReference
  2
*U8
 10
21975.87815433629
 20
11018.14796888621
 30
0.0
 41
1000.0
 42
1000.0
 43
1000.0
  0
INSERT
  5
B1F
102
{ACAD_XDICTIONARY
360
B20
102
}
330
1F
100
AcDbEntity
  8
$ Слои конструкции $
100
AcDbBlockReference
  2
*U8
 10
20975.87815433629
 20
11018.14796888621
 30
0.0
 41
1000.0
 42
1000.0
 43
1000.0
  0
INSERT
  5
B29
102
{ACAD_XDICTIONARY
360
B2A
102
}
330
1F
100
AcDbEntity
  8
$ Слои конструкции $
100
AcDbBlockReference
  2
*U8
 10
19975.87815433629
 20
11018.14796888621
 30
0.0
 41
1000.0
 42
1000.0
 43
1000.0
  0
INSERT
  5
B33
102
{ACAD_XDICTIONARY
360
B34
102
}
330
1F
100
AcDbEntity
  8
$ Слои конструкции $
100
AcDbBlockReference
  2
*U8
 10
18975.87815433629
 20
11018.14796888621
 30
0.0
 41
1000.0
 42
1000.0
 43
1000.0
  0
INSERT
  5
B3D
102
{ACAD_XDICTIONARY
360
B3E
102
}
330
1F
100
AcDbEntity
  8
$ Слои конструкции $
100
AcDbBlockReference
  2
*U8
 10
17975.87815433629
 20
11018.14796888621
 30
0.0
 41
1000.0
 42
1000.0
 43
1000.0
  0
INSERT
  5
B47
102
{ACAD_XDICTIONARY
360
B48
102
}
330
1F
100
AcDbEntity
  8
$ Слои конструкции $
100
AcDbBlockReference
  2
*U8
 10
16975.87815433629
 20
11018.14796888621
 30
0.0
 41
1000.0
 42
1000.0
 43
1000.0
  0
INSERT
  5
B51
102
{ACAD_XDICTIONARY
360
B52
102
}
330
1F
100
AcDbEntity
  8
$ Слои конструкции $
100
AcDbBlockReference
  2
*U8
 10
15975.87815433629
 20
11018.14796888621
 30
0.0
 41
1000.0
 42
1000.0
 43
1000.0
  0
INSERT
  5
B5B
102
{ACAD_XDICTIONARY
360
B5C
102
}
330
1F
100
AcDbEntity
  8
$ Слои конструкции $
100
AcDbBlockReference
  2
*U8
 10
29975.87815433629
 20
11018.14796888621
 30
0.0
 41
1000.0
 42
1000.0
 43
1000.0
  0
INSERT
  5
B65
102
{ACAD_XDICTIONARY
360
B66
102
}
330
1F
100
AcDbEntity
  8
$ Слои конструкции $
100
AcDbBlockReference
  2
*U8
 10
31975.87815433629
 20
11018.14796888621
 30
0.0
 41
1000.0
 42
1000.0
 43
1000.0
  0
INSERT
  5
B6F
102
{ACAD_XDICTIONARY
360
B70
102
}
330
1F
100
AcDbEntity
  8
$ Слои конструкции $
100
AcDbBlockReference
  2
*U8
 10
32975.87815433629
 20
11018.14796888621
 30
0.0
 41
1000.0
 42
1000.0
 43
1000.0
  0
INSERT
  5
B79
102
{ACAD_XDICTIONARY
360
B7A
102
}
330
1F
100
AcDbEntity
  8
$ Слои конструкции $
100
AcDbBlockReference
  2
*U8
 10
33975.8781543363
 20
11018.14796888621
 30
0.0
 41
1000.0
 42
1000.0
 43
1000.0
  0
INSERT
  5
B83
102
{ACAD_XDICTIONARY
360
B84
102
}
330
1F
100
AcDbEntity
  8
$ Слои конструкции $
100
AcDbBlockReference
  2
*U8
 10
34975.87815433629
 20
11018.14796888621
 30
0.0
 41
1000.0
 42
1000.0
 43
1000.0
  0
INSERT
  5
B8D
102
{ACAD_XDICTIONARY
360
B8E
102
}
330
1F
100
AcDbEntity
  8
$ Слои конструкции $
100
AcDbBlockReference
  2
*U8
 10
35975.87815433629
 20
11018.14796888621
 30
0.0
 41
1000.0
 42
1000.0
 43
1000.0
  0
INSERT
  5
B97
102
{ACAD_XDICTIONARY
360
B98
102
}
330
1F
100
AcDbEntity
  8
$ Слои конструкции $
100
AcDbBlockReference
  2
*U8
 10
36975.87815433629
 20
11018.14796888621
 30
0.0
 41
1000.0
 42
1000.0
 43
1000.0
  0
INSERT
  5
BA1
102
{ACAD_XDICTIONARY
360
BA2
102
}
330
1F
100
AcDbEntity
  8
$ Слои конструкции $
100
AcDbBlockReference
  2
*U8
 10
37975.87815433629
 20
11018.14796888621
 30
0.0
 41
1000.0
 42
1000.0
 43
1000.0
  0
INSERT
  5
BAB
102
{ACAD_XDICTIONARY
360
BAC
102
}
330
1F
100
AcDbEntity
  8
$ Слои конструкции $
100
AcDbBlockReference
  2
*U8
 10
38975.87815433629
 20
11018.14796888621
 30
0.0
 41
1000.0
 42
1000.0
 43
1000.0
  0
INSERT
  5
BB5
102
{ACAD_XDICTIONARY
360
BB6
102
}
330
1F
100
AcDbEntity
  8
$ Слои конструкции $
100
AcDbBlockReference
  2
*U8
 10
39975.87815433629
 20
11018.14796888621
 30
0.0
 41
1000.0
 42
1000.0
 43
1000.0
  0
INSERT
  5
BBF
102
{ACAD_XDICTIONARY
360
BC0
102
}
330
1F
100
AcDbEntity
  8
$ Слои конструкции $
100
AcDbBlockReference
  2
*U8
 10
40975.87815433629
 20
11018.14796888621
 30
0.0
 41
1000.0
 42
1000.0
 43
1000.0
  0
INSERT
  5
BC9
102
{ACAD_XDICTIONARY
360
BCA
102
}
330
1F
100
AcDbEntity
  8
$ Слои конструкции $
100
AcDbBlockReference
  2
*U8
 10
24975.87815433629
 20
11018.14796888621
 30
0.0
 41
1000.0
 42
1000.0
 43
1000.0
  0
INSERT
  5
BD3
102
{ACAD_XDICTIONARY
360
BD4
102
}
330
1F
100
AcDbEntity
  8
$ Слои конструкции $
100
AcDbBlockReference
  2
*U8
 10
26975.87815433629
 20
11018.14796888621
 30
0.0
 41
1000.0
 42
1000.0
 43
1000.0
  0
INSERT
  5
BDD
102
{ACAD_XDICTIONARY
360
BDE
102
}
330
1F
100
AcDbEntity
  8
$ Слои конструкции $
100
AcDbBlockReference
  2
*U8
 10
30975.87815433629
 20
11018.14796888621
 30
0.0
 41
1000.0
 42
1000.0
 43
1000.0
  0
INSERT
  5
BE7
102
{ACAD_XDICTIONARY
360
BE8
102
}
330
1F
100
AcDbEntity
  8
$ Слои конструкции $
100
AcDbBlockReference
  2
*U8
 10
28975.87815433629
 20
1718.06664514241
 30
0.0
 41
-1000.0
 42
1000.0
 43
1000.0
 50
180.0
  0
INSERT
  5
BF1
102
{ACAD_XDICTIONARY
360
BF2
102
}
330
1F
100
AcDbEntity
  8
$ Слои конструкции $
100
AcDbBlockReference
  2
*U8
 10
27975.87815433629
 20
1718.06664514241
 30
0.0
 41
-1000.0
 42
1000.0
 43
1000.0
 50
180.0
  0
INSERT
  5
BFB
102
{ACAD_XDICTIONARY
360
BFC
102
}
330
1F
100
AcDbEntity
  8
$ Слои конструкции $
100
AcDbBlockReference
  2
*U8
 10
25975.87815433629
 20
1718.06664514241
 30
0.0
 41
-1000.0
 42
1000.0
 43
1000.0
 50
180.0
  0
INSERT
  5
C05
102
{ACAD_XDICTIONARY
360
C06
102
}
330
1F
100
AcDbEntity
  8
$ Слои конструкции $
100
AcDbBlockReference
  2
*U8
 10
23975.87815433629
 20
1718.06664514241
 30
0.0
 41
-1000.0
 42
1000.0
 43
1000.0
 50
180.0
  0
INSERT
  5
C0F
102
{ACAD_XDICTIONARY
360
C10
102
}
330
1F
100
AcDbEntity
  8
$ Слои конструкции $
100
AcDbBlockReference
  2
*U8
 10
22975.87815433629
 20
1718.06664514241
 30
0.0
 41
-1000.0
 42
1000.0
 43
1000.0
 50
180.0
  0
INSERT
  5
C19
102
{ACAD_XDICTIONARY
360
C1A
102
}
330
1F
100
AcDbEntity
  8
$ Слои конструкции $
100
AcDbBlockReference
  2
*U8
 10
21975.87815433629
 20
1718.06664514241
 30
0.0
 41
-1000.0
 42
1000.0
 43
1000.0
 50
180.0
  0
INSERT
  5
C23
102
{ACAD_XDICTIONARY
360
C24
102
}
330
1F
100
AcDbEntity
  8
$ Слои конструкции $
100
AcDbBlockReference
  2
*U8
 10
20975.87815433629
 20
1718.06664514241
 30
0.0
 41
-1000.0
 42
1000.0
 43
1000.0
 50
180.0
  0
INSERT
  5
C2D
102
{ACAD_XDICTIONARY
360
C2E
102
}
330
1F
100
AcDbEntity
  8
$ Слои конструкции $
100
AcDbBlockReference
  2
*U8
 10
19975.87815433629
 20
1718.06664514241
 30
0.0
 41
-1000.0
 42
1000.0
 43
1000.0
 50
180.0
  0
INSERT
  5
C37
102
{ACAD_XDICTIONARY
360
C38
102
}
330
1F
100
AcDbEntity
  8
$ Слои конструкции $
100
AcDbBlockReference
  2
*U8
 10
18975.87815433629
 20
1718.06664514241
 30
0.0
 41
-1000.0
 42
1000.0
 43
1000.0
 50
180.0
  0
INSERT
  5
C41
102
{ACAD_XDICTIONARY
360
C42
102
}
330
1F
100
AcDbEntity
  8
$ Слои конструкции $
100
AcDbBlockReference
  2
*U8
 10
17975.87815433629
 20
1718.06664514241
 30
0.0
 41
-1000.0
 42
1000.0
 43
1000.0
 50
180.0
  0
INSERT
  5
C4B
102
{ACAD_XDICTIONARY
360
C4C
102
}
330
1F
100
AcDbEntity
  8
$ Слои конструкции $
100
AcDbBlockReference
  2
*U8
 10
16975.87815433629
 20
1718.06664514241
 30
0.0
 41
-1000.0
 42
1000.0
 43
1000.0
 50
180.0
  0
INSERT
  5
C55
102
{ACAD_XDICTIONARY
360
C56
102
}
330
1F
100
AcDbEntity
  8
$ Слои конструкции $
100
AcDbBlockReference
  2
*U8
 10
15975.87815433629
 20
1718.06664514241
 30
0.0
 41
-1000.0
 42
1000.0
 43
1000.0
 50
180.0
  0
INSERT
  5
C5F
102
{ACAD_XDICTIONARY
360
C60
102
}
330
1F
100
AcDbEntity
  8
$ Слои конструкции $
100
AcDbBlockReference
  2
*U8
 10
29975.87815433629
 20
1718.06664514241
 30
0.0
 41
-1000.0
 42
1000.0
 43
1000.0
 50
180.0
  0
INSERT
  5
C69
102
{ACAD_XDICTIONARY
360
C6A
102
}
330
1F
100
AcDbEntity
  8
$ Слои конструкции $
100
AcDbBlockReference
  2
*U8
 10
31975.87815433629
 20
1718.06664514241
 30
0.0
 41
-1000.0
 42
1000.0
 43
1000.0
 50
180.0
  0
INSERT
  5
C73
102
{ACAD_XDICTIONARY
360
C74
102
}
330
1F
100
AcDbEntity
  8
$ Слои конструкции $
100
AcDbBlockReference
  2
*U8
 10
32975.87815433629
 20
1718.06664514241
 30
0.0
 41
-1000.0
 42
1000.0
 43
1000.0
 50
180.0
  0
INSERT
  5
C7D
102
{ACAD_XDICTIONARY
360
C7E
102
}
330
1F
100
AcDbEntity
  8
$ Слои конструкции $
100
AcDbBlockReference
  2
*U8
 10
33975.8781543363
 20
1718.06664514241
 30
0.0
 41
-1000.0
 42
1000.0
 43
1000.0
 50
180.0
  0
INSERT
  5
C87
102
{ACAD_XDICTIONARY
360
C88
102
}
330
1F
100
AcDbEntity
  8
$ Слои конструкции $
100
AcDbBlockReference
  2
*U8
 10
34975.87815433629
 20
1718.06664514241
 30
0.0
 41
-1000.0
 42
1000.0
 43
1000.0
 50
180.0
  0
INSERT
  5
C91
102
{ACAD_XDICTIONARY
360
C92
102
}
330
1F
100
AcDbEntity
  8
$ Слои конструкции $
100
AcDbBlockReference
  2
*U8
 10
35975.87815433629
 20
1718.06664514241
 30
0.0
 41
-1000.0
 42
1000.0
 43
1000.0
 50
180.0
  0
INSERT
  5
C9B
102
{ACAD_XDICTIONARY
360
C9C
102
}
330
1F
100
AcDbEntity
  8
$ Слои конструкции $
100
AcDbBlockReference
  2
*U8
 10
36975.87815433629
 20
1718.06664514241
 30
0.0
 41
-1000.0
 42
1000.0
 43
1000.0
 50
180.0
  0
INSERT
  5
CA5
102
{ACAD_XDICTIONARY
360
CA6
102
}
330
1F
100
AcDbEntity
  8
$ Слои конструкции $
100
AcDbBlockReference
  2
*U8
 10
37975.87815433629
 20
1718.06664514241
 30
0.0
 41
-1000.0
 42
1000.0
 43
1000.0
 50
180.0
  0
INSERT
  5
CAF
102
{ACAD_XDICTIONARY
360
CB0
102
}
330
1F
100
AcDbEntity
  8
$ Слои конструкции $
100
AcDbBlockReference
  2
*U8
 10
38975.87815433629
 20
1718.06664514241
 30
0.0
 41
-1000.0
 42
1000.0
 43
1000.0
 50
180.0
  0
INSERT
  5
CB9
102
{ACAD_XDICTIONARY
360
CBA
102
}
330
1F
100
AcDbEntity
  8
$ Слои конструкции $
100
AcDbBlockReference
  2
*U8
 10
39975.87815433629
 20
1718.06664514241
 30
0.0
 41
-1000.0
 42
1000.0
 43
1000.0
 50
180.0
  0
INSERT
  5
CC3
102
{ACAD_XDICTIONARY
360
CC4
102
}
330
1F
100
AcDbEntity
  8
$ Слои конструкции $
100
AcDbBlockReference
  2
*U8
 10
40975.87815433629
 20
1718.06664514241
 30
0.0
 41
-1000.0
 42
1000.0
 43
1000.0
 50
180.0
  0
INSERT
  5
CCD
102
{ACAD_XDICTIONARY
360
CCE
102
}
330
1F
100
AcDbEntity
  8
$ Слои конструкции $
100
AcDbBlockReference
  2
*U8
 10
24975.87815433629
 20
1718.06664514241
 30
0.0
 41
-1000.0
 42
1000.0
 43
1000.0
 50
180.0
  0
INSERT
  5
CD7
102
{ACAD_XDICTIONARY
360
CD8
102
}
330
1F
100
AcDbEntity
  8
$ Слои конструкции $
100
AcDbBlockReference
  2
*U8
 10
26975.87815433629
 20
1718.06664514241
 30
0.0
 41
-1000.0
 42
1000.0
 43
1000.0
 50
180.0
  0
INSERT
  5
CE1
102
{ACAD_XDICTIONARY
360
CE2
102
}
330
1F
100
AcDbEntity
  8
$ Слои конструкции $
100
AcDbBlockReference
  2
*U8
 10
30975.87815433629
 20
1718.06664514241
 30
0.0
 41
-1000.0
 42
1000.0
 43
1000.0
 50
180.0
  0
DIMENSION
  5
CEB
330
1F
100
AcDbEntity
  8
$Размеры
100
AcDbDimension
280
     0
  2
*D153
 10
15059.66748152377
 20
14118.37240630438
 30
0.0
 11
14972.16748152377
 21
14610.87240630437
 31
0.0
 70
    32
 71
     5
 42
985.0
 73
     0
 74
     0
 75
     0
  3
@TN  1-50
100
AcDbAlignedDimension
 13
15535.87815433303
 23
15103.37240630437
 33
0.0
 14
15510.87815433303
 24
14118.37240630437
 34
0.0
 50
90.0
100
AcDbRotatedDimension
  0
MULTILEADER
  5
CEC
330
1F
100
AcDbEntity
  8
$Выноски
160
              3280
310
D00C00005E0000000C00000016000000000000C00C00000033000000000000000C00000013000000993A0000C00000002600000072CAB329D3ACE3404C61CEDD368DCD40000000000000000000000000000000000000000000000000000000000000F03F000000000000F03F00000000000000000000000000000000170434
310
040000000002000000010000000000000000405F40000000000000F03F65732D3852C1D03F000000000000F03F000000000000000000000000000000000000000000000000000000000100000022000000490053004F0043005000450055005200000000000000000000000000BC0000002600000037E4ACF5AAC7E3404C61
310
CEDD368DCD40000000000000000000000000000000000000000000000000000000000000F03F000000000000F03F000000000000000000000000000000002D00000001000000010000000000000000405F40000000000000F03F65732D3852C1D03F000000000000F03F000000000000000000000000000000000000000000
310
000000000000000100000022000000490053004F0043005000450055005200000044000000610000006F00C0000000260000009833AC2306D3E3404C61CEDD368DCD40000000000000000000000000000000000000000000000000000000000000F03F000000000000F03F0000000000000000000000000000000031043E04
310
0000CD4002000000010000000000000000405F40000000000000F03F65732D3852C1D03F000000000000F03F000000000000000000000000000000000000000000000000000000000100000022000000490053004F00430050004500550052000000000000000000000000000C00000033000000000000000C000000100000
310
00070000000C00000016000000000000C00C000000170000000D0000000C00000012000000FF7F00000C0000001300000001000000880000001D00000000A10E917E96B3BF828D3885FFFF5840000000000000000067B1F2811DEEE340828D3885FFFF58C000A10E917E96B3BF00000000000000008C2A7B6FEA0DCD400000
310
000000000000000000000000000000000000000059400000000000000000000000000000000000000000000000000000000000000000000000000000F03F080000001F0000000C00000016000000000000C00C00000012000000FF7F00000C00000033000000000000000C00000013000000891300003C0000000600000002
310
00000067B1F2811DEEE3408C2A7B6FEA0DCD400000000000000000671B172123EEE3404C61CEDDB680CD4000000000000000000C0000001300000002000000880000001D00000000A10E917E96B3BF828D3885FFFF5840000000000000000067B1F2811DEEE340828D3885FFFF58C000A10E917E96B3BF0000000000000000
310
8C2A7B6FEA0DCD400000000000000000000000000000000000000000000059400000000000000000000000000000000000000000000000000000000000000000000000000000F03F080000001F0000000C00000016000000000000C00C00000012000000FF7F00000C00000033000000000000000C000000130000008A1300
310
003C000000060000000200000067B1F2811DEEE3408C2A7B6FEA0DCD400000000000000000671B172123EEE3404C61CEDDB680CD4000000000000000000C0000001300000003000000880000001D00000000A10E917E96B3BF828D3885FFFF5840000000000000000067B1F2811DEEE340828D3885FFFF58C000A10E917E96
310
B3BF00000000000000008C2A7B6FEA0DCD400000000000000000000000000000000000000000000059400000000000000000000000000000000000000000000000000000000000000000000000000000F03F080000001F0000000C00000016000000000000C00C00000012000000FF7F00000C00000033000000000000000C
310
000000130000008B1300003C000000060000000200000067B1F2811DEEE3408C2A7B6FEA0DCD400000000000000000671B172123EEE3404C61CEDDB680CD4000000000000000000C0000001300000004000000880000001D00000000A10E917E96B3BF828D3885FFFF5840000000000000000067B1F2811DEEE340828D3885
310
FFFF58C000A10E917E96B3BF00000000000000008C2A7B6FEA0DCD400000000000000000000000000000000000000000000059400000000000000000000000000000000000000000000000000000000000000000000000000000F03F080000001F0000000C00000016000000000000C00C00000012000000FF7F00000C0000
310
0033000000000000000C000000130000008C1300003C000000060000000200000067B1F2811DEEE3408C2A7B6FEA0DCD400000000000000000671B172123EEE3404C61CEDDB680CD4000000000000000000C0000001300000005000000880000001D00000000A10E917E96B3BF828D3885FFFF5840000000000000000067B1
310
F2811DEEE340828D3885FFFF58C000A10E917E96B3BF00000000000000008C2A7B6FEA0DCD400000000000000000000000000000000000000000000059400000000000000000000000000000000000000000000000000000000000000000000000000000F03F080000001F0000000C00000016000000000000C00C00000012
310
000000FF7F00000C00000033000000000000000C000000130000008D1300003C000000060000000200000067B1F2811DEEE3408C2A7B6FEA0DCD400000000000000000671B172123EEE3404C61CEDDB680CD4000000000000000000C0000001300000006000000880000001D00000000A10E917E96B3BF828D3885FFFF5840
310
000000000000000067B1F2811DEEE340828D3885FFFF58C000A10E917E96B3BF00000000000000008C2A7B6FEA0DCD400000000000000000000000000000000000000000000059400000000000000000000000000000000000000000000000000000000000000000000000000000F03F080000001F0000000C000000160000
310
00000000C00C00000012000000FF7F00000C00000033000000000000000C000000130000008E1300003C000000060000000200000067B1F2811DEEE3408C2A7B6FEA0DCD400000000000000000671B172123EEE3404C61CEDDB680CD4000000000000000000C0000001300000007000000880000001D00000000A10E917E96
310
B3BF828D3885FFFF5840000000000000000067B1F2811DEEE340828D3885FFFF58C000A10E917E96B3BF00000000000000008C2A7B6FEA0DCD400000000000000000000000000000000000000000000059400000000000000000000000000000000000000000000000000000000000000000000000000000F03F080000001F
310
0000000C00000016000000000000C00C00000012000000FF7F00000C00000033000000000000000C000000130000008F1300003C000000060000000200000067B1F2811DEEE3408C2A7B6FEA0DCD400000000000000000671B172123EEE3404C61CEDDB680CD4000000000000000000C000000130000000800000088000000
310
1D00000000A10E917E96B3BF828D3885FFFF5840000000000000000067B1F2811DEEE340828D3885FFFF58C000A10E917E96B3BF00000000000000008C2A7B6FEA0DCD400000000000000000000000000000000000000000000059400000000000000000000000000000000000000000000000000000000000000000000000
310
000000F03F080000001F0000000C00000016000000000000C00C00000012000000FF7F00000C00000033000000000000000C00000013000000901300003C000000060000000200000067B1F2811DEEE3408C2A7B6FEA0DCD400000000000000000671B172123EEE3404C61CEDDB680CD4000000000000000000C0000001300
310
000009000000880000001D00000000A10E917E96B3BF828D3885FFFF5840000000000000000067B1F2811DEEE340828D3885FFFF58C000A10E917E96B3BF00000000000000008C2A7B6FEA0DCD4000000000000000000000000000000000000000000000594000000000000000000000000000000000000000000000000000
310
00000000000000000000000000F03F080000001F0000000C00000016000000000000C00C00000012000000FF7F00000C00000033000000000000000C00000013000000911300003C000000060000000200000067B1F2811DEEE3408C2A7B6FEA0DCD400000000000000000671B172123EEE3404C61CEDDB680CD4000000000
310
000000000C00000013000000112700003C0000000600000002000000671B172123EEE3404C61CEDDB680CD4000000000000000005F4DA5EF4DECE3404C61CEDDB680CD4000000000000000000C00000016000000000000C00C00000012000000FF7F00000C00000017000000000000000C000000130000009A3A00003C0000
310
00060000000200000074CAB32963AEE3404C61CEDDB680CD4000000000000000005F4DA5EF4DECE3404C61CEDDB680CD4000000000000000000C00000016000000000000C00C00000012000000FF7F00000C00000017000000FFFFFFFF0C0000003300000000000000
100
AcDbMLeader
270
     2
300
CONTEXT_DATA{
 40
50.0
 10
40300.84884061376
 20
15105.42864398718
 30
0.0
 41
125.0
140
100.0
145
6.25
174
     6
175
     6
176
     1
177
     0
290
     1
304
Зд-бо
 11
0.0
 21
0.0
 31
1.0
340
7BF
 12
40551.64217212032
 22
15255.42864398719
 32
0.0
 13
1.0
 23
0.0
 33
0.0
 42
0.0
 43
0.0
 44
0.0
 45
1.0
170
     1
 90
-1073741824
171
     2
172
     5
 91
-1027028792
141
1.5
 92
        0
291
     1
292
     0
173
     0
293
     0
142
0.0
143
0.0
294
     0
295
     0
296
     0
110
42536.73139826236
120
14978.46015056748
130
0.0
111
1.0
121
0.0
131
0.0
112
0.0
122
1.0
132
0.0
297
     0
302
LEADER{
290
     1
291
     1
 10
40817.0977893386
 20
15105.42864398718
 30
0.0
 11
-1.0
 21
0.0
 31
0.0
 90
        0
 40
14.66228571167448
304
LEADER_LINE{
 10
40816.92211279534
 20
14875.83152713372
 30
0.0
 91
        0
305
}
304
LEADER_LINE{
 10
40816.92211279534
 20
14875.83152713372
 30
0.0
 91
        1
305
}
304
LEADER_LINE{
 10
40816.92211279534
 20
14875.83152713372
 30
0.0
 91
        2
305
}
304
LEADER_LINE{
 10
40816.92211279534
 20
14875.83152713372
 30
0.0
 91
        3
305
}
304
LEADER_LINE{
 10
40816.92211279534
 20
14875.83152713372
 30
0.0
 91
        4
305
}
304
LEADER_LINE{
 10
40816.92211279534
 20
14875.83152713372
 30
0.0
 91
        5
305
}
304
LEADER_LINE{
 10
40816.92211279534
 20
14875.83152713372
 30
0.0
 91
        6
305
}
304
LEADER_LINE{
 10
40816.92211279534
 20
14875.83152713372
 30
0.0
 91
        7
305
}
304
LEADER_LINE{
 10
40816.92211279534
 20
14875.83152713372
 30
0.0
 91
        8
305
}
271
     0
303
}
272
     9
273
     9
301
}
340
12E
 90
 84271022
170
     1
 91
-1073741824
341
15
171
    13
290
     1
291
     1
 41
1.125
342
2B9
 42
2.0
172
     2
343
7BF
173
     6
 95
        6
174
     1
175
     2
 92
-1073741824
292
     0
 93
-1056964608
 10
1.0
 20
1.0
 30
1.0
 43
0.0
176
     0
293
     0
294
     0
178
     0
179
     2
 45
50.0
271
     0
272
     9
273
     9
295
     1
  0
INSERT
  5
CED
330
1F
100
AcDbEntity
  8
$Размеры
100
AcDbBlockReference
  2
Зк д
 10
-2735489.171389675
 20
-547910.3457775799
 30
0.0
1001
mc3dCrTime
1071
1868988740
1071
 31249585
  0
INSERT
  5
CEE
330
1F
100
AcDbEntity
  8
$Размеры
100
AcDbBlockReference
  2
Зк д
 10
-2747680.215348137
 20
-547666.5248984093
 30
0.0
1001
mc3dCrTime
1071
1868988840
1071
 31249585
  0
INSERT
  5
CEF
330
1F
100
AcDbEntity
  8
$Размеры
100
AcDbBlockReference
  2
Зк д
 10
-2759875.259306603
 20
-547910.4257775801
 30
0.0
1001
mc3dCrTime
1071
1868988940
1071
 31249585
  0
INSERT
  5
CF0
330
1F
100
AcDbEntity
  8
$Слои конструкции
100
AcDbBlockReference
  2
A$C56837E69
 10
16240.8344344942
 20
2183.107267613311
 30
0.0
1001
mc3dCrTime
1071
1869076040
1071
 31249585
  0
MULTILEADER
  5
CF1
330
1F
100
AcDbEntity
  8
$Выноски
160
              3280
310
D00C00005E0000000C00000016000000000000C00C00000033000000000000000C00000013000000993A0000C000000026000000726E984E5A7CE3404C6C840AC942C640000000000000000000000000000000000000000000000000000000000000F03F000000000000F03F00000000000000000000000000000000170434
310
040000000002000000010000000000000000405F40000000000000F03F65732D3852C1D03F000000000000F03F000000000000000000000000000000000000000000000000000000000100000022000000490053004F0043005000450055005200000000000000000000000000BC000000260000003788911A3297E3404C6C
310
840AC942C640000000000000000000000000000000000000000000000000000000000000F03F000000000000F03F000000000000000000000000000000002D00000001000000010000000000000000405F40000000000000F03F65732D3852C1D03F000000000000F03F000000000000000000000000000000000000000000
310
000000000000000100000022000000490053004F0043005000450055005200000000000000000000000000C00000002600000098D790488DA2E3404C6C840AC942C640000000000000000000000000000000000000000000000000000000000000F03F000000000000F03F0000000000000000000000000000000031043E04
310
0000000002000000010000000000000000405F40000000000000F03F65732D3852C1D03F000000000000F03F000000000000000000000000000000000000000000000000000000000100000022000000490053004F00430050004500550052000000000000000000000000000C00000033000000000000000C000000100000
310
00070000000C00000016000000000000C00C000000170000000D0000000C00000012000000FF7F00000C0000001300000001000000880000001D00000075FF900F3C004240A8B71D77D95257400000000000000000A7B3F2811DEEE340A8B71D77D95257C075FF900F3C00424000000000000000000CD2A4F01240C4400000
310
000000000000000000000000000000000000000059400000000000000000000000000000000000000000000000000000000000000000000000000000F03F080000001F0000000C00000016000000000000C00C00000012000000FF7F00000C00000033000000000000000C00000013000000891300003C0000000600000002
310
000000A7B3F2811DEEE3400CD2A4F01240C440000000000000000067BFFB45AABDE3404C6C840A4936C64000000000000000000C0000001300000002000000880000001D00000075FF900F3C004240A8B71D77D95257400000000000000000A7B3F2811DEEE340A8B71D77D95257C075FF900F3C0042400000000000000000
310
0CD2A4F01240C4400000000000000000000000000000000000000000000059400000000000000000000000000000000000000000000000000000000000000000000000000000F03F080000001F0000000C00000016000000000000C00C00000012000000FF7F00000C00000033000000000000000C000000130000008A1300
310
003C0000000600000002000000A7B3F2811DEEE3400CD2A4F01240C440000000000000000067BFFB45AABDE3404C6C840A4936C64000000000000000000C0000001300000003000000880000001D00000075FF900F3C004240A8B71D77D95257400000000000000000A7B3F2811DEEE340A8B71D77D95257C075FF900F3C00
310
424000000000000000000CD2A4F01240C4400000000000000000000000000000000000000000000059400000000000000000000000000000000000000000000000000000000000000000000000000000F03F080000001F0000000C00000016000000000000C00C00000012000000FF7F00000C00000033000000000000000C
310
000000130000008B1300003C0000000600000002000000A7B3F2811DEEE3400CD2A4F01240C440000000000000000067BFFB45AABDE3404C6C840A4936C64000000000000000000C0000001300000004000000880000001D00000075FF900F3C004240A8B71D77D95257400000000000000000A7B3F2811DEEE340A8B71D77
310
D95257C075FF900F3C00424000000000000000000CD2A4F01240C4400000000000000000000000000000000000000000000059400000000000000000000000000000000000000000000000000000000000000000000000000000F03F080000001F0000000C00000016000000000000C00C00000012000000FF7F00000C0000
310
0033000000000000000C000000130000008C1300003C0000000600000002000000A7B3F2811DEEE3400CD2A4F01240C440000000000000000067BFFB45AABDE3404C6C840A4936C64000000000000000000C0000001300000005000000880000001D00000075FF900F3C004240A8B71D77D95257400000000000000000A7B3
310
F2811DEEE340A8B71D77D95257C075FF900F3C00424000000000000000000CD2A4F01240C4400000000000000000000000000000000000000000000059400000000000000000000000000000000000000000000000000000000000000000000000000000F03F080000001F0000000C00000016000000000000C00C00000012
310
000000FF7F00000C00000033000000000000000C000000130000008D1300003C0000000600000002000000A7B3F2811DEEE3400CD2A4F01240C440000000000000000067BFFB45AABDE3404C6C840A4936C64000000000000000000C0000001300000006000000880000001D00000075FF900F3C004240A8B71D77D9525740
310
0000000000000000A7B3F2811DEEE340A8B71D77D95257C075FF900F3C00424000000000000000000CD2A4F01240C4400000000000000000000000000000000000000000000059400000000000000000000000000000000000000000000000000000000000000000000000000000F03F080000001F0000000C000000160000
310
00000000C00C00000012000000FF7F00000C00000033000000000000000C000000130000008E1300003C0000000600000002000000A7B3F2811DEEE3400CD2A4F01240C440000000000000000067BFFB45AABDE3404C6C840A4936C64000000000000000000C0000001300000007000000880000001D00000075FF900F3C00
310
4240A8B71D77D95257400000000000000000A7B3F2811DEEE340A8B71D77D95257C075FF900F3C00424000000000000000000CD2A4F01240C4400000000000000000000000000000000000000000000059400000000000000000000000000000000000000000000000000000000000000000000000000000F03F080000001F
310
0000000C00000016000000000000C00C00000012000000FF7F00000C00000033000000000000000C000000130000008F1300003C0000000600000002000000A7B3F2811DEEE3400CD2A4F01240C440000000000000000067BFFB45AABDE3404C6C840A4936C64000000000000000000C000000130000000800000088000000
310
1D00000075FF900F3C004240A8B71D77D95257400000000000000000A7B3F2811DEEE340A8B71D77D95257C075FF900F3C00424000000000000000000CD2A4F01240C4400000000000000000000000000000000000000000000059400000000000000000000000000000000000000000000000000000000000000000000000
310
000000F03F080000001F0000000C00000016000000000000C00C00000012000000FF7F00000C00000033000000000000000C00000013000000901300003C0000000600000002000000A7B3F2811DEEE3400CD2A4F01240C440000000000000000067BFFB45AABDE3404C6C840A4936C64000000000000000000C0000001300
310
000009000000880000001D00000075FF900F3C004240A8B71D77D95257400000000000000000A7B3F2811DEEE340A8B71D77D95257C075FF900F3C00424000000000000000000CD2A4F01240C44000000000000000000000000000000000000000000000594000000000000000000000000000000000000000000000000000
310
00000000000000000000000000F03F080000001F0000000C00000016000000000000C00C00000012000000FF7F00000C00000033000000000000000C00000013000000911300003C0000000600000002000000A7B3F2811DEEE3400CD2A4F01240C440000000000000000067BFFB45AABDE3404C6C840A4936C64000000000
310
000000000C00000013000000112700003C000000060000000200000067BFFB45AABDE3404C6C840A4936C64000000000000000005FF18914D5BBE3404C6C840A4936C64000000000000000000C00000016000000000000C00C00000012000000FF7F00000C00000017000000000000000C000000130000009A3A00003C0000
310
000600000002000000746E984EEA7DE3404C6C840A4936C64000000000000000005FF18914D5BBE3404C6C840A4936C64000000000000000000C00000016000000000000C00C00000012000000FF7F00000C00000017000000FFFFFFFF0C0000003300000000000000
100
AcDbMLeader
270
     2
300
CONTEXT_DATA{
 40
50.0
 10
39913.07209416936
 20
11372.57063346184
 30
0.0
 41
125.0
140
100.0
145
6.25
174
     6
175
     6
176
     1
177
     0
290
     1
304
Зд-бо
 11
0.0
 21
0.0
 31
1.0
340
7BF
 12
40163.86542567592
 22
11522.57063346183
 32
0.0
 13
1.0
 23
0.0
 33
0.0
 42
0.0
 43
0.0
 44
0.0
 45
1.0
170
     1
 90
-1073741824
171
     2
172
     5
 91
-1027028792
141
1.5
 92
        0
291
     1
292
     0
173
     0
293
     0
142
0.0
143
0.0
294
     0
295
     0
296
     0
110
42573.69406904681
120
10761.47511466164
130
0.0
111
1.0
121
0.0
131
0.0
112
0.0
122
1.0
132
0.0
297
     0
302
LEADER{
290
     1
291
     1
 10
40429.3210428942
 20
11372.57063346184
 30
0.0
 11
-1.0
 21
0.0
 31
0.0
 90
        0
 40
14.66228571167448
304
LEADER_LINE{
 10
40816.92211279953
 20
10368.14796886688
 30
0.0
 91
        0
305
}
304
LEADER_LINE{
 10
40816.92211279953
 20
10368.14796886688
 30
0.0
 91
        1
305
}
304
LEADER_LINE{
 10
40816.92211279953
 20
10368.14796886688
 30
0.0
 91
        2
305
}
304
LEADER_LINE{
 10
40816.92211279953
 20
10368.14796886688
 30
0.0
 91
        3
305
}
304
LEADER_LINE{
 10
40816.92211279953
 20
10368.14796886688
 30
0.0
 91
        4
305
}
304
LEADER_LINE{
 10
40816.92211279953
 20
10368.14796886688
 30
0.0
 91
        5
305
}
304
LEADER_LINE{
 10
40816.92211279953
 20
10368.14796886688
 30
0.0
 91
        6
305
}
304
LEADER_LINE{
 10
40816.92211279953
 20
10368.14796886688
 30
0.0
 91
        7
305
}
304
LEADER_LINE{
 10
40816.92211279953
 20
10368.14796886688
 30
0.0
 91
        8
305
}
271
     0
303
}
272
     9
273
     9
301
}
340
12E
 90
 84271022
170
     1
 91
-1073741824
341
15
171
    13
290
     1
291
     1
 41
1.125
342
2B9
 42
2.0
172
     2
343
7BF
173
     6
 95
        6
174
     1
175
     2
 92
-1073741824
292
     0
 93
-1056964608
 10
1.0
 20
1.0
 30
1.0
 43
0.0
176
     0
293
     0
294
     0
178
     0
179
     2
 45
50.0
271
     0
272
     9
273
     9
295
     1
  0
LWPOLYLINE
  5
CF2
330
1F
100
AcDbEntity
  8
$Выноски
100
AcDbPolyline
 90
        2
 70
     0
 43
0.0
 10
40429.3210428942
 20
3372.61129527611
 10
40429.3210428942
 20
11372.57063346184
  0
LWPOLYLINE
  5
CF3
330
1F
100
AcDbEntity
  8
$Выноски
100
AcDbPolyline
 90
        2
 70
     0
 43
0.0
 10
40816.92211279953
 20
8368.147968866418
 10
40429.3210428942
 20
9372.570633461371
  0
LWPOLYLINE
  5
CF4
330
1F
100
AcDbEntity
  8
$Выноски
100
AcDbPolyline
 90
        2
 70
     0
 43
0.0
 10
40816.92211279953
 20
6368.147968866417
 10
40429.3210428942
 20
7372.57063346137
  0
LWPOLYLINE
  5
CF5
330
1F
100
AcDbEntity
  8
$Выноски
100
AcDbPolyline
 90
        2
 70
     0
 43
0.0
 10
40816.92211279953
 20
4368.188630681157
 10
40429.3210428942
 20
5372.61129527611
  0
LWPOLYLINE
  5
CF6
330
1F
100
AcDbEntity
  8
$Выноски
100
AcDbPolyline
 90
        2
 70
     0
 43
0.0
 10
40816.92211279953
 20
2368.188630681157
 10
40429.3210428942
 20
3372.61129527611
  0
DIMENSION
  5
CF7
330
1F
100
AcDbEntity
  8
$Слои конструкции
100
AcDbDimension
280
     0
  2
*D154
 10
14687.85319469573
 20
1618.066645180945
 30
0.0
 11
14600.35319469573
 21
6368.107307033573
 31
0.0
 70
    32
 71
     5
 42
9500.081323705266
 73
     0
 74
     0
 75
     0
  3
@TN  1-50
100
AcDbAlignedDimension
 13
15510.87815433303
 23
11118.14796888621
 33
0.0
 14
15510.87815433303
 24
1618.066645180944
 34
0.0
 50
90.0
100
AcDbRotatedDimension
  0
LWPOLYLINE
  5
CF8
330
1F
100
AcDbEntity
  8
$Слои конструкции
100
AcDbPolyline
 90
       16
 70
     1
 43
0.0
 10
9872.853830031871
 20
14452.90715905444
 10
10172.81492311489
 20
14152.87275627572
 10
10972.89273694931
 20
14152.87275627572
 10
10972.89273694931
 20
14386.33586322821
 10
11172.8573399026
 20
14586.33586322821
 10
11172.8573399026
 20
14786.33586322821
 10
10972.8573231658
 20
14795.33589849728
 10
10972.85383003187
 20
15159.65274705635
 10
1872.776016197453
 20
15114.1524342755
 10
1872.776016197453
 20
14749.6775161999
 10
1672.776016197453
 20
14738.67751787663
 10
1672.776016197453
 20
14538.67751787663
 10
1872.776016197453
 20
14338.67751787663
 10
1872.776016197453
 20
14118.37240630437
 10
2672.776016197453
 20
14118.37240630437
 10
2972.772266280191
 20
14418.37240630437
  0
LWPOLYLINE
  5
CF9
330
1F
100
AcDbEntity
  8
∅25
100
AcDbPolyline
 90
        2
 70
     0
 43
0.0
 10
1772.776016197453
 20
14744.17751703832
 10
1772.776016197453
 20
14944.17751703832
  0
LWPOLYLINE
  5
CFA
330
1F
100
AcDbEntity
  8
∅25
100
AcDbPolyline
 90
        2
 70
     0
 43
0.0
 10
11072.8573315342
 20
14790.8358808628
 10
11072.8573315342
 20
14990.8358808628
  0
DIMENSION
  5
CFB
330
1F
100
AcDbEntity
  8
$Слои конструкции
100
AcDbDimension
280
     0
  2
*D155
 10
1423.203870834603
 20
14118.37240630438
 30
0.0
 11
1335.703870834607
 21
13882.87558177743
 31
0.0
 70
    32
 71
     5
 42
220.3051115722628
 73
     0
 74
     0
 75
     0
  3
@TN  1-50
100
AcDbAlignedDimension
 13
1872.776016197453
 23
14338.67751787663
 33
0.0
 14
1872.776016197453
 24
14118.37240630437
 34
0.0
 50
90.0
100
AcDbRotatedDimension
  0
DIMENSION
  5
CFC
330
1F
100
AcDbEntity
  8
$Слои конструкции
100
AcDbDimension
280
     0
  2
*D156
 10
1423.203870834603
 20
14338.67751787664
 30
0.0
 11
1169.490968495427
 21
14413.83185393109
 31
0.0
 70
   160
 71
     5
 42
200.0
 73
     0
 74
     0
 75
     0
  3
@TN  1-50
100
AcDbAlignedDimension
 13
1672.776016197453
 23
14538.67751787663
 33
0.0
 14
1872.776016197453
 24
14338.67751787663
 34
0.0
 50
90.0
100
AcDbRotatedDimension
1001
ACAD
1000
DSTYLE
1002
{
1070
   279
1070
     1
1002
}
  0
DIMENSION
  5
CFD
330
1F
100
AcDbEntity
  8
$Слои конструкции
100
AcDbDimension
280
     0
  2
*D157
 10
1423.203870834599
 20
14738.67751787664
 30
0.0
 11
1423.203870834602
 21
14638.67751787663
 31
0.0
 70
   160
 71
     5
 42
200.0
 73
     0
 74
     0
 75
     0
  3
@TN  1-50
100
AcDbAlignedDimension
 13
1672.776016197453
 23
14538.67751787663
 33
0.0
 14
1672.776016197453
 24
14738.67751787663
 34
0.0
 50
90.0
100
AcDbRotatedDimension
  0
DIMENSION
  5
CFE
330
1F
100
AcDbEntity
  8
$Слои конструкции
100
AcDbDimension
280
     0
  2
*D158
 10
1423.203870834603
 20
14749.67751619991
 30
0.0
 11
1169.490968495427
 21
14769.01998392378
 31
0.0
 70
   160
 71
     5
 42
10.99999832327012
 73
     0
 74
     0
 75
     0
  3
@TN  1-50
100
AcDbAlignedDimension
 13
1672.776016197453
 23
14738.67751787663
 33
0.0
 14
1872.776016197453
 24
14749.6775161999
 34
0.0
 50
90.0
100
AcDbRotatedDimension
1001
ACAD
1000
DSTYLE
1002
{
1070
   279
1070
     1
1002
}
  0
DIMENSION
  5
CFF
330
1F
100
AcDbEntity
  8
$Слои конструкции
100
AcDbDimension
280
     0
  2
*D159
 10
1423.203870834603
 20
14749.67751619991
 30
0.0
 11
1335.703870834607
 21
14931.91497523771
 31
0.0
 70
    32
 71
     5
 42
364.4749180756044
 73
     0
 74
     0
 75
     0
  3
@TN  1-50
100
AcDbAlignedDimension
 13
1872.776016197453
 23
15114.1524342755
 33
0.0
 14
1872.776016197453
 24
14749.6775161999
 34
0.0
 50
90.0
100
AcDbRotatedDimension
  0
HATCH
  5
D00
330
1F
100
AcDbEntity
  8
$Размеры
 62
     8
100
AcDbHatch
 10
0.0
 20
0.0
 30
0.0
210
0.0
220
0.0
230
1.0
  2
ANSI35
 70
     0
 71
     0
 91
        2
 92
        1
 93
       16
 72
     1
 10
9872.853830031871
 20
14452.90715905444
 11
10172.81492311489
 21
14152.87275627572
 72
     1
 10
10172.81492311489
 20
14152.87275627572
 11
10972.89273694931
 21
14152.87275627572
 72
     1
 10
10972.89273694931
 20
14152.87275627572
 11
10972.89273694931
 21
14386.33586322821
 72
     1
 10
10972.89273694931
 20
14386.33586322821
 11
11172.8573399026
 21
14586.33586322821
 72
     1
 10
11172.8573399026
 20
14586.33586322821
 11
11172.8573399026
 21
14786.33586322821
 72
     1
 10
11172.8573399026
 20
14786.33586322821
 11
10972.8573231658
 21
14795.33589849728
 72
     1
 10
10972.8573231658
 20
14795.33589849728
 11
10972.85383003187
 21
15159.65274705635
 72
     1
 10
10972.85383003187
 20
15159.65274705635
 11
1872.776016197453
 21
15114.1524342755
 72
     1
 10
1872.776016197453
 20
15114.1524342755
 11
1872.776016197453
 21
14749.6775161999
 72
     1
 10
1872.776016197453
 20
14749.6775161999
 11
1672.776016197453
 21
14738.67751787663
 72
     1
 10
1672.776016197453
 20
14738.67751787663
 11
1672.776016197453
 21
14538.67751787663
 72
     1
 10
1672.776016197453
 20
14538.67751787663
 11
1872.776016197453
 21
14338.67751787663
 72
     1
 10
1872.776016197453
 20
14338.67751787663
 11
1872.776016197453
 21
14118.37240630437
 72
     1
 10
1872.776016197453
 20
14118.37240630437
 11
2672.776016197453
 21
14118.37240630437
 72
     1
 10
2672.776016197453
 20
14118.37240630437
 11
2972.772266280191
 21
14418.37240630437
 72
     1
 10
2972.772266280191
 20
14418.37240630437
 11
9872.853830031871
 21
14452.90715905444
 97
        0
 92
       17
 93
        3
 72
     1
 10
6358.258181399485
 20
14435.31668702585
 11
6600.77528954838
 21
14436.53047968763
 72
     1
 10
6600.77528954838
 20
14436.53047968763
 11
6184.908829954273
 21
14434.44907742787
 72
     1
 10
6184.908829954273
 20
14434.44907742787
 11
6358.258181399485
 21
14435.31668702585
 97
        0
 75
     1
 76
     1
 52
0.0
 41
1000.0
 77
     0
 78
     2
 53
45.0
 43
-2722284.306018746
 44
-587729.1267989738
 45
-176.7766952966368
 46
176.7766952966369
 79
     0
 53
45.0
 43
-2722107.529323746
 44
-587729.1267989738
 45
-176.7766952966368
 46
176.7766952966369
 79
     4
 49
312.5
 49
-62.5
 49
0.0
 49
-62.5
 98
        1
 10
4773.193541056296
 20
14638.16323272851
1001
GradientColor1ACI
1070
     5
1001
GradientColor2ACI
1070
     2
1001
ACAD
1010
0.0
1020
0.0
1030
0.0
  0
DIMENSION
  5
D01
330
1F
100
AcDbEntity
  8
$Размеры
100
AcDbDimension
280
     0
  2
*D160
 10
3681.329253092225
 20
14118.37240630438
 30
0.0
 11
3681.329253092228
 21
13882.87558177743
 31
0.0
 70
   160
 71
     5
 42
300.0
 73
     0
 74
     0
 75
     0
  3
@TN  1-50
100
AcDbAlignedDimension
 13
2972.772266280191
 23
14418.37240630437
 33
0.0
 14
2672.776016197453
 24
14118.37240630437
 34
0.0
 50
90.0
100
AcDbRotatedDimension
  0
DIMENSION
  5
D02
330
1F
100
AcDbEntity
  8
$Размеры
100
AcDbDimension
280
     0
  2
*D161
 10
1872.776016197453
 20
13484.37858292916
 30
0.0
 11
2272.776016197453
 21
13571.87858292916
 31
0.0
 70
    32
 71
     5
 42
800.0
 73
     0
 74
     0
 75
     0
  3
@TN  1-50
100
AcDbAlignedDimension
 13
2672.776016197453
 23
14118.37240630437
 33
0.0
 14
1872.776016197453
 24
14118.37240630437
 34
0.0
100
AcDbRotatedDimension
  0
DIMENSION
  5
D03
330
1F
100
AcDbEntity
  8
$Размеры
100
AcDbDimension
280
     0
  2
*D162
 10
10172.77601619745
 20
13484.37858292916
 30
0.0
 11
6422.776016197452
 21
13571.87858292916
 31
0.0
 70
    32
 71
     5
 42
7500.0
 73
     0
 74
     0
 75
     0
  3
@TN  1-50
100
AcDbAlignedDimension
 13
2672.776016197453
 23
14118.37240630437
 33
0.0
 14
10172.77601619745
 24
14152.90715905444
 34
0.0
100
AcDbRotatedDimension
  0
DIMENSION
  5
D04
330
1F
100
AcDbEntity
  8
$Размеры
100
AcDbDimension
280
     0
  2
*D163
 10
10972.8538298484
 20
13484.37858292916
 30
0.0
 11
10572.81492302292
 21
13571.87858292916
 31
0.0
 70
    32
 71
     5
 42
800.077813650947
 73
     0
 74
     0
 75
     0
  3
@TN  1-50
100
AcDbAlignedDimension
 13
10172.77601619745
 23
14152.90715905444
 33
0.0
 14
10972.8538298484
 24
14152.89503697354
 34
0.0
100
AcDbRotatedDimension
  0
DIMENSION
  5
D05
330
1F
100
AcDbEntity
  8
$Слои конструкции
100
AcDbDimension
280
     0
  2
*D164
 10
4611.295009198166
 20
14426.57316515525
 30
0.0
 11
4612.552528081283
 21
14175.32147288767
 31
0.0
 70
   161
 71
     5
 42
701.2617187733903
 73
     0
 74
     0
 75
     0
  3
@TN  1-50
100
AcDbAlignedDimension
 13
4877.772925077757
 23
15129.17739362819
 33
0.0
 14
4881.282707640256
 24
14427.92445805974
 34
0.0
  0
DIMENSION
  5
D06
330
1F
100
AcDbEntity
  8
$Слои конструкции
100
AcDbDimension
280
     0
  2
*D165
 10
1672.776016197453
 20
15505.5320547675
 30
0.0
 11
1437.279191670508
 21
15593.0320547675
 31
0.0
 70
    32
 71
     5
 42
200.0
 73
     0
 74
     0
 75
     0
  3
@TN  1-50
100
AcDbAlignedDimension
 13
1872.776016197453
 23
15114.1524342755
 33
0.0
 14
1672.776016197453
 24
14738.67751787663
 34
0.0
100
AcDbRotatedDimension
  0
DIMENSION
  5
D07
330
1F
100
AcDbEntity
  8
$Слои конструкции
100
AcDbDimension
280
     0
  2
*D166
 10
10972.85383003187
 20
15505.5320547675
 30
0.0
 11
6422.814923114661
 21
15593.0320547675
 31
0.0
 70
    32
 71
     5
 42
9100.077813834417
 73
     0
 74
     0
 75
     0
  3
@TN  1-50
100
AcDbAlignedDimension
 13
1872.776016197453
 23
15114.1524342755
 33
0.0
 14
10972.85383003187
 24
15159.65274705635
 34
0.0
100
AcDbRotatedDimension
  0
DIMENSION
  5
D08
330
1F
100
AcDbEntity
  8
$Слои конструкции
100
AcDbDimension
280
     0
  2
*D167
 10
11172.8573399026
 20
15505.5320547675
 30
0.0
 11
11408.35416442954
 21
15593.0320547675
 31
0.0
 70
    32
 71
     5
 42
200.0035098707303
 73
     0
 74
     0
 75
     0
  3
@TN  1-50
100
AcDbAlignedDimension
 13
10972.85383003187
 23
15159.65274705635
 33
0.0
 14
11172.8573399026
 24
14786.33586322821
 34
0.0
100
AcDbRotatedDimension
  0
DIMENSION
  5
D09
330
1F
100
AcDbEntity
  8
$Слои конструкции
100
AcDbDimension
280
     0
  2
*D168
 10
11172.8573399026
 20
15763.81347872691
 30
0.0
 11
6422.816678050027
 21
15851.31347872691
 31
0.0
 70
    32
 71
     5
 42
9500.081323705147
 73
     0
 74
     0
 75
     0
  3
@TN  1-50
100
AcDbAlignedDimension
 13
1672.776016197453
 23
14738.67751787663
 33
0.0
 14
11172.8573399026
 24
14786.33586322821
 34
0.0
100
AcDbRotatedDimension
  0
MTEXT
  5
D0A
102
{ACAD_XDICTIONARY
360
D0B
102
}
330
1F
100
AcDbEntity
  8
$Выноски
100
AcDbMText
 10
6422.776016197452
 20
16207.70884706292
 30
0.0
 40
120.0
 41
729.8306467963848
 46
0.0
 71
     5
 72
     5
  1
2-2
  7
@ТРАНСПРОЕКТ
 73
     1
 44
1.0
101
Embedded Object
 70
     5
 10
1.0
 20
0.0
 30
0.0
 11
6422.776016197452
 21
16207.70884706292
 31
0.0
 40
729.8306467963848
 41
0.0
 42
260.1539030917347
 43
120.0
 71
     2
 72
     1
 44
729.8306467963848
 45
12.5
 73
     0
 74
     0
 46
0.0
  0
MULTILEADER
  5
D0C
330
1F
100
AcDbEntity
  8
$Выноски
160
               608
310
60020000170000000C00000016000000000000C00C00000033000000000000000C00000013000000993A0000C00000002600000025E05C9553E0B8404C0B1F2E74DCCD40000000000000000000000000000000000000000000000000000000000000F03F000000000000F03F17C049D3DA65BABC0000000000000000350030
310
200000000002000000010000000000000000405F40000000000000F03F65732D3852C1D03F000000000000F03F000000000000000000000000000000000000000000000000000000000100000022000000490053004F00430050004500550052000000000000000000000000000C00000033000000000000000C0000001000
310
0000070000000C00000016000000000000C00C000000170000000D0000000C00000012000000FF7F00000C00000013000000010000000C00000013000000891300003C00000006000000020000003A4D237E5AC9B8404C6D841D8DFCCD4000000000000000003A3369899D47B8404C0B1F2EF4CFCD4000000000000000000C
310
00000013000000112700003C00000006000000020000003A3369899D47B8404C0B1F2EF4CFCD40000000000000000053DF5C9593E6B8404C0B1F2EF4CFCD4000000000000000000C00000016000000000000C00C00000012000000FF7F00000C00000017000000000000000C000000130000009A3A00003C00000006000000
310
0200000053DF5C9593E6B8404C0B1F2EF4CFCD4000000000000000007CAD25F551D6B9404C0B1F2EF4CFCD4000000000000000000C00000016000000000000C00C00000012000000FF7F00000C00000017000000FFFFFFFF0C0000003300000000000000
100
AcDbMLeader
270
     2
300
CONTEXT_DATA{
 40
100.0
 10
6374.576497845194
 20
15263.90765750934
 30
0.0
 41
125.0
140
100.0
145
6.25
174
     6
175
     6
176
     1
177
     0
290
     1
304
5‰
 11
0.0
 21
0.0
 31
1.0
340
7BF
 12
6497.573322372331
 22
15413.90765750934
 32
0.0
 13
1.0
 23
-0.0000000000000004
 33
0.0
 42
0.0
 43
0.0
 44
0.0
 45
1.0
170
     1
 90
-1073741824
171
     2
172
     5
 91
-1073741824
141
0.0
 92
        0
291
     0
292
     0
173
     0
293
     0
142
0.0
143
0.0
294
     0
295
     0
296
     0
110
4882.925884583319
120
15588.45242529702
130
0.0
111
1.0
121
-0.0000000000000004
131
0.0
112
0.0000000000000004
122
1.0
132
0.0
297
     0
302
LEADER{
290
     1
291
     1
 10
6215.615377974517
 20
15263.90765750934
 30
0.0
 11
1.0
 21
-0.0000000000000004
 31
0.0
 90
        0
 40
158.961119870678
304
LEADER_LINE{
 10
6345.353487211565
 20
15353.10246329629
 30
0.0
 91
        0
305
}
271
     0
303
}
272
     9
273
     9
301
}
340
12E
 90
 84166532
170
     1
 91
-1073741824
341
15
171
    13
290
     1
291
     1
 41
0.2932457142334897
342
2B9
 42
2.0
172
     2
343
7BF
173
     6
 95
        6
174
     1
175
     0
 92
-1073741824
292
     0
 93
-1056964608
 10
1.0
 20
1.0
 30
1.0
 43
0.0
176
     0
293
     0
294
     0
178
     0
179
     2
 45
100.0
271
     0
272
     9
273
     9
295
     0
  0
DIMENSION
  5
D0D
330
1F
100
AcDbEntity
  8
$Слои конструкции
100
AcDbDimension
280
     0
  2
*D169
 10
2972.772266280191
 20
13779.65039447045
 30
0.0
 11
3208.269090807137
 21
13867.15039447045
 31
0.0
 70
    32
 71
     5
 42
299.9962500827387
 73
     0
 74
     0
 75
     0
  3
@TN  1-50
100
AcDbAlignedDimension
 13
2672.776016197453
 23
14118.37240630437
 33
0.0
 14
2972.772266280191
 24
14418.37240630437
 34
0.0
100
AcDbRotatedDimension
  0
DIMENSION
  5
D0E
330
1F
100
AcDbEntity
  8
$Слои конструкции
100
AcDbDimension
280
     0
  2
*D170
 10
11422.422225477
 20
14152.87275627572
 30
0.0
 11
11334.922225477
 21
13917.37593174877
 31
0.0
 70
    32
 71
     5
 42
233.4204425665084
 73
     0
 74
     0
 75
     0
  3
@TN  1-50
100
AcDbAlignedDimension
 13
10972.85008011414
 23
14386.29319884223
 33
0.0
 14
10972.89273694931
 24
14152.87275627572
 34
0.0
 50
90.0
100
AcDbRotatedDimension
  0
DIMENSION
  5
D0F
330
1F
100
AcDbEntity
  8
$Слои конструкции
100
AcDbDimension
280
     0
  2
*D171
 10
11422.422225477
 20
14386.29319884223
 30
0.0
 11
11676.13512781617
 21
14460.82661092912
 31
0.0
 70
   160
 71
     5
 42
200.0354033124168
 73
     0
 74
     0
 75
     0
  3
@TN  1-50
100
AcDbAlignedDimension
 13
11172.85008011414
 23
14586.32860215464
 33
0.0
 14
10972.85008011414
 24
14386.29319884223
 34
0.0
 50
90.0
100
AcDbRotatedDimension
1001
ACAD
1000
DSTYLE
1002
{
1070
   279
1070
     1
1002
}
  0
DIMENSION
  5
D10
330
1F
100
AcDbEntity
  8
$Слои конструкции
100
AcDbDimension
280
     0
  2
*D172
 10
11422.42222547699
 20
14786.33586322822
 30
0.0
 11
11422.42222547699
 21
14686.33223269143
 31
0.0
 70
   160
 71
     5
 42
200.0072610735661
 73
     0
 74
     0
 75
     0
  3
@TN  1-50
100
AcDbAlignedDimension
 13
11172.85008011414
 23
14586.32860215464
 33
0.0
 14
11172.8573399026
 24
14786.33586322821
 34
0.0
 50
90.0
100
AcDbRotatedDimension
  0
DIMENSION
  5
D11
330
1F
100
AcDbEntity
  8
$Слои конструкции
100
AcDbDimension
280
     0
  2
*D173
 10
11422.422225477
 20
14795.33589849729
 30
0.0
 11
11676.13512781617
 21
14765.90784095672
 31
0.0
 70
   160
 71
     5
 42
9.000035269069485
 73
     0
 74
     0
 75
     0
  3
@TN  1-50
100
AcDbAlignedDimension
 13
11172.8573399026
 23
14786.33586322821
 33
0.0
 14
10972.8573231658
 24
14795.33589849728
 34
0.0
 50
90.0
100
AcDbRotatedDimension
1001
ACAD
1000
DSTYLE
1002
{
1070
   279
1070
     1
1002
}
  0
DIMENSION
  5
D12
330
1F
100
AcDbEntity
  8
$Слои конструкции
100
AcDbDimension
280
     0
  2
*D174
 10
11422.422225477
 20
14795.33589849729
 30
0.0
 11
11334.922225477
 21
14977.49432277682
 31
0.0
 70
    32
 71
     5
 42
364.3168485590722
 73
     0
 74
     0
 75
     0
  3
@TN  1-50
100
AcDbAlignedDimension
 13
10972.85383003187
 23
15159.65274705635
 33
0.0
 14
10972.8573231658
 24
14795.33589849728
 34
0.0
 50
90.0
100
AcDbRotatedDimension
  0
DIMENSION
  5
D13
330
1F
100
AcDbEntity
  8
$Слои конструкции
100
AcDbDimension
280
     0
  2
*D175
 10
9872.853830031871
 20
13779.65039447045
 30
0.0
 11
9637.357005504926
 21
13867.15039447045
 31
0.0
 70
    32
 71
     5
 42
299.961093083024
 73
     0
 74
     0
 75
     0
  3
@TN  1-50
100
AcDbAlignedDimension
 13
10172.81492311489
 23
14152.87275627572
 33
0.0
 14
9872.853830031871
 24
14452.90715905444
 34
0.0
100
AcDbRotatedDimension
  0
DIMENSION
  5
D14
330
1F
100
AcDbEntity
  8
$Слои конструкции
100
AcDbDimension
280
     0
  2
*D176
 10
9220.423415947998
 20
14152.87275627572
 30
0.0
 11
9132.923415948001
 21
13917.37593174877
 31
0.0
 70
    32
 71
     5
 42
300.0344027787214
 73
     0
 74
     0
 75
     0
  3
@TN  1-50
100
AcDbAlignedDimension
 13
9872.853830031871
 23
14452.90715905444
 33
0.0
 14
10172.81492311489
 24
14152.87275627572
 34
0.0
 50
90.0
100
AcDbRotatedDimension
  0
LWPOLYLINE
  5
D15
330
1F
100
AcDbEntity
  8
$Пунктир
100
AcDbPolyline
 90
        2
 70
     0
 43
0.0
 10
15510.87815433303
 20
10118.14797135654
 10
41440.87815433303
 20
10118.14797135654
  0
LWPOLYLINE
  5
D16
330
1F
100
AcDbEntity
  8
$Пунктир
100
AcDbPolyline
 90
        2
 70
     0
 43
0.0
 10
15510.87815433303
 20
9818.147971356543
 10
41440.87815433303
 20
9818.147971356543
  0
LWPOLYLINE
  5
D17
330
1F
100
AcDbEntity
  8
$Пунктир
100
AcDbPolyline
 90
        2
 70
     0
 43
0.0
 10
15510.87815433303
 20
2618.147971356541
 10
41440.87815433303
 20
2618.147971356541
  0
LWPOLYLINE
  5
D18
330
1F
100
AcDbEntity
  8
$Пунктир
100
AcDbPolyline
 90
        2
 70
     0
 43
0.0
 10
15510.87815433303
 20
2918.147971356541
 10
41440.87815433303
 20
2918.147971356541
  0
LWPOLYLINE
  5
D19
330
1F
100
AcDbEntity
  8
$ Оси
100
AcDbPolyline
 90
        2
 70
     0
 43
0.0
 10
28625.87815433304
 20
1494.050662618617
 10
28625.87815433304
 20
11330.93322999614
  0
HATCH
  5
D1A
330
1F
100
AcDbEntity
  8
$Размеры
 62
     8
100
AcDbHatch
 10
0.0
 20
0.0
 30
0.0
210
0.0
220
0.0
230
1.0
  2
ANSI35
 70
     0
 71
     0
 91
        2
 92
        7
 72
     0
 73
     1
 93
       19
 10
41440.87815433303
 20
15078.37240630437
 10
41415.87815433303
 20
15103.37240630437
 10
41215.87815433303
 20
15103.37240630437
 10
41190.87815433303
 20
15078.37240630437
 10
41190.87815433303
 20
15018.57864925582
 10
41210.87815433303
 20
15018.57864925582
 10
41210.87815433303
 20
14893.45240630293
 10
41185.87815433303
 20
14868.45240630293
 10
28625.87815433304
 20
15119.6524063044
 10
16065.87815433303
 20
14868.45240630293
 10
16040.87815433303
 20
14893.45240630293
 10
16040.87815433303
 20
14968.57864925582
 10
16060.87815433303
 20
14968.57864925582
 10
16060.87815433303
 20
15078.37240630437
 10
16035.87815433303
 20
15103.37240630437
 10
15535.87815433303
 20
15103.37240630437
 10
15510.87815433303
 20
15078.37240630437
 10
15510.87815433303
 20
14418.37240630437
 10
41440.87815433303
 20
14418.37240630437
 97
        0
 92
        7
 72
     0
 73
     1
 93
        4
 10
41440.87815433303
 20
14418.37240630437
 10
15510.87815433303
 20
14418.37240630437
 10
15510.87815433303
 20
14118.37240630437
 10
41440.87815433303
 20
14118.37240630437
 97
        0
 75
     1
 76
     1
 52
0.0
 41
1000.0
 77
     0
 78
     2
 53
45.0
 43
-2722376.41209301
 44
-586102.9453275913
 45
-176.7766952966368
 46
176.7766952966369
 79
     0
 53
45.0
 43
-2722199.63539801
 44
-586102.9453275913
 45
-176.7766952966368
 46
176.7766952966369
 79
     4
 49
312.5
 49
-62.5
 49
0.0
 49
-62.5
 47
30.07642777677147
 98
        2
 10
28493.89116374059
 20
14809.61743278187
 10
28854.99467335344
 20
14268.24175579836
1001
GradientColor1ACI
1070
     5
1001
GradientColor2ACI
1070
     2
1001
ACAD
1010
0.0
1020
0.0
1030
0.0
  0
CIRCLE
  5
D1B
330
1F
100
AcDbEntity
  8
$Выноски
100
AcDbCircle
 10
15781.02756289468
 20
14734.88429566533
 30
0.0
 40
500.0
  0
CIRCLE
  5
D1C
330
1F
100
AcDbEntity
  8
$Выноски
100
AcDbCircle
 10
41349.12130416864
 20
14734.88429566533
 30
0.0
 40
500.0
  0
MULTILEADER
  5
D1D
330
1F
100
AcDbEntity
  8
$Выноски
160
              2908
310
5C0B00005C0000000C00000016000000000000C00C00000033000000000000000C00000013000000993A0000C800000026000000138AC0EACECFCC408C78F050F41ACE40000000000000000000000000000000000000000000000000000000000000F03F000000000000F03F098A9E4C3979DABC0000000000000000230437
310
0435043B04200010040000000006000000010000000000000000405F40000000000000F03F65732D3852C1D03F000000000000F03F000000000000000000000000000000000000000000000000000000000100000022000000490053004F00430050004500550052000000000000006E00000000000C000000330000000000
310
00000C00000010000000070000000C00000016000000000000C00C000000170000000D0000000C00000012000000FF7F00000C0000001300000001000000880000001D0000000000000000C012BD0000000000C0524000000000000000009D286CE0A2F4CD400000000000C052C00000000000C012BD0000000000000000CC
310
0005A1A33ACD40000000000000000000000000000000000000000000C052400000000000000000000000000000000000000000000000000000000000000000000000000000F03F080000001F0000000C00000016000000000000C00C00000012000000FF7F00000C00000033000000000000000C0000001300000089130000
310
3C00000006000000020000009D286CE0A2F4CD40CC0005A1A33ACD4000000000000000009D286CE0A2F4CD408C78F050740ECE4000000000000000000C0000001300000002000000880000001D0000000000000000C012BD0000000000C0524000000000000000009D286CE0A2F4CD400000000000C052C00000000000C012
310
BD0000000000000000CC0005A1A33ACD40000000000000000000000000000000000000000000C052400000000000000000000000000000000000000000000000000000000000000000000000000000F03F080000001F0000000C00000016000000000000C00C00000012000000FF7F00000C00000033000000000000000C00
310
0000130000008A1300003C00000006000000020000009D286CE0A2F4CD40CC0005A1A33ACD4000000000000000009D286CE0A2F4CD408C78F050740ECE4000000000000000000C0000001300000003000000880000001D0000000000000000C012BD0000000000C0524000000000000000009D286CE0A2F4CD400000000000
310
C052C00000000000C012BD0000000000000000CC0005A1A33ACD40000000000000000000000000000000000000000000C052400000000000000000000000000000000000000000000000000000000000000000000000000000F03F080000001F0000000C00000016000000000000C00C00000012000000FF7F00000C000000
310
33000000000000000C000000130000008B1300003C00000006000000020000009D286CE0A2F4CD40CC0005A1A33ACD4000000000000000009D286CE0A2F4CD408C78F050740ECE4000000000000000000C0000001300000004000000880000001D0000000000000000C012BD0000000000C0524000000000000000009D286C
310
E0A2F4CD400000000000C052C00000000000C012BD0000000000000000CC0005A1A33ACD40000000000000000000000000000000000000000000C052400000000000000000000000000000000000000000000000000000000000000000000000000000F03F080000001F0000000C00000016000000000000C00C0000001200
310
0000FF7F00000C00000033000000000000000C000000130000008C1300003C00000006000000020000009D286CE0A2F4CD40CC0005A1A33ACD4000000000000000009D286CE0A2F4CD408C78F050740ECE4000000000000000000C0000001300000005000000880000001D0000000000000000C012BD0000000000C0524000
310
000000000000009D286CE0A2F4CD400000000000C052C00000000000C012BD0000000000000000CC0005A1A33ACD40000000000000000000000000000000000000000000C052400000000000000000000000000000000000000000000000000000000000000000000000000000F03F080000001F0000000C00000016000000
310
000000C00C00000012000000FF7F00000C00000033000000000000000C000000130000008D1300003C00000006000000020000009D286CE0A2F4CD40CC0005A1A33ACD4000000000000000009D286CE0A2F4CD408C78F050740ECE4000000000000000000C0000001300000006000000880000001D0000000000000000C012
310
BD0000000000C0524000000000000000009D286CE0A2F4CD400000000000C052C00000000000C012BD0000000000000000CC0005A1A33ACD40000000000000000000000000000000000000000000C052400000000000000000000000000000000000000000000000000000000000000000000000000000F03F080000001F00
310
00000C00000016000000000000C00C00000012000000FF7F00000C00000033000000000000000C000000130000008E1300003C00000006000000020000009D286CE0A2F4CD40CC0005A1A33ACD4000000000000000009D286CE0A2F4CD408C78F050740ECE4000000000000000000C0000001300000007000000880000001D
310
0000000000000000C012BD0000000000C0524000000000000000009D286CE0A2F4CD400000000000C052C00000000000C012BD0000000000000000CC0005A1A33ACD40000000000000000000000000000000000000000000C05240000000000000000000000000000000000000000000000000000000000000000000000000
310
0000F03F080000001F0000000C00000016000000000000C00C00000012000000FF7F00000C00000033000000000000000C000000130000008F1300003C00000006000000020000009D286CE0A2F4CD40CC0005A1A33ACD4000000000000000009D286CE0A2F4CD408C78F050740ECE4000000000000000000C000000130000
310
0008000000880000001D0000000000000000C012BD0000000000C0524000000000000000009D286CE0A2F4CD400000000000C052C00000000000C012BD0000000000000000CC0005A1A33ACD40000000000000000000000000000000000000000000C052400000000000000000000000000000000000000000000000000000
310
000000000000000000000000F03F080000001F0000000C00000016000000000000C00C00000012000000FF7F00000C00000033000000000000000C00000013000000901300003C00000006000000020000009D286CE0A2F4CD40CC0005A1A33ACD4000000000000000009D286CE0A2F4CD408C78F050740ECE400000000000
310
0000000C0000001300000009000000880000001D0000000000000000C012BD0000000000C0524000000000000000009D286CE0A2F4CD400000000000C052C00000000000C012BD0000000000000000CC0005A1A33ACD40000000000000000000000000000000000000000000C0524000000000000000000000000000000000
310
00000000000000000000000000000000000000000000F03F080000001F0000000C00000016000000000000C00C00000012000000FF7F00000C00000033000000000000000C00000013000000911300003C00000006000000020000009D286CE0A2F4CD40CC0005A1A33ACD4000000000000000009D286CE0A2F4CD408C78F0
310
50740ECE4000000000000000000C00000013000000112700003C00000006000000020000009D286CE0A2F4CD408C78F050740ECE4000000000000000007DF0A41A4EEDCD408C78F050740ECE4000000000000000000C00000016000000000000C00C00000012000000FF7F00000C00000017000000000000000C0000001300
310
00009A3A00003C00000006000000020000006889C0EA0ED6CC408C78F050740ECE4000000000000000007CF0A41A4EEDCD408C78F050740ECE4000000000000000000C00000016000000000000C00C00000012000000FF7F00000C00000017000000FFFFFFFF0C0000003300000000000000
100
AcDbMLeader
270
     2
300
CONTEXT_DATA{
 40
50.0
 10
14757.86653906545
 20
15388.90872007261
 30
0.0
 41
125.0
140
75.0
145
6.25
174
     6
175
     6
176
     1
177
     0
290
     1
304
Узел А
 11
0.0
 21
0.0
 31
1.0
340
7BF
 12
15040.2383635927
 22
15538.90872007261
 32
0.0
 13
1.0
 23
-0.0000000000000015
 33
0.0
 42
6.283185307179584
 43
0.0
 44
0.0
 45
1.0
170
     1
 90
-1073741824
171
     2
172
     5
 91
-1027028792
141
1.5
 92
        0
291
     1
292
     0
173
     0
293
     0
142
0.0
143
0.0
294
     0
295
     0
296
     0
110
17356.16256534849
120
14644.00917365881
130
0.0
111
1.0
121
-0.0000000000000015
131
0.0
112
0.0000000000000015
122
1.0
132
0.0
297
     0
302
LEADER{
290
     1
291
     1
 10
15337.27247383101
 20
15388.90872007261
 30
0.0
 11
-1.0
 21
0.0000000000000015
 31
0.0
 90
        0
 40
14.66228571167448
304
LEADER_LINE{
 10
15337.27247383101
 20
14965.27835142649
 30
0.0
 91
        0
305
}
304
LEADER_LINE{
 10
15337.27247383101
 20
14965.27835142649
 30
0.0
 91
        1
305
}
304
LEADER_LINE{
 10
15337.27247383101
 20
14965.27835142649
 30
0.0
 91
        2
305
}
304
LEADER_LINE{
 10
15337.27247383101
 20
14965.27835142649
 30
0.0
 91
        3
305
}
304
LEADER_LINE{
 10
15337.27247383101
 20
14965.27835142649
 30
0.0
 91
        4
305
}
304
LEADER_LINE{
 10
15337.27247383101
 20
14965.27835142649
 30
0.0
 91
        5
305
}
304
LEADER_LINE{
 10
15337.27247383101
 20
14965.27835142649
 30
0.0
 91
        6
305
}
304
LEADER_LINE{
 10
15337.27247383101
 20
14965.27835142649
 30
0.0
 91
        7
305
}
304
LEADER_LINE{
 10
15337.27247383101
 20
14965.27835142649
 30
0.0
 91
        8
305
}
271
     0
303
}
272
     9
273
     9
301
}
340
12E
 90
 84271022
170
     1
 91
-1073741824
341
15
171
    13
290
     1
291
     1
 41
1.125
342
2B9
 42
1.5
172
     2
343
7BF
173
     6
 95
        6
174
     1
175
     2
 92
-1073741824
292
     0
 93
-1056964608
 10
1.0
 20
1.0
 30
1.0
 43
0.0
176
     0
293
     0
294
     0
178
     0
179
     2
 45
50.0
271
     0
272
     9
273
     9
295
     1
  0
MULTILEADER
  5
D1E
330
1F
100
AcDbEntity
  8
$Выноски
160
              2908
310
5C0B00005C0000000C00000016000000000000C00C00000033000000000000000C00000013000000993A0000C800000026000000847F59457849E4408C94C8A26F09CE40000000000000000000000000000000000000000000000000000000000000F03F000000000000F03F098A9E4C3979DA3C0000000000000000230437
310
0435043B04200011040000000006000000010000000000000000405F40000000000000F03F65732D3852C1D03F000000000000F03F000000000000000000000000000000000000000000000000000000000100000022000000490053004F00430050004500550052000000000000000000000000000C000000330000000000
310
00000C00000010000000070000000C00000016000000000000C00C000000170000000D0000000C00000012000000FF7F00000C0000001300000001000000880000001D0000000000000000C012BD0000000000C05240000000000000000067B1E7136B48E4400000000000C052C00000000000C012BD0000000000000000CC
310
27E77DA4AECD40000000000000000000000000000000000000000000C052400000000000000000000000000000000000000000000000000000000000000000000000000000F03F080000001F0000000C00000016000000000000C00C00000012000000FF7F00000C00000033000000000000000C0000001300000089130000
310
3C000000060000000200000067B1E7136B48E440CC27E77DA4AECD40000000000000000067B1E7136B48E4408C94C8A2EFFCCD4000000000000000000C0000001300000002000000880000001D0000000000000000C012BD0000000000C05240000000000000000067B1E7136B48E4400000000000C052C00000000000C012
310
BD0000000000000000CC27E77DA4AECD40000000000000000000000000000000000000000000C052400000000000000000000000000000000000000000000000000000000000000000000000000000F03F080000001F0000000C00000016000000000000C00C00000012000000FF7F00000C00000033000000000000000C00
310
0000130000008A1300003C000000060000000200000067B1E7136B48E440CC27E77DA4AECD40000000000000000067B1E7136B48E4408C94C8A2EFFCCD4000000000000000000C0000001300000003000000880000001D0000000000000000C012BD0000000000C05240000000000000000067B1E7136B48E4400000000000
310
C052C00000000000C012BD0000000000000000CC27E77DA4AECD40000000000000000000000000000000000000000000C052400000000000000000000000000000000000000000000000000000000000000000000000000000F03F080000001F0000000C00000016000000000000C00C00000012000000FF7F00000C000000
310
33000000000000000C000000130000008B1300003C000000060000000200000067B1E7136B48E440CC27E77DA4AECD40000000000000000067B1E7136B48E4408C94C8A2EFFCCD4000000000000000000C0000001300000004000000880000001D0000000000000000C012BD0000000000C05240000000000000000067B1E7
310
136B48E4400000000000C052C00000000000C012BD0000000000000000CC27E77DA4AECD40000000000000000000000000000000000000000000C052400000000000000000000000000000000000000000000000000000000000000000000000000000F03F080000001F0000000C00000016000000000000C00C0000001200
310
0000FF7F00000C00000033000000000000000C000000130000008C1300003C000000060000000200000067B1E7136B48E440CC27E77DA4AECD40000000000000000067B1E7136B48E4408C94C8A2EFFCCD4000000000000000000C0000001300000005000000880000001D0000000000000000C012BD0000000000C0524000
310
0000000000000067B1E7136B48E4400000000000C052C00000000000C012BD0000000000000000CC27E77DA4AECD40000000000000000000000000000000000000000000C052400000000000000000000000000000000000000000000000000000000000000000000000000000F03F080000001F0000000C00000016000000
310
000000C00C00000012000000FF7F00000C00000033000000000000000C000000130000008D1300003C000000060000000200000067B1E7136B48E440CC27E77DA4AECD40000000000000000067B1E7136B48E4408C94C8A2EFFCCD4000000000000000000C0000001300000006000000880000001D0000000000000000C012
310
BD0000000000C05240000000000000000067B1E7136B48E4400000000000C052C00000000000C012BD0000000000000000CC27E77DA4AECD40000000000000000000000000000000000000000000C052400000000000000000000000000000000000000000000000000000000000000000000000000000F03F080000001F00
310
00000C00000016000000000000C00C00000012000000FF7F00000C00000033000000000000000C000000130000008E1300003C000000060000000200000067B1E7136B48E440CC27E77DA4AECD40000000000000000067B1E7136B48E4408C94C8A2EFFCCD4000000000000000000C0000001300000007000000880000001D
310
0000000000000000C012BD0000000000C05240000000000000000067B1E7136B48E4400000000000C052C00000000000C012BD0000000000000000CC27E77DA4AECD40000000000000000000000000000000000000000000C05240000000000000000000000000000000000000000000000000000000000000000000000000
310
0000F03F080000001F0000000C00000016000000000000C00C00000012000000FF7F00000C00000033000000000000000C000000130000008F1300003C000000060000000200000067B1E7136B48E440CC27E77DA4AECD40000000000000000067B1E7136B48E4408C94C8A2EFFCCD4000000000000000000C000000130000
310
0008000000880000001D0000000000000000C012BD0000000000C05240000000000000000067B1E7136B48E4400000000000C052C00000000000C012BD0000000000000000CC27E77DA4AECD40000000000000000000000000000000000000000000C052400000000000000000000000000000000000000000000000000000
310
000000000000000000000000F03F080000001F0000000C00000016000000000000C00C00000012000000FF7F00000C00000033000000000000000C00000013000000901300003C000000060000000200000067B1E7136B48E440CC27E77DA4AECD40000000000000000067B1E7136B48E4408C94C8A2EFFCCD400000000000
310
0000000C0000001300000009000000880000001D0000000000000000C012BD0000000000C05240000000000000000067B1E7136B48E4400000000000C052C00000000000C012BD0000000000000000CC27E77DA4AECD40000000000000000000000000000000000000000000C0524000000000000000000000000000000000
310
00000000000000000000000000000000000000000000F03F080000001F0000000C00000016000000000000C00C00000012000000FF7F00000C00000033000000000000000C00000013000000911300003C000000060000000200000067B1E7136B48E440CC27E77DA4AECD40000000000000000067B1E7136B48E4408C94C8
310
A2EFFCCD4000000000000000000C00000013000000112700003C000000060000000200000067B1E7136B48E4408C94C8A2EFFCCD4000000000000000006F7F5945404AE4408C94C8A2EFFCCD4000000000000000000C00000016000000000000C00C00000012000000FF7F00000C00000017000000000000000C0000001300
310
00009A3A00003C00000006000000020000006F7F5945404AE4408C94C8A2EFFCCD40000000000000000034995211808EE4408C94C8A2EFFCCD4000000000000000000C00000016000000000000C00C00000012000000FF7F00000C00000017000000FFFFFFFF0C0000003300000000000000
100
AcDbMLeader
270
     2
300
CONTEXT_DATA{
 40
50.0
 10
41554.00846552743
 20
15353.87215525869
 30
0.0
 41
125.0
140
75.0
145
6.25
174
     6
175
     6
176
     1
177
     0
290
     1
304
Узел Б
 11
0.0
 21
0.0
 31
1.0
340
7BF
 12
41830.13029005453
 22
15503.87215525868
 32
0.0
 13
1.0
 23
0.0000000000000015
 33
0.0
 42
0.0000000000000015
 43
0.0
 44
0.0
 45
1.0
170
     1
 90
-1073741824
171
     2
172
     5
 91
-1027028792
141
1.5
 92
        0
291
     1
292
     0
173
     0
293
     0
142
0.0
143
0.0
294
     0
295
     0
296
     0
110
39520.45608829829
120
14644.00917365881
130
0.0
111
1.0
121
0.0000000000000015
131
0.0
112
-0.0000000000000015
122
1.0
132
0.0
297
     0
302
LEADER{
290
     1
291
     1
 10
41539.34617981575
 20
15353.87215525869
 30
0.0
 11
1.0
 21
0.0000000000000015
 31
0.0
 90
        0
 40
14.66228571167448
304
LEADER_LINE{
 10
41539.34617981575
 20
15197.28509225314
 30
0.0
 91
        0
305
}
304
LEADER_LINE{
 10
41539.34617981575
 20
15197.28509225314
 30
0.0
 91
        1
305
}
304
LEADER_LINE{
 10
41539.34617981575
 20
15197.28509225314
 30
0.0
 91
        2
305
}
304
LEADER_LINE{
 10
41539.34617981575
 20
15197.28509225314
 30
0.0
 91
        3
305
}
304
LEADER_LINE{
 10
41539.34617981575
 20
15197.28509225314
 30
0.0
 91
        4
305
}
304
LEADER_LINE{
 10
41539.34617981575
 20
15197.28509225314
 30
0.0
 91
        5
305
}
304
LEADER_LINE{
 10
41539.34617981575
 20
15197.28509225314
 30
0.0
 91
        6
305
}
304
LEADER_LINE{
 10
41539.34617981575
 20
15197.28509225314
 30
0.0
 91
        7
305
}
304
LEADER_LINE{
 10
41539.34617981575
 20
15197.28509225314
 30
0.0
 91
        8
305
}
271
     0
303
}
272
     9
273
     9
301
}
340
12E
 90
 84271022
170
     1
 91
-1073741824
341
15
171
    13
290
     1
291
     1
 41
1.125
342
2B9
 42
1.5
172
     2
343
7BF
173
     6
 95
        6
174
     1
175
     2
 92
-1073741824
292
     0
 93
-1056964608
 10
1.0
 20
1.0
 30
1.0
 43
0.0
176
     0
293
     0
294
     0
178
     0
179
     2
 45
50.0
271
     0
272
     9
273
     9
295
     1
  0
HATCH
  5
D1F
330
1F
100
AcDbEntity
  8
$Размеры
 62
     8
100
AcDbHatch
 10
0.0
 20
0.0
 30
0.0
210
0.0
220
0.0
230
1.0
  2
ANSI35
 70
     0
 71
     1
 91
        2
 92
        5
 93
       13
 72
     1
 10
41215.87815433303
 20
19547.37240630437
 11
41415.87815433303
 21
19547.37240630437
 72
     1
 10
41415.87815433303
 20
19547.37240630437
 11
41440.87815433303
 21
19522.37240630437
 72
     1
 10
41440.87815433303
 20
18862.37240630437
 11
41440.87815433303
 21
19522.37240630437
 72
     1
 10
41440.87815433303
 20
18862.37240630437
 11
41057.30163326642
 21
18862.37240630437
 72
     1
 10
40915.87815433305
 20
18909.51356594884
 11
41057.30163326642
 21
18862.37240630437
 72
     1
 10
40990.87815433303
 20
18959.51356594883
 11
40915.87815433305
 21
18909.51356594884
 72
     1
 10
40990.87815433303
 20
19316.35240630295
 11
40990.87815433303
 21
18959.51356594883
 72
     1
 10
40990.87815433303
 20
19316.35240630295
 11
41185.87815433303
 21
19312.45240630293
 72
     1
 10
41185.87815433303
 20
19312.45240630293
 11
41210.87815433303
 21
19337.45240630293
 72
     1
 10
41210.87815433303
 20
19337.45240630293
 11
41210.87815433303
 21
19462.57864925582
 72
     1
 10
41210.87815433303
 20
19462.57864925582
 11
41190.87815433303
 21
19462.57864925582
 72
     1
 10
41190.87815433303
 20
19462.57864925582
 11
41190.87815433303
 21
19522.37240630437
 72
     1
 10
41190.87815433303
 20
19522.37240630437
 11
41215.87815433303
 21
19547.37240630437
 97
        3
330
D20
330
D33
330
D32
 92
        5
 93
        6
 72
     1
 10
41057.30163326642
 20
18862.37240630437
 11
41065.87815433302
 21
18859.51356594883
 72
     1
 10
41440.87815433303
 20
18862.37240630437
 11
41057.30163326642
 21
18862.37240630437
 72
     1
 10
41440.87815433303
 20
18562.37233946579
 11
41440.87815433303
 21
18862.37240630437
 72
     1
 10
40990.87815433303
 20
18562.37233946579
 11
41440.87815433303
 21
18562.37233946579
 72
     1
 10
40990.87815433303
 20
18809.51356594884
 11
40990.87815433303
 21
18562.37233946579
 72
     1
 10
41065.87815433302
 20
18859.51356594883
 11
40990.87815433303
 21
18809.51356594884
 97
        2
330
D33
330
D32
 75
     1
 76
     1
 52
0.0
 41
500.0
 77
     0
 78
     2
 53
45.0
 43
-2722376.41209301
 44
-582584.0032133134
 45
-88.38834764831842
 46
88.38834764831844
 79
     0
 53
45.0
 43
-2722288.02374551
 44
-582584.0032133134
 45
-88.38834764831842
 46
88.38834764831844
 79
     4
 49
156.25
 49
-31.25
 49
0.0
 49
-31.25
 47
6.627293824253055
 98
        2
 10
41178.37815433303
 20
19087.48740630365
 10
41215.87815433303
 20
18712.37237288508
1001
GradientColor1ACI
1070
     5
1001
GradientColor2ACI
1070
     2
1001
ACAD
1010
0.0
1020
0.0
1030
0.0
  0
LWPOLYLINE
  5
D20
102
{ACAD_REACTORS
330
D1F
102
}
330
1F
100
AcDbEntity
  8
$Слои конструкции
100
AcDbPolyline
 90
       12
 70
     0
 43
0.0
 10
40990.87815433303
 20
19316.35240630295
 10
41185.87815433303
 20
19312.45240630293
 10
41185.87815433303
 20
19312.45240630293
 10
41210.87815433303
 20
19337.45240630293
 10
41210.87815433303
 20
19462.57864925582
 10
41190.87815433303
 20
19462.57864925582
 10
41190.87815433303
 20
19522.37240630437
 10
41215.87815433303
 20
19547.37240630437
 10
41415.87815433303
 20
19547.37240630437
 10
41440.87815433303
 20
19522.37240630437
 10
41440.87815433303
 20
18862.37240630437
 10
41057.30163326655
 20
18862.37240630437
  0
HATCH
  5
D21
330
1F
100
AcDbEntity
  8
$Размеры
 62
     8
100
AcDbHatch
 10
0.0
 20
0.0
 30
0.0
210
0.0
220
0.0
230
1.0
  2
ANSI35
 70
     0
 71
     0
 91
        2
 92
        7
 72
     0
 73
     1
 93
       13
 10
16210.87815433303
 20
19315.35240630295
 10
16065.87815433303
 20
19312.45240630293
 10
16040.87815433303
 20
19337.45240630293
 10
16040.87815433303
 20
19412.57864925582
 10
16060.87815433303
 20
19412.57864925582
 10
16060.87815433303
 20
19522.37240630437
 10
16035.87815433303
 20
19547.37240630437
 10
15535.87815433303
 20
19547.37240630437
 10
15510.87815433303
 20
19522.37240630437
 10
15510.87815433303
 20
18862.37240630437
 10
16277.30163326655
 20
18862.37240630437
 10
16135.87815433303
 20
18909.51356594884
 10
16210.87815433303
 20
18959.51356594883
 97
        0
 92
        7
 72
     0
 73
     1
 93
        6
 10
16210.87815433303
 20
18809.51356594884
 10
16285.87815433303
 20
18859.51356594883
 10
16277.30163326655
 20
18862.37240630437
 10
15510.87815433303
 20
18862.37240630437
 10
15510.87815433303
 20
18562.37233946579
 10
16210.87815433303
 20
18562.37233946579
 97
        0
 75
     1
 76
     1
 52
0.0
 41
500.0
 77
     0
 78
     2
 53
45.0
 43
-2722376.41209301
 44
-582584.0032133134
 45
-88.38834764831842
 46
88.38834764831844
 79
     0
 53
45.0
 43
-2722288.02374551
 44
-582584.0032133134
 45
-88.38834764831842
 46
88.38834764831844
 79
     4
 49
156.25
 49
-31.25
 49
0.0
 49
-31.25
 47
16.86887904221136
 98
        2
 10
15764.82746274937
 20
19222.27739676044
 10
15866.09299279079
 20
18733.07988460434
1001
GradientColor1ACI
1070
     5
1001
GradientColor2ACI
1070
     2
1001
ACAD
1010
0.0
1020
0.0
1030
0.0
  0
LWPOLYLINE
  5
D22
330
1F
100
AcDbEntity
  8
$Слои конструкции
100
AcDbPolyline
 90
       12
 70
     0
 43
0.0
 10
16277.30163326655
 20
18862.37240630437
 10
15510.87815433303
 20
18862.37240630437
 10
15510.87815433303
 20
19522.37240630437
 10
15535.87815433303
 20
19547.37240630437
 10
16035.87815433303
 20
19547.37240630437
 10
16060.87815433303
 20
19522.37240630437
 10
16060.87815433303
 20
19412.57864925582
 10
16040.87815433303
 20
19412.57864925582
 10
16040.87815433303
 20
19337.45240630293
 10
16065.87815433303
 20
19312.45240630293
 10
16065.87815433303
 20
19312.45240630293
 10
16210.87815433303
 20
19315.35240630295
  0
MULTILEADER
  5
D23
330
1F
100
AcDbEntity
  8
$Выноски
160
              3280
310
D00C00005E0000000C00000016000000000000C00C00000033000000000000000C00000013000000993A0000C000000026000000E3AD47D6D54FDB404CF55FF01F07CE40000000000000000000000000000000000000000000000000000000000000F03F000000000000F03F00000000000000000000000000000000170434
310
040000000002000000010000000000000000405F40000000000000F03F65732D3852C1D03F000000000000F03F000000000000000000000000000000000000000000000000000000000100000022000000490053004F00430050004500550052000000610000006F0000007300BC000000260000006DE1396E8585DB404CF5
310
5FF01F07CE40000000000000000000000000000000000000000000000000000000000000F03F000000000000F03F000000000000000000000000000000002D00000001000000010000000000000000405F40000000000000F03F65732D3852C1D03F000000000000F03F000000000000000000000000000000000000000000
310
000000000000000100000022000000490053004F0043005000450055005200000043000000450000005200C0000000260000002E8038CA3B9CDB404CF55FF01F07CE40000000000000000000000000000000000000000000000000000000000000F03F000000000000F03F0000000000000000000000000000000031043E04
310
0000000002000000010000000000000000405F40000000000000F03F65732D3852C1D03F000000000000F03F000000000000000000000000000000000000000000000000000000000100000022000000490053004F00430050004500550052000000000000000000000000000C00000033000000000000000C000000100000
310
00070000000C00000016000000000000C00C000000170000000D0000000C00000012000000FF7F00000C0000001300000001000000880000001D00000000A10E917E96B3BF828D3885FFFF58400000000000000000CE7BC5866AD2DB40828D3885FFFF58C000A10E917E96B3BF00000000000000008CBE0C82D387CD400000
310
000000000000000000000000000000000000000059400000000000000000000000000000000000000000000000000000000000000000000000000000F03F080000001F0000000C00000016000000000000C00C00000012000000FF7F00000C00000033000000000000000C00000013000000891300003C0000000600000002
310
000000CE7BC5866AD2DB408CBE0C82D387CD400000000000000000CE4F0EC575D2DB404CF55FF09FFACD4000000000000000000C0000001300000002000000880000001D00000000A10E917E96B3BF828D3885FFFF58400000000000000000CE7BC5866AD2DB40828D3885FFFF58C000A10E917E96B3BF0000000000000000
310
8CBE0C82D387CD400000000000000000000000000000000000000000000059400000000000000000000000000000000000000000000000000000000000000000000000000000F03F080000001F0000000C00000016000000000000C00C00000012000000FF7F00000C00000033000000000000000C000000130000008A1300
310
003C0000000600000002000000CE7BC5866AD2DB408CBE0C82D387CD400000000000000000CE4F0EC575D2DB404CF55FF09FFACD4000000000000000000C0000001300000003000000880000001D00000000A10E917E96B3BF828D3885FFFF58400000000000000000CE7BC5866AD2DB40828D3885FFFF58C000A10E917E96
310
B3BF00000000000000008CBE0C82D387CD400000000000000000000000000000000000000000000059400000000000000000000000000000000000000000000000000000000000000000000000000000F03F080000001F0000000C00000016000000000000C00C00000012000000FF7F00000C00000033000000000000000C
310
000000130000008B1300003C0000000600000002000000CE7BC5866AD2DB408CBE0C82D387CD400000000000000000CE4F0EC575D2DB404CF55FF09FFACD4000000000000000000C0000001300000004000000880000001D00000000A10E917E96B3BF828D3885FFFF58400000000000000000CE7BC5866AD2DB40828D3885
310
FFFF58C000A10E917E96B3BF00000000000000008CBE0C82D387CD400000000000000000000000000000000000000000000059400000000000000000000000000000000000000000000000000000000000000000000000000000F03F080000001F0000000C00000016000000000000C00C00000012000000FF7F00000C0000
310
0033000000000000000C000000130000008C1300003C0000000600000002000000CE7BC5866AD2DB408CBE0C82D387CD400000000000000000CE4F0EC575D2DB404CF55FF09FFACD4000000000000000000C0000001300000005000000880000001D00000000A10E917E96B3BF828D3885FFFF58400000000000000000CE7B
310
C5866AD2DB40828D3885FFFF58C000A10E917E96B3BF00000000000000008CBE0C82D387CD400000000000000000000000000000000000000000000059400000000000000000000000000000000000000000000000000000000000000000000000000000F03F080000001F0000000C00000016000000000000C00C00000012
310
000000FF7F00000C00000033000000000000000C000000130000008D1300003C0000000600000002000000CE7BC5866AD2DB408CBE0C82D387CD400000000000000000CE4F0EC575D2DB404CF55FF09FFACD4000000000000000000C0000001300000006000000880000001D00000000A10E917E96B3BF828D3885FFFF5840
310
0000000000000000CE7BC5866AD2DB40828D3885FFFF58C000A10E917E96B3BF00000000000000008CBE0C82D387CD400000000000000000000000000000000000000000000059400000000000000000000000000000000000000000000000000000000000000000000000000000F03F080000001F0000000C000000160000
310
00000000C00C00000012000000FF7F00000C00000033000000000000000C000000130000008E1300003C0000000600000002000000CE7BC5866AD2DB408CBE0C82D387CD400000000000000000CE4F0EC575D2DB404CF55FF09FFACD4000000000000000000C0000001300000007000000880000001D00000000A10E917E96
310
B3BF828D3885FFFF58400000000000000000CE7BC5866AD2DB40828D3885FFFF58C000A10E917E96B3BF00000000000000008CBE0C82D387CD400000000000000000000000000000000000000000000059400000000000000000000000000000000000000000000000000000000000000000000000000000F03F080000001F
310
0000000C00000016000000000000C00C00000012000000FF7F00000C00000033000000000000000C000000130000008F1300003C0000000600000002000000CE7BC5866AD2DB408CBE0C82D387CD400000000000000000CE4F0EC575D2DB404CF55FF09FFACD4000000000000000000C000000130000000800000088000000
310
1D00000000A10E917E96B3BF828D3885FFFF58400000000000000000CE7BC5866AD2DB40828D3885FFFF58C000A10E917E96B3BF00000000000000008CBE0C82D387CD400000000000000000000000000000000000000000000059400000000000000000000000000000000000000000000000000000000000000000000000
310
000000F03F080000001F0000000C00000016000000000000C00C00000012000000FF7F00000C00000033000000000000000C00000013000000901300003C0000000600000002000000CE7BC5866AD2DB408CBE0C82D387CD400000000000000000CE4F0EC575D2DB404CF55FF09FFACD4000000000000000000C0000001300
310
000009000000880000001D00000000A10E917E96B3BF828D3885FFFF58400000000000000000CE7BC5866AD2DB40828D3885FFFF58C000A10E917E96B3BF00000000000000008CBE0C82D387CD4000000000000000000000000000000000000000000000594000000000000000000000000000000000000000000000000000
310
00000000000000000000000000F03F080000001F0000000C00000016000000000000C00C00000012000000FF7F00000C00000033000000000000000C00000013000000911300003C0000000600000002000000CE7BC5866AD2DB408CBE0C82D387CD400000000000000000CE4F0EC575D2DB404CF55FF09FFACD4000000000
310
000000000C00000013000000112700003C0000000600000002000000CE4F0EC575D2DB404CF55FF09FFACD400000000000000000BEB32A62CBCEDB404CF55FF09FFACD4000000000000000000C00000016000000000000C00C00000012000000FF7F00000C00000017000000000000000C000000130000009A3A00003C0000
310
000600000002000000E8AD47D6F552DB404CF55FF09FFACD400000000000000000BEB32A62CBCEDB404CF55FF09FFACD4000000000000000000C00000016000000000000C00C00000012000000FF7F00000C00000017000000FFFFFFFF0C0000003300000000000000
100
AcDbMLeader
270
     2
300
CONTEXT_DATA{
 40
50.0
 10
27973.59120361312
 20
15349.24952315785
 30
0.0
 41
125.0
140
100.0
145
6.25
174
     6
175
     6
176
     1
177
     0
290
     1
304
Зд-бо
 11
0.0
 21
0.0
 31
1.0
340
7BF
 12
28224.38453511969
 22
15499.24952315786
 32
0.0
 13
1.0
 23
0.0
 33
0.0
 42
0.0
 43
0.0
 44
0.0
 45
1.0
170
     1
 90
-1073741824
171
     2
172
     5
 91
-1027028792
141
1.5
 92
        0
291
     1
292
     0
173
     0
293
     0
142
0.0
143
0.0
294
     0
295
     0
296
     0
110
30209.47376126172
120
15222.28102973816
130
0.0
111
1.0
121
0.0
131
0.0
112
0.0
122
1.0
132
0.0
297
     0
302
LEADER{
290
     1
291
     1
 10
28489.84015233797
 20
15349.24952315785
 30
0.0
 11
-1.0
 21
0.0
 31
0.0
 90
        0
 40
14.66228571167448
304
LEADER_LINE{
 10
28489.6644757947
 20
15119.6524063044
 30
0.0
 91
        0
305
}
304
LEADER_LINE{
 10
28489.6644757947
 20
15119.6524063044
 30
0.0
 91
        1
305
}
304
LEADER_LINE{
 10
28489.6644757947
 20
15119.6524063044
 30
0.0
 91
        2
305
}
304
LEADER_LINE{
 10
28489.6644757947
 20
15119.6524063044
 30
0.0
 91
        3
305
}
304
LEADER_LINE{
 10
28489.6644757947
 20
15119.6524063044
 30
0.0
 91
        4
305
}
304
LEADER_LINE{
 10
28489.6644757947
 20
15119.6524063044
 30
0.0
 91
        5
305
}
304
LEADER_LINE{
 10
28489.6644757947
 20
15119.6524063044
 30
0.0
 91
        6
305
}
304
LEADER_LINE{
 10
28489.6644757947
 20
15119.6524063044
 30
0.0
 91
        7
305
}
304
LEADER_LINE{
 10
28489.6644757947
 20
15119.6524063044
 30
0.0
 91
        8
305
}
271
     0
303
}
272
     9
273
     9
301
}
340
12E
 90
 84271022
170
     1
 91
-1073741824
341
15
171
    13
290
     1
291
     1
 41
1.125
342
2B9
 42
2.0
172
     2
343
7BF
173
     6
 95
        6
174
     1
175
     2
 92
-1073741824
292
     0
 93
-1056964608
 10
1.0
 20
1.0
 30
1.0
 43
0.0
176
     0
293
     0
294
     0
178
     0
179
     2
 45
50.0
271
     0
272
     9
273
     9
295
     1
  0
MULTILEADER
  5
D24
330
1F
100
AcDbEntity
  8
$Выноски
160
              3280
310
D00C00005E0000000C00000016000000000000C00C00000033000000000000000C00000013000000993A0000C000000026000000E3432F96DB1FD0404CBD5DA02C8DCD40000000000000000000000000000000000000000000000000000000000000F03F000000000000F03F00000000000000000000000000000000170434
310
040000000002000000010000000000000000405F40000000000000F03F65732D3852C1D03F000000000000F03F000000000000000000000000000000000000000000000000000000000100000022000000490053004F00430050004500550052000000610000006F0000007300BC000000260000006D77212E8B55D0404CBD
310
5DA02C8DCD40000000000000000000000000000000000000000000000000000000000000F03F000000000000F03F000000000000000000000000000000002D00000001000000010000000000000000405F40000000000000F03F65732D3852C1D03F000000000000F03F000000000000000000000000000000000000000000
310
000000000000000100000022000000490053004F0043005000450055005200000043000000450000005200C0000000260000002E16208A416CD0404CBD5DA02C8DCD40000000000000000000000000000000000000000000000000000000000000F03F000000000000F03F0000000000000000000000000000000031043E04
310
0000000002000000010000000000000000405F40000000000000F03F65732D3852C1D03F000000000000F03F000000000000000000000000000000000000000000000000000000000100000022000000490053004F00430050004500550052000000000000000000000000000C00000033000000000000000C000000100000
310
00070000000C00000016000000000000C00C000000170000000D0000000C00000012000000FF7F00000C0000001300000001000000880000001D000000C09A0E917E96B33F828D3885FFFF58400000000000000000CE7B9471CC1DD040828D3885FFFF58C0C09A0E917E96B33F00000000000000008C860A32E00DCD400000
310
000000000000000000000000000000000000000059400000000000000000000000000000000000000000000000000000000000000000000000000000F03F080000001F0000000C00000016000000000000C00C00000012000000FF7F00000C00000033000000000000000C00000013000000891300003C0000000600000002
310
000000CE7B9471CC1DD0408C860A32E00DCD400000000000000000CEA74B33C11DD0404CBD5DA0AC80CD4000000000000000000C0000001300000002000000880000001D000000C09A0E917E96B33F828D3885FFFF58400000000000000000CE7B9471CC1DD040828D3885FFFF58C0C09A0E917E96B33F0000000000000000
310
8C860A32E00DCD400000000000000000000000000000000000000000000059400000000000000000000000000000000000000000000000000000000000000000000000000000F03F080000001F0000000C00000016000000000000C00C00000012000000FF7F00000C00000033000000000000000C000000130000008A1300
310
003C0000000600000002000000CE7B9471CC1DD0408C860A32E00DCD400000000000000000CEA74B33C11DD0404CBD5DA0AC80CD4000000000000000000C0000001300000003000000880000001D000000C09A0E917E96B33F828D3885FFFF58400000000000000000CE7B9471CC1DD040828D3885FFFF58C0C09A0E917E96
310
B33F00000000000000008C860A32E00DCD400000000000000000000000000000000000000000000059400000000000000000000000000000000000000000000000000000000000000000000000000000F03F080000001F0000000C00000016000000000000C00C00000012000000FF7F00000C00000033000000000000000C
310
000000130000008B1300003C0000000600000002000000CE7B9471CC1DD0408C860A32E00DCD400000000000000000CEA74B33C11DD0404CBD5DA0AC80CD4000000000000000000C0000001300000004000000880000001D000000C09A0E917E96B33F828D3885FFFF58400000000000000000CE7B9471CC1DD040828D3885
310
FFFF58C0C09A0E917E96B33F00000000000000008C860A32E00DCD400000000000000000000000000000000000000000000059400000000000000000000000000000000000000000000000000000000000000000000000000000F03F080000001F0000000C00000016000000000000C00C00000012000000FF7F00000C0000
310
0033000000000000000C000000130000008C1300003C0000000600000002000000CE7B9471CC1DD0408C860A32E00DCD400000000000000000CEA74B33C11DD0404CBD5DA0AC80CD4000000000000000000C0000001300000005000000880000001D000000C09A0E917E96B33F828D3885FFFF58400000000000000000CE7B
310
9471CC1DD040828D3885FFFF58C0C09A0E917E96B33F00000000000000008C860A32E00DCD400000000000000000000000000000000000000000000059400000000000000000000000000000000000000000000000000000000000000000000000000000F03F080000001F0000000C00000016000000000000C00C00000012
310
000000FF7F00000C00000033000000000000000C000000130000008D1300003C0000000600000002000000CE7B9471CC1DD0408C860A32E00DCD400000000000000000CEA74B33C11DD0404CBD5DA0AC80CD4000000000000000000C0000001300000006000000880000001D000000C09A0E917E96B33F828D3885FFFF5840
310
0000000000000000CE7B9471CC1DD040828D3885FFFF58C0C09A0E917E96B33F00000000000000008C860A32E00DCD400000000000000000000000000000000000000000000059400000000000000000000000000000000000000000000000000000000000000000000000000000F03F080000001F0000000C000000160000
310
00000000C00C00000012000000FF7F00000C00000033000000000000000C000000130000008E1300003C0000000600000002000000CE7B9471CC1DD0408C860A32E00DCD400000000000000000CEA74B33C11DD0404CBD5DA0AC80CD4000000000000000000C0000001300000007000000880000001D000000C09A0E917E96
310
B33F828D3885FFFF58400000000000000000CE7B9471CC1DD040828D3885FFFF58C0C09A0E917E96B33F00000000000000008C860A32E00DCD400000000000000000000000000000000000000000000059400000000000000000000000000000000000000000000000000000000000000000000000000000F03F080000001F
310
0000000C00000016000000000000C00C00000012000000FF7F00000C00000033000000000000000C000000130000008F1300003C0000000600000002000000CE7B9471CC1DD0408C860A32E00DCD400000000000000000CEA74B33C11DD0404CBD5DA0AC80CD4000000000000000000C000000130000000800000088000000
310
1D000000C09A0E917E96B33F828D3885FFFF58400000000000000000CE7B9471CC1DD040828D3885FFFF58C0C09A0E917E96B33F00000000000000008C860A32E00DCD400000000000000000000000000000000000000000000059400000000000000000000000000000000000000000000000000000000000000000000000
310
000000F03F080000001F0000000C00000016000000000000C00C00000012000000FF7F00000C00000033000000000000000C00000013000000901300003C0000000600000002000000CE7B9471CC1DD0408C860A32E00DCD400000000000000000CEA74B33C11DD0404CBD5DA0AC80CD4000000000000000000C0000001300
310
000009000000880000001D000000C09A0E917E96B33F828D3885FFFF58400000000000000000CE7B9471CC1DD040828D3885FFFF58C0C09A0E917E96B33F00000000000000008C860A32E00DCD4000000000000000000000000000000000000000000000594000000000000000000000000000000000000000000000000000
310
00000000000000000000000000F03F080000001F0000000C00000016000000000000C00C00000012000000FF7F00000C00000033000000000000000C00000013000000911300003C0000000600000002000000CE7B9471CC1DD0408C860A32E00DCD400000000000000000CEA74B33C11DD0404CBD5DA0AC80CD4000000000
310
000000000C00000013000000112700003C0000000600000002000000CEA74B33C11DD0404CBD5DA0AC80CD400000000000000000DE432F966B21D0404CBD5DA0AC80CD4000000000000000000C00000016000000000000C00C00000012000000FF7F00000C00000017000000000000000C000000130000009A3A00003C0000
310
000600000002000000DE432F966B21D0404CBD5DA0AC80CD400000000000000000B4491222419DD0404CBD5DA0AC80CD4000000000000000000C00000016000000000000C00C00000012000000FF7F00000C00000017000000FFFFFFFF0C0000003300000000000000
100
AcDbMLeader
270
     2
300
CONTEXT_DATA{
 40
50.0
 10
16517.68104154232
 20
15105.34864398711
 30
0.0
 41
125.0
140
100.0
145
6.25
174
     6
175
     6
176
     1
177
     0
290
     1
304
Зд-бо
 11
0.0
 21
0.0
 31
1.0
340
7BF
 12
16768.47437304892
 22
15255.34864398711
 32
0.0
 13
1.0
 23
0.0
 33
0.0
 42
0.0
 43
0.0
 44
0.0
 45
1.0
170
     1
 90
-1073741824
171
     2
172
     5
 91
-1027028792
141
1.5
 92
        0
291
     1
292
     0
173
     0
293
     0
142
0.0
143
0.0
294
     0
295
     0
296
     0
110
14783.38514690688
120
14978.38015056741
130
0.0
111
1.0
121
0.0
131
0.0
112
0.0
122
1.0
132
0.0
297
     0
302
LEADER{
290
     1
291
     1
 10
16503.01875583064
 20
15105.34864398711
 30
0.0
 11
1.0
 21
0.0
 31
0.0
 90
        0
 40
14.66228571167448
304
LEADER_LINE{
 10
16503.19443237391
 20
14875.75152713365
 30
0.0
 91
        0
305
}
304
LEADER_LINE{
 10
16503.19443237391
 20
14875.75152713365
 30
0.0
 91
        1
305
}
304
LEADER_LINE{
 10
16503.19443237391
 20
14875.75152713365
 30
0.0
 91
        2
305
}
304
LEADER_LINE{
 10
16503.19443237391
 20
14875.75152713365
 30
0.0
 91
        3
305
}
304
LEADER_LINE{
 10
16503.19443237391
 20
14875.75152713365
 30
0.0
 91
        4
305
}
304
LEADER_LINE{
 10
16503.19443237391
 20
14875.75152713365
 30
0.0
 91
        5
305
}
304
LEADER_LINE{
 10
16503.19443237391
 20
14875.75152713365
 30
0.0
 91
        6
305
}
304
LEADER_LINE{
 10
16503.19443237391
 20
14875.75152713365
 30
0.0
 91
        7
305
}
304
LEADER_LINE{
 10
16503.19443237391
 20
14875.75152713365
 30
0.0
 91
        8
305
}
271
     0
303
}
272
     9
273
     9
301
}
340
12E
 90
 84271022
170
     1
 91
-1073741824
341
15
171
    13
290
     1
291
     1
 41
1.125
342
2B9
 42
2.0
172
     2
343
7BF
173
     6
 95
        6
174
     1
175
     2
 92
-1073741824
292
     0
 93
-1056964608
 10
1.0
 20
1.0
 30
1.0
 43
0.0
176
     0
293
     0
294
     0
178
     0
179
     2
 45
50.0
271
     0
272
     9
273
     9
295
     1
  0
MTEXT
  5
D25
102
{ACAD_XDICTIONARY
360
D26
102
}
330
1F
100
AcDbEntity
  8
$Выноски
100
AcDbMText
 10
15879.49269375559
 20
20105.61051744656
 30
0.0
 40
62.5
 41
331.5547807051335
 46
0.0
 71
     5
 72
     5
  1
Узел А\PМ1:25
  7
@ТРАНСПРОЕКТ
 73
     1
 44
1.0
101
Embedded Object
 70
     5
 10
1.0
 20
0.0
 30
0.0
 11
15879.49269375559
 21
20105.61051744656
 31
0.0
 40
331.5547807051335
 41
0.0
 42
276.1218245269451
 43
166.6666666666666
 71
     2
 72
     1
 44
331.5547807051335
 45
12.5
 73
     0
 74
     0
 46
0.0
  0
MTEXT
  5
D27
102
{ACAD_XDICTIONARY
360
D28
102
}
330
1F
100
AcDbEntity
  8
$Выноски
100
AcDbMText
 10
41182.12444915557
 20
20064.67834773883
 30
0.0
 40
62.5
 41
444.2813741301652
 46
0.0
 71
     5
 72
     5
  1
Узел Б\PМ1:25
  7
@ТРАНСПРОЕКТ
 73
     1
 44
1.0
101
Embedded Object
 70
     5
 10
1.0
 20
0.0
 30
0.0
 11
41182.12444915557
 21
20064.67834773883
 31
0.0
 40
444.2813741301652
 41
0.0
 42
269.8718245269451
 43
166.6666666666666
 71
     2
 72
     1
 44
444.2813741301652
 45
12.5
 73
     0
 74
     0
 46
0.0
  0
POLYLINE
  5
D29
330
1F
100
AcDbEntity
  8
$Тонкие
100
AcDb2dPolyline
 66
     1
 10
0.0
 20
0.0
 30
0.0
  0
VERTEX
  5
D2A
330
D29
100
AcDbEntity
  8
$Тонкие
100
AcDbVertex
100
AcDb2dVertex
 10
16210.87815433303
 20
19396.68318847674
 30
0.0
  0
VERTEX
  5
D2B
330
D29
100
AcDbEntity
  8
$Тонкие
100
AcDbVertex
100
AcDb2dVertex
 10
16210.87815433303
 20
18959.51356594883
 30
0.0
  0
VERTEX
  5
D2C
330
D29
100
AcDbEntity
  8
$Тонкие
100
AcDbVertex
100
AcDb2dVertex
 10
16135.87815433303
 20
18909.51356594884
 30
0.0
  0
VERTEX
  5
D2D
330
D29
100
AcDbEntity
  8
$Тонкие
100
AcDbVertex
100
AcDb2dVertex
 10
16285.87815433303
 20
18859.51356594883
 30
0.0
  0
VERTEX
  5
D2E
330
D29
100
AcDbEntity
  8
$Тонкие
100
AcDbVertex
100
AcDb2dVertex
 10
16210.87815433303
 20
18809.51356594884
 30
0.0
  0
VERTEX
  5
D2F
330
D29
100
AcDbEntity
  8
$Тонкие
100
AcDbVertex
100
AcDb2dVertex
 10
16210.87815433303
 20
18445.87635540778
 30
0.0
  0
SEQEND
  5
D30
330
D29
100
AcDbEntity
  8
$Тонкие
  0
LWPOLYLINE
  5
D31
330
1F
100
AcDbEntity
  8
$Слои конструкции
100
AcDbPolyline
 90
        4
 70
     0
 43
0.0
 10
16277.30163326655
 20
18862.37240630437
 10
15510.87815433303
 20
18862.37240630437
 10
15510.87815433303
 20
18562.37233946579
 10
16210.87815433303
 20
18562.37233946579
  0
LWPOLYLINE
  5
D32
102
{ACAD_REACTORS
330
D1F
102
}
330
1F
100
AcDbEntity
  8
$Слои конструкции
100
AcDbPolyline
 90
        4
 70
     0
 43
0.0
 10
40990.87815433303
 20
18562.37233946579
 10
41440.87815433303
 20
18562.37233946579
 10
41440.87815433303
 20
18862.37240630437
 10
41057.30163326655
 20
18862.37240630437
  0
POLYLINE
  5
D33
102
{ACAD_REACTORS
330
D1F
102
}
330
1F
100
AcDbEntity
  8
$Тонкие
100
AcDb2dPolyline
 66
     1
 10
0.0
 20
0.0
 30
0.0
  0
VERTEX
  5
D34
330
D33
100
AcDbEntity
  8
$Тонкие
100
AcDbVertex
100
AcDb2dVertex
 10
40990.87815433303
 20
19396.68318847674
 30
0.0
  0
VERTEX
  5
D35
330
D33
100
AcDbEntity
  8
$Тонкие
100
AcDbVertex
100
AcDb2dVertex
 10
40990.87815433303
 20
18959.51356594883
 30
0.0
  0
VERTEX
  5
D36
330
D33
100
AcDbEntity
  8
$Тонкие
100
AcDbVertex
100
AcDb2dVertex
 10
40915.87815433303
 20
18909.51356594884
 30
0.0
  0
VERTEX
  5
D37
330
D33
100
AcDbEntity
  8
$Тонкие
100
AcDbVertex
100
AcDb2dVertex
 10
41065.87815433303
 20
18859.51356594883
 30
0.0
  0
VERTEX
  5
D38
330
D33
100
AcDbEntity
  8
$Тонкие
100
AcDbVertex
100
AcDb2dVertex
 10
40990.87815433303
 20
18809.51356594884
 30
0.0
  0
VERTEX
  5
D39
330
D33
100
AcDbEntity
  8
$Тонкие
100
AcDbVertex
100
AcDb2dVertex
 10
40990.87815433303
 20
18445.87635540778
 30
0.0
  0
SEQEND
  5
D3A
330
D33
100
AcDbEntity
  8
$Тонкие
  0
DIMENSION
  5
D3B
330
1F
100
AcDbEntity
  8
$Размеры
100
AcDbDimension
280
     0
  2
*D177
 10
15328.67007301964
 20
18862.37240630437
 30
0.0
 11
15284.92007301964
 21
19192.37240630437
 31
0.0
 70
    32
 71
     5
 42
660.0
 73
     0
 74
     0
 75
     0
  3
@TN  1-25
100
AcDbAlignedDimension
 13
15510.87815433303
 23
19522.37240630437
 33
0.0
 14
15510.87815433303
 24
18862.37240630437
 34
0.0
 50
90.0
100
AcDbRotatedDimension
  0
DIMENSION
  5
D3C
330
1F
100
AcDbEntity
  8
$Размеры
100
AcDbDimension
280
     0
  2
*D178
 10
15328.67007301964
 20
19547.37240630437
 30
0.0
 11
15284.92007301964
 21
19643.24581856784
 31
0.0
 70
    32
 71
     5
 42
25.0
 73
     0
 74
     0
 75
     0
  3
@TN  1-25
100
AcDbAlignedDimension
 13
15510.87815433303
 23
19522.37240630437
 33
0.0
 14
15535.87815433303
 24
19547.37240630437
 34
0.0
 50
90.0
100
AcDbRotatedDimension
  0
DIMENSION
  5
D3D
330
1F
100
AcDbEntity
  8
$Размеры
100
AcDbDimension
280
     0
  2
*D179
 10
15510.87815433303
 20
19748.61779547555
 30
0.0
 11
15415.00474206956
 21
19792.36779547555
 31
0.0
 70
    32
 71
     5
 42
25.0
 73
     0
 74
     0
 75
     0
  3
@TN  1-25
100
AcDbAlignedDimension
 13
15535.87815433303
 23
19547.37240630437
 33
0.0
 14
15510.87815433303
 24
19522.37240630437
 34
0.0
100
AcDbRotatedDimension
  0
DIMENSION
  5
D3E
330
1F
100
AcDbEntity
  8
$Размеры
100
AcDbDimension
280
     0
  2
*D180
 10
16035.87815433303
 20
19748.61779547555
 30
0.0
 11
15785.87815433303
 21
19792.36779547555
 31
0.0
 70
    32
 71
     5
 42
500.0
 73
     0
 74
     0
 75
     0
  3
@TN  1-25
100
AcDbAlignedDimension
 13
15535.87815433303
 23
19547.37240630437
 33
0.0
 14
16035.87815433303
 24
19547.37240630437
 34
0.0
100
AcDbRotatedDimension
  0
DIMENSION
  5
D3F
330
1F
100
AcDbEntity
  8
$Размеры
100
AcDbDimension
280
     0
  2
*D181
 10
16060.87815433303
 20
19748.61779547555
 30
0.0
 11
16156.75156659651
 21
19792.36779547555
 31
0.0
 70
    32
 71
     5
 42
25.0
 73
     0
 74
     0
 75
     0
  3
@TN  1-25
100
AcDbAlignedDimension
 13
16035.87815433303
 23
19547.37240630437
 33
0.0
 14
16060.87815433303
 24
19522.37240630437
 34
0.0
100
AcDbRotatedDimension
  0
DIMENSION
  5
D40
330
1F
100
AcDbEntity
  8
$Размеры
100
AcDbDimension
280
     0
  2
*D182
 10
16060.87815433303
 20
19885.89577218881
 30
0.0
 11
15785.87815433303
 21
19929.64577218881
 31
0.0
 70
    32
 71
     5
 42
550.0
 73
     0
 74
     0
 75
     0
  3
@TN  1-25
100
AcDbAlignedDimension
 13
15510.87815433303
 23
19522.37240630437
 33
0.0
 14
16060.87815433303
 24
19522.37240630437
 34
0.0
100
AcDbRotatedDimension
  0
DIMENSION
  5
D41
330
1F
100
AcDbEntity
  8
$Размеры
100
AcDbDimension
280
     0
  2
*D183
 10
15328.67007301964
 20
18562.3723394658
 30
0.0
 11
15284.92007301964
 21
18712.37237288508
 31
0.0
 70
    32
 71
     5
 42
300.0000668385764
 73
     0
 74
     0
 75
     0
  3
@TN  1-25
100
AcDbAlignedDimension
 13
15510.87815433303
 23
18862.37240630437
 33
0.0
 14
15510.87815433303
 24
18562.37233946579
 34
0.0
 50
90.0
100
AcDbRotatedDimension
  0
DIMENSION
  5
D42
330
1F
100
AcDbEntity
  8
$Размеры
100
AcDbDimension
280
     0
  2
*D184
 10
16380.60626831587
 20
19547.37240630437
 30
0.0
 11
16336.85626831588
 21
19643.24581856784
 31
0.0
 70
    32
 71
     5
 42
25.0
 73
     0
 74
     0
 75
     0
  3
@TN  1-25
100
AcDbAlignedDimension
 13
16060.87815433303
 23
19522.37240630437
 33
0.0
 14
16035.87815433303
 24
19547.37240630437
 34
0.0
 50
90.0
100
AcDbRotatedDimension
  0
DIMENSION
  5
D43
330
1F
100
AcDbEntity
  8
$Размеры
100
AcDbDimension
280
     0
  2
*D185
 10
16380.60626831586
 20
19412.57864925582
 30
0.0
 11
16380.60626831586
 21
19467.47552778009
 31
0.0
 70
   160
 71
     5
 42
109.7937570485519
 73
     0
 74
     0
 75
     0
  3
@TN  1-25
100
AcDbAlignedDimension
 13
16060.87815433303
 23
19522.37240630437
 33
0.0
 14
16060.87815433303
 24
19412.57864925582
 34
0.0
 50
90.0
100
AcDbRotatedDimension
  0
DIMENSION
  5
D44
330
1F
100
AcDbEntity
  8
$Размеры
100
AcDbDimension
280
     0
  2
*D186
 10
16040.87815433303
 20
19439.06508019289
 30
0.0
 11
16194.25156659661
 21
19439.06508019289
 31
0.0
 70
   160
 71
     5
 42
20.0
 73
     0
 74
     0
 75
     0
  3
@TN  1-25
100
AcDbAlignedDimension
 13
16060.87815433303
 23
19412.57864925582
 33
0.0
 14
16040.87815433303
 24
19412.57864925582
 34
0.0
100
AcDbRotatedDimension
  0
DIMENSION
  5
D45
330
1F
100
AcDbEntity
  8
$Размеры
100
AcDbDimension
280
     0
  2
*D187
 10
16380.60626831587
 20
19337.45240630294
 30
0.0
 11
16503.34841135824
 21
19387.37500152995
 31
0.0
 70
   160
 71
     5
 42
75.12624295288697
 73
     0
 74
     0
 75
     0
  3
@TN  1-25
100
AcDbAlignedDimension
 13
16060.87815433303
 23
19412.57864925582
 33
0.0
 14
16040.87815433303
 24
19337.45240630293
 34
0.0
 50
90.0
100
AcDbRotatedDimension
1001
ACAD
1000
DSTYLE
1002
{
1070
   279
1070
     1
1002
}
  0
DIMENSION
  5
D46
330
1F
100
AcDbEntity
  8
$Размеры
100
AcDbDimension
280
     0
  2
*D188
 10
16380.60626831587
 20
19312.45240630294
 30
0.0
 11
16336.85626831588
 21
19216.57899403945
 31
0.0
 70
    32
 71
     5
 42
25.0
 73
     0
 74
     0
 75
     0
  3
@TN  1-25
100
AcDbAlignedDimension
 13
16040.87815433303
 23
19337.45240630293
 33
0.0
 14
16065.87815433303
 24
19312.45240630293
 34
0.0
 50
90.0
100
AcDbRotatedDimension
  0
DIMENSION
  5
D47
330
1F
100
AcDbEntity
  8
$Размеры
100
AcDbDimension
280
     0
  2
*D189
 10
41623.08623564647
 20
18862.37240630437
 30
0.0
 11
41579.33623564646
 21
19192.37240630436
 31
0.0
 70
    32
 71
     5
 42
660.0
 73
     0
 74
     0
 75
     0
  3
@TN  1-25
100
AcDbAlignedDimension
 13
41440.87815433303
 23
19522.37240630437
 33
0.0
 14
41440.87815433303
 24
18862.37240630437
 34
0.0
 50
90.0
100
AcDbRotatedDimension
  0
DIMENSION
  5
D48
330
1F
100
AcDbEntity
  8
$Размеры
100
AcDbDimension
280
     0
  2
*D190
 10
41623.08623564647
 20
19547.37240630437
 30
0.0
 11
41579.33623564646
 21
19643.24581856783
 31
0.0
 70
    32
 71
     5
 42
25.0
 73
     0
 74
     0
 75
     0
  3
@TN  1-25
100
AcDbAlignedDimension
 13
41440.87815433303
 23
19522.37240630437
 33
0.0
 14
41415.87815433303
 24
19547.37240630437
 34
0.0
 50
90.0
100
AcDbRotatedDimension
  0
DIMENSION
  5
D49
330
1F
100
AcDbEntity
  8
$Размеры
100
AcDbDimension
280
     0
  2
*D191
 10
41623.08623564647
 20
18562.3723394658
 30
0.0
 11
41579.33623564646
 21
18712.37237288507
 31
0.0
 70
    32
 71
     5
 42
300.0000668385764
 73
     0
 74
     0
 75
     0
  3
@TN  1-25
100
AcDbAlignedDimension
 13
41440.87815433303
 23
18862.37240630437
 33
0.0
 14
41440.87815433303
 24
18562.37233946579
 34
0.0
 50
90.0
100
AcDbRotatedDimension
  0
DIMENSION
  5
D4A
330
1F
100
AcDbEntity
  8
$Размеры
100
AcDbDimension
280
     0
  2
*D192
 10
41440.87815433303
 20
19748.61779547555
 30
0.0
 11
41536.7515665965
 21
19792.36779547555
 31
0.0
 70
    32
 71
     5
 42
25.0
 73
     0
 74
     0
 75
     0
  3
@TN  1-25
100
AcDbAlignedDimension
 13
41415.87815433303
 23
19547.37240630437
 33
0.0
 14
41440.87815433303
 24
19522.37240630437
 34
0.0
 50
180.0
100
AcDbRotatedDimension
  0
DIMENSION
  5
D4B
330
1F
100
AcDbEntity
  8
$Размеры
100
AcDbDimension
280
     0
  2
*D193
 10
41215.87815433303
 20
19748.61779547555
 30
0.0
 11
41315.87815433303
 21
19792.36779547555
 31
0.0
 70
    32
 71
     5
 42
200.0
 73
     0
 74
     0
 75
     0
  3
@TN  1-25
100
AcDbAlignedDimension
 13
41415.87815433303
 23
19547.37240630437
 33
0.0
 14
41215.87815433303
 24
19547.37240630437
 34
0.0
 50
180.0
100
AcDbRotatedDimension
  0
DIMENSION
  5
D4C
330
1F
100
AcDbEntity
  8
$Размеры
100
AcDbDimension
280
     0
  2
*D194
 10
41190.87815433303
 20
19748.61779547555
 30
0.0
 11
41095.00474206956
 21
19792.36779547555
 31
0.0
 70
    32
 71
     5
 42
25.0
 73
     0
 74
     0
 75
     0
  3
@TN  1-25
100
AcDbAlignedDimension
 13
41215.87815433303
 23
19547.37240630437
 33
0.0
 14
41190.87815433303
 24
19522.37240630437
 34
0.0
 50
180.0
100
AcDbRotatedDimension
  0
DIMENSION
  5
D4D
330
1F
100
AcDbEntity
  8
$Размеры
100
AcDbDimension
280
     0
  2
*D121
 10
41190.87815433303
 20
19885.89577218881
 30
0.0
 11
41315.87815433303
 21
19929.64577218881
 31
0.0
 70
    32
 71
     5
 42
250.0
 73
     0
 74
     0
 75
     0
  3
@TN  1-25
100
AcDbAlignedDimension
 13
41440.87815433303
 23
19522.37240630437
 33
0.0
 14
41190.87815433303
 24
19522.37240630437
 34
0.0
 50
180.0
100
AcDbRotatedDimension
  0
DIMENSION
  5
D4E
330
1F
100
AcDbEntity
  8
$Размеры
100
AcDbDimension
280
     0
  2
*D122
 10
40871.15004035023
 20
19547.37240630437
 30
0.0
 11
40827.40004035024
 21
19643.24581856783
 31
0.0
 70
    32
 71
     5
 42
25.0
 73
     0
 74
     0
 75
     0
  3
@TN  1-25
100
AcDbAlignedDimension
 13
41190.87815433303
 23
19522.37240630437
 33
0.0
 14
41215.87815433303
 24
19547.37240630437
 34
0.0
 50
90.0
100
AcDbRotatedDimension
  0
DIMENSION
  5
D4F
330
1F
100
AcDbEntity
  8
$Размеры
100
AcDbDimension
280
     0
  2
*D123
 10
40871.15004035023
 20
19462.57864925582
 30
0.0
 11
40713.36895400919
 21
19504.76122125124
 31
0.0
 70
   160
 71
     5
 42
59.79375704855192
 73
     0
 74
     0
 75
     0
  3
@TN  1-25
100
AcDbAlignedDimension
 13
41190.87815433303
 23
19522.37240630437
 33
0.0
 14
41190.87815433303
 24
19462.57864925582
 34
0.0
 50
90.0
100
AcDbRotatedDimension
1001
ACAD
1000
DSTYLE
1002
{
1070
   279
1070
     1
1002
}
  0
DIMENSION
  5
D50
330
1F
100
AcDbEntity
  8
$Размеры
100
AcDbDimension
280
     0
  2
*D124
 10
40871.15004035021
 20
19337.45240630293
 30
0.0
 11
40871.15004035021
 21
19400.01552777936
 31
0.0
 70
   160
 71
     5
 42
125.1262429528869
 73
     0
 74
     0
 75
     0
  3
@TN  1-25
100
AcDbAlignedDimension
 13
41190.87815433303
 23
19462.57864925582
 33
0.0
 14
41210.87815433303
 24
19337.45240630293
 34
0.0
 50
90.0
100
AcDbRotatedDimension
  0
DIMENSION
  5
D51
330
1F
100
AcDbEntity
  8
$Размеры
100
AcDbDimension
280
     0
  2
*D125
 10
40871.15004035023
 20
19312.45240630293
 30
0.0
 11
40827.40004035024
 21
19216.57899403944
 31
0.0
 70
    32
 71
     5
 42
25.0
 73
     0
 74
     0
 75
     0
  3
@TN  1-25
100
AcDbAlignedDimension
 13
41210.87815433303
 23
19337.45240630293
 33
0.0
 14
41185.87815433303
 24
19312.45240630293
 34
0.0
 50
90.0
100
AcDbRotatedDimension
  0
DIMENSION
  5
D52
330
1F
100
AcDbEntity
  8
$Размеры
100
AcDbDimension
280
     0
  2
*D126
 10
41793.04787998119
 20
18862.37240630437
 30
0.0
 11
41749.29787998118
 21
19204.87240630436
 31
0.0
 70
    32
 71
     5
 42
685.0
 73
     0
 74
     0
 75
     0
  3
@TN  1-25
100
AcDbAlignedDimension
 13
41415.87815433303
 23
19547.37240630437
 33
0.0
 14
41440.87815433303
 24
18862.37240630437
 34
0.0
 50
90.0
100
AcDbRotatedDimension
  0
DIMENSION
  5
D53
330
1F
100
AcDbEntity
  8
$Размеры
100
AcDbDimension
280
     0
  2
*D127
 10
15175.11851243705
 20
18862.37240630437
 30
0.0
 11
15131.36851243705
 21
19204.87240630437
 31
0.0
 70
    32
 71
     5
 42
685.0
 73
     0
 74
     0
 75
     0
  3
@TN  1-25
100
AcDbAlignedDimension
 13
15535.87815433303
 23
19547.37240630437
 33
0.0
 14
15510.87815433303
 24
18862.37240630437
 34
0.0
 50
90.0
100
AcDbRotatedDimension
  0
HATCH
  5
D54
330
1F
100
AcDbEntity
  8
$Размеры
 62
     8
100
AcDbHatch
 10
0.0
 20
0.0
 30
0.0
210
0.0
220
0.0
230
1.0
  2
ANSI35
 70
     0
 71
     1
 91
        2
 92
        9
 93
        4
 72
     1
 10
4863.115954436378
 20
10761.40713377878
 11
4864.785114560758
 21
10427.91766188534
 72
     1
 10
4864.785114560758
 20
10427.91766188534
 11
4614.788245925085
 21
10426.666393586
 72
     1
 10
4614.788245925085
 20
10426.666393586
 11
4613.119085800705
 21
10760.15586547943
 72
     1
 10
4613.119085800705
 20
10760.15586547943
 11
4863.115954436378
 21
10761.40713377878
 97
        1
330
D6E
 92
        5
 93
       16
 72
     1
 10
9872.853830031878
 20
10892.90150611966
 11
10172.81492311489
 21
10592.86710334094
 72
     1
 10
2972.772266280191
 20
10858.36675336959
 11
9872.853830031878
 21
10892.90150611966
 72
     1
 10
2672.776016197453
 20
10558.36675336959
 11
2972.772266280191
 21
10858.36675336959
 72
     1
 10
1872.776016197453
 20
10558.36675336959
 11
2672.776016197453
 21
10558.36675336959
 72
     1
 10
1872.775942372909
 20
10531.27590979323
 11
1872.776016197453
 21
10558.36675336959
 72
     1
 10
1672.776016197453
 20
10731.27583596869
 11
1872.775942372909
 21
10531.27590979323
 72
     1
 10
1672.776016197453
 20
10931.27583596869
 11
1672.776016197453
 21
10731.27583596869
 72
     1
 10
1872.776016197453
 20
10942.27583429196
 11
1672.776016197453
 21
10931.27583596869
 72
     1
 10
1872.966430191236
 20
11537.88203158488
 11
1872.776016197453
 21
10942.27583429196
 72
     1
 10
10973.04445565194
 20
11583.38234542382
 11
1872.966430191236
 21
11537.88203158488
 72
     1
 10
10972.89272021251
 20
10974.77622120911
 11
10973.04445565194
 21
11583.38234542382
 72
     1
 10
11172.89273694931
 20
10965.77618594004
 11
10972.89272021251
 21
10974.77622120911
 72
     1
 10
11172.8573399026
 20
10765.74078889333
 11
11172.89273694931
 21
10965.77618594004
 72
     1
 10
10972.89281077385
 20
10565.77625976458
 11
11172.8573399026
 21
10765.74078889333
 72
     1
 10
10972.89273694931
 20
10592.86710334094
 11
10972.89281077385
 21
10565.77625976458
 72
     1
 10
10172.81492311489
 20
10592.86710334094
 11
10972.89273694931
 21
10592.86710334094
 97
        1
330
D55
 75
     1
 76
     1
 52
0.0
 41
1000.0
 77
     0
 78
     2
 53
45.0
 43
-2722376.41209301
 44
-576207.6968948017
 45
-176.7766952966368
 46
176.7766952966369
 79
     0
 53
45.0
 43
-2722199.63539801
 44
-576207.6968948017
 45
-176.7766952966368
 46
176.7766952966369
 79
     4
 49
312.5
 49
-62.5
 49
0.0
 49
-62.5
 47
13.22416585608503
 98
        1
 10
6422.834376573383
 20
11218.13278483345
1001
GradientColor1ACI
1070
     5
1001
GradientColor2ACI
1070
     2
1001
ACAD
1010
0.0
1020
0.0
1030
0.0
  0
LWPOLYLINE
  5
D55
102
{ACAD_REACTORS
330
D54
102
}
330
1F
100
AcDbEntity
  8
$Слои конструкции
100
AcDbPolyline
 90
       16
 70
     1
 43
0.0
 10
9872.853830031871
 20
10892.90150611966
 10
10172.81492311489
 20
10592.86710334094
 10
10972.89273694931
 20
10592.86710334094
 10
10972.89281077385
 20
10565.77625976458
 10
11172.8573399026
 20
10765.74078889333
 10
11172.89273694931
 20
10965.77618594004
 10
10972.89272021251
 20
10974.77622120911
 10
10973.04445565194
 20
11583.38234542382
 10
1872.966430191236
 20
11537.88203158488
 10
1872.776016197453
 20
10942.27583429196
 10
1672.776016197453
 20
10931.27583596869
 10
1672.776016197453
 20
10731.27583596869
 10
1872.775942372909
 20
10531.27590979323
 10
1872.776016197453
 20
10558.36675336959
 10
2672.776016197453
 20
10558.36675336959
 10
2972.772266280191
 20
10858.36675336959
  0
LWPOLYLINE
  5
D56
330
1F
100
AcDbEntity
  8
∅25
100
AcDbPolyline
 90
        2
 70
     0
 43
0.0
 10
1772.776016197453
 20
10936.77583513038
 10
1772.776016197453
 20
11136.77583513038
  0
LWPOLYLINE
  5
D57
330
1F
100
AcDbEntity
  8
∅25
100
AcDbPolyline
 90
        2
 70
     0
 43
0.0
 10
11072.89272858091
 20
10970.27620357463
 10
11072.89272858091
 20
11170.27620357463
  0
DIMENSION
  5
D58
330
1F
100
AcDbEntity
  8
$Размеры
100
AcDbDimension
280
     0
  2
*D128
 10
1872.775942372909
 20
9924.372929994389
 30
0.0
 11
2272.775979285182
 21
10011.87292999438
 31
0.0
 70
    32
 71
     5
 42
800.0000738245434
 73
     0
 74
     0
 75
     0
  3
@TN  1-50
100
AcDbAlignedDimension
 13
2672.776016197453
 23
10558.36675336959
 33
0.0
 14
1872.775942372909
 24
10531.27590979323
 34
0.0
100
AcDbRotatedDimension
  0
DIMENSION
  5
D59
330
1F
100
AcDbEntity
  8
$Размеры
100
AcDbDimension
280
     0
  2
*D129
 10
10172.77601619745
 20
9924.372929994389
 30
0.0
 11
6422.776016197452
 21
10011.87292999438
 31
0.0
 70
    32
 71
     5
 42
7500.0
 73
     0
 74
     0
 75
     0
  3
@TN  1-50
100
AcDbAlignedDimension
 13
2672.776016197453
 23
10558.36675336959
 33
0.0
 14
10172.77601619745
 24
10592.90150611966
 34
0.0
100
AcDbRotatedDimension
  0
DIMENSION
  5
D5A
330
1F
100
AcDbEntity
  8
$Размеры
100
AcDbDimension
280
     0
  2
*D130
 10
10972.89281077385
 20
9924.372929994389
 30
0.0
 11
10572.83441348565
 21
10011.87292999438
 31
0.0
 70
    32
 71
     5
 42
800.1167945764027
 73
     0
 74
     0
 75
     0
  3
@TN  1-50
100
AcDbAlignedDimension
 13
10172.77601619745
 23
10592.90150611966
 33
0.0
 14
10972.89281077385
 24
10565.77625976458
 34
0.0
100
AcDbRotatedDimension
  0
DIMENSION
  5
D5B
330
1F
100
AcDbEntity
  8
$Слои конструкции
100
AcDbDimension
280
     0
  2
*D131
 10
1672.776016197453
 20
11929.26165207687
 30
0.0
 11
1437.279191670508
 21
12016.76165207687
 31
0.0
 70
    32
 71
     5
 42
200.1904139937833
 73
     0
 74
     0
 75
     0
  3
@TN  1-50
100
AcDbAlignedDimension
 13
1872.966430191236
 23
11537.88203158488
 33
0.0
 14
1672.776016197453
 24
10931.27583596869
 34
0.0
100
AcDbRotatedDimension
  0
DIMENSION
  5
D5C
330
1F
100
AcDbEntity
  8
$Слои конструкции
100
AcDbDimension
280
     0
  2
*D132
 10
10973.04424402565
 20
11929.26165207687
 30
0.0
 11
6423.005337108445
 21
12016.76165207687
 31
0.0
 70
    32
 71
     5
 42
9100.077813834417
 73
     0
 74
     0
 75
     0
  3
@TN  1-50
100
AcDbAlignedDimension
 13
1872.966430191236
 23
11537.88203158488
 33
0.0
 14
10973.04424402565
 24
11583.38234436572
 34
0.0
100
AcDbRotatedDimension
  0
DIMENSION
  5
D5D
330
1F
100
AcDbEntity
  8
$Слои конструкции
100
AcDbDimension
280
     0
  2
*D133
 10
11172.89273694931
 20
11929.26165207687
 30
0.0
 11
11408.38956147625
 21
12016.76165207687
 31
0.0
 70
    32
 71
     5
 42
199.8484929236583
 73
     0
 74
     0
 75
     0
  3
@TN  1-50
100
AcDbAlignedDimension
 13
10973.04424402565
 23
11583.38234436572
 33
0.0
 14
11172.89273694931
 24
10965.77618594004
 34
0.0
100
AcDbRotatedDimension
  0
DIMENSION
  5
D5E
330
1F
100
AcDbEntity
  8
$Слои конструкции
100
AcDbDimension
280
     0
  2
*D134
 10
11172.89273694931
 20
12187.54307603628
 30
0.0
 11
6422.834376573383
 21
12275.04307603628
 31
0.0
 70
    32
 71
     5
 42
9500.11672075186
 73
     0
 74
     0
 75
     0
  3
@TN  1-50
100
AcDbAlignedDimension
 13
1672.776016197453
 23
10931.27583596869
 33
0.0
 14
11172.89273694931
 24
10965.77618594004
 34
0.0
100
AcDbRotatedDimension
  0
MTEXT
  5
D5F
102
{ACAD_XDICTIONARY
360
D60
102
}
330
1F
100
AcDbEntity
  8
$Выноски
100
AcDbMText
 10
6422.966430191237
 20
12631.43844437229
 30
0.0
 40
120.0
 41
729.8306467963848
 46
0.0
 71
     5
 72
     5
  1
1-1
  7
@ТРАНСПРОЕКТ
 73
     1
 44
1.0
101
Embedded Object
 70
     5
 10
1.0
 20
0.0
 30
0.0
 11
6422.966430191237
 21
12631.43844437229
 31
0.0
 40
729.8306467963848
 41
0.0
 42
212.1539030917347
 43
120.0
 71
     2
 72
     1
 44
729.8306467963848
 45
12.5
 73
     0
 74
     0
 46
0.0
  0
MULTILEADER
  5
D61
330
1F
100
AcDbEntity
  8
$Выноски
160
               608
310
60020000170000000C00000016000000000000C00C00000033000000000000000C00000013000000993A0000C0000000260000002594555484E0B840CCDE909151E0C640000000000000000000000000000000000000000000000000000000000000F03F000000000000F03F17C049D3DA65BABC0000000000000000350030
310
200000000002000000010000000000000000405F40000000000000F03F65732D3852C1D03F000000000000F03F000000000000000000000000000000000000000000000000000000000100000022000000490053004F00430050004500550052000000000000000000000000000C00000033000000000000000C0000001000
310
0000070000000C00000016000000000000C00C000000170000000D0000000C00000012000000FF7F00000C00000013000000010000000C00000013000000891300003C00000006000000020000003A011C3D8BC9B840CC40F6806A00C74000000000000000003AE76148CE47B840CCDE9091D1D3C64000000000000000000C
310
00000013000000112700003C00000006000000020000003AE76148CE47B840CCDE9091D1D3C640000000000000000053935554C4E6B840CCDE9091D1D3C64000000000000000000C00000016000000000000C00C00000012000000FF7F00000C00000017000000000000000C000000130000009A3A00003C00000006000000
310
0200000053935554C4E6B840CCDE9091D1D3C64000000000000000007C611EB482D6B940CCDE9091D1D3C64000000000000000000C00000016000000000000C00C00000012000000FF7F00000C00000017000000FFFFFFFF0C0000003300000000000000
100
AcDbMLeader
270
     2
300
CONTEXT_DATA{
 40
100.0
 10
6374.766911838978
 20
11687.63725481871
 30
0.0
 41
125.0
140
100.0
145
6.25
174
     6
175
     6
176
     1
177
     0
290
     1
304
5‰
 11
0.0
 21
0.0
 31
1.0
340
7BF
 12
6497.763736366114
 22
11837.63725481871
 32
0.0
 13
1.0
 23
-0.0000000000000004
 33
0.0
 42
0.0
 43
0.0
 44
0.0
 45
1.0
170
     1
 90
-1073741824
171
     2
172
     5
 91
-1073741824
141
0.0
 92
        0
291
     0
292
     0
173
     0
293
     0
142
0.0
143
0.0
294
     0
295
     0
296
     0
110
4883.116298577102
120
12012.18202260639
130
0.0
111
1.0
121
-0.0000000000000004
131
0.0
112
0.0000000000000004
122
1.0
132
0.0
297
     0
302
LEADER{
290
     1
291
     1
 10
6215.8057919683
 20
11687.63725481871
 30
0.0
 11
1.0
 21
-0.0000000000000004
 31
0.0
 90
        0
 40
158.961119870678
304
LEADER_LINE{
 10
6345.543901205349
 20
11776.83206060566
 30
0.0
 91
        0
305
}
271
     0
303
}
272
     9
273
     9
301
}
340
12E
 90
 84166532
170
     1
 91
-1073741824
341
15
171
    13
290
     1
291
     1
 41
0.2932457142334897
342
2B9
 42
2.0
172
     2
343
7BF
173
     6
 95
        6
174
     1
175
     0
 92
-1073741824
292
     0
 93
-1056964608
 10
1.0
 20
1.0
 30
1.0
 43
0.0
176
     0
293
     0
294
     0
178
     0
179
     2
 45
100.0
271
     0
272
     9
273
     9
295
     0
  0
DIMENSION
  5
D62
330
1F
100
AcDbEntity
  8
$Слои конструкции
100
AcDbDimension
280
     0
  2
*D135
 10
1423.203870834603
 20
10531.27590979324
 30
0.0
 11
1335.703870834606
 21
10295.77908526629
 31
0.0
 70
    32
 71
     5
 42
199.9999261754565
 73
     0
 74
     0
 75
     0
  3
@TN  1-50
100
AcDbAlignedDimension
 13
1672.776016197453
 23
10731.27583596869
 33
0.0
 14
1872.775942372909
 24
10531.27590979323
 34
0.0
 50
90.0
100
AcDbRotatedDimension
  0
DIMENSION
  5
D63
330
1F
100
AcDbEntity
  8
$Слои конструкции
100
AcDbDimension
280
     0
  2
*D136
 10
1423.203870834603
 20
10731.27583596869
 30
0.0
 11
1169.490968495427
 21
10806.38518976352
 31
0.0
 70
   160
 71
     5
 42
200.0
 73
     0
 74
     0
 75
     0
  3
@TN  1-50
100
AcDbAlignedDimension
 13
1672.776016197453
 23
10931.27583596869
 33
0.0
 14
1672.776016197453
 24
10731.27583596869
 34
0.0
 50
90.0
100
AcDbRotatedDimension
1001
ACAD
1000
DSTYLE
1002
{
1070
   279
1070
     1
1002
}
  0
DIMENSION
  5
D64
330
1F
100
AcDbEntity
  8
$Слои конструкции
100
AcDbDimension
280
     0
  2
*D137
 10
1423.203870834603
 20
10942.27583429196
 30
0.0
 11
1169.548686181015
 21
10961.75315403521
 31
0.0
 70
   160
 71
     5
 42
10.99999832327012
 73
     0
 74
     0
 75
     0
  3
@TN  1-50
100
AcDbAlignedDimension
 13
1672.776016197453
 23
10931.27583596869
 33
0.0
 14
1872.776016197453
 24
10942.27583429196
 34
0.0
 50
90.0
100
AcDbRotatedDimension
1001
ACAD
1000
DSTYLE
1002
{
1070
   279
1070
     1
1002
}
  0
DIMENSION
  5
D65
330
1F
100
AcDbEntity
  8
$Слои конструкции
100
AcDbDimension
280
     0
  2
*D138
 10
1423.203870834603
 20
10942.27583429196
 30
0.0
 11
1335.703870834606
 21
11240.07893293842
 31
0.0
 70
    32
 71
     5
 42
595.6061972929164
 73
     0
 74
     0
 75
     0
  3
@TN  1-50
100
AcDbAlignedDimension
 13
1872.966430191236
 23
11537.88203158488
 33
0.0
 14
1872.776016197453
 24
10942.27583429196
 34
0.0
 50
90.0
100
AcDbRotatedDimension
  0
DIMENSION
  5
D66
330
1F
100
AcDbEntity
  8
$Слои конструкции
100
AcDbDimension
280
     0
  2
*D139
 10
11422.42229930154
 20
10565.77625976459
 30
0.0
 11
11334.92229930154
 21
10330.27943523764
 31
0.0
 70
    32
 71
     5
 42
199.9645291287452
 73
     0
 74
     0
 75
     0
  3
@TN  1-50
100
AcDbAlignedDimension
 13
11172.8573399026
 23
10765.74078889333
 33
0.0
 14
10972.89281077385
 24
10565.77625976458
 34
0.0
 50
90.0
100
AcDbRotatedDimension
  0
DIMENSION
  5
D67
330
1F
100
AcDbEntity
  8
$Слои конструкции
100
AcDbDimension
280
     0
  2
*D140
 10
11422.42229930154
 20
10765.74078889333
 30
0.0
 11
11676.13520164071
 21
10840.9058430294
 31
0.0
 70
   160
 71
     5
 42
200.0353970467113
 73
     0
 74
     0
 75
     0
  3
@TN  1-50
100
AcDbAlignedDimension
 13
11172.89273694931
 23
10965.77618594004
 33
0.0
 14
11172.8573399026
 24
10765.74078889333
 34
0.0
 50
90.0
100
AcDbRotatedDimension
1001
ACAD
1000
DSTYLE
1002
{
1070
   279
1070
     1
1002
}
  0
DIMENSION
  5
D68
330
1F
100
AcDbEntity
  8
$Слои конструкции
100
AcDbDimension
280
     0
  2
*D141
 10
11422.42229930154
 20
10974.77622120911
 30
0.0
 11
11676.13520164071
 21
10995.23004723016
 31
0.0
 70
   160
 71
     5
 42
8.998445717967115
 73
     0
 74
     0
 75
     0
  3
@TN  1-50
100
AcDbAlignedDimension
 13
11172.85741372714
 23
10965.77777549114
 33
0.0
 14
10972.89272021251
 24
10974.77622120911
 34
0.0
 50
90.0
100
AcDbRotatedDimension
1001
ACAD
1000
DSTYLE
1002
{
1070
   279
1070
     1
1002
}
  0
DIMENSION
  5
D69
330
1F
100
AcDbEntity
  8
$Слои конструкции
100
AcDbDimension
280
     0
  2
*D142
 10
11422.42229930154
 20
10974.77622120911
 30
0.0
 11
11334.92229930154
 21
11279.07928278742
 31
0.0
 70
    32
 71
     5
 42
608.6061231566127
 73
     0
 74
     0
 75
     0
  3
@TN  1-50
100
AcDbAlignedDimension
 13
10973.04424402565
 23
11583.38234436572
 33
0.0
 14
10972.89272021251
 24
10974.77622120911
 34
0.0
 50
90.0
100
AcDbRotatedDimension
  0
DIMENSION
  5
D6A
330
1F
100
AcDbEntity
  8
$Размеры
100
AcDbDimension
280
     0
  2
*D143
 10
3681.329253092226
 20
10558.36675336959
 30
0.0
 11
3681.329253092228
 21
10322.86992884265
 31
0.0
 70
   160
 71
     5
 42
300.0
 73
     0
 74
     0
 75
     0
  3
@TN  1-50
100
AcDbAlignedDimension
 13
2972.772266280191
 23
10858.36675336959
 33
0.0
 14
2672.776016197453
 24
10558.36675336959
 34
0.0
 50
90.0
100
AcDbRotatedDimension
  0
DIMENSION
  5
D6B
330
1F
100
AcDbEntity
  8
$Слои конструкции
100
AcDbDimension
280
     0
  2
*D144
 10
2972.772266280191
 20
10219.64474153567
 30
0.0
 11
3208.269090807137
 21
10307.14474153567
 31
0.0
 70
    32
 71
     5
 42
299.9962500827387
 73
     0
 74
     0
 75
     0
  3
@TN  1-50
100
AcDbAlignedDimension
 13
2672.776016197453
 23
10558.36675336959
 33
0.0
 14
2972.772266280191
 24
10858.36675336959
 34
0.0
100
AcDbRotatedDimension
  0
DIMENSION
  5
D6C
330
1F
100
AcDbEntity
  8
$Слои конструкции
100
AcDbDimension
280
     0
  2
*D145
 10
9872.853830031871
 20
10219.64474153567
 30
0.0
 11
9637.357005504926
 21
10307.14474153567
 31
0.0
 70
    32
 71
     5
 42
299.961093083024
 73
     0
 74
     0
 75
     0
  3
@TN  1-50
100
AcDbAlignedDimension
 13
10172.81492311489
 23
10592.86710334094
 33
0.0
 14
9872.853830031871
 24
10892.90150611966
 34
0.0
100
AcDbRotatedDimension
  0
DIMENSION
  5
D6D
330
1F
100
AcDbEntity
  8
$Слои конструкции
100
AcDbDimension
280
     0
  2
*D146
 10
9220.423415947998
 20
10592.86710334094
 30
0.0
 11
9132.923415947997
 21
10357.37027881399
 31
0.0
 70
    32
 71
     5
 42
300.0344027787214
 73
     0
 74
     0
 75
     0
  3
@TN  1-50
100
AcDbAlignedDimension
 13
9872.853830031871
 23
10892.90150611966
 33
0.0
 14
10172.81492311489
 24
10592.86710334094
 34
0.0
 50
90.0
100
AcDbRotatedDimension
  0
DIMENSION
  5
D6E
102
{ACAD_REACTORS
330
D54
102
}
330
1F
100
AcDbEntity
  8
$Слои конструкции
100
AcDbDimension
280
     0
  2
*D195
 10
4650.085979142665
 20
10866.76163611148
 30
0.0
 11
4651.338095368171
 21
10616.59535625882
 31
0.0
 70
   161
 71
     5
 42
684.9962841445321
 73
     0
 74
     0
 75
     0
  3
@TN  1-50
100
AcDbAlignedDimension
 13
4865.042164620298
 23
11552.84238517368
 33
0.0
 14
4868.47062116238
 24
10867.85468092085
 34
0.0
  0
DIMENSION
  5
D6F
330
1F
100
AcDbEntity
  8
$Слои конструкции
100
AcDbDimension
280
     0
  2
*D147
 10
2135.65043882728
 20
10558.36675336959
 30
0.0
 11
2135.650438827283
 21
10264.52908526629
 31
0.0
 70
   160
 71
     5
 42
27.09084357635584
 73
     0
 74
     0
 75
     0
  3
@TN  1-50
100
AcDbAlignedDimension
 13
1872.775942372909
 23
10531.27590979323
 33
0.0
 14
1872.776016197453
 24
10558.36675336959
 34
0.0
 50
90.0
100
AcDbRotatedDimension
  0
DIMENSION
  5
D70
330
1F
100
AcDbEntity
  8
$Слои конструкции
100
AcDbDimension
280
     0
  2
*D148
 10
10804.82348867954
 20
10565.77618594004
 30
0.0
 11
10717.32348867954
 21
10299.02936141309
 31
0.0
 70
    32
 71
     5
 42
27.09091740089935
 73
     0
 74
     0
 75
     0
  3
@TN  1-50
100
AcDbAlignedDimension
 13
10972.89273694931
 23
10592.86710334094
 33
0.0
 14
10972.89273694931
 24
10565.77618594004
 34
0.0
 50
90.0
100
AcDbRotatedDimension
  0
DIMENSION
  5
D71
330
1F
100
AcDbEntity
  8
$Размеры
100
AcDbDimension
280
     0
  2
*D149
 10
15510.87815433303
 20
1254.763533098411
 30
0.0
 11
15785.87815433303
 21
1342.263533098411
 31
0.0
 70
    32
 71
     5
 42
550.0
 73
     0
 74
     0
 75
     0
  3
@TN  1-50
100
AcDbAlignedDimension
 13
16060.87815433303
 23
1818.066645161735
 33
0.0
 14
15510.87815433303
 24
1618.066645180944
 34
0.0
100
AcDbRotatedDimension
  0
DIMENSION
  5
D72
330
1F
100
AcDbEntity
  8
$Размеры
100
AcDbDimension
280
     0
  2
*D150
 10
41190.87815433303
 20
1254.763533098411
 30
0.0
 11
28625.87815433304
 21
1342.263533098411
 31
0.0
 70
    32
 71
     5
 42
25130.0
 73
     0
 74
     0
 75
     0
  3
@TN  1-50
100
AcDbAlignedDimension
 13
16060.87815433303
 23
1818.066645161735
 33
0.0
 14
41190.87815433303
 24
1818.066645161735
 34
0.0
100
AcDbRotatedDimension
  0
DIMENSION
  5
D73
330
1F
100
AcDbEntity
  8
$Размеры
100
AcDbDimension
280
     0
  2
*D151
 10
41440.87815433303
 20
1254.763533098411
 30
0.0
 11
41315.87815433303
 21
1254.763533098411
 31
0.0
 70
   160
 71
     5
 42
250.0
 73
     0
 74
     0
 75
     0
  3
@TN  1-50
100
AcDbAlignedDimension
 13
41190.87815433303
 23
1818.066645161735
 33
0.0
 14
41440.87815433303
 24
1618.066645181176
 34
0.0
100
AcDbRotatedDimension
  0
INSERT
  5
D74
330
1F
100
AcDbEntity
  8
0
100
AcDbBlockReference
  2
A$C418A7A78
 10
-41140.79109241282
 20
14874.27514744284
 30
0.0
 41
-1.0
 43
-1.0
210
0.0
220
0.0
230
-1.0
1001
mc3dCrTime
1071
1869097940
1071
 31249585
  0
INSERT
  5
D75
330
1F
100
AcDbEntity
  8
0
100
AcDbBlockReference
  2
A$C418A7A78
 10
16110.96521625277
 20
14874.3551474428
 30
0.0
 41
-1.0
1001
mc3dCrTime
1071
1869098040
1071
 31249585
  0
MULTILEADER
  5
D76
330
1F
100
AcDbEntity
  8
$Выноски
160
              2928
310
700B00005C0000000C00000016000000000000C00C00000033000000000000000C00000013000000993A0000DC0000002600000033791A2951CACF400C772795D330CB40000000000000000000000000000000000000000000000000000000000000F03F000000000000F03F00000000000000000000000000000000140440
310
0435043D04300436043D0430044F04200042044004430431043A0430040000000010000000010000000000000000405F40000000000000F03F65732D3852C1D03F000000000000F03F000000000000000000000000000000000000000000000000000000000100000022000000490053004F00430050004500550052000000
310
3F130000000000003F130C00000033000000000000000C00000010000000070000000C00000016000000000000C00C000000170000000D0000000C00000012000000FF7F00000C0000001300000001000000880000001D000000033176445D3E4FC0E05E6B30A78453C000000000000000009DC7348C7B77CF40E05E6B30A7
310
845340033176445D3E4FC000000000000000000CAE78752D7DCB400000000000000000000000000000000000000000000059400000000000000000000000000000000000000000000000000000000000000000000000000000F03F080000001F0000000C00000016000000000000C00C00000012000000FF7F00000C000000
310
33000000000000000C00000013000000891300003C00000006000000020000009DC7348C7B77CF400CAE78752D7DCB4000000000000000009D64574F99C3CF400C772795131ECB4000000000000000000C0000001300000002000000880000001D000000033176445D3E4FC0E05E6B30A78453C000000000000000009DC734
310
8C7B77CF40E05E6B30A7845340033176445D3E4FC000000000000000000CAE78752D7DCB400000000000000000000000000000000000000000000059400000000000000000000000000000000000000000000000000000000000000000000000000000F03F080000001F0000000C00000016000000000000C00C0000001200
310
0000FF7F00000C00000033000000000000000C000000130000008A1300003C00000006000000020000009DC7348C7B77CF400CAE78752D7DCB4000000000000000009D64574F99C3CF400C772795131ECB4000000000000000000C0000001300000003000000880000001D000000033176445D3E4FC0E05E6B30A78453C000
310
000000000000009DC7348C7B77CF40E05E6B30A7845340033176445D3E4FC000000000000000000CAE78752D7DCB400000000000000000000000000000000000000000000059400000000000000000000000000000000000000000000000000000000000000000000000000000F03F080000001F0000000C00000016000000
310
000000C00C00000012000000FF7F00000C00000033000000000000000C000000130000008B1300003C00000006000000020000009DC7348C7B77CF400CAE78752D7DCB4000000000000000009D64574F99C3CF400C772795131ECB4000000000000000000C0000001300000004000000880000001D000000033176445D3E4F
310
C0E05E6B30A78453C000000000000000009DC7348C7B77CF40E05E6B30A7845340033176445D3E4FC000000000000000000CAE78752D7DCB400000000000000000000000000000000000000000000059400000000000000000000000000000000000000000000000000000000000000000000000000000F03F080000001F00
310
00000C00000016000000000000C00C00000012000000FF7F00000C00000033000000000000000C000000130000008C1300003C00000006000000020000009DC7348C7B77CF400CAE78752D7DCB4000000000000000009D64574F99C3CF400C772795131ECB4000000000000000000C0000001300000005000000880000001D
310
000000033176445D3E4FC0E05E6B30A78453C000000000000000009DC7348C7B77CF40E05E6B30A7845340033176445D3E4FC000000000000000000CAE78752D7DCB40000000000000000000000000000000000000000000005940000000000000000000000000000000000000000000000000000000000000000000000000
310
0000F03F080000001F0000000C00000016000000000000C00C00000012000000FF7F00000C00000033000000000000000C000000130000008D1300003C00000006000000020000009DC7348C7B77CF400CAE78752D7DCB4000000000000000009D64574F99C3CF400C772795131ECB4000000000000000000C000000130000
310
0006000000880000001D000000033176445D3E4FC0E05E6B30A78453C000000000000000009DC7348C7B77CF40E05E6B30A7845340033176445D3E4FC000000000000000000CAE78752D7DCB400000000000000000000000000000000000000000000059400000000000000000000000000000000000000000000000000000
310
000000000000000000000000F03F080000001F0000000C00000016000000000000C00C00000012000000FF7F00000C00000033000000000000000C000000130000008E1300003C00000006000000020000009DC7348C7B77CF400CAE78752D7DCB4000000000000000009D64574F99C3CF400C772795131ECB400000000000
310
0000000C0000001300000007000000880000001D000000033176445D3E4FC0E05E6B30A78453C000000000000000009DC7348C7B77CF40E05E6B30A7845340033176445D3E4FC000000000000000000CAE78752D7DCB4000000000000000000000000000000000000000000000594000000000000000000000000000000000
310
00000000000000000000000000000000000000000000F03F080000001F0000000C00000016000000000000C00C00000012000000FF7F00000C00000033000000000000000C000000130000008F1300003C00000006000000020000009DC7348C7B77CF400CAE78752D7DCB4000000000000000009D64574F99C3CF400C7727
310
95131ECB4000000000000000000C0000001300000008000000880000001D000000033176445D3E4FC0E05E6B30A78453C000000000000000009DC7348C7B77CF40E05E6B30A7845340033176445D3E4FC000000000000000000CAE78752D7DCB40000000000000000000000000000000000000000000005940000000000000
310
0000000000000000000000000000000000000000000000000000000000000000F03F080000001F0000000C00000016000000000000C00C00000012000000FF7F00000C00000033000000000000000C00000013000000901300003C00000006000000020000009DC7348C7B77CF400CAE78752D7DCB4000000000000000009D
310
64574F99C3CF400C772795131ECB4000000000000000000C0000001300000009000000880000001D000000033176445D3E4FC0E05E6B30A78453C000000000000000009DC7348C7B77CF40E05E6B30A7845340033176445D3E4FC000000000000000000CAE78752D7DCB400000000000000000000000000000000000000000
310
000059400000000000000000000000000000000000000000000000000000000000000000000000000000F03F080000001F0000000C00000016000000000000C00C00000012000000FF7F00000C00000033000000000000000C00000013000000911300003C00000006000000020000009DC7348C7B77CF400CAE78752D7DCB
310
4000000000000000009D64574F99C3CF400C772795131ECB4000000000000000000C00000013000000112700003C00000006000000020000009D64574F99C3CF400C772795131ECB400000000000000000BD9C1E15EECACF400C772795131ECB4000000000000000000C00000016000000000000C00C00000012000000FF7F
310
00000C00000017000000000000000C000000130000009A3A00003C0000000600000002000000BD9C1E15EECACF400C772795131ECB4000000000000000000A707F2C6861D1400C772795131ECB4000000000000000000C00000016000000000000C00C00000012000000FF7F00000C00000017000000FFFFFFFF0C00000033
310
00000000000000
100
AcDbMLeader
270
     2
300
CONTEXT_DATA{
 40
50.0
 10
16277.8600195184
 20
13884.15298932374
 30
0.0
 41
125.0
140
100.0
145
6.25
174
     6
175
     6
176
     1
177
     0
290
     1
304
Дренажная трубка
 11
0.0
 21
0.0
 31
1.0
340
7BF
 12
17040.86886772449
 22
14046.65298932374
 32
0.0
 13
1.0
 23
0.0
 33
0.0
 42
0.0
 43
0.0
 44
0.0
 45
1.0
170
     1
 90
-1073741824
171
     2
172
     5
 91
-1027028792
141
1.5
 92
        0
291
     1
292
     0
173
     0
293
     0
142
0.0
143
0.0
294
     0
295
     0
296
     0
110
14783.38514690688
120
13757.18449590404
130
0.0
111
1.0
121
0.0
131
0.0
112
0.0
122
1.0
132
0.0
297
     0
302
LEADER{
290
     1
291
     1
 10
16263.19773380673
 20
13884.15298932374
 30
0.0
 11
1.0
 21
0.0
 31
0.0
 90
        0
 40
14.66228571167448
304
LEADER_LINE{
 10
16110.96521625277
 20
14074.3551474428
 30
0.0
 91
        0
305
}
304
LEADER_LINE{
 10
16110.96521625277
 20
14074.3551474428
 30
0.0
 91
        1
305
}
304
LEADER_LINE{
 10
16110.96521625277
 20
14074.3551474428
 30
0.0
 91
        2
305
}
304
LEADER_LINE{
 10
16110.96521625277
 20
14074.3551474428
 30
0.0
 91
        3
305
}
304
LEADER_LINE{
 10
16110.96521625277
 20
14074.3551474428
 30
0.0
 91
        4
305
}
304
LEADER_LINE{
 10
16110.96521625277
 20
14074.3551474428
 30
0.0
 91
        5
305
}
304
LEADER_LINE{
 10
16110.96521625277
 20
14074.3551474428
 30
0.0
 91
        6
305
}
304
LEADER_LINE{
 10
16110.96521625277
 20
14074.3551474428
 30
0.0
 91
        7
305
}
304
LEADER_LINE{
 10
16110.96521625277
 20
14074.3551474428
 30
0.0
 91
        8
305
}
271
     0
303
}
272
     9
273
     9
301
}
340
12E
 90
 84271022
170
     1
 91
-1073741824
341
15
171
    13
290
     1
291
     1
 41
1.125
342
2B9
 42
2.0
172
     2
343
7BF
173
     6
 95
        6
174
     1
175
     2
 92
-1073741824
292
     0
 93
-1056964608
 10
1.0
 20
1.0
 30
1.0
 43
0.0
176
     0
293
     0
294
     0
178
     0
179
     2
 45
50.0
271
     0
272
     9
273
     9
295
     1
  0
CIRCLE
  5
D77
330
1F
100
AcDbEntity
  8
0
100
AcDbCircle
 10
40840.79109241375
 20
9818.151718803937
 30
0.0
 40
25.0
  0
CIRCLE
  5
D78
330
1F
100
AcDbEntity
  8
$ Пунктир
100
AcDbCircle
 10
40840.79109241375
 20
9818.151718803937
 30
0.0
 40
22.0
  0
CIRCLE
  5
D79
330
1F
100
AcDbEntity
  8
0
100
AcDbCircle
 10
15810.96448351192
 20
9818.151718803704
 30
0.0
 40
25.0
  0
CIRCLE
  5
D7A
330
1F
100
AcDbEntity
  8
$ Пунктир
100
AcDbCircle
 10
15810.96448351192
 20
9818.151718803704
 30
0.0
 40
22.0
  0
CIRCLE
  5
D7B
330
1F
100
AcDbEntity
  8
0
100
AcDbCircle
 10
40840.79109241375
 20
2918.107307034333
 30
0.0
 40
25.0
  0
CIRCLE
  5
D7C
330
1F
100
AcDbEntity
  8
$ Пунктир
100
AcDbCircle
 10
40840.79109241375
 20
2918.107307034333
 30
0.0
 40
22.0
  0
CIRCLE
  5
D7D
330
1F
100
AcDbEntity
  8
0
100
AcDbCircle
 10
15810.96448351192
 20
2918.1073070341
 30
0.0
 40
25.0
  0
CIRCLE
  5
D7E
330
1F
100
AcDbEntity
  8
$ Пунктир
100
AcDbCircle
 10
15810.96448351192
 20
2918.1073070341
 30
0.0
 40
22.0
  0
LINE
  5
D7F
330
1F
100
AcDbEntity
  8
$Оси
 48
0.2
100
AcDbLine
 10
15810.96448351192
 20
9882.39950448789
 30
0.0
 11
15810.96448351192
 21
9753.903933119401
 31
0.0
  0
LINE
  5
D80
330
1F
100
AcDbEntity
  8
$Оси
 48
0.2
100
AcDbLine
 10
15739.82106326083
 20
9818.151718803587
 30
0.0
 11
15882.107903763
 21
9818.151718803587
 31
0.0
  0
LINE
  5
D81
330
1F
100
AcDbEntity
  8
$Оси
 48
0.2
100
AcDbLine
 10
40840.79109241375
 20
9882.39950448824
 30
0.0
 11
40840.79109241375
 21
9753.903933119751
 31
0.0
  0
LINE
  5
D82
330
1F
100
AcDbEntity
  8
$Оси
 48
0.2
100
AcDbLine
 10
40769.64767216267
 20
9818.151718803937
 30
0.0
 11
40911.93451266485
 21
9818.151718803937
 31
0.0
  0
LINE
  5
D83
330
1F
100
AcDbEntity
  8
$Оси
 48
0.2
100
AcDbLine
 10
15810.96448351192
 20
2982.355092718404
 30
0.0
 11
15810.96448351192
 21
2853.859521349913
 31
0.0
  0
LINE
  5
D84
330
1F
100
AcDbEntity
  8
$Оси
 48
0.2
100
AcDbLine
 10
15739.82106326083
 20
2918.1073070341
 30
0.0
 11
15882.107903763
 21
2918.1073070341
 31
0.0
  0
LINE
  5
D85
330
1F
100
AcDbEntity
  8
$Оси
 48
0.2
100
AcDbLine
 10
40840.79109241375
 20
2982.355092718636
 30
0.0
 11
40840.79109241375
 21
2853.859521350146
 31
0.0
  0
LINE
  5
D86
330
1F
100
AcDbEntity
  8
$Оси
 48
0.2
100
AcDbLine
 10
40769.64767216267
 20
2918.107307034333
 30
0.0
 11
40911.93451266485
 21
2918.107307034333
 31
0.0
  0
MULTILEADER
  5
D87
330
1F
100
AcDbEntity
  8
$Выноски
160
              2928
310
700B00005C0000000C00000016000000000000C00C00000033000000000000000C00000013000000993A0000DC000000260000001A032029A469D0404C560DCAD464C240000000000000000000000000000000000000000000000000000000000000F03F000000000000F03F00000000000000000000000000000000140440
310
0435043D04300436043D0430044F04200042044004430431043A04300400005C0010000000010000000000000000405F40000000000000F03F65732D3852C1D03F000000000000F03F000000000000000000000000000000000000000000000000000000000100000022000000490053004F00430050004500550052000000
310
380400002000000035040C00000033000000000000000C00000010000000070000000C00000016000000000000C00C000000170000000D0000000C00000012000000FF7F00000C0000001300000001000000880000001D0000000135171C596A40C02EF3D86C409D57C000000000000000009D1A32747BE1CE402EF3D86C40
310
9D57400135171C596A40C000000000000000008CB4B9F0122DC3400000000000000000000000000000000000000000000059400000000000000000000000000000000000000000000000000000000000000000000000000000F03F080000001F0000000C00000016000000000000C00C00000012000000FF7F00000C000000
310
33000000000000000C00000013000000891300003C00000006000000020000009D1A32747BE1CE408CB4B9F0122DC34000000000000000009DB75437992DCF404C560DCA1452C24000000000000000000C0000001300000002000000880000001D0000000135171C596A40C02EF3D86C409D57C000000000000000009D1A32
310
747BE1CE402EF3D86C409D57400135171C596A40C000000000000000008CB4B9F0122DC3400000000000000000000000000000000000000000000059400000000000000000000000000000000000000000000000000000000000000000000000000000F03F080000001F0000000C00000016000000000000C00C0000001200
310
0000FF7F00000C00000033000000000000000C000000130000008A1300003C00000006000000020000009D1A32747BE1CE408CB4B9F0122DC34000000000000000009DB75437992DCF404C560DCA1452C24000000000000000000C0000001300000003000000880000001D0000000135171C596A40C02EF3D86C409D57C000
310
000000000000009D1A32747BE1CE402EF3D86C409D57400135171C596A40C000000000000000008CB4B9F0122DC3400000000000000000000000000000000000000000000059400000000000000000000000000000000000000000000000000000000000000000000000000000F03F080000001F0000000C00000016000000
310
000000C00C00000012000000FF7F00000C00000033000000000000000C000000130000008B1300003C00000006000000020000009D1A32747BE1CE408CB4B9F0122DC34000000000000000009DB75437992DCF404C560DCA1452C24000000000000000000C0000001300000004000000880000001D0000000135171C596A40
310
C02EF3D86C409D57C000000000000000009D1A32747BE1CE402EF3D86C409D57400135171C596A40C000000000000000008CB4B9F0122DC3400000000000000000000000000000000000000000000059400000000000000000000000000000000000000000000000000000000000000000000000000000F03F080000001F00
310
00000C00000016000000000000C00C00000012000000FF7F00000C00000033000000000000000C000000130000008C1300003C00000006000000020000009D1A32747BE1CE408CB4B9F0122DC34000000000000000009DB75437992DCF404C560DCA1452C24000000000000000000C0000001300000005000000880000001D
310
0000000135171C596A40C02EF3D86C409D57C000000000000000009D1A32747BE1CE402EF3D86C409D57400135171C596A40C000000000000000008CB4B9F0122DC340000000000000000000000000000000000000000000005940000000000000000000000000000000000000000000000000000000000000000000000000
310
0000F03F080000001F0000000C00000016000000000000C00C00000012000000FF7F00000C00000033000000000000000C000000130000008D1300003C00000006000000020000009D1A32747BE1CE408CB4B9F0122DC34000000000000000009DB75437992DCF404C560DCA1452C24000000000000000000C000000130000
310
0006000000880000001D0000000135171C596A40C02EF3D86C409D57C000000000000000009D1A32747BE1CE402EF3D86C409D57400135171C596A40C000000000000000008CB4B9F0122DC3400000000000000000000000000000000000000000000059400000000000000000000000000000000000000000000000000000
310
000000000000000000000000F03F080000001F0000000C00000016000000000000C00C00000012000000FF7F00000C00000033000000000000000C000000130000008E1300003C00000006000000020000009D1A32747BE1CE408CB4B9F0122DC34000000000000000009DB75437992DCF404C560DCA1452C2400000000000
310
0000000C0000001300000007000000880000001D0000000135171C596A40C02EF3D86C409D57C000000000000000009D1A32747BE1CE402EF3D86C409D57400135171C596A40C000000000000000008CB4B9F0122DC34000000000000000000000000000000000000000000000594000000000000000000000000000000000
310
00000000000000000000000000000000000000000000F03F080000001F0000000C00000016000000000000C00C00000012000000FF7F00000C00000033000000000000000C000000130000008F1300003C00000006000000020000009D1A32747BE1CE408CB4B9F0122DC34000000000000000009DB75437992DCF404C560D
310
CA1452C24000000000000000000C0000001300000008000000880000001D0000000135171C596A40C02EF3D86C409D57C000000000000000009D1A32747BE1CE402EF3D86C409D57400135171C596A40C000000000000000008CB4B9F0122DC340000000000000000000000000000000000000000000005940000000000000
310
0000000000000000000000000000000000000000000000000000000000000000F03F080000001F0000000C00000016000000000000C00C00000012000000FF7F00000C00000033000000000000000C00000013000000901300003C00000006000000020000009D1A32747BE1CE408CB4B9F0122DC34000000000000000009D
310
B75437992DCF404C560DCA1452C24000000000000000000C0000001300000009000000880000001D0000000135171C596A40C02EF3D86C409D57C000000000000000009D1A32747BE1CE402EF3D86C409D57400135171C596A40C000000000000000008CB4B9F0122DC3400000000000000000000000000000000000000000
310
000059400000000000000000000000000000000000000000000000000000000000000000000000000000F03F080000001F0000000C00000016000000000000C00C00000012000000FF7F00000C00000033000000000000000C00000013000000911300003C00000006000000020000009D1A32747BE1CE408CB4B9F0122DC3
310
4000000000000000009DB75437992DCF404C560DCA1452C24000000000000000000C00000013000000112700003C00000006000000020000009DB75437992DCF404C560DCA1452C2400000000000000000DE14229FF269D0404C560DCA1452C24000000000000000000C00000016000000000000C00C00000012000000FF7F
310
00000C00000017000000000000000C000000130000009A3A00003C0000000600000002000000DE14229FF269D0404C560DCA1452C24000000000000000008A3612C1E3E5D1404C560DCA1452C24000000000000000000C00000016000000000000C00C00000012000000FF7F00000C00000017000000FFFFFFFF0C00000033
310
00000000000000
100
AcDbMLeader
270
     2
300
CONTEXT_DATA{
 40
50.0
 10
16807.79096271551
 20
9380.162416140688
 30
0.0
 41
125.0
140
100.0
145
6.25
174
     6
175
     6
176
     1
177
     0
290
     1
304
Дренажная трубка
 11
0.0
 21
0.0
 31
1.0
340
7BF
 12
17570.79981092159
 22
9542.662416140688
 32
0.0
 13
1.0
 23
0.0
 33
0.0
 42
0.0
 43
0.0
 44
0.0
 45
1.0
170
     1
 90
-1073741824
171
     2
172
     5
 91
-1027028792
141
1.5
 92
        0
291
     1
292
     0
173
     0
293
     0
142
0.0
143
0.0
294
     0
295
     0
296
     0
110
14483.38441416603
120
9500.97731981778
130
0.0
111
1.0
121
0.0
131
0.0
112
0.0
122
1.0
132
0.0
297
     0
302
LEADER{
290
     1
291
     1
 10
15963.19700106588
 20
9380.162416140688
 30
0.0
 11
1.0
 21
0.0
 31
0.0
 90
        0
 40
844.5939616496325
304
LEADER_LINE{
 10
15810.96448351192
 20
9818.147971356543
 30
0.0
 91
        0
305
}
304
LEADER_LINE{
 10
15810.96448351192
 20
9818.147971356543
 30
0.0
 91
        1
305
}
304
LEADER_LINE{
 10
15810.96448351192
 20
9818.147971356543
 30
0.0
 91
        2
305
}
304
LEADER_LINE{
 10
15810.96448351192
 20
9818.147971356543
 30
0.0
 91
        3
305
}
304
LEADER_LINE{
 10
15810.96448351192
 20
9818.147971356543
 30
0.0
 91
        4
305
}
304
LEADER_LINE{
 10
15810.96448351192
 20
9818.147971356543
 30
0.0
 91
        5
305
}
304
LEADER_LINE{
 10
15810.96448351192
 20
9818.147971356543
 30
0.0
 91
        6
305
}
304
LEADER_LINE{
 10
15810.96448351192
 20
9818.147971356543
 30
0.0
 91
        7
305
}
304
LEADER_LINE{
 10
15810.96448351192
 20
9818.147971356543
 30
0.0
 91
        8
305
}
271
     0
303
}
272
     9
273
     9
301
}
340
12E
 90
 84271022
170
     1
 91
-1073741824
341
15
171
    13
290
     1
291
     1
 41
1.125
342
2B9
 42
2.0
172
     2
343
7BF
173
     6
 95
        6
174
     1
175
     2
 92
-1073741824
292
     0
 93
-1056964608
 10
1.0
 20
1.0
 30
1.0
 43
0.0
176
     0
293
     0
294
     0
178
     0
179
     2
 45
50.0
271
     0
272
     9
273
     9
295
     1
  0
LWPOLYLINE
  5
D88
330
1F
100
AcDbEntity
  8
$ Оси
100
AcDbPolyline
 90
        2
 70
     0
 43
0.0
 10
40816.92211279906
 20
1494.091324452914
 10
40816.92211279906
 20
11330.97389183044
  0
LWPOLYLINE
  5
D89
330
1F
100
AcDbEntity
  8
$ Оси
100
AcDbPolyline
 90
        2
 70
     0
 43
0.0
 10
16430.83419586839
 20
1494.050662618617
 10
16430.83419586839
 20
11330.93322999614
  0
LWPOLYLINE
  5
D8A
330
1F
100
AcDbEntity
  8
Defpoints
100
AcDbPolyline
 90
        3
 70
     0
 43
0.0
 10
15510.87815433303
 20
14952.37140440326
 10
28625.87815433257
 20
15214.67140440482
 10
41440.87815433303
 20
14958.37140440326
  0
LWPOLYLINE
  5
D8B
330
1F
100
AcDbEntity
  8
$Пунктир
100
AcDbPolyline
 90
        3
 70
     0
 43
0.0
 10
15510.87815433303
 20
14502.28141340138
 10
28625.87815433257
 20
14764.58141340306
 10
41440.87815433303
 20
14508.28141340138
  0
LWPOLYLINE
  5
D8C
330
1F
100
AcDbEntity
  8
$Пунктир
100
AcDbPolyline
 90
        3
 70
     0
 43
0.0
 10
15510.87815433303
 20
14486.27821372125
 10
28625.87815433257
 20
14748.57821372293
 10
41440.87815433303
 20
14492.27821372125
  0
LWPOLYLINE
  5
D8D
330
1F
100
AcDbEntity
  8
$Пунктир
100
AcDbPolyline
 90
        3
 70
     0
 43
0.0
 10
15510.87815433303
 20
14286.23821772055
 10
28625.87815433257
 20
14548.53821772211
 10
41440.87815433303
 20
14292.23821772055
  0
LWPOLYLINE
  5
D8E
330
1F
100
AcDbEntity
  8
$Пунктир
100
AcDbPolyline
 90
        3
 70
     0
 43
0.0
 10
17119.58738355274
 20
14118.37240630437
 10
28625.87815433257
 20
14348.49822172129
 10
40132.16892510727
 20
14118.37240630437
  0
MULTILEADER
  5
D8F
330
1F
100
AcDbEntity
  8
Defpoints
160
              2912
310
600B00005C0000000C00000016000000000000C00C00000033000000000000000C00000013000000993A0000CC000000260000000D4FFE75F94DD140CC5F6319F864CD40000000000000000000000000000000000000000000000000000000000000F03F000000000000F03F00000000000000000000000000000000120435
310
044004450420001A0414041E040000000008000000010000000000000000003940000000000000F03F65732D3852C1D03F000000000000F03F000000000000000000000000000000000000000000000000000000000100000022000000490053004F00430050004500550052000000000000000000000000000C0000003300
310
0000000000000C00000010000000010000000C00000016000000000000C00C000000170000000D0000000C00000012000000FF7F00000C0000001300000001000000880000001D000000000C7CE930578F3F94D7C69DFFFF33400000000000000000CEC04508904DD14094D7C69DFFFF33C0000C7CE930578F3F0000000000
310
0000008C21B969424ACD400000000000000000000000000000000000000000000034400000000000000000000000000000000000000000000000000000000000000000000000000000F03F080000001F0000000C00000016000000000000C00C00000012000000FF7F00000C00000033000000000000000C00000013000000
310
891300003C0000000600000002000000CEC04508904DD1408C21B969424ACD4000000000000000004E969DC88D4DD140CC5F63193861CD4000000000000000000C0000001300000002000000880000001D000000000C7CE930578F3F94D7C69DFFFF33400000000000000000CEC04508904DD14094D7C69DFFFF33C0000C7C
310
E930578F3F00000000000000008C21B969424ACD400000000000000000000000000000000000000000000034400000000000000000000000000000000000000000000000000000000000000000000000000000F03F080000001F0000000C00000016000000000000C00C00000012000000FF7F00000C000000330000000000
310
00000C000000130000008A1300003C0000000600000002000000CEC04508904DD1408C21B969424ACD4000000000000000004E969DC88D4DD140CC5F63193861CD4000000000000000000C0000001300000003000000880000001D000000000C7CE930578F3F94D7C69DFFFF33400000000000000000CEC04508904DD14094
310
D7C69DFFFF33C0000C7CE930578F3F00000000000000008C21B969424ACD400000000000000000000000000000000000000000000034400000000000000000000000000000000000000000000000000000000000000000000000000000F03F080000001F0000000C00000016000000000000C00C00000012000000FF7F0000
310
0C00000033000000000000000C000000130000008B1300003C0000000600000002000000CEC04508904DD1408C21B969424ACD4000000000000000004E969DC88D4DD140CC5F63193861CD4000000000000000000C0000001300000004000000880000001D000000000C7CE930578F3F94D7C69DFFFF334000000000000000
310
00CEC04508904DD14094D7C69DFFFF33C0000C7CE930578F3F00000000000000008C21B969424ACD400000000000000000000000000000000000000000000034400000000000000000000000000000000000000000000000000000000000000000000000000000F03F080000001F0000000C00000016000000000000C00C00
310
000012000000FF7F00000C00000033000000000000000C000000130000008C1300003C0000000600000002000000CEC04508904DD1408C21B969424ACD4000000000000000004E969DC88D4DD140CC5F63193861CD4000000000000000000C0000001300000005000000880000001D000000000C7CE930578F3F94D7C69DFF
310
FF33400000000000000000CEC04508904DD14094D7C69DFFFF33C0000C7CE930578F3F00000000000000008C21B969424ACD400000000000000000000000000000000000000000000034400000000000000000000000000000000000000000000000000000000000000000000000000000F03F080000001F0000000C000000
310
16000000000000C00C00000012000000FF7F00000C00000033000000000000000C000000130000008D1300003C0000000600000002000000CEC04508904DD1408C21B969424ACD4000000000000000004E969DC88D4DD140CC5F63193861CD4000000000000000000C0000001300000006000000880000001D000000000C7C
310
E930578F3F94D7C69DFFFF33400000000000000000CEC04508904DD14094D7C69DFFFF33C0000C7CE930578F3F00000000000000008C21B969424ACD400000000000000000000000000000000000000000000034400000000000000000000000000000000000000000000000000000000000000000000000000000F03F0800
310
00001F0000000C00000016000000000000C00C00000012000000FF7F00000C00000033000000000000000C000000130000008E1300003C0000000600000002000000CEC04508904DD1408C21B969424ACD4000000000000000004E969DC88D4DD140CC5F63193861CD4000000000000000000C000000130000000700000088
310
0000001D000000000C7CE930578F3F94D7C69DFFFF33400000000000000000CEC04508904DD14094D7C69DFFFF33C0000C7CE930578F3F00000000000000008C21B969424ACD400000000000000000000000000000000000000000000034400000000000000000000000000000000000000000000000000000000000000000
310
000000000000F03F080000001F0000000C00000016000000000000C00C00000012000000FF7F00000C00000033000000000000000C000000130000008F1300003C0000000600000002000000CEC04508904DD1408C21B969424ACD4000000000000000004E969DC88D4DD140CC5F63193861CD4000000000000000000C0000
310
001300000008000000880000001D000000000C7CE930578F3F94D7C69DFFFF33400000000000000000CEC04508904DD14094D7C69DFFFF33C0000C7CE930578F3F00000000000000008C21B969424ACD4000000000000000000000000000000000000000000000344000000000000000000000000000000000000000000000
310
00000000000000000000000000000000F03F080000001F0000000C00000016000000000000C00C00000012000000FF7F00000C00000033000000000000000C00000013000000901300003C0000000600000002000000CEC04508904DD1408C21B969424ACD4000000000000000004E969DC88D4DD140CC5F63193861CD4000
310
000000000000000C0000001300000009000000880000001D000000000C7CE930578F3F94D7C69DFFFF33400000000000000000CEC04508904DD14094D7C69DFFFF33C0000C7CE930578F3F00000000000000008C21B969424ACD40000000000000000000000000000000000000000000003440000000000000000000000000
310
0000000000000000000000000000000000000000000000000000F03F080000001F0000000C00000016000000000000C00C00000012000000FF7F00000C00000033000000000000000C00000013000000911300003C0000000600000002000000CEC04508904DD1408C21B969424ACD4000000000000000004E969DC88D4DD1
310
40CC5F63193861CD4000000000000000000C00000013000000112700003C00000006000000020000004E969DC88D4DD140CC5F63193861CD4000000000000000001E4FFE75494ED140CC5F63193861CD4000000000000000000C00000016000000000000C00C00000012000000FF7F00000C00000017000000000000000C00
310
0000130000009A3A00003C00000006000000020000001E4FFE75494ED140CC5F63193861CD400000000000000000A08CFB2D8674D140CC5F63193861CD4000000000000000000C00000016000000000000C00C00000012000000FF7F00000C00000017000000FFFFFFFF0C0000003300000000000000
100
AcDbMLeader
270
     2
300
CONTEXT_DATA{
 40
50.0
 10
17721.14782674528
 20
15042.43827478578
 30
0.0
 41
25.0
140
20.0
145
1.25
174
     6
175
     6
176
     1
177
     0
290
     1
304
Верх КДО
 11
0.0
 21
0.0
 31
1.0
340
7BF
 12
17798.24719165061
 22
15074.93827478578
 32
0.0
 13
1.0
 23
0.0
 33
0.0
 42
0.0
 43
0.0
 44
0.0
 45
1.0
170
     1
 90
-1073741824
171
     2
172
     5
 91
-1027028792
141
1.5
 92
        0
291
     1
292
     0
173
     0
293
     0
142
0.0
143
0.0
294
     0
295
     0
296
     0
110
17374.2886478182
120
15017.04457610184
130
0.0
111
1.0
121
0.0
131
0.0
112
0.0
122
1.0
132
0.0
297
     0
302
LEADER{
290
     1
291
     1
 10
17718.21536960295
 20
15042.43827478578
 30
0.0
 11
1.0
 21
0.0
 31
0.0
 90
        0
 40
2.932457142334897
304
LEADER_LINE{
 10
17718.25050491169
 20
14996.51885141504
 30
0.0
 91
        0
305
}
304
LEADER_LINE{
 10
17718.25050491169
 20
14996.51885141504
 30
0.0
 91
        1
305
}
304
LEADER_LINE{
 10
17718.25050491169
 20
14996.51885141504
 30
0.0
 91
        2
305
}
304
LEADER_LINE{
 10
17718.25050491169
 20
14996.51885141504
 30
0.0
 91
        3
305
}
304
LEADER_LINE{
 10
17718.25050491169
 20
14996.51885141504
 30
0.0
 91
        4
305
}
304
LEADER_LINE{
 10
17718.25050491169
 20
14996.51885141504
 30
0.0
 91
        5
305
}
304
LEADER_LINE{
 10
17718.25050491169
 20
14996.51885141504
 30
0.0
 91
        6
305
}
304
LEADER_LINE{
 10
17718.25050491169
 20
14996.51885141504
 30
0.0
 91
        7
305
}
304
LEADER_LINE{
 10
17718.25050491169
 20
14996.51885141504
 30
0.0
 91
        8
305
}
271
     0
303
}
272
     9
273
     9
301
}
340
12E
 90
 84271022
170
     1
 91
-1073741824
341
15
171
    13
290
     1
291
     1
 41
1.125
342
2B9
 42
2.0
172
     2
343
7BF
173
     6
 95
        6
174
     1
175
     2
 92
-1073741824
292
     0
 93
-1056964608
 10
1.0
 20
1.0
 30
1.0
 43
0.0
176
     0
293
     0
294
     0
178
     0
179
     2
 45
50.0
271
     0
272
     9
273
     9
295
     1
  0
MULTILEADER
  5
D90
330
1F
100
AcDbEntity
  8
$Выноски
160
              2928
310
700B00005C0000000C00000016000000000000C00C00000033000000000000000C00000013000000993A0000DC000000260000001A032029A469D0402EC7AFB91A83AA40000000000000000000000000000000000000000000000000000000000000F03F000000000000F03F00000000000000000000000000000000140440
310
0435043D04300436043D0430044F04200042044004430431043A04300400005C0010000000010000000000000000405F40000000000000F03F65732D3852C1D03F000000000000F03F000000000000000000000000000000000000000000000000000000000100000022000000490053004F00430050004500550052000000
310
380400002000000035040C00000033000000000000000C00000010000000070000000C00000016000000000000C00C000000170000000D0000000C00000012000000FF7F00000C0000001300000001000000880000001D0000000435171C596A40C02EF3D86C409D574000000000000000009D1A32747BE1CE402EF3D86C40
310
9D57C00435171C596A40C000000000000000002E4EFE1E22CCA6400000000000000000000000000000000000000000000059400000000000000000000000000000000000000000000000000000000000000000000000000000F03F080000001F0000000C00000016000000000000C00C00000012000000FF7F00000C000000
310
33000000000000000C00000013000000891300003C00000006000000020000009D1A32747BE1CE402E4EFE1E22CCA64000000000000000009DB75437992DCF402EC7AFB91A38AA4000000000000000000C0000001300000002000000880000001D0000000435171C596A40C02EF3D86C409D574000000000000000009D1A32
310
747BE1CE402EF3D86C409D57C00435171C596A40C000000000000000002E4EFE1E22CCA6400000000000000000000000000000000000000000000059400000000000000000000000000000000000000000000000000000000000000000000000000000F03F080000001F0000000C00000016000000000000C00C0000001200
310
0000FF7F00000C00000033000000000000000C000000130000008A1300003C00000006000000020000009D1A32747BE1CE402E4EFE1E22CCA64000000000000000009DB75437992DCF402EC7AFB91A38AA4000000000000000000C0000001300000003000000880000001D0000000435171C596A40C02EF3D86C409D574000
310
000000000000009D1A32747BE1CE402EF3D86C409D57C00435171C596A40C000000000000000002E4EFE1E22CCA6400000000000000000000000000000000000000000000059400000000000000000000000000000000000000000000000000000000000000000000000000000F03F080000001F0000000C00000016000000
310
000000C00C00000012000000FF7F00000C00000033000000000000000C000000130000008B1300003C00000006000000020000009D1A32747BE1CE402E4EFE1E22CCA64000000000000000009DB75437992DCF402EC7AFB91A38AA4000000000000000000C0000001300000004000000880000001D0000000435171C596A40
310
C02EF3D86C409D574000000000000000009D1A32747BE1CE402EF3D86C409D57C00435171C596A40C000000000000000002E4EFE1E22CCA6400000000000000000000000000000000000000000000059400000000000000000000000000000000000000000000000000000000000000000000000000000F03F080000001F00
310
00000C00000016000000000000C00C00000012000000FF7F00000C00000033000000000000000C000000130000008C1300003C00000006000000020000009D1A32747BE1CE402E4EFE1E22CCA64000000000000000009DB75437992DCF402EC7AFB91A38AA4000000000000000000C0000001300000005000000880000001D
310
0000000435171C596A40C02EF3D86C409D574000000000000000009D1A32747BE1CE402EF3D86C409D57C00435171C596A40C000000000000000002E4EFE1E22CCA640000000000000000000000000000000000000000000005940000000000000000000000000000000000000000000000000000000000000000000000000
310
0000F03F080000001F0000000C00000016000000000000C00C00000012000000FF7F00000C00000033000000000000000C000000130000008D1300003C00000006000000020000009D1A32747BE1CE402E4EFE1E22CCA64000000000000000009DB75437992DCF402EC7AFB91A38AA4000000000000000000C000000130000
310
0006000000880000001D0000000435171C596A40C02EF3D86C409D574000000000000000009D1A32747BE1CE402EF3D86C409D57C00435171C596A40C000000000000000002E4EFE1E22CCA6400000000000000000000000000000000000000000000059400000000000000000000000000000000000000000000000000000
310
000000000000000000000000F03F080000001F0000000C00000016000000000000C00C00000012000000FF7F00000C00000033000000000000000C000000130000008E1300003C00000006000000020000009D1A32747BE1CE402E4EFE1E22CCA64000000000000000009DB75437992DCF402EC7AFB91A38AA400000000000
310
0000000C0000001300000007000000880000001D0000000435171C596A40C02EF3D86C409D574000000000000000009D1A32747BE1CE402EF3D86C409D57C00435171C596A40C000000000000000002E4EFE1E22CCA64000000000000000000000000000000000000000000000594000000000000000000000000000000000
310
00000000000000000000000000000000000000000000F03F080000001F0000000C00000016000000000000C00C00000012000000FF7F00000C00000033000000000000000C000000130000008F1300003C00000006000000020000009D1A32747BE1CE402E4EFE1E22CCA64000000000000000009DB75437992DCF402EC7AF
310
B91A38AA4000000000000000000C0000001300000008000000880000001D0000000435171C596A40C02EF3D86C409D574000000000000000009D1A32747BE1CE402EF3D86C409D57C00435171C596A40C000000000000000002E4EFE1E22CCA640000000000000000000000000000000000000000000005940000000000000
310
0000000000000000000000000000000000000000000000000000000000000000F03F080000001F0000000C00000016000000000000C00C00000012000000FF7F00000C00000033000000000000000C00000013000000901300003C00000006000000020000009D1A32747BE1CE402E4EFE1E22CCA64000000000000000009D
310
B75437992DCF402EC7AFB91A38AA4000000000000000000C0000001300000009000000880000001D0000000435171C596A40C02EF3D86C409D574000000000000000009D1A32747BE1CE402EF3D86C409D57C00435171C596A40C000000000000000002E4EFE1E22CCA6400000000000000000000000000000000000000000
310
000059400000000000000000000000000000000000000000000000000000000000000000000000000000F03F080000001F0000000C00000016000000000000C00C00000012000000FF7F00000C00000033000000000000000C00000013000000911300003C00000006000000020000009D1A32747BE1CE402E4EFE1E22CCA6
310
4000000000000000009DB75437992DCF402EC7AFB91A38AA4000000000000000000C00000013000000112700003C00000006000000020000009DB75437992DCF402EC7AFB91A38AA400000000000000000DE14229FF269D0402EC7AFB91A38AA4000000000000000000C00000016000000000000C00C00000012000000FF7F
310
00000C00000017000000000000000C000000130000009A3A00003C0000000600000002000000DE14229FF269D0402EC7AFB91A38AA4000000000000000008A3612C1E3E5D1402EC7AFB91A38AA4000000000000000000C00000016000000000000C00C00000012000000FF7F00000C00000017000000FFFFFFFF0C00000033
310
00000000000000
100
AcDbMLeader
270
     2
300
CONTEXT_DATA{
 40
50.0
 10
16807.79096271551
 20
3356.052197926582
 30
0.0
 41
125.0
140
100.0
145
6.25
174
     6
175
     6
176
     1
177
     0
290
     1
304
Дренажная трубка
 11
0.0
 21
0.0
 31
1.0
340
7BF
 12
17570.79981092159
 22
3518.552197926582
 32
0.0
 13
1.0
 23
0.0
 33
0.0
 42
0.0
 43
0.0
 44
0.0
 45
1.0
170
     1
 90
-1073741824
171
     2
172
     5
 91
-1027028792
141
1.5
 92
        0
291
     1
292
     0
173
     0
293
     0
142
0.0
143
0.0
294
     0
295
     0
296
     0
110
14483.38441416603
120
3235.23729424949
130
0.0
111
1.0
121
0.0
131
0.0
112
0.0
122
1.0
132
0.0
297
     0
302
LEADER{
290
     1
291
     1
 10
15963.19700106588
 20
3356.052197926582
 30
0.0
 11
1.0
 21
0.0
 31
0.0
 90
        0
 40
844.5939616496325
304
LEADER_LINE{
 10
15810.96448351192
 20
2918.066642710727
 30
0.0
 91
        0
305
}
304
LEADER_LINE{
 10
15810.96448351192
 20
2918.066642710727
 30
0.0
 91
        1
305
}
304
LEADER_LINE{
 10
15810.96448351192
 20
2918.066642710727
 30
0.0
 91
        2
305
}
304
LEADER_LINE{
 10
15810.96448351192
 20
2918.066642710727
 30
0.0
 91
        3
305
}
304
LEADER_LINE{
 10
15810.96448351192
 20
2918.066642710727
 30
0.0
 91
        4
305
}
304
LEADER_LINE{
 10
15810.96448351192
 20
2918.066642710727
 30
0.0
 91
        5
305
}
304
LEADER_LINE{
 10
15810.96448351192
 20
2918.066642710727
 30
0.0
 91
        6
305
}
304
LEADER_LINE{
 10
15810.96448351192
 20
2918.066642710727
 30
0.0
 91
        7
305
}
304
LEADER_LINE{
 10
15810.96448351192
 20
2918.066642710727
 30
0.0
 91
        8
305
}
271
     0
303
}
272
     9
273
     9
301
}
340
12E
 90
 84271022
170
     1
 91
-1073741824
341
15
171
    13
290
     1
291
     1
 41
1.125
342
2B9
 42
2.0
172
     2
343
7BF
173
     6
 95
        6
174
     1
175
     2
 92
-1073741824
292
     0
 93
-1056964608
 10
1.0
 20
1.0
 30
1.0
 43
0.0
176
     0
293
     0
294
     0
178
     0
179
     2
 45
50.0
271
     0
272
     9
273
     9
295
     1
  0
MULTILEADER
  5
D91
330
1F
100
AcDbEntity
  8
$Выноски
160
              2928
310
700B00005C0000000C00000016000000000000C00C00000033000000000000000C00000013000000993A0000DC000000260000004D26454CFBE0E2400C9D570D9BA2C240000000000000000000000000000000000000000000000000000000000000F03F000000000000F03F00000000000000000000000000000000140440
310
0435043D04300436043D0430044F04200042044004430431043A04300400005C0010000000010000000000000000405F40000000000000F03F65732D3852C1D03F000000000000F03F000000000000000000000000000000000000000000000000000000000100000022000000490053004F00430050004500550052000000
310
380400002000000035040C00000033000000000000000C00000010000000070000000C00000016000000000000C00C000000170000000D0000000C00000012000000FF7F00000C0000001300000001000000880000001D000000ED8C7FF1129D42404D649C38FE3357C00000000000000000A709A15019F1E3404D649C38FE
310
335740ED8C7FF1129D424000000000000000008CD5B3591D2DC3400000000000000000000000000000000000000000000059400000000000000000000000000000000000000000000000000000000000000000000000000000F03F080000001F0000000C00000016000000000000C00C00000012000000FF7F00000C000000
310
33000000000000000C00000013000000891300003C0000000600000002000000A709A15019F1E3408CD5B3591D2DC3400000000000000000E7C87F6754E1E3400C9D570DDB8FC24000000000000000000C0000001300000002000000880000001D000000ED8C7FF1129D42404D649C38FE3357C00000000000000000A709A1
310
5019F1E3404D649C38FE335740ED8C7FF1129D424000000000000000008CD5B3591D2DC3400000000000000000000000000000000000000000000059400000000000000000000000000000000000000000000000000000000000000000000000000000F03F080000001F0000000C00000016000000000000C00C0000001200
310
0000FF7F00000C00000033000000000000000C000000130000008A1300003C0000000600000002000000A709A15019F1E3408CD5B3591D2DC3400000000000000000E7C87F6754E1E3400C9D570DDB8FC24000000000000000000C0000001300000003000000880000001D000000ED8C7FF1129D42404D649C38FE3357C000
310
00000000000000A709A15019F1E3404D649C38FE335740ED8C7FF1129D424000000000000000008CD5B3591D2DC3400000000000000000000000000000000000000000000059400000000000000000000000000000000000000000000000000000000000000000000000000000F03F080000001F0000000C00000016000000
310
000000C00C00000012000000FF7F00000C00000033000000000000000C000000130000008B1300003C0000000600000002000000A709A15019F1E3408CD5B3591D2DC3400000000000000000E7C87F6754E1E3400C9D570DDB8FC24000000000000000000C0000001300000004000000880000001D000000ED8C7FF1129D42
310
404D649C38FE3357C00000000000000000A709A15019F1E3404D649C38FE335740ED8C7FF1129D424000000000000000008CD5B3591D2DC3400000000000000000000000000000000000000000000059400000000000000000000000000000000000000000000000000000000000000000000000000000F03F080000001F00
310
00000C00000016000000000000C00C00000012000000FF7F00000C00000033000000000000000C000000130000008C1300003C0000000600000002000000A709A15019F1E3408CD5B3591D2DC3400000000000000000E7C87F6754E1E3400C9D570DDB8FC24000000000000000000C0000001300000005000000880000001D
310
000000ED8C7FF1129D42404D649C38FE3357C00000000000000000A709A15019F1E3404D649C38FE335740ED8C7FF1129D424000000000000000008CD5B3591D2DC340000000000000000000000000000000000000000000005940000000000000000000000000000000000000000000000000000000000000000000000000
310
0000F03F080000001F0000000C00000016000000000000C00C00000012000000FF7F00000C00000033000000000000000C000000130000008D1300003C0000000600000002000000A709A15019F1E3408CD5B3591D2DC3400000000000000000E7C87F6754E1E3400C9D570DDB8FC24000000000000000000C000000130000
310
0006000000880000001D000000ED8C7FF1129D42404D649C38FE3357C00000000000000000A709A15019F1E3404D649C38FE335740ED8C7FF1129D424000000000000000008CD5B3591D2DC3400000000000000000000000000000000000000000000059400000000000000000000000000000000000000000000000000000
310
000000000000000000000000F03F080000001F0000000C00000016000000000000C00C00000012000000FF7F00000C00000033000000000000000C000000130000008E1300003C0000000600000002000000A709A15019F1E3408CD5B3591D2DC3400000000000000000E7C87F6754E1E3400C9D570DDB8FC2400000000000
310
0000000C0000001300000007000000880000001D000000ED8C7FF1129D42404D649C38FE3357C00000000000000000A709A15019F1E3404D649C38FE335740ED8C7FF1129D424000000000000000008CD5B3591D2DC34000000000000000000000000000000000000000000000594000000000000000000000000000000000
310
00000000000000000000000000000000000000000000F03F080000001F0000000C00000016000000000000C00C00000012000000FF7F00000C00000033000000000000000C000000130000008F1300003C0000000600000002000000A709A15019F1E3408CD5B3591D2DC3400000000000000000E7C87F6754E1E3400C9D57
310
0DDB8FC24000000000000000000C0000001300000008000000880000001D000000ED8C7FF1129D42404D649C38FE3357C00000000000000000A709A15019F1E3404D649C38FE335740ED8C7FF1129D424000000000000000008CD5B3591D2DC340000000000000000000000000000000000000000000005940000000000000
310
0000000000000000000000000000000000000000000000000000000000000000F03F080000001F0000000C00000016000000000000C00C00000012000000FF7F00000C00000033000000000000000C00000013000000901300003C0000000600000002000000A709A15019F1E3408CD5B3591D2DC3400000000000000000E7
310
C87F6754E1E3400C9D570DDB8FC24000000000000000000C0000001300000009000000880000001D000000ED8C7FF1129D42404D649C38FE3357C00000000000000000A709A15019F1E3404D649C38FE335740ED8C7FF1129D424000000000000000008CD5B3591D2DC3400000000000000000000000000000000000000000
310
000059400000000000000000000000000000000000000000000000000000000000000000000000000000F03F080000001F0000000C00000016000000000000C00C00000012000000FF7F00000C00000033000000000000000C00000013000000911300003C0000000600000002000000A709A15019F1E3408CD5B3591D2DC3
310
400000000000000000E7C87F6754E1E3400C9D570DDB8FC24000000000000000000C00000013000000112700003C0000000600000002000000E7C87F6754E1E3400C9D570DDB8FC2400000000000000000DF3F3E18E39FE3400C9D570DDB8FC24000000000000000000C00000016000000000000C00C00000012000000FF7F
310
00000C00000017000000000000000C000000130000009A3A00003C0000000600000002000000092F4687EAE1E2400C9D570DDB8FC2400000000000000000DF3F3E18E39FE3400C9D570DDB8FC24000000000000000000C00000016000000000000C00C00000012000000FF7F00000C00000017000000FFFFFFFF0C00000033
310
00000000000000
100
AcDbMLeader
270
     2
300
CONTEXT_DATA{
 40
50.0
 10
38665.0790129584
 20
9503.711344672854
 30
0.0
 41
125.0
140
100.0
145
6.25
174
     6
175
     6
176
     1
177
     0
290
     1
304
Дренажная трубка
 11
0.0
 21
0.0
 31
1.0
340
7BF
 12
39428.08786116476
 22
9666.211344672854
 32
0.0
 13
1.0
 23
0.0
 33
0.0
 42
0.0
 43
0.0
 44
0.0
 45
1.0
170
     1
 90
-1073741824
171
     2
172
     5
 91
-1027028792
141
1.5
 92
        0
291
     1
292
     0
173
     0
293
     0
142
0.0
143
0.0
294
     0
295
     0
296
     0
110
42168.37116175964
120
9501.058648463594
130
0.0
111
1.0
121
0.0
131
0.0
112
0.0
122
1.0
132
0.0
297
     0
302
LEADER{
290
     1
291
     1
 10
40714.63763417471
 20
9503.711344672854
 30
0.0
 11
-1.0
 21
0.0
 31
0.0
 90
        0
 40
523.5409248043433
304
LEADER_LINE{
 10
40840.79109241375
 20
9818.229300002357
 30
0.0
 91
        0
305
}
304
LEADER_LINE{
 10
40840.79109241375
 20
9818.229300002357
 30
0.0
 91
        1
305
}
304
LEADER_LINE{
 10
40840.79109241375
 20
9818.229300002357
 30
0.0
 91
        2
305
}
304
LEADER_LINE{
 10
40840.79109241375
 20
9818.229300002357
 30
0.0
 91
        3
305
}
304
LEADER_LINE{
 10
40840.79109241375
 20
9818.229300002357
 30
0.0
 91
        4
305
}
304
LEADER_LINE{
 10
40840.79109241375
 20
9818.229300002357
 30
0.0
 91
        5
305
}
304
LEADER_LINE{
 10
40840.79109241375
 20
9818.229300002357
 30
0.0
 91
        6
305
}
304
LEADER_LINE{
 10
40840.79109241375
 20
9818.229300002357
 30
0.0
 91
        7
305
}
304
LEADER_LINE{
 10
40840.79109241375
 20
9818.229300002357
 30
0.0
 91
        8
305
}
271
     0
303
}
272
     9
273
     9
301
}
340
12E
 90
 84271022
170
     1
 91
-1073741824
341
15
171
    13
290
     1
291
     1
 41
1.125
342
2B9
 42
2.0
172
     2
343
7BF
173
     6
 95
        6
174
     1
175
     2
 92
-1073741824
292
     0
 93
-1056964608
 10
1.0
 20
1.0
 30
1.0
 43
0.0
176
     0
293
     0
294
     0
178
     0
179
     2
 45
50.0
271
     0
272
     9
273
     9
295
     1
  0
MULTILEADER
  5
D92
330
1F
100
AcDbEntity
  8
$Выноски
160
              2928
310
700B00005C0000000C00000016000000000000C00C00000033000000000000000C00000013000000993A0000DC000000260000008D038813DAEFE2402EE9833DB74DA940000000000000000000000000000000000000000000000000000000000000F03F000000000000F03F00000000000000000000000000000000140440
310
0435043D04300436043D0430044F04200042044004430431043A04300400005C0010000000010000000000000000405F40000000000000F03F65732D3852C1D03F000000000000F03F000000000000000000000000000000000000000000000000000000000100000022000000490053004F00430050004500550052000000
310
690000006C00000067000C00000033000000000000000C00000010000000070000000C00000016000000000000C00C000000170000000D0000000C00000012000000FF7F00000C0000001300000001000000880000001D000000B09EF9EF59644040DA114D014B9E57400000000000000000A709A15019F1E340DA114D014B
310
9E57C0B09EF9EF5964404000000000000000002ED2E6C24BCCA6400000000000000000000000000000000000000000000059400000000000000000000000000000000000000000000000000000000000000000000000000000F03F080000001F0000000C00000016000000000000C00C00000012000000FF7F00000C000000
310
33000000000000000C00000013000000891300003C0000000600000002000000A709A15019F1E3402ED2E6C24BCCA640000000000000000027415762D0E4E3402EE9833DB702A94000000000000000000C0000001300000002000000880000001D000000B09EF9EF59644040DA114D014B9E57400000000000000000A709A1
310
5019F1E340DA114D014B9E57C0B09EF9EF5964404000000000000000002ED2E6C24BCCA6400000000000000000000000000000000000000000000059400000000000000000000000000000000000000000000000000000000000000000000000000000F03F080000001F0000000C00000016000000000000C00C0000001200
310
0000FF7F00000C00000033000000000000000C000000130000008A1300003C0000000600000002000000A709A15019F1E3402ED2E6C24BCCA640000000000000000027415762D0E4E3402EE9833DB702A94000000000000000000C0000001300000003000000880000001D000000B09EF9EF59644040DA114D014B9E574000
310
00000000000000A709A15019F1E340DA114D014B9E57C0B09EF9EF5964404000000000000000002ED2E6C24BCCA6400000000000000000000000000000000000000000000059400000000000000000000000000000000000000000000000000000000000000000000000000000F03F080000001F0000000C00000016000000
310
000000C00C00000012000000FF7F00000C00000033000000000000000C000000130000008B1300003C0000000600000002000000A709A15019F1E3402ED2E6C24BCCA640000000000000000027415762D0E4E3402EE9833DB702A94000000000000000000C0000001300000004000000880000001D000000B09EF9EF596440
310
40DA114D014B9E57400000000000000000A709A15019F1E340DA114D014B9E57C0B09EF9EF5964404000000000000000002ED2E6C24BCCA6400000000000000000000000000000000000000000000059400000000000000000000000000000000000000000000000000000000000000000000000000000F03F080000001F00
310
00000C00000016000000000000C00C00000012000000FF7F00000C00000033000000000000000C000000130000008C1300003C0000000600000002000000A709A15019F1E3402ED2E6C24BCCA640000000000000000027415762D0E4E3402EE9833DB702A94000000000000000000C0000001300000005000000880000001D
310
000000B09EF9EF59644040DA114D014B9E57400000000000000000A709A15019F1E340DA114D014B9E57C0B09EF9EF5964404000000000000000002ED2E6C24BCCA640000000000000000000000000000000000000000000005940000000000000000000000000000000000000000000000000000000000000000000000000
310
0000F03F080000001F0000000C00000016000000000000C00C00000012000000FF7F00000C00000033000000000000000C000000130000008D1300003C0000000600000002000000A709A15019F1E3402ED2E6C24BCCA640000000000000000027415762D0E4E3402EE9833DB702A94000000000000000000C000000130000
310
0006000000880000001D000000B09EF9EF59644040DA114D014B9E57400000000000000000A709A15019F1E340DA114D014B9E57C0B09EF9EF5964404000000000000000002ED2E6C24BCCA6400000000000000000000000000000000000000000000059400000000000000000000000000000000000000000000000000000
310
000000000000000000000000F03F080000001F0000000C00000016000000000000C00C00000012000000FF7F00000C00000033000000000000000C000000130000008E1300003C0000000600000002000000A709A15019F1E3402ED2E6C24BCCA640000000000000000027415762D0E4E3402EE9833DB702A9400000000000
310
0000000C0000001300000007000000880000001D000000B09EF9EF59644040DA114D014B9E57400000000000000000A709A15019F1E340DA114D014B9E57C0B09EF9EF5964404000000000000000002ED2E6C24BCCA64000000000000000000000000000000000000000000000594000000000000000000000000000000000
310
00000000000000000000000000000000000000000000F03F080000001F0000000C00000016000000000000C00C00000012000000FF7F00000C00000033000000000000000C000000130000008F1300003C0000000600000002000000A709A15019F1E3402ED2E6C24BCCA640000000000000000027415762D0E4E3402EE983
310
3DB702A94000000000000000000C0000001300000008000000880000001D000000B09EF9EF59644040DA114D014B9E57400000000000000000A709A15019F1E340DA114D014B9E57C0B09EF9EF5964404000000000000000002ED2E6C24BCCA640000000000000000000000000000000000000000000005940000000000000
310
0000000000000000000000000000000000000000000000000000000000000000F03F080000001F0000000C00000016000000000000C00C00000012000000FF7F00000C00000033000000000000000C00000013000000901300003C0000000600000002000000A709A15019F1E3402ED2E6C24BCCA640000000000000000027
310
415762D0E4E3402EE9833DB702A94000000000000000000C0000001300000009000000880000001D000000B09EF9EF59644040DA114D014B9E57400000000000000000A709A15019F1E340DA114D014B9E57C0B09EF9EF5964404000000000000000002ED2E6C24BCCA6400000000000000000000000000000000000000000
310
000059400000000000000000000000000000000000000000000000000000000000000000000000000000F03F080000001F0000000C00000016000000000000C00C00000012000000FF7F00000C00000033000000000000000C00000013000000911300003C0000000600000002000000A709A15019F1E3402ED2E6C24BCCA6
310
40000000000000000027415762D0E4E3402EE9833DB702A94000000000000000000C00000013000000112700003C000000060000000200000027415762D0E4E3402EE9833DB702A94000000000000000001F1D81DFC1AEE3402EE9833DB702A94000000000000000000C00000016000000000000C00C00000012000000FF7F
310
00000C00000017000000000000000C000000130000009A3A00003C0000000600000002000000490C894EC9F0E2402EE9833DB702A94000000000000000001F1D81DFC1AEE3402EE9833DB702A94000000000000000000C00000016000000000000C00C00000012000000FF7F00000C00000017000000FFFFFFFF0C00000033
310
00000000000000
100
AcDbMLeader
270
     2
300
CONTEXT_DATA{
 40
50.0
 10
38784.04083683395
 20
3201.357891199317
 30
0.0
 41
125.0
140
100.0
145
6.25
174
     6
175
     6
176
     1
177
     0
290
     1
304
Дренажная трубка
 11
0.0
 21
0.0
 31
1.0
340
7BF
 12
39547.04968504031
 22
3363.857891199316
 32
0.0
 13
1.0
 23
0.0
 33
0.0
 42
0.0
 43
0.0
 44
0.0
 45
1.0
170
     1
 90
-1073741824
171
     2
172
     5
 91
-1027028792
141
1.5
 92
        0
291
     1
292
     0
173
     0
293
     0
142
0.0
143
0.0
294
     0
295
     0
296
     0
110
42168.37116175964
120
3235.318622895305
130
0.0
111
1.0
121
0.0
131
0.0
112
0.0
122
1.0
132
0.0
297
     0
302
LEADER{
290
     1
291
     1
 10
40742.51200449681
 20
3201.357891199317
 30
0.0
 11
-1.0
 21
0.0
 31
0.0
 90
        0
 40
432.4534712508902
304
LEADER_LINE{
 10
40840.79109241375
 20
2918.147971356541
 30
0.0
 91
        0
305
}
304
LEADER_LINE{
 10
40840.79109241375
 20
2918.147971356541
 30
0.0
 91
        1
305
}
304
LEADER_LINE{
 10
40840.79109241375
 20
2918.147971356541
 30
0.0
 91
        2
305
}
304
LEADER_LINE{
 10
40840.79109241375
 20
2918.147971356541
 30
0.0
 91
        3
305
}
304
LEADER_LINE{
 10
40840.79109241375
 20
2918.147971356541
 30
0.0
 91
        4
305
}
304
LEADER_LINE{
 10
40840.79109241375
 20
2918.147971356541
 30
0.0
 91
        5
305
}
304
LEADER_LINE{
 10
40840.79109241375
 20
2918.147971356541
 30
0.0
 91
        6
305
}
304
LEADER_LINE{
 10
40840.79109241375
 20
2918.147971356541
 30
0.0
 91
        7
305
}
304
LEADER_LINE{
 10
40840.79109241375
 20
2918.147971356541
 30
0.0
 91
        8
305
}
271
     0
303
}
272
     9
273
     9
301
}
340
12E
 90
 84271022
170
     1
 91
-1073741824
341
15
171
    13
290
     1
291
     1
 41
1.125
342
2B9
 42
2.0
172
     2
343
7BF
173
     6
 95
        6
174
     1
175
     2
 92
-1073741824
292
     0
 93
-1056964608
 10
1.0
 20
1.0
 30
1.0
 43
0.0
176
     0
293
     0
294
     0
178
     0
179
     2
 45
50.0
271
     0
272
     9
273
     9
295
     1
  0
DIMENSION
  5
D93
330
1F
100
AcDbEntity
  8
$Размеры
100
AcDbDimension
280
     0
  2
*D152
 10
27665.02539648657
 20
14418.37240630438
 30
0.0
 11
27665.02539648656
 21
15380.88087470366
 31
0.0
 70
   160
 71
     5
 42
701.2800000000279
 73
     0
 74
     0
 75
     0
  3
@TN  1-50
100
AcDbAlignedDimension
 13
28625.87815433304
 23
15119.6524063044
 33
0.0
 14
28625.87815433304
 24
14418.37240630437
 34
0.0
 50
90.0
100
AcDbRotatedDimension
1001
ACAD
1000
DSTYLE
1002
{
1070
    69
1070
     0
1002
}
  0
ENDSEC
  0
SECTION
  2
OBJECTS
  0
DICTIONARY
  5
C
330
0
100
AcDbDictionary
281
     1
  3
ACAD_CIP_PREVIOUS_PRODUCT_INFO
350
216
  3
ACAD_COLOR
350
6B
  3
ACAD_DETAILVIEWSTYLE
350
21B
  3
ACAD_GROUP
350
D
  3
ACAD_LAST_SAVED_VERSION_INFO
350
15AD
  3
ACAD_LAYOUT
350
1A
  3
ACAD_MATERIAL
350
6A
  3
ACAD_MLEADERSTYLE
350
12D
  3
ACAD_MLINESTYLE
350
17
  3
ACAD_PLOTSETTINGS
350
19
  3
ACAD_PLOTSTYLENAME
350
E
  3
ACAD_SCALELIST
350
10C
  3
ACAD_SECTIONVIEWSTYLE
350
219
  3
ACAD_TABLESTYLE
350
7E
  3
ACAD_VISUALSTYLE
350
EF
  3
ACAD_WIPEOUT_VARS
350
AB5
  3
ACDB_RECOMPOSE_DATA
350
15AF
  3
AcDbVariableDictionary
350
5E
  0
DICTIONARY
  5
1FF
330
2
100
AcDbDictionary
280
     1
281
     1
  3
ACAD_LAYERSTATES
360
200
  0
DICTIONARY
  5
13C
330
10
100
AcDbDictionary
280
     1
281
     1
  0
DICTIONARY
  5
1CE
330
1F
100
AcDbDictionary
280
     1
281
     1
  0
DICTIONARY
  5
2C1
330
2C0
100
AcDbDictionary
280
     1
281
     1
  3
ACAD_SORTENTS
360
2C2
  0
DICTIONARY
  5
2C9
330
2C8
100
AcDbDictionary
280
     1
281
     1
  3
ACAD_ENHANCEDBLOCK
360
2CA
  3
ACAD_SORTENTS
360
2D5
  3
AcDbDynamicBlockRoundTripPurgePreventer
360
2D6
  0
DICTIONARY
  5
2E9
330
2E8
100
AcDbDictionary
280
     1
281
     1
  3
ACAD_SORTENTS
360
2EA
  0
DICTIONARY
  5
2F2
330
2F1
100
AcDbDictionary
280
     1
281
     1
  3
ACAD_SORTENTS
360
2F3
  0
DICTIONARY
  5
306
330
305
100
AcDbDictionary
280
     1
281
     1
  3
ACAD_SORTENTS
360
307
  0
DICTIONARY
  5
AC1
330
AC0
100
AcDbDictionary
280
     1
281
     1
  0
DICTIONARY
  5
ACE
330
ACD
100
AcDbDictionary
280
     1
281
     1
  0
DICTIONARY
  5
AE4
330
AE3
100
AcDbDictionary
280
     1
281
     1
  3
AcDbBlockRepresentation
360
AE5
  0
DICTIONARY
  5
AEE
330
AED
100
AcDbDictionary
280
     1
281
     1
  3
AcDbBlockRepresentation
360
AEF
  0
DICTIONARY
  5
AF8
330
AF7
100
AcDbDictionary
280
     1
281
     1
  3
AcDbBlockRepresentation
360
AF9
  0
DICTIONARY
  5
B02
330
B01
100
AcDbDictionary
280
     1
281
     1
  3
AcDbBlockRepresentation
360
B03
  0
DICTIONARY
  5
B0C
330
B0B
100
AcDbDictionary
280
     1
281
     1
  3
AcDbBlockRepresentation
360
B0D
  0
DICTIONARY
  5
B16
330
B15
100
AcDbDictionary
280
     1
281
     1
  3
AcDbBlockRepresentation
360
B17
  0
DICTIONARY
  5
B20
330
B1F
100
AcDbDictionary
280
     1
281
     1
  3
AcDbBlockRepresentation
360
B21
  0
DICTIONARY
  5
B2A
330
B29
100
AcDbDictionary
280
     1
281
     1
  3
AcDbBlockRepresentation
360
B2B
  0
DICTIONARY
  5
B34
330
B33
100
AcDbDictionary
280
     1
281
     1
  3
AcDbBlockRepresentation
360
B35
  0
DICTIONARY
  5
B3E
330
B3D
100
AcDbDictionary
280
     1
281
     1
  3
AcDbBlockRepresentation
360
B3F
  0
DICTIONARY
  5
B48
330
B47
100
AcDbDictionary
280
     1
281
     1
  3
AcDbBlockRepresentation
360
B49
  0
DICTIONARY
  5
B52
330
B51
100
AcDbDictionary
280
     1
281
     1
  3
AcDbBlockRepresentation
360
B53
  0
DICTIONARY
  5
B5C
330
B5B
100
AcDbDictionary
280
     1
281
     1
  3
AcDbBlockRepresentation
360
B5D
  0
DICTIONARY
  5
B66
330
B65
100
AcDbDictionary
280
     1
281
     1
  3
AcDbBlockRepresentation
360
B67
  0
DICTIONARY
  5
B70
330
B6F
100
AcDbDictionary
280
     1
281
     1
  3
AcDbBlockRepresentation
360
B71
  0
DICTIONARY
  5
B7A
330
B79
100
AcDbDictionary
280
     1
281
     1
  3
AcDbBlockRepresentation
360
B7B
  0
DICTIONARY
  5
B84
330
B83
100
AcDbDictionary
280
     1
281
     1
  3
AcDbBlockRepresentation
360
B85
  0
DICTIONARY
  5
B8E
330
B8D
100
AcDbDictionary
280
     1
281
     1
  3
AcDbBlockRepresentation
360
B8F
  0
DICTIONARY
  5
B98
330
B97
100
AcDbDictionary
280
     1
281
     1
  3
AcDbBlockRepresentation
360
B99
  0
DICTIONARY
  5
BA2
330
BA1
100
AcDbDictionary
280
     1
281
     1
  3
AcDbBlockRepresentation
360
BA3
  0
DICTIONARY
  5
BAC
330
BAB
100
AcDbDictionary
280
     1
281
     1
  3
AcDbBlockRepresentation
360
BAD
  0
DICTIONARY
  5
BB6
330
BB5
100
AcDbDictionary
280
     1
281
     1
  3
AcDbBlockRepresentation
360
BB7
  0
DICTIONARY
  5
BC0
330
BBF
100
AcDbDictionary
280
     1
281
     1
  3
AcDbBlockRepresentation
360
BC1
  0
DICTIONARY
  5
BCA
330
BC9
100
AcDbDictionary
280
     1
281
     1
  3
AcDbBlockRepresentation
360
BCB
  0
DICTIONARY
  5
BD4
330
BD3
100
AcDbDictionary
280
     1
281
     1
  3
AcDbBlockRepresentation
360
BD5
  0
DICTIONARY
  5
BDE
330
BDD
100
AcDbDictionary
280
     1
281
     1
  3
AcDbBlockRepresentation
360
BDF
  0
DICTIONARY
  5
BE8
330
BE7
100
AcDbDictionary
280
     1
281
     1
  3
AcDbBlockRepresentation
360
BE9
  0
DICTIONARY
  5
BF2
330
BF1
100
AcDbDictionary
280
     1
281
     1
  3
AcDbBlockRepresentation
360
BF3
  0
DICTIONARY
  5
BFC
330
BFB
100
AcDbDictionary
280
     1
281
     1
  3
AcDbBlockRepresentation
360
BFD
  0
DICTIONARY
  5
C06
330
C05
100
AcDbDictionary
280
     1
281
     1
  3
AcDbBlockRepresentation
360
C07
  0
DICTIONARY
  5
C10
330
C0F
100
AcDbDictionary
280
     1
281
     1
  3
AcDbBlockRepresentation
360
C11
  0
DICTIONARY
  5
C1A
330
C19
100
AcDbDictionary
280
     1
281
     1
  3
AcDbBlockRepresentation
360
C1B
  0
DICTIONARY
  5
C24
330
C23
100
AcDbDictionary
280
     1
281
     1
  3
AcDbBlockRepresentation
360
C25
  0
DICTIONARY
  5
C2E
330
C2D
100
AcDbDictionary
280
     1
281
     1
  3
AcDbBlockRepresentation
360
C2F
  0
DICTIONARY
  5
C38
330
C37
100
AcDbDictionary
280
     1
281
     1
  3
AcDbBlockRepresentation
360
C39
  0
DICTIONARY
  5
C42
330
C41
100
AcDbDictionary
280
     1
281
     1
  3
AcDbBlockRepresentation
360
C43
  0
DICTIONARY
  5
C4C
330
C4B
100
AcDbDictionary
280
     1
281
     1
  3
AcDbBlockRepresentation
360
C4D
  0
DICTIONARY
  5
C56
330
C55
100
AcDbDictionary
280
     1
281
     1
  3
AcDbBlockRepresentation
360
C57
  0
DICTIONARY
  5
C60
330
C5F
100
AcDbDictionary
280
     1
281
     1
  3
AcDbBlockRepresentation
360
C61
  0
DICTIONARY
  5
C6A
330
C69
100
AcDbDictionary
280
     1
281
     1
  3
AcDbBlockRepresentation
360
C6B
  0
DICTIONARY
  5
C74
330
C73
100
AcDbDictionary
280
     1
281
     1
  3
AcDbBlockRepresentation
360
C75
  0
DICTIONARY
  5
C7E
330
C7D
100
AcDbDictionary
280
     1
281
     1
  3
AcDbBlockRepresentation
360
C7F
  0
DICTIONARY
  5
C88
330
C87
100
AcDbDictionary
280
     1
281
     1
  3
AcDbBlockRepresentation
360
C89
  0
DICTIONARY
  5
C92
330
C91
100
AcDbDictionary
280
     1
281
     1
  3
AcDbBlockRepresentation
360
C93
  0
DICTIONARY
  5
C9C
330
C9B
100
AcDbDictionary
280
     1
281
     1
  3
AcDbBlockRepresentation
360
C9D
  0
DICTIONARY
  5
CA6
330
CA5
100
AcDbDictionary
280
     1
281
     1
  3
AcDbBlockRepresentation
360
CA7
  0
DICTIONARY
  5
CB0
330
CAF
100
AcDbDictionary
280
     1
281
     1
  3
AcDbBlockRepresentation
360
CB1
  0
DICTIONARY
  5
CBA
330
CB9
100
AcDbDictionary
280
     1
281
     1
  3
AcDbBlockRepresentation
360
CBB
  0
DICTIONARY
  5
CC4
330
CC3
100
AcDbDictionary
280
     1
281
     1
  3
AcDbBlockRepresentation
360
CC5
  0
DICTIONARY
  5
CCE
330
CCD
100
AcDbDictionary
280
     1
281
     1
  3
AcDbBlockRepresentation
360
CCF
  0
DICTIONARY
  5
CD8
330
CD7
100
AcDbDictionary
280
     1
281
     1
  3
AcDbBlockRepresentation
360
CD9
  0
DICTIONARY
  5
CE2
330
CE1
100
AcDbDictionary
280
     1
281
     1
  3
AcDbBlockRepresentation
360
CE3
  0
DICTIONARY
  5
D0B
330
D0A
100
AcDbDictionary
280
     1
281
     1
  0
DICTIONARY
  5
D26
330
D25
100
AcDbDictionary
280
     1
281
     1
  0
DICTIONARY
  5
D28
330
D27
100
AcDbDictionary
280
     1
281
     1
  0
DICTIONARY
  5
D60
330
D5F
100
AcDbDictionary
280
     1
281
     1
  0
XRECORD
  5
216
102
{ACAD_REACTORS
330
C
102
}
330
C
100
AcDbXrecord
280
     1
300
ACD
300
2024
300
87798ACD_2024_0F
  0
DICTIONARY
  5
6B
102
{ACAD_REACTORS
330
C
102
}
330
C
100
AcDbDictionary
281
     1
  0
DICTIONARY
  5
21B
102
{ACAD_REACTORS
330
C
102
}
330
C
100
AcDbDictionary
281
     1
  3
Metric50
350
21C
  0
DICTIONARY
  5
D
102
{ACAD_REACTORS
330
C
102
}
330
C
100
AcDbDictionary
281
     1
  0
XRECORD
  5
15AD
102
{ACAD_REACTORS
330
C
102
}
330
C
100
AcDbXrecord
280
     1
300
{C89172B8-48A5-0E47-A7AB-1777405E967E}
301
{9B6D0C4D-9CFB-D446-A7E4-5A5320BF0AA5}
302
{C89172B8-48A5-0E47-A7AB-1777405E967E}
303
C:\Users\forik\Desktop\пс.dxf
  0
DICTIONARY
  5
1A
102
{ACAD_REACTORS
330
C
102
}
330
C
100
AcDbDictionary
281
     1
  3
Model
350
22
  3
Лист1
350
D3
  3
Лист2
350
D7
  0
DICTIONARY
  5
6A
102
{ACAD_REACTORS
330
C
102
}
330
C
100
AcDbDictionary
281
     1
  3
ByBlock
350
ED
  3
ByLayer
350
EC
  3
Global
350
EE
  0
DICTIONARY
  5
12D
102
{ACAD_REACTORS
330
C
102
}
330
C
100
AcDbDictionary
281
     1
  3
Standard
350
12E
  3
Аннотативный
350
13B
  0
DICTIONARY
  5
17
102
{ACAD_REACTORS
330
C
102
}
330
C
100
AcDbDictionary
281
     1
  3
Standard
350
18
  0
DICTIONARY
  5
19
102
{ACAD_REACTORS
330
C
102
}
330
C
100
AcDbDictionary
281
     1
  0
ACDBDICTIONARYWDFLT
  5
E
102
{ACAD_REACTORS
330
C
102
}
330
C
100
AcDbDictionary
281
     1
  3
Normal
350
F
100
AcDbDictionaryWithDefault
340
F
  0
DICTIONARY
  5
10C
102
{ACAD_REACTORS
330
C
102
}
330
C
100
AcDbDictionary
281
     1
  3
*A1
350
7D0
  3
A0
350
10D
  3
A1
350
1BE
  3
A2
350
1BF
  3
A3
350
1C0
  3
A4
350
1C1
  3
A5
350
1C2
  3
A6
350
1C3
  3
A7
350
1C4
  3
A8
350
1C5
  3
A9
350
1C6
  3
B0
350
1C7
  3
B1
350
1C8
  3
B2
350
1C9
  3
B3
350
1CA
  3
B4
350
1CB
  3
B5
350
1CC
  3
B6
350
1CD
  0
DICTIONARY
  5
219
102
{ACAD_REACTORS
330
C
102
}
330
C
100
AcDbDictionary
281
     1
  3
Metric50
350
21A
  0
DICTIONARY
  5
7E
102
{ACAD_REACTORS
330
C
102
}
330
C
100
AcDbDictionary
281
     1
  3
Standard
350
7F
  0
DICTIONARY
  5
EF
102
{ACAD_REACTORS
330
C
102
}
330
C
100
AcDbDictionary
281
     1
  3
2dWireframe
350
F5
  3
Basic
350
F4
  3
Brighten
350
FB
  3
ColorChange
350
FF
  3
Conceptual
350
F8
  3
Dim
350
FA
  3
EdgeColorOff
350
1E6
  3
Facepattern
350
FE
  3
Flat
350
F0
  3
FlatWithEdges
350
F1
  3
Gouraud
350
F2
  3
GouraudWithEdges
350
F3
  3
Hidden
350
F7
  3
JitterOff
350
1E4
  3
Linepattern
350
FD
  3
OverhangOff
350
1E5
  3
Realistic
350
F9
  3
Shaded
350
1F3
  3
Shaded with edges
350
1F2
  3
Shades of Gray
350
1EF
  3
Sketchy
350
1F0
  3
Thicken
350
FC
  3
Wireframe
350
F6
  3
X-Ray
350
1F1
  0
WIPEOUTVARIABLES
  5
AB5
102
{ACAD_REACTORS
330
C
102
}
330
C
100
AcDbWipeoutVariables
 70
     1
  0
XRECORD
  5
15AF
102
{ACAD_REACTORS
330
C
102
}
330
C
100
AcDbXrecord
280
     1
 90
        1
330
7F
  0
DICTIONARY
  5
5E
102
{ACAD_REACTORS
330
C
102
}
330
C
100
AcDbDictionary
281
     1
  3
CANNOSCALE
350
146
  3
CENTEREXE
350
259
  3
CENTERLTYPEFILE
350
25A
  3
CMLEADERSTYLE
350
145
  3
CTABLESTYLE
350
84
  3
CVIEWDETAILSTYLE
350
227
  3
CVIEWSECTIONSTYLE
350
228
  3
DIMASSOC
350
5F
  3
HIDETEXT
350
63
  3
LAYEREVAL
350
1AE
  3
LAYERNOTIFY
350
1AF
  0
DICTIONARY
  5
200
102
{ACAD_REACTORS
330
1FF
102
}
330
1FF
100
AcDbDictionary
281
     1
  0
SORTENTSTABLE
  5
2C2
102
{ACAD_REACTORS
330
2C1
102
}
330
2C1
100
AcDbSortentsTable
330
2C0
  0
ACAD_EVALUATION_GRAPH
  5
2CA
102
{ACAD_REACTORS
330
2C9
102
}
330
2C9
100
AcDbEvalGraph
 96
       10
 97
       10
 91
        0
 93
       32
 95
        1
360
2CB
 92
        0
 92
        0
 92
        1
 92
        2
 91
        1
 93
       32
 95
        2
360
2CC
 92
       -1
 92
       -1
 92
        0
 92
        0
 91
        2
 93
       32
 95
        3
360
2CD
 92
        1
 92
        1
 92
       -1
 92
       -1
 91
        3
 93
       32
 95
        4
360
2CE
 92
        2
 92
        2
 92
       -1
 92
       -1
 91
        4
 93
       32
 95
        5
360
2CF
 92
        5
 92
        5
 92
        3
 92
        7
 91
        5
 93
       32
 95
        6
360
2D0
 92
       -1
 92
       -1
 92
        5
 92
        5
 91
        6
 93
       32
 95
        7
360
2D1
 92
        3
 92
        3
 92
       -1
 92
       -1
 91
        7
 93
       32
 95
        8
360
2D2
 92
        4
 92
        4
 92
       -1
 92
       -1
 91
        8
 93
       32
 95
        9
360
2D3
 92
        6
 92
        6
 92
       -1
 92
       -1
 91
        9
 93
       32
 95
       10
360
2D4
 92
        7
 92
        7
 92
       -1
 92
       -1
 92
        0
 93
        0
 94
        1
 91
        1
 91
        0
 92
       -1
 92
       -1
 92
       -1
 92
       -1
 92
       -1
 92
        1
 93
        0
 94
        1
 91
        0
 91
        2
 92
       -1
 92
       -1
 92
       -1
 92
        2
 92
       -1
 92
        2
 93
        0
 94
        1
 91
        0
 91
        3
 92
       -1
 92
       -1
 92
        1
 92
       -1
 92
       -1
 92
        3
 93
        0
 94
        1
 91
        4
 91
        6
 92
       -1
 92
       -1
 92
       -1
 92
        4
 92
       -1
 92
        4
 93
        0
 94
        1
 91
        4
 91
        7
 92
       -1
 92
       -1
 92
        3
 92
        6
 92
       -1
 92
        5
 93
        0
 94
        2
 91
        5
 91
        4
 92
       -1
 92
       -1
 92
       -1
 92
       -1
 92
       -1
 92
        6
 93
        0
 94
        2
 91
        4
 91
        8
 92
       -1
 92
       -1
 92
        4
 92
        7
 92
       -1
 92
        7
 93
        0
 94
        2
 91
        4
 91
        9
 92
       -1
 92
       -1
 92
        6
 92
       -1
 92
       -1
  0
SORTENTSTABLE
  5
2D5
102
{ACAD_REACTORS
330
2C9
102
}
330
2C9
100
AcDbSortentsTable
330
2C8
331
2D8
  5
2D9
331
2D9
  5
2DA
331
2DA
  5
2D8
  0
ACDB_DYNAMICBLOCKPURGEPREVENTER_VERSION
  5
2D6
102
{ACAD_REACTORS
330
2C9
102
}
330
2C9
100
AcDbDynamicBlockPurgePreventer
 70
     1
  0
SORTENTSTABLE
  5
2EA
102
{ACAD_REACTORS
330
2E9
102
}
330
2E9
100
AcDbSortentsTable
330
2E8
331
2EC
  5
2ED
331
2ED
  5
2EE
331
2EE
  5
2EF
331
2EF
  5
2EC
  0
SORTENTSTABLE
  5
2F3
102
{ACAD_REACTORS
330
2F2
102
}
330
2F2
100
AcDbSortentsTable
330
2F1
  0
SORTENTSTABLE
  5
307
102
{ACAD_REACTORS
330
306
102
}
330
306
100
AcDbSortentsTable
330
305
331
309
  5
30A
331
30A
  5
30B
331
30B
  5
309
  0
DICTIONARY
  5
AE5
102
{ACAD_REACTORS
330
AE4
102
}
330
AE4
100
AcDbDictionary
280
     1
281
     1
  3
AcDbRepData
360
AE6
  3
AppDataCache
360
AE7
  0
DICTIONARY
  5
AEF
102
{ACAD_REACTORS
330
AEE
102
}
330
AEE
100
AcDbDictionary
280
     1
281
     1
  3
AcDbRepData
360
AF0
  3
AppDataCache
360
AF1
  0
DICTIONARY
  5
AF9
102
{ACAD_REACTORS
330
AF8
102
}
330
AF8
100
AcDbDictionary
280
     1
281
     1
  3
AcDbRepData
360
AFA
  3
AppDataCache
360
AFB
  0
DICTIONARY
  5
B03
102
{ACAD_REACTORS
330
B02
102
}
330
B02
100
AcDbDictionary
280
     1
281
     1
  3
AcDbRepData
360
B04
  3
AppDataCache
360
B05
  0
DICTIONARY
  5
B0D
102
{ACAD_REACTORS
330
B0C
102
}
330
B0C
100
AcDbDictionary
280
     1
281
     1
  3
AcDbRepData
360
B0E
  3
AppDataCache
360
B0F
  0
DICTIONARY
  5
B17
102
{ACAD_REACTORS
330
B16
102
}
330
B16
100
AcDbDictionary
280
     1
281
     1
  3
AcDbRepData
360
B18
  3
AppDataCache
360
B19
  0
DICTIONARY
  5
B21
102
{ACAD_REACTORS
330
B20
102
}
330
B20
100
AcDbDictionary
280
     1
281
     1
  3
AcDbRepData
360
B22
  3
AppDataCache
360
B23
  0
DICTIONARY
  5
B2B
102
{ACAD_REACTORS
330
B2A
102
}
330
B2A
100
AcDbDictionary
280
     1
281
     1
  3
AcDbRepData
360
B2C
  3
AppDataCache
360
B2D
  0
DICTIONARY
  5
B35
102
{ACAD_REACTORS
330
B34
102
}
330
B34
100
AcDbDictionary
280
     1
281
     1
  3
AcDbRepData
360
B36
  3
AppDataCache
360
B37
  0
DICTIONARY
  5
B3F
102
{ACAD_REACTORS
330
B3E
102
}
330
B3E
100
AcDbDictionary
280
     1
281
     1
  3
AcDbRepData
360
B40
  3
AppDataCache
360
B41
  0
DICTIONARY
  5
B49
102
{ACAD_REACTORS
330
B48
102
}
330
B48
100
AcDbDictionary
280
     1
281
     1
  3
AcDbRepData
360
B4A
  3
AppDataCache
360
B4B
  0
DICTIONARY
  5
B53
102
{ACAD_REACTORS
330
B52
102
}
330
B52
100
AcDbDictionary
280
     1
281
     1
  3
AcDbRepData
360
B54
  3
AppDataCache
360
B55
  0
DICTIONARY
  5
B5D
102
{ACAD_REACTORS
330
B5C
102
}
330
B5C
100
AcDbDictionary
280
     1
281
     1
  3
AcDbRepData
360
B5E
  3
AppDataCache
360
B5F
  0
DICTIONARY
  5
B67
102
{ACAD_REACTORS
330
B66
102
}
330
B66
100
AcDbDictionary
280
     1
281
     1
  3
AcDbRepData
360
B68
  3
AppDataCache
360
B69
  0
DICTIONARY
  5
B71
102
{ACAD_REACTORS
330
B70
102
}
330
B70
100
AcDbDictionary
280
     1
281
     1
  3
AcDbRepData
360
B72
  3
AppDataCache
360
B73
  0
DICTIONARY
  5
B7B
102
{ACAD_REACTORS
330
B7A
102
}
330
B7A
100
AcDbDictionary
280
     1
281
     1
  3
AcDbRepData
360
B7C
  3
AppDataCache
360
B7D
  0
DICTIONARY
  5
B85
102
{ACAD_REACTORS
330
B84
102
}
330
B84
100
AcDbDictionary
280
     1
281
     1
  3
AcDbRepData
360
B86
  3
AppDataCache
360
B87
  0
DICTIONARY
  5
B8F
102
{ACAD_REACTORS
330
B8E
102
}
330
B8E
100
AcDbDictionary
280
     1
281
     1
  3
AcDbRepData
360
B90
  3
AppDataCache
360
B91
  0
DICTIONARY
  5
B99
102
{ACAD_REACTORS
330
B98
102
}
330
B98
100
AcDbDictionary
280
     1
281
     1
  3
AcDbRepData
360
B9A
  3
AppDataCache
360
B9B
  0
DICTIONARY
  5
BA3
102
{ACAD_REACTORS
330
BA2
102
}
330
BA2
100
AcDbDictionary
280
     1
281
     1
  3
AcDbRepData
360
BA4
  3
AppDataCache
360
BA5
  0
DICTIONARY
  5
BAD
102
{ACAD_REACTORS
330
BAC
102
}
330
BAC
100
AcDbDictionary
280
     1
281
     1
  3
AcDbRepData
360
BAE
  3
AppDataCache
360
BAF
  0
DICTIONARY
  5
BB7
102
{ACAD_REACTORS
330
BB6
102
}
330
BB6
100
AcDbDictionary
280
     1
281
     1
  3
AcDbRepData
360
BB8
  3
AppDataCache
360
BB9
  0
DICTIONARY
  5
BC1
102
{ACAD_REACTORS
330
BC0
102
}
330
BC0
100
AcDbDictionary
280
     1
281
     1
  3
AcDbRepData
360
BC2
  3
AppDataCache
360
BC3
  0
DICTIONARY
  5
BCB
102
{ACAD_REACTORS
330
BCA
102
}
330
BCA
100
AcDbDictionary
280
     1
281
     1
  3
AcDbRepData
360
BCC
  3
AppDataCache
360
BCD
  0
DICTIONARY
  5
BD5
102
{ACAD_REACTORS
330
BD4
102
}
330
BD4
100
AcDbDictionary
280
     1
281
     1
  3
AcDbRepData
360
BD6
  3
AppDataCache
360
BD7
  0
DICTIONARY
  5
BDF
102
{ACAD_REACTORS
330
BDE
102
}
330
BDE
100
AcDbDictionary
280
     1
281
     1
  3
AcDbRepData
360
BE0
  3
AppDataCache
360
BE1
  0
DICTIONARY
  5
BE9
102
{ACAD_REACTORS
330
BE8
102
}
330
BE8
100
AcDbDictionary
280
     1
281
     1
  3
AcDbRepData
360
BEA
  3
AppDataCache
360
BEB
  0
DICTIONARY
  5
BF3
102
{ACAD_REACTORS
330
BF2
102
}
330
BF2
100
AcDbDictionary
280
     1
281
     1
  3
AcDbRepData
360
BF4
  3
AppDataCache
360
BF5
  0
DICTIONARY
  5
BFD
102
{ACAD_REACTORS
330
BFC
102
}
330
BFC
100
AcDbDictionary
280
     1
281
     1
  3
AcDbRepData
360
BFE
  3
AppDataCache
360
BFF
  0
DICTIONARY
  5
C07
102
{ACAD_REACTORS
330
C06
102
}
330
C06
100
AcDbDictionary
280
     1
281
     1
  3
AcDbRepData
360
C08
  3
AppDataCache
360
C09
  0
DICTIONARY
  5
C11
102
{ACAD_REACTORS
330
C10
102
}
330
C10
100
AcDbDictionary
280
     1
281
     1
  3
AcDbRepData
360
C12
  3
AppDataCache
360
C13
  0
DICTIONARY
  5
C1B
102
{ACAD_REACTORS
330
C1A
102
}
330
C1A
100
AcDbDictionary
280
     1
281
     1
  3
AcDbRepData
360
C1C
  3
AppDataCache
360
C1D
  0
DICTIONARY
  5
C25
102
{ACAD_REACTORS
330
C24
102
}
330
C24
100
AcDbDictionary
280
     1
281
     1
  3
AcDbRepData
360
C26
  3
AppDataCache
360
C27
  0
DICTIONARY
  5
C2F
102
{ACAD_REACTORS
330
C2E
102
}
330
C2E
100
AcDbDictionary
280
     1
281
     1
  3
AcDbRepData
360
C30
  3
AppDataCache
360
C31
  0
DICTIONARY
  5
C39
102
{ACAD_REACTORS
330
C38
102
}
330
C38
100
AcDbDictionary
280
     1
281
     1
  3
AcDbRepData
360
C3A
  3
AppDataCache
360
C3B
  0
DICTIONARY
  5
C43
102
{ACAD_REACTORS
330
C42
102
}
330
C42
100
AcDbDictionary
280
     1
281
     1
  3
AcDbRepData
360
C44
  3
AppDataCache
360
C45
  0
DICTIONARY
  5
C4D
102
{ACAD_REACTORS
330
C4C
102
}
330
C4C
100
AcDbDictionary
280
     1
281
     1
  3
AcDbRepData
360
C4E
  3
AppDataCache
360
C4F
  0
DICTIONARY
  5
C57
102
{ACAD_REACTORS
330
C56
102
}
330
C56
100
AcDbDictionary
280
     1
281
     1
  3
AcDbRepData
360
C58
  3
AppDataCache
360
C59
  0
DICTIONARY
  5
C61
102
{ACAD_REACTORS
330
C60
102
}
330
C60
100
AcDbDictionary
280
     1
281
     1
  3
AcDbRepData
360
C62
  3
AppDataCache
360
C63
  0
DICTIONARY
  5
C6B
102
{ACAD_REACTORS
330
C6A
102
}
330
C6A
100
AcDbDictionary
280
     1
281
     1
  3
AcDbRepData
360
C6C
  3
AppDataCache
360
C6D
  0
DICTIONARY
  5
C75
102
{ACAD_REACTORS
330
C74
102
}
330
C74
100
AcDbDictionary
280
     1
281
     1
  3
AcDbRepData
360
C76
  3
AppDataCache
360
C77
  0
DICTIONARY
  5
C7F
102
{ACAD_REACTORS
330
C7E
102
}
330
C7E
100
AcDbDictionary
280
     1
281
     1
  3
AcDbRepData
360
C80
  3
AppDataCache
360
C81
  0
DICTIONARY
  5
C89
102
{ACAD_REACTORS
330
C88
102
}
330
C88
100
AcDbDictionary
280
     1
281
     1
  3
AcDbRepData
360
C8A
  3
AppDataCache
360
C8B
  0
DICTIONARY
  5
C93
102
{ACAD_REACTORS
330
C92
102
}
330
C92
100
AcDbDictionary
280
     1
281
     1
  3
AcDbRepData
360
C94
  3
AppDataCache
360
C95
  0
DICTIONARY
  5
C9D
102
{ACAD_REACTORS
330
C9C
102
}
330
C9C
100
AcDbDictionary
280
     1
281
     1
  3
AcDbRepData
360
C9E
  3
AppDataCache
360
C9F
  0
DICTIONARY
  5
CA7
102
{ACAD_REACTORS
330
CA6
102
}
330
CA6
100
AcDbDictionary
280
     1
281
     1
  3
AcDbRepData
360
CA8
  3
AppDataCache
360
CA9
  0
DICTIONARY
  5
CB1
102
{ACAD_REACTORS
330
CB0
102
}
330
CB0
100
AcDbDictionary
280
     1
281
     1
  3
AcDbRepData
360
CB2
  3
AppDataCache
360
CB3
  0
DICTIONARY
  5
CBB
102
{ACAD_REACTORS
330
CBA
102
}
330
CBA
100
AcDbDictionary
280
     1
281
     1
  3
AcDbRepData
360
CBC
  3
AppDataCache
360
CBD
  0
DICTIONARY
  5
CC5
102
{ACAD_REACTORS
330
CC4
102
}
330
CC4
100
AcDbDictionary
280
     1
281
     1
  3
AcDbRepData
360
CC6
  3
AppDataCache
360
CC7
  0
DICTIONARY
  5
CCF
102
{ACAD_REACTORS
330
CCE
102
}
330
CCE
100
AcDbDictionary
280
     1
281
     1
  3
AcDbRepData
360
CD0
  3
AppDataCache
360
CD1
  0
DICTIONARY
  5
CD9
102
{ACAD_REACTORS
330
CD8
102
}
330
CD8
100
AcDbDictionary
280
     1
281
     1
  3
AcDbRepData
360
CDA
  3
AppDataCache
360
CDB
  0
DICTIONARY
  5
CE3
102
{ACAD_REACTORS
330
CE2
102
}
330
CE2
100
AcDbDictionary
280
     1
281
     1
  3
AcDbRepData
360
CE4
  3
AppDataCache
360
CE5
  0
ACDBDETAILVIEWSTYLE
  5
21C
102
{ACAD_REACTORS
330
21B
102
}
330
21B
100
AcDbModelDocViewStyle
 70
     0
  3
Metric50
290
     0
300
Metric50
 90
        0
100
AcDbDetailViewStyle
 70
     0
 71
     0
 90
        3
 71
     1
340
11
 62
   256
 40
5.0
340
0
 62
   256
 40
5.0
300

 40
0.0
280
     1
 71
     2
340
16
 90
       25
 62
   256
 71
     3
340
11
 62
   256
 40
5.0
 90
        0
 40
15.0
 90
        1
300
%<\AcVar ViewDetailId>% (%<\AcVar ViewScale \f "%sn">%)
 71
     4
340
16
 90
       25
 62
   256
340
16
 90
       25
 62
   256
280
     0
  0
LAYOUT
  5
22
102
{ACAD_XDICTIONARY
360
205
102
}
102
{ACAD_REACTORS
330
1A
102
}
330
1A
100
AcDbPlotSettings
  1

  2
none_device
  4
ISO_A4_(210.00_x_297.00_MM)
  6

 40
7.5
 41
20.0
 42
7.5
 43
20.0
 44
210.0
 45
297.0
 46
11.54999923706054
 47
-13.65000009536743
 48
0.0
 49
0.0
140
0.0
141
0.0
142
1.0
143
8.704084754739808
 70
 11952
 72
     1
 73
     0
 74
     0
  7

 75
     0
147
0.1148885871608098
 76
     0
 77
     2
 78
   300
148
0.0
149
0.0
100
AcDbLayout
  1
Model
 70
     1
 71
     0
 10
0.0
 20
0.0
 11
12.0
 21
9.0
 12
0.0
 22
0.0
 32
0.0
 14
0.0
 24
0.0
 34
0.0
 15
0.0
 25
0.0
 35
0.0
146
0.0
 13
0.0
 23
0.0
 33
0.0
 16
1.0
 26
0.0
 36
0.0
 17
0.0
 27
1.0
 37
0.0
 76
     0
330
1F
331
EA
1001
ACAD_PSEXT
1000
None
1000
None
1000
Not applicable
1000
The layout will not be plotted unless a new plotter configuration name is selected.
1070
     0
  0
LAYOUT
  5
D3
102
{ACAD_REACTORS
330
1A
102
}
330
1A
100
AcDbPlotSettings
  1

  2
C:\Documents and Settings\basas\Application Data\Autodesk\AutoCAD 2005\R16.1\enu\plotters\Default Windows System Printer.pc3
  4

  6

 40
0.0
 41
0.0
 42
0.0
 43
0.0
 44
0.0
 45
0.0
 46
0.0
 47
0.0
 48
0.0
 49
0.0
140
0.0
141
0.0
142
1.0
143
1.0
 70
   688
 72
     0
 73
     0
 74
     5
  7

 75
    16
147
1.0
 76
     0
 77
     2
 78
   300
148
0.0
149
0.0
100
AcDbLayout
  1
Лист1
 70
     1
 71
     1
 10
0.0
 20
0.0
 11
12.0
 21
9.0
 12
0.0
 22
0.0
 32
0.0
 14
0.0
 24
0.0
 34
0.0
 15
0.0
 25
0.0
 35
0.0
146
0.0
 13
0.0
 23
0.0
 33
0.0
 16
1.0
 26
0.0
 36
0.0
 17
0.0
 27
1.0
 37
0.0
 76
     0
330
D2
  0
LAYOUT
  5
D7
102
{ACAD_REACTORS
330
1A
102
}
330
1A
100
AcDbPlotSettings
  1

  2
C:\Documents and Settings\basas\Application Data\Autodesk\AutoCAD 2005\R16.1\enu\plotters\Default Windows System Printer.pc3
  4

  6

 40
0.0
 41
0.0
 42
0.0
 43
0.0
 44
0.0
 45
0.0
 46
0.0
 47
0.0
 48
0.0
 49
0.0
140
0.0
141
0.0
142
1.0
143
1.0
 70
   688
 72
     0
 73
     0
 74
     5
  7

 75
    16
147
1.0
 76
     0
 77
     2
 78
   300
148
0.0
149
0.0
100
AcDbLayout
  1
Лист2
 70
     1
 71
     2
 10
0.0
 20
0.0
 11
12.0
 21
9.0
 12
0.0
 22
0.0
 32
0.0
 14
0.0
 24
0.0
 34
0.0
 15
0.0
 25
0.0
 35
0.0
146
0.0
 13
0.0
 23
0.0
 33
0.0
 16
1.0
 26
0.0
 36
0.0
 17
0.0
 27
1.0
 37
0.0
 76
     0
330
D6
  0
MATERIAL
  5
ED
102
{ACAD_XDICTIONARY
360
1F9
102
}
102
{ACAD_REACTORS
330
6A
102
}
330
6A
100
AcDbMaterial
  1
ByBlock
 94
       63
  0
MATERIAL
  5
EC
102
{ACAD_XDICTIONARY
360
1F7
102
}
102
{ACAD_REACTORS
330
6A
102
}
330
6A
100
AcDbMaterial
  1
ByLayer
 94
       63
  0
MATERIAL
  5
EE
102
{ACAD_XDICTIONARY
360
173
102
}
102
{ACAD_REACTORS
330
6A
102
}
330
6A
100
AcDbMaterial
  1
Global
 43
0.0007999999797903
 43
0.0
 43
0.0
 43
0.0
 43
0.0
 43
0.0007999999797903
 43
0.0
 43
0.0
 43
0.0
 43
0.0
 43
1.0
 43
0.0
 43
0.0
 43
0.0
 43
0.0
 43
1.0
 49
0.0007999999797903
 49
0.0
 49
0.0
 49
0.0
 49
0.0
 49
0.0007999999797903
 49
0.0
 49
0.0
 49
0.0
 49
0.0
 49
1.0
 49
0.0
 49
0.0
 49
0.0
 49
0.0
 49
1.0
142
0.0007999999797903
142
0.0
142
0.0
142
0.0
142
0.0
142
0.0007999999797903
142
0.0
142
0.0
142
0.0
142
0.0
142
1.0
142
0.0
142
0.0
142
0.0
142
0.0
142
1.0
144
0.0007999999797903
144
0.0
144
0.0
144
0.0
144
0.0
144
0.0007999999797903
144
0.0
144
0.0
144
0.0
144
0.0
144
1.0
144
0.0
144
0.0
144
0.0
144
0.0
144
1.0
 94
       63
1001
ACAD
1070
    -1
1070
     3
1070
     0
1000

1071
        0
1070
     0
  0
MLEADERSTYLE
  5
12E
102
{ACAD_REACTORS
330
12D
330
AB7
330
AC2
330
ACB
330
D61
330
D76
330
D87
330
D8F
330
D90
330
D91
330
D92
330
CEC
330
CF1
330
D0C
330
D1D
330
D1E
330
D23
330
D24
102
}
330
12D
100
AcDbMLeaderStyle
179
     2
170
     2
171
     1
172
     0
 90
        2
 40
0.0
 41
0.0
173
     1
 91
-1056964608
340
14
 92
       -2
290
     1
 42
2.0
291
     1
 43
8.0
  3
Standard
 44
4.0
300

342
11
174
     1
178
     1
175
     1
176
     0
 93
-1056964608
 45
4.0
292
     0
297
     0
 46
4.0
 94
-1056964608
 47
1.0
 49
1.0
140
1.0
293
     1
141
0.0
294
     1
177
     0
142
1.0
295
     0
296
     0
143
3.75
271
     0
272
     9
273
     9
298
     0
  0
MLEADERSTYLE
  5
13B
102
{ACAD_REACTORS
330
12D
102
}
330
12D
100
AcDbMLeaderStyle
179
     2
170
     2
171
     1
172
     0
 90
        2
 40
0.0
 41
0.0
173
     1
 91
-1056964608
340
14
 92
       -2
290
     1
 42
2.0
291
     1
 43
8.0
  3
Standard
 44
4.0
300

342
11
174
     1
178
     1
175
     1
176
     0
 93
-1056964608
 45
4.0
292
     0
297
     0
 46
4.0
 94
-1056964608
 47
1.0
 49
1.0
140
1.0
293
     1
141
0.0
294
     1
177
     0
142
1.0
295
     0
296
     1
143
3.75
271
     0
272
     9
273
     9
298
     0
  0
MLINESTYLE
  5
18
102
{ACAD_REACTORS
330
17
102
}
330
17
100
AcDbMlineStyle
  2
STANDARD
 70
     0
  3

 62
   256
 51
90.0
 52
90.0
 71
     2
 49
0.5
 62
   256
  6
BYLAYER
 49
-0.5
 62
   256
  6
BYLAYER
  0
ACDBPLACEHOLDER
  5
F
102
{ACAD_REACTORS
330
E
102
}
330
E
  0
SCALE
  5
7D0
102
{ACAD_REACTORS
330
10C
102
}
330
10C
100
AcDbScale
 70
     0
300
1-1
140
1.0
141
1.0
290
     0
  0
SCALE
  5
10D
102
{ACAD_REACTORS
330
10C
102
}
330
10C
100
AcDbScale
 70
     0
300
1:1
140
1.0
141
1.0
290
     1
  0
SCALE
  5
1BE
102
{ACAD_REACTORS
330
10C
102
}
330
10C
100
AcDbScale
 70
     0
300
1:2
140
1.0
141
2.0
290
     0
  0
SCALE
  5
1BF
102
{ACAD_REACTORS
330
10C
102
}
330
10C
100
AcDbScale
 70
     0
300
1:4
140
1.0
141
4.0
290
     0
  0
SCALE
  5
1C0
102
{ACAD_REACTORS
330
10C
102
}
330
10C
100
AcDbScale
 70
     0
300
1:5
140
1.0
141
5.0
290
     0
  0
SCALE
  5
1C1
102
{ACAD_REACTORS
330
10C
102
}
330
10C
100
AcDbScale
 70
     0
300
1:8
140
1.0
141
8.0
290
     0
  0
SCALE
  5
1C2
102
{ACAD_REACTORS
330
10C
102
}
330
10C
100
AcDbScale
 70
     0
300
1:10
140
1.0
141
10.0
290
     0
  0
SCALE
  5
1C3
102
{ACAD_REACTORS
330
10C
102
}
330
10C
100
AcDbScale
 70
     0
300
1:16
140
1.0
141
16.0
290
     0
  0
SCALE
  5
1C4
102
{ACAD_REACTORS
330
10C
102
}
330
10C
100
AcDbScale
 70
     0
300
1:20
140
1.0
141
20.0
290
     0
  0
SCALE
  5
1C5
102
{ACAD_REACTORS
330
10C
102
}
330
10C
100
AcDbScale
 70
     0
300
1:30
140
1.0
141
30.0
290
     0
  0
SCALE
  5
1C6
102
{ACAD_REACTORS
330
10C
102
}
330
10C
100
AcDbScale
 70
     0
300
1:40
140
1.0
141
40.0
290
     0
  0
SCALE
  5
1C7
102
{ACAD_REACTORS
330
10C
102
}
330
10C
100
AcDbScale
 70
     0
300
1:50
140
1.0
141
50.0
290
     0
  0
SCALE
  5
1C8
102
{ACAD_REACTORS
330
10C
102
}
330
10C
100
AcDbScale
 70
     0
300
1:100
140
1.0
141
100.0
290
     0
  0
SCALE
  5
1C9
102
{ACAD_REACTORS
330
10C
102
}
330
10C
100
AcDbScale
 70
     0
300
2:1
140
2.0
141
1.0
290
     0
  0
SCALE
  5
1CA
102
{ACAD_REACTORS
330
10C
102
}
330
10C
100
AcDbScale
 70
     0
300
4:1
140
4.0
141
1.0
290
     0
  0
SCALE
  5
1CB
102
{ACAD_REACTORS
330
10C
102
}
330
10C
100
AcDbScale
 70
     0
300
8:1
140
8.0
141
1.0
290
     0
  0
SCALE
  5
1CC
102
{ACAD_REACTORS
330
10C
102
}
330
10C
100
AcDbScale
 70
     0
300
10:1
140
10.0
141
1.0
290
     0
  0
SCALE
  5
1CD
102
{ACAD_REACTORS
330
10C
102
}
330
10C
100
AcDbScale
 70
     0
300
100:1
140
100.0
141
1.0
290
     0
  0
ACDBSECTIONVIEWSTYLE
  5
21A
102
{ACAD_REACTORS
330
219
102
}
330
219
100
AcDbModelDocViewStyle
 70
     0
  3
Metric50
290
     0
300
Metric50
 90
        0
100
AcDbSectionViewStyle
 70
     0
 71
     0
 90
      102
 71
     1
340
11
 62
   256
 40
5.0
340
0
340
0
 62
   256
 40
5.0
300
I, O, Q, S, X, Z
 40
10.0
 90
        0
 40
2.5
 90
        0
 71
     2
340
16
 90
       25
 62
   256
340
16
 90
       50
 62
   256
 40
5.0
 40
2.5
 40
5.0
 71
     3
340
11
 62
   256
 40
5.0
 90
        0
 40
15.0
 90
        1
300
%<\AcVar ViewSectionStartId>%-%<\AcVar ViewSectionEndId>% (%<\AcVar ViewScale \f "%sn">%)
 71
     4
 62
   256
 62
   257
300
ANSI31
 40
1.0
 90
        0
290
     0
290
     0
 90
        6
 40
0.0
 40
1.570796326794896
 40
0.2617993877991494
 40
1.308996938995747
 40
-0.2617993877991494
 40
1.832595714594046
  0
TABLESTYLE
  5
7F
102
{ACAD_XDICTIONARY
360
162
102
}
102
{ACAD_REACTORS
330
7E
102
}
330
7E
100
AcDbTableStyle
280
     0
  3
Standard
 70
     0
 71
     0
 40
1.5
 41
1.5
280
     0
281
     0
  7
Standard
140
4.5
170
     2
 62
     0
 63
     7
283
     0
 90
      512
 91
        0
  1

274
    -2
284
     1
 64
     0
275
    -2
285
     1
 65
     0
276
    -2
286
     1
 66
     0
277
    -2
287
     1
 67
     0
278
    -2
288
     1
 68
     0
279
    -2
289
     1
 69
     0
  7
Standard
140
6.0
170
     5
 62
     0
 63
     7
283
     0
 90
      512
 91
        0
  1

274
    -2
284
     1
 64
     0
275
    -2
285
     1
 65
     0
276
    -2
286
     1
 66
     0
277
    -2
287
     1
 67
     0
278
    -2
288
     1
 68
     0
279
    -2
289
     1
 69
     0
  7
Standard
140
4.5
170
     5
 62
     0
 63
     7
283
     0
 90
      512
 91
        0
  1

274
    -2
284
     1
 64
     0
275
    -2
285
     1
 65
     0
276
    -2
286
     1
 66
     0
277
    -2
287
     1
 67
     0
278
    -2
288
     1
 68
     0
279
    -2
289
     1
 69
     0
  0
VISUALSTYLE
  5
F5
102
{ACAD_REACTORS
330
EF
102
}
330
EF
100
AcDbVisualStyle
  2
2dWireframe
 70
     4
177
     3
291
     0
 70
    58
 90
        0
176
     1
 90
        2
176
     1
 90
        1
176
     1
 90
        0
176
     1
 40
0.6
176
     1
 40
30.0
176
     1
 62
     7
420
 16777215
176
     1
 90
        1
176
     1
 90
        4
176
     1
 62
     7
176
     1
 62
   257
176
     1
 90
        1
176
     1
 90
        1
176
     1
 40
1.0
176
     1
 90
        0
176
     1
 62
   257
176
     1
 40
1.0
176
     1
 90
        1
176
     1
 90
        6
176
     1
 90
        2
176
     1
 62
     7
176
     1
 90
        5
176
     1
 90
        0
176
     1
 90
        0
176
     1
290
     0
176
     1
 90
        1
176
     1
 40
0.0
176
     1
 90
        0
176
     1
290
     1
176
     1
290
     1
176
     1
290
     0
176
     1
290
     0
176
     1
290
     0
176
     1
290
     0
176
     1
290
     0
176
     1
290
     0
176
     1
290
     0
176
     1
 90
       50
176
     1
 40
0.0
176
     1
 40
1.0
176
     1
 90
        0
176
     1
 62
    18
420
        0
176
     1
 90
       50
176
     1
 90
        3
176
     1
 62
     5
420
      255
176
     1
290
     0
176
     1
 90
       50
176
     1
 90
       50
176
     1
 90
       50
176
     1
290
     0
176
     1
 90
       50
176
     1
 62
   256
176
     0
 40
1.0
176
     0
 90
        2
176
     1
  1
strokes_ogs.tif
176
     1
290
     0
176
     1
 40
1.0
176
     1
 40
1.0
176
     1
  0
VISUALSTYLE
  5
F4
102
{ACAD_REACTORS
330
EF
102
}
330
EF
100
AcDbVisualStyle
  2
Basic
 70
     7
177
     3
291
     1
 70
    58
 90
        1
176
     1
 90
        0
176
     1
 90
        1
176
     1
 90
        0
176
     1
 40
0.6
176
     1
 40
30.0
176
     1
 62
     7
420
 16777215
176
     1
 90
        0
176
     1
 90
        4
176
     1
 62
     7
176
     1
 62
   257
176
     1
 90
        1
176
     1
 90
        1
176
     1
 40
1.0
176
     1
 90
        8
176
     1
 62
     7
176
     1
 40
1.0
176
     1
 90
        1
176
     1
 90
        6
176
     1
 90
        2
176
     1
 62
     7
176
     1
 90
        5
176
     1
 90
        0
176
     1
 90
        0
176
     1
290
     0
176
     1
 90
        1
176
     1
 40
0.0
176
     1
 90
        0
176
     1
290
     0
176
     1
290
     1
176
     1
290
     1
176
     1
290
     0
176
     1
290
     0
176
     1
290
     0
176
     1
290
     0
176
     1
290
     0
176
     1
290
     0
176
     1
 90
       50
176
     1
 40
0.0
176
     1
 40
1.0
176
     1
 90
        0
176
     1
 62
    18
420
        0
176
     1
 90
       50
176
     1
 90
        3
176
     1
 62
     5
420
      255
176
     1
290
     0
176
     1
 90
       50
176
     1
 90
       50
176
     1
 90
       50
176
     1
290
     0
176
     1
 90
       50
176
     1
 62
   256
176
     0
 40
1.0
176
     0
 90
        2
176
     1
  1
strokes_ogs.tif
176
     1
290
     0
176
     1
 40
1.0
176
     1
 40
1.0
176
     1
  0
VISUALSTYLE
  5
FB
102
{ACAD_REACTORS
330
EF
102
}
330
EF
100
AcDbVisualStyle
  2
Brighten
 70
    12
177
     3
291
     1
 70
    58
 90
        2
176
     1
 90
        2
176
     1
 90
        1
176
     1
 90
        0
176
     1
 40
0.6
176
     1
 40
30.0
176
     1
 62
     7
420
 16777215
176
     1
 90
        1
176
     1
 90
        4
176
     1
 62
     7
176
     1
 62
   257
176
     1
 90
        1
176
     1
 90
        1
176
     1
 40
1.0
176
     1
 90
        8
176
     1
 62
     7
176
     1
 40
1.0
176
     1
 90
        1
176
     1
 90
        6
176
     1
 90
        2
176
     1
 62
     7
176
     1
 90
        5
176
     1
 90
        0
176
     1
 90
        0
176
     1
290
     0
176
     1
 90
        1
176
     1
 40
50.0
176
     1
 90
        0
176
     1
290
     0
176
     1
290
     1
176
     1
290
     1
176
     1
290
     0
176
     1
290
     0
176
     1
290
     0
176
     1
290
     0
176
     1
290
     0
176
     1
290
     0
176
     1
 90
       50
176
     1
 40
0.0
176
     1
 40
1.0
176
     1
 90
        0
176
     1
 62
    18
420
        0
176
     1
 90
       50
176
     1
 90
        3
176
     1
 62
     5
420
      255
176
     1
290
     0
176
     1
 90
       50
176
     1
 90
       50
176
     1
 90
       50
176
     1
290
     0
176
     1
 90
       50
176
     1
 62
   256
176
     0
 40
1.0
176
     0
 90
        2
176
     1
  1
strokes_ogs.tif
176
     1
290
     0
176
     1
 40
1.0
176
     1
 40
1.0
176
     1
  0
VISUALSTYLE
  5
FF
102
{ACAD_REACTORS
330
EF
102
}
330
EF
100
AcDbVisualStyle
  2
ColorChange
 70
    16
177
     3
291
     1
 70
    58
 90
        2
176
     1
 90
        2
176
     1
 90
        3
176
     1
 90
        0
176
     1
 40
0.6
176
     1
 40
30.0
176
     1
 62
     8
420
  8421504
176
     1
 90
        1
176
     1
 90
        4
176
     1
 62
     7
176
     1
 62
   257
176
     1
 90
        1
176
     1
 90
        1
176
     1
 40
1.0
176
     1
 90
        8
176
     1
 62
     8
420
  8421504
176
     1
 40
1.0
176
     1
 90
        1
176
     1
 90
        6
176
     1
 90
        2
176
     1
 62
     7
176
     1
 90
        5
176
     1
 90
        0
176
     1
 90
        0
176
     1
290
     0
176
     1
 90
        1
176
     1
 40
0.0
176
     1
 90
        0
176
     1
290
     0
176
     1
290
     1
176
     1
290
     1
176
     1
290
     0
176
     1
290
     0
176
     1
290
     0
176
     1
290
     0
176
     1
290
     0
176
     1
290
     0
176
     1
 90
       50
176
     1
 40
0.0
176
     1
 40
1.0
176
     1
 90
        0
176
     1
 62
    18
420
        0
176
     1
 90
       50
176
     1
 90
        3
176
     1
 62
     5
420
      255
176
     1
290
     0
176
     1
 90
       50
176
     1
 90
       50
176
     1
 90
       50
176
     1
290
     0
176
     1
 90
       50
176
     1
 62
   256
176
     0
 40
1.0
176
     0
 90
        2
176
     1
  1
strokes_ogs.tif
176
     1
290
     0
176
     1
 40
1.0
176
     1
 40
1.0
176
     1
  0
VISUALSTYLE
  5
F8
102
{ACAD_REACTORS
330
EF
102
}
330
EF
100
AcDbVisualStyle
  2
Conceptual
 70
     9
177
     3
291
     0
 70
    58
 90
        3
176
     1
 90
        2
176
     1
 90
        1
176
     1
 90
        0
176
     1
 40
0.6
176
     1
 40
30.0
176
     1
 62
     7
420
 16777215
176
     1
 90
        2
176
     1
 90
        2
176
     1
 62
     7
176
     1
 62
   257
176
     1
 90
        1
176
     1
 90
        1
176
     1
 40
40.0
176
     1
 90
        8
176
     1
 62
     7
176
     1
 40
1.0
176
     1
 90
        1
176
     1
 90
        6
176
     1
 90
        2
176
     1
 62
     7
176
     1
 90
        3
176
     1
 90
        0
176
     1
 90
        0
176
     1
290
     0
176
     1
 90
        1
176
     1
 40
0.0
176
     1
 90
        0
176
     1
290
     0
176
     1
290
     1
176
     1
290
     1
176
     1
290
     0
176
     1
290
     0
176
     1
290
     0
176
     1
290
     0
176
     1
290
     0
176
     1
290
     0
176
     1
 90
       50
176
     1
 40
0.0
176
     1
 40
1.0
176
     1
 90
        0
176
     1
 62
    18
420
        0
176
     1
 90
       50
176
     1
 90
        3
176
     1
 62
     5
420
      255
176
     1
290
     0
176
     1
 90
       50
176
     1
 90
       50
176
     1
 90
       50
176
     1
290
     0
176
     1
 90
       50
176
     1
 62
   256
176
     0
 40
1.0
176
     0
 90
        2
176
     1
  1
strokes_ogs.tif
176
     1
290
     0
176
     1
 40
1.0
176
     1
 40
1.0
176
     1
  0
VISUALSTYLE
  5
FA
102
{ACAD_REACTORS
330
EF
102
}
330
EF
100
AcDbVisualStyle
  2
Dim
 70
    11
177
     3
291
     1
 70
    58
 90
        2
176
     1
 90
        2
176
     1
 90
        1
176
     1
 90
        0
176
     1
 40
0.6
176
     1
 40
30.0
176
     1
 62
     7
420
 16777215
176
     1
 90
        1
176
     1
 90
        4
176
     1
 62
     7
176
     1
 62
   257
176
     1
 90
        1
176
     1
 90
        1
176
     1
 40
1.0
176
     1
 90
        8
176
     1
 62
     7
176
     1
 40
1.0
176
     1
 90
        1
176
     1
 90
        6
176
     1
 90
        2
176
     1
 62
     7
176
     1
 90
        5
176
     1
 90
        0
176
     1
 90
        0
176
     1
290
     0
176
     1
 90
        1
176
     1
 40
-50.0
176
     1
 90
        0
176
     1
290
     0
176
     1
290
     1
176
     1
290
     1
176
     1
290
     0
176
     1
290
     0
176
     1
290
     0
176
     1
290
     0
176
     1
290
     0
176
     1
290
     0
176
     1
 90
       50
176
     1
 40
0.0
176
     1
 40
1.0
176
     1
 90
        0
176
     1
 62
    18
420
        0
176
     1
 90
       50
176
     1
 90
        3
176
     1
 62
     5
420
      255
176
     1
290
     0
176
     1
 90
       50
176
     1
 90
       50
176
     1
 90
       50
176
     1
290
     0
176
     1
 90
       50
176
     1
 62
   256
176
     0
 40
1.0
176
     0
 90
        2
176
     1
  1
strokes_ogs.tif
176
     1
290
     0
176
     1
 40
1.0
176
     1
 40
1.0
176
     1
  0
VISUALSTYLE
  5
1E6
102
{ACAD_REACTORS
330
EF
102
}
330
EF
100
AcDbVisualStyle
  2
EdgeColorOff
 70
    22
177
     3
291
     1
 70
    58
 90
        2
176
     0
 90
        2
176
     0
 90
        0
176
     0
 90
        0
176
     0
 40
0.6
176
     0
 40
30.0
176
     0
 62
     7
420
 16777215
176
     0
 90
        1
176
     0
 90
        4
176
     0
 62
     7
176
     0
 62
   257
176
     0
 90
        1
176
     0
 90
        1
176
     0
 40
1.0
176
     0
 90
        8
176
     2
 62
     7
176
     0
 40
1.0
176
     0
 90
        1
176
     0
 90
        6
176
     0
 90
        2
176
     0
 62
     7
176
     0
 90
        5
176
     0
 90
        0
176
     0
 90
        0
176
     0
290
     0
176
     0
 90
        1
176
     0
 40
0.0
176
     0
 90
        0
176
     0
290
     0
176
     1
290
     1
176
     1
290
     1
176
     1
290
     0
176
     1
290
     0
176
     1
290
     0
176
     1
290
     0
176
     1
290
     0
176
     1
290
     0
176
     1
 90
       50
176
     1
 40
0.0
176
     1
 40
1.0
176
     1
 90
        0
176
     1
 62
    18
420
        0
176
     1
 90
       50
176
     1
 90
        3
176
     1
 62
     5
420
      255
176
     1
290
     0
176
     1
 90
       50
176
     1
 90
       50
176
     1
 90
       50
176
     1
290
     0
176
     1
 90
       50
176
     1
 62
   256
176
     0
 40
1.0
176
     0
 90
        2
176
     1
  1
strokes_ogs.tif
176
     1
290
     0
176
     1
 40
1.0
176
     1
 40
1.0
176
     1
  0
VISUALSTYLE
  5
FE
102
{ACAD_REACTORS
330
EF
102
}
330
EF
100
AcDbVisualStyle
  2
Facepattern
 70
    15
177
     3
291
     1
 70
    58
 90
        2
176
     1
 90
        2
176
     1
 90
        1
176
     1
 90
        0
176
     1
 40
0.6
176
     1
 40
30.0
176
     1
 62
     7
420
 16777215
176
     1
 90
        1
176
     1
 90
        4
176
     1
 62
     7
176
     1
 62
   257
176
     1
 90
        1
176
     1
 90
        1
176
     1
 40
1.0
176
     1
 90
        8
176
     1
 62
     7
176
     1
 40
1.0
176
     1
 90
        1
176
     1
 90
        6
176
     1
 90
        2
176
     1
 62
     7
176
     1
 90
        5
176
     1
 90
        0
176
     1
 90
        0
176
     1
290
     0
176
     1
 90
        1
176
     1
 40
0.0
176
     1
 90
        0
176
     1
290
     0
176
     1
290
     1
176
     1
290
     1
176
     1
290
     0
176
     1
290
     0
176
     1
290
     0
176
     1
290
     0
176
     1
290
     0
176
     1
290
     0
176
     1
 90
       50
176
     1
 40
0.0
176
     1
 40
1.0
176
     1
 90
        0
176
     1
 62
    18
420
        0
176
     1
 90
       50
176
     1
 90
        3
176
     1
 62
     5
420
      255
176
     1
290
     0
176
     1
 90
       50
176
     1
 90
       50
176
     1
 90
       50
176
     1
290
     0
176
     1
 90
       50
176
     1
 62
   256
176
     0
 40
1.0
176
     0
 90
        2
176
     1
  1
strokes_ogs.tif
176
     1
290
     0
176
     1
 40
1.0
176
     1
 40
1.0
176
     1
  0
VISUALSTYLE
  5
F0
102
{ACAD_REACTORS
330
EF
102
}
330
EF
100
AcDbVisualStyle
  2
Flat
 70
     0
177
     3
291
     1
 70
    58
 90
        2
176
     1
 90
        1
176
     1
 90
        1
176
     1
 90
        2
176
     1
 40
0.6
176
     1
 40
30.0
176
     1
 62
     7
420
 16777215
176
     1
 90
        0
176
     1
 90
        0
176
     1
 62
     7
176
     1
 62
   257
176
     1
 90
        1
176
     1
 90
        1
176
     1
 40
1.0
176
     1
 90
        8
176
     1
 62
     7
176
     1
 40
1.0
176
     1
 90
        1
176
     1
 90
        6
176
     1
 90
        2
176
     1
 62
     7
176
     1
 90
        5
176
     1
 90
        0
176
     1
 90
        0
176
     1
290
     0
176
     1
 90
       13
176
     1
 40
0.0
176
     1
 90
        0
176
     1
290
     0
176
     1
290
     1
176
     1
290
     1
176
     1
290
     0
176
     1
290
     0
176
     1
290
     0
176
     1
290
     0
176
     1
290
     0
176
     1
290
     0
176
     1
 90
       50
176
     1
 40
0.0
176
     1
 40
1.0
176
     1
 90
        0
176
     1
 62
    18
420
        0
176
     1
 90
       50
176
     1
 90
        3
176
     1
 62
     5
420
      255
176
     1
290
     0
176
     1
 90
       50
176
     1
 90
       50
176
     1
 90
       50
176
     1
290
     0
176
     1
 90
       50
176
     1
 62
   256
176
     0
 40
1.0
176
     0
 90
        2
176
     1
  1
strokes_ogs.tif
176
     1
290
     0
176
     1
 40
1.0
176
     1
 40
1.0
176
     1
  0
VISUALSTYLE
  5
F1
102
{ACAD_REACTORS
330
EF
102
}
330
EF
100
AcDbVisualStyle
  2
FlatWithEdges
 70
     1
177
     3
291
     1
 70
    58
 90
        2
176
     1
 90
        1
176
     1
 90
        1
176
     1
 90
        2
176
     1
 40
0.6
176
     1
 40
30.0
176
     1
 62
     7
420
 16777215
176
     1
 90
        1
176
     1
 90
        0
176
     1
 62
     7
176
     1
 62
   257
176
     1
 90
        1
176
     1
 90
        1
176
     1
 40
1.0
176
     1
 90
        0
176
     1
 62
   257
176
     1
 40
1.0
176
     1
 90
        1
176
     1
 90
        6
176
     1
 90
        2
176
     1
 62
     7
176
     1
 90
        5
176
     1
 90
        0
176
     1
 90
        0
176
     1
290
     0
176
     1
 90
       13
176
     1
 40
0.0
176
     1
 90
        0
176
     1
290
     0
176
     1
290
     1
176
     1
290
     1
176
     1
290
     0
176
     1
290
     0
176
     1
290
     0
176
     1
290
     0
176
     1
290
     0
176
     1
290
     0
176
     1
 90
       50
176
     1
 40
0.0
176
     1
 40
1.0
176
     1
 90
        0
176
     1
 62
    18
420
        0
176
     1
 90
       50
176
     1
 90
        3
176
     1
 62
     5
420
      255
176
     1
290
     0
176
     1
 90
       50
176
     1
 90
       50
176
     1
 90
       50
176
     1
290
     0
176
     1
 90
       50
176
     1
 62
   256
176
     0
 40
1.0
176
     0
 90
        2
176
     1
  1
strokes_ogs.tif
176
     1
290
     0
176
     1
 40
1.0
176
     1
 40
1.0
176
     1
  0
VISUALSTYLE
  5
F2
102
{ACAD_REACTORS
330
EF
102
}
330
EF
100
AcDbVisualStyle
  2
Gouraud
 70
     2
177
     3
291
     1
 70
    58
 90
        2
176
     1
 90
        2
176
     1
 90
        1
176
     1
 90
        2
176
     1
 40
0.6
176
     1
 40
30.0
176
     1
 62
     7
420
 16777215
176
     1
 90
        0
176
     1
 90
        0
176
     1
 62
     7
176
     1
 62
   257
176
     1
 90
        1
176
     1
 90
        1
176
     1
 40
1.0
176
     1
 90
        0
176
     1
 62
     7
176
     1
 40
1.0
176
     1
 90
        1
176
     1
 90
        6
176
     1
 90
        2
176
     1
 62
     7
176
     1
 90
        5
176
     1
 90
        0
176
     1
 90
        0
176
     1
290
     0
176
     1
 90
       13
176
     1
 40
0.0
176
     1
 90
        0
176
     1
290
     0
176
     1
290
     1
176
     1
290
     1
176
     1
290
     0
176
     1
290
     0
176
     1
290
     0
176
     1
290
     0
176
     1
290
     0
176
     1
290
     0
176
     1
 90
       50
176
     1
 40
0.0
176
     1
 40
1.0
176
     1
 90
        0
176
     1
 62
    18
420
        0
176
     1
 90
       50
176
     1
 90
        3
176
     1
 62
     5
420
      255
176
     1
290
     0
176
     1
 90
       50
176
     1
 90
       50
176
     1
 90
       50
176
     1
290
     0
176
     1
 90
       50
176
     1
 62
   256
176
     0
 40
1.0
176
     0
 90
        2
176
     1
  1
strokes_ogs.tif
176
     1
290
     0
176
     1
 40
1.0
176
     1
 40
1.0
176
     1
  0
VISUALSTYLE
  5
F3
102
{ACAD_REACTORS
330
EF
102
}
330
EF
100
AcDbVisualStyle
  2
GouraudWithEdges
 70
     3
177
     3
291
     1
 70
    58
 90
        2
176
     1
 90
        2
176
     1
 90
        1
176
     1
 90
        2
176
     1
 40
0.6
176
     1
 40
30.0
176
     1
 62
     7
420
 16777215
176
     1
 90
        1
176
     1
 90
        0
176
     1
 62
     7
176
     1
 62
   257
176
     1
 90
        1
176
     1
 90
        1
176
     1
 40
1.0
176
     1
 90
        0
176
     1
 62
   257
176
     1
 40
1.0
176
     1
 90
        1
176
     1
 90
        6
176
     1
 90
        2
176
     1
 62
     7
176
     1
 90
        5
176
     1
 90
        0
176
     1
 90
        0
176
     1
290
     0
176
     1
 90
       13
176
     1
 40
0.0
176
     1
 90
        0
176
     1
290
     0
176
     1
290
     1
176
     1
290
     1
176
     1
290
     0
176
     1
290
     0
176
     1
290
     0
176
     1
290
     0
176
     1
290
     0
176
     1
290
     0
176
     1
 90
       50
176
     1
 40
0.0
176
     1
 40
1.0
176
     1
 90
        0
176
     1
 62
    18
420
        0
176
     1
 90
       50
176
     1
 90
        3
176
     1
 62
     5
420
      255
176
     1
290
     0
176
     1
 90
       50
176
     1
 90
       50
176
     1
 90
       50
176
     1
290
     0
176
     1
 90
       50
176
     1
 62
   256
176
     0
 40
1.0
176
     0
 90
        2
176
     1
  1
strokes_ogs.tif
176
     1
290
     0
176
     1
 40
1.0
176
     1
 40
1.0
176
     1
  0
VISUALSTYLE
  5
F7
102
{ACAD_REACTORS
330
EF
102
}
330
EF
100
AcDbVisualStyle
  2
Hidden
 70
     6
177
     3
291
     0
 70
    58
 90
        1
176
     1
 90
        2
176
     1
 90
        2
176
     1
 90
        0
176
     1
 40
0.6
176
     1
 40
30.0
176
     1
 62
     7
420
 16777215
176
     1
 90
        2
176
     1
 90
        2
176
     1
 62
     7
176
     1
 62
   257
176
     1
 90
        2
176
     1
 90
        1
176
     1
 40
40.0
176
     1
 90
        0
176
     1
 62
   257
176
     1
 40
1.0
176
     1
 90
        1
176
     1
 90
        6
176
     1
 90
        2
176
     1
 62
     7
176
     1
 90
        3
176
     1
 90
        0
176
     1
 90
        0
176
     1
290
     0
176
     1
 90
        1
176
     1
 40
0.0
176
     1
 90
        0
176
     1
290
     0
176
     1
290
     1
176
     1
290
     1
176
     1
290
     0
176
     1
290
     0
176
     1
290
     0
176
     1
290
     0
176
     1
290
     0
176
     1
290
     0
176
     1
 90
       50
176
     1
 40
0.0
176
     1
 40
1.0
176
     1
 90
        0
176
     1
 62
    18
420
        0
176
     1
 90
       50
176
     1
 90
        3
176
     1
 62
     5
420
      255
176
     1
290
     0
176
     1
 90
       50
176
     1
 90
       50
176
     1
 90
       50
176
     1
290
     0
176
     1
 90
       50
176
     1
 62
   256
176
     0
 40
1.0
176
     0
 90
        2
176
     1
  1
strokes_ogs.tif
176
     1
290
     0
176
     1
 40
1.0
176
     1
 40
1.0
176
     1
  0
VISUALSTYLE
  5
1E4
102
{ACAD_REACTORS
330
EF
102
}
330
EF
100
AcDbVisualStyle
  2
JitterOff
 70
    20
177
     3
291
     1
 70
    58
 90
        2
176
     0
 90
        2
176
     0
 90
        0
176
     0
 90
        0
176
     0
 40
0.6
176
     0
 40
30.0
176
     0
 62
     7
420
 16777215
176
     0
 90
        1
176
     0
 90
        4
176
     0
 62
     7
176
     0
 62
   257
176
     0
 90
        1
176
     0
 90
        1
176
     0
 40
1.0
176
     0
 90
       10
176
     2
 62
     7
176
     0
 40
1.0
176
     0
 90
        1
176
     0
 90
        6
176
     0
 90
        2
176
     0
 62
     7
176
     0
 90
        5
176
     0
 90
        0
176
     0
 90
        0
176
     0
290
     0
176
     0
 90
        1
176
     0
 40
0.0
176
     0
 90
        0
176
     0
290
     0
176
     1
290
     1
176
     1
290
     1
176
     1
290
     0
176
     1
290
     0
176
     1
290
     0
176
     1
290
     0
176
     1
290
     0
176
     1
290
     0
176
     1
 90
       50
176
     1
 40
0.0
176
     1
 40
1.0
176
     1
 90
        0
176
     1
 62
    18
420
        0
176
     1
 90
       50
176
     1
 90
        3
176
     1
 62
     5
420
      255
176
     1
290
     0
176
     1
 90
       50
176
     1
 90
       50
176
     1
 90
       50
176
     1
290
     0
176
     1
 90
       50
176
     1
 62
   256
176
     0
 40
1.0
176
     0
 90
        2
176
     1
  1
strokes_ogs.tif
176
     1
290
     0
176
     1
 40
1.0
176
     1
 40
1.0
176
     1
  0
VISUALSTYLE
  5
FD
102
{ACAD_REACTORS
330
EF
102
}
330
EF
100
AcDbVisualStyle
  2
Linepattern
 70
    14
177
     3
291
     1
 70
    58
 90
        2
176
     1
 90
        2
176
     1
 90
        1
176
     1
 90
        0
176
     1
 40
0.6
176
     1
 40
30.0
176
     1
 62
     7
420
 16777215
176
     1
 90
        1
176
     1
 90
        4
176
     1
 62
     7
176
     1
 62
   257
176
     1
 90
        7
176
     1
 90
        7
176
     1
 40
1.0
176
     1
 90
        8
176
     1
 62
     7
176
     1
 40
1.0
176
     1
 90
        1
176
     1
 90
        6
176
     1
 90
        2
176
     1
 62
     7
176
     1
 90
        5
176
     1
 90
        0
176
     1
 90
        0
176
     1
290
     0
176
     1
 90
        1
176
     1
 40
0.0
176
     1
 90
        0
176
     1
290
     0
176
     1
290
     1
176
     1
290
     1
176
     1
290
     0
176
     1
290
     0
176
     1
290
     0
176
     1
290
     0
176
     1
290
     0
176
     1
290
     0
176
     1
 90
       50
176
     1
 40
0.0
176
     1
 40
1.0
176
     1
 90
        0
176
     1
 62
    18
420
        0
176
     1
 90
       50
176
     1
 90
        3
176
     1
 62
     5
420
      255
176
     1
290
     0
176
     1
 90
       50
176
     1
 90
       50
176
     1
 90
       50
176
     1
290
     0
176
     1
 90
       50
176
     1
 62
   256
176
     0
 40
1.0
176
     0
 90
        2
176
     1
  1
strokes_ogs.tif
176
     1
290
     0
176
     1
 40
1.0
176
     1
 40
1.0
176
     1
  0
VISUALSTYLE
  5
1E5
102
{ACAD_REACTORS
330
EF
102
}
330
EF
100
AcDbVisualStyle
  2
OverhangOff
 70
    21
177
     3
291
     1
 70
    58
 90
        2
176
     0
 90
        2
176
     0
 90
        0
176
     0
 90
        0
176
     0
 40
0.6
176
     0
 40
30.0
176
     0
 62
     7
420
 16777215
176
     0
 90
        1
176
     0
 90
        4
176
     0
 62
     7
176
     0
 62
   257
176
     0
 90
        1
176
     0
 90
        1
176
     0
 40
1.0
176
     0
 90
        9
176
     2
 62
     7
176
     0
 40
1.0
176
     0
 90
        1
176
     0
 90
        6
176
     0
 90
        2
176
     0
 62
     7
176
     0
 90
        5
176
     0
 90
        0
176
     0
 90
        0
176
     0
290
     0
176
     0
 90
        1
176
     0
 40
0.0
176
     0
 90
        0
176
     0
290
     0
176
     1
290
     1
176
     1
290
     1
176
     1
290
     0
176
     1
290
     0
176
     1
290
     0
176
     1
290
     0
176
     1
290
     0
176
     1
290
     0
176
     1
 90
       50
176
     1
 40
0.0
176
     1
 40
1.0
176
     1
 90
        0
176
     1
 62
    18
420
        0
176
     1
 90
       50
176
     1
 90
        3
176
     1
 62
     5
420
      255
176
     1
290
     0
176
     1
 90
       50
176
     1
 90
       50
176
     1
 90
       50
176
     1
290
     0
176
     1
 90
       50
176
     1
 62
   256
176
     0
 40
1.0
176
     0
 90
        2
176
     1
  1
strokes_ogs.tif
176
     1
290
     0
176
     1
 40
1.0
176
     1
 40
1.0
176
     1
  0
VISUALSTYLE
  5
F9
102
{ACAD_REACTORS
330
EF
102
}
330
EF
100
AcDbVisualStyle
  2
Realistic
 70
     8
177
     3
291
     0
 70
    58
 90
        2
176
     1
 90
        3
176
     1
 90
        0
176
     1
 90
        2
176
     1
 40
0.6
176
     1
 40
30.0
176
     1
 62
     7
420
 16777215
176
     1
 90
        0
176
     1
 90
        0
176
     1
 62
     7
176
     1
 62
   257
176
     1
 90
        1
176
     1
 90
        1
176
     1
 40
1.0
176
     1
 90
        8
176
     1
 62
   257
176
     1
 40
1.0
176
     1
 90
        1
176
     1
 90
        6
176
     1
 90
        2
176
     1
 62
     7
176
     1
 90
        3
176
     1
 90
        0
176
     1
 90
        0
176
     1
290
     0
176
     1
 90
       13
176
     1
 40
0.0
176
     1
 90
        0
176
     1
290
     0
176
     1
290
     1
176
     1
290
     1
176
     1
290
     0
176
     1
290
     0
176
     1
290
     0
176
     1
290
     0
176
     1
290
     0
176
     1
290
     0
176
     1
 90
       50
176
     1
 40
0.0
176
     1
 40
1.0
176
     1
 90
        0
176
     1
 62
    18
420
        0
176
     1
 90
       50
176
     1
 90
        3
176
     1
 62
     5
420
      255
176
     1
290
     0
176
     1
 90
       50
176
     1
 90
       50
176
     1
 90
       50
176
     1
290
     0
176
     1
 90
       50
176
     1
 62
   256
176
     0
 40
1.0
176
     0
 90
        2
176
     1
  1
strokes_ogs.tif
176
     1
290
     0
176
     1
 40
1.0
176
     1
 40
1.0
176
     1
  0
VISUALSTYLE
  5
1F3
102
{ACAD_REACTORS
330
EF
102
}
330
EF
100
AcDbVisualStyle
  2
Shaded
 70
    27
177
     3
291
     0
 70
    58
 90
        2
176
     1
 90
        2
176
     1
 90
        1
176
     1
 90
        2
176
     1
 40
0.6
176
     1
 40
30.0
176
     1
 62
     7
420
 16777215
176
     1
 90
        0
176
     1
 90
        4
176
     1
 62
     7
176
     1
 62
   257
176
     1
 90
        1
176
     1
 90
        1
176
     1
 40
1.0
176
     1
 90
        8
176
     1
 62
   257
176
     1
 40
1.0
176
     1
 90
        1
176
     1
 90
        6
176
     1
 90
        2
176
     1
 62
     8
420
  7895160
176
     1
 90
        3
176
     1
 90
        0
176
     1
 90
        0
176
     1
290
     0
176
     1
 90
        5
176
     1
 40
0.0
176
     1
 90
        0
176
     1
290
     0
176
     1
290
     1
176
     1
290
     1
176
     1
290
     0
176
     1
290
     0
176
     1
290
     0
176
     1
290
     0
176
     1
290
     0
176
     1
290
     0
176
     1
 90
       50
176
     1
 40
0.0
176
     1
 40
1.0
176
     1
 90
        0
176
     1
 62
    18
420
        0
176
     1
 90
       50
176
     1
 90
        3
176
     1
 62
     5
420
      255
176
     1
290
     0
176
     1
 90
       50
176
     1
 90
       50
176
     1
 90
       50
176
     1
290
     0
176
     1
 90
       50
176
     1
 62
   256
176
     0
 40
1.0
176
     0
 90
        2
176
     1
  1
strokes_ogs.tif
176
     1
290
     0
176
     1
 40
1.0
176
     1
 40
1.0
176
     1
  0
VISUALSTYLE
  5
1F2
102
{ACAD_REACTORS
330
EF
102
}
330
EF
100
AcDbVisualStyle
  2
Shaded with edges
 70
    26
177
     3
291
     0
 70
    58
 90
        2
176
     1
 90
        2
176
     1
 90
        1
176
     1
 90
        2
176
     1
 40
0.6
176
     1
 40
30.0
176
     1
 62
     7
420
 16777215
176
     1
 90
        1
176
     1
 90
        2
176
     1
 62
     7
176
     1
 62
   257
176
     1
 90
        2
176
     1
 90
        1
176
     1
 40
1.0
176
     1
 90
        8
176
     1
 62
   257
176
     1
 40
1.0
176
     1
 90
        1
176
     1
 90
        6
176
     1
 90
        2
176
     1
 62
     7
176
     1
 90
        3
176
     1
 90
        0
176
     1
 90
        0
176
     1
290
     0
176
     1
 90
        5
176
     1
 40
0.0
176
     1
 90
        0
176
     1
290
     0
176
     1
290
     1
176
     1
290
     1
176
     1
290
     0
176
     1
290
     0
176
     1
290
     0
176
     1
290
     0
176
     1
290
     0
176
     1
290
     0
176
     1
 90
       50
176
     1
 40
0.0
176
     1
 40
1.0
176
     1
 90
        0
176
     1
 62
    18
420
        0
176
     1
 90
       50
176
     1
 90
        3
176
     1
 62
     5
420
      255
176
     1
290
     0
176
     1
 90
       50
176
     1
 90
       50
176
     1
 90
       50
176
     1
290
     0
176
     1
 90
       50
176
     1
 62
   256
176
     0
 40
1.0
176
     0
 90
        2
176
     1
  1
strokes_ogs.tif
176
     1
290
     0
176
     1
 40
1.0
176
     1
 40
1.0
176
     1
  0
VISUALSTYLE
  5
1EF
102
{ACAD_REACTORS
330
EF
102
}
330
EF
100
AcDbVisualStyle
  2
Shades of Gray
 70
    23
177
     3
291
     0
 70
    58
 90
        2
176
     1
 90
        2
176
     1
 90
        3
176
     1
 90
        0
176
     1
 40
0.6
176
     1
 40
30.0
176
     1
 62
     7
420
 16777215
176
     1
 90
        2
176
     1
 90
        2
176
     1
 62
     7
176
     1
 62
     7
176
     1
 90
        1
176
     1
 90
        1
176
     1
 40
40.0
176
     1
 90
        8
176
     1
 62
     7
176
     1
 40
1.0
176
     1
 90
        1
176
     1
 90
        6
176
     1
 90
        2
176
     1
 62
     7
176
     1
 90
        3
176
     1
 90
        0
176
     1
 90
        0
176
     1
290
     0
176
     1
 90
        1
176
     1
 40
0.0
176
     1
 90
        0
176
     1
290
     0
176
     1
290
     1
176
     1
290
     1
176
     1
290
     0
176
     1
290
     0
176
     1
290
     0
176
     1
290
     0
176
     1
290
     0
176
     1
290
     0
176
     1
 90
       50
176
     1
 40
0.0
176
     1
 40
1.0
176
     1
 90
        0
176
     1
 62
    18
420
        0
176
     1
 90
       50
176
     1
 90
        3
176
     1
 62
     5
420
      255
176
     1
290
     0
176
     1
 90
       50
176
     1
 90
       50
176
     1
 90
       50
176
     1
290
     0
176
     1
 90
       50
176
     1
 62
   256
176
     0
 40
1.0
176
     0
 90
        2
176
     1
  1
strokes_ogs.tif
176
     1
290
     0
176
     1
 40
1.0
176
     1
 40
1.0
176
     1
  0
VISUALSTYLE
  5
1F0
102
{ACAD_REACTORS
330
EF
102
}
330
EF
100
AcDbVisualStyle
  2
Sketchy
 70
    24
177
     3
291
     0
 70
    58
 90
        1
176
     1
 90
        2
176
     1
 90
        2
176
     1
 90
        0
176
     1
 40
0.6
176
     1
 40
30.0
176
     1
 62
     7
420
 16777215
176
     1
 90
        2
176
     1
 90
        2
176
     1
 62
     7
176
     1
 62
     7
176
     1
 90
        1
176
     1
 90
        1
176
     1
 40
40.0
176
     1
 90
       11
176
     1
 62
     7
176
     1
 40
1.0
176
     1
 90
        1
176
     1
 90
        6
176
     1
 90
        2
176
     1
 62
     7
176
     1
 90
        6
176
     1
 90
        0
176
     1
 90
        0
176
     1
290
     0
176
     1
 90
        1
176
     1
 40
0.0
176
     1
 90
        0
176
     1
290
     0
176
     1
290
     1
176
     1
290
     1
176
     1
290
     0
176
     1
290
     0
176
     1
290
     0
176
     1
290
     0
176
     1
290
     0
176
     1
290
     0
176
     1
 90
       50
176
     1
 40
0.0
176
     1
 40
1.0
176
     1
 90
        0
176
     1
 62
    18
420
        0
176
     1
 90
       50
176
     1
 90
        3
176
     1
 62
     5
420
      255
176
     1
290
     0
176
     1
 90
       50
176
     1
 90
       50
176
     1
 90
       50
176
     1
290
     0
176
     1
 90
       50
176
     1
 62
   256
176
     0
 40
1.0
176
     0
 90
        2
176
     1
  1
strokes_ogs.tif
176
     1
290
     0
176
     1
 40
1.0
176
     1
 40
1.0
176
     1
  0
VISUALSTYLE
  5
FC
102
{ACAD_REACTORS
330
EF
102
}
330
EF
100
AcDbVisualStyle
  2
Thicken
 70
    13
177
     3
291
     1
 70
    58
 90
        2
176
     1
 90
        2
176
     1
 90
        1
176
     1
 90
        0
176
     1
 40
0.6
176
     1
 40
30.0
176
     1
 62
     7
420
 16777215
176
     1
 90
        1
176
     1
 90
        4
176
     1
 62
     7
176
     1
 62
   257
176
     1
 90
        1
176
     1
 90
        1
176
     1
 40
1.0
176
     1
 90
       12
176
     1
 62
     7
176
     1
 40
1.0
176
     1
 90
        1
176
     1
 90
        6
176
     1
 90
        2
176
     1
 62
     7
176
     1
 90
        5
176
     1
 90
        0
176
     1
 90
        0
176
     1
290
     0
176
     1
 90
        1
176
     1
 40
0.0
176
     1
 90
        0
176
     1
290
     0
176
     1
290
     1
176
     1
290
     1
176
     1
290
     0
176
     1
290
     0
176
     1
290
     0
176
     1
290
     0
176
     1
290
     0
176
     1
290
     0
176
     1
 90
       50
176
     1
 40
0.0
176
     1
 40
1.0
176
     1
 90
        0
176
     1
 62
    18
420
        0
176
     1
 90
       50
176
     1
 90
        3
176
     1
 62
     5
420
      255
176
     1
290
     0
176
     1
 90
       50
176
     1
 90
       50
176
     1
 90
       50
176
     1
290
     0
176
     1
 90
       50
176
     1
 62
   256
176
     0
 40
1.0
176
     0
 90
        2
176
     1
  1
strokes_ogs.tif
176
     1
290
     0
176
     1
 40
1.0
176
     1
 40
1.0
176
     1
  0
VISUALSTYLE
  5
F6
102
{ACAD_REACTORS
330
EF
102
}
330
EF
100
AcDbVisualStyle
  2
Wireframe
 70
     5
177
     3
291
     0
 70
    58
 90
        0
176
     1
 90
        2
176
     1
 90
        0
176
     1
 90
        0
176
     1
 40
0.6
176
     1
 40
30.0
176
     1
 62
     7
420
 16777215
176
     1
 90
        1
176
     1
 90
        4
176
     1
 62
     7
176
     1
 62
   257
176
     1
 90
        1
176
     1
 90
        1
176
     1
 40
1.0
176
     1
 90
        0
176
     1
 62
   257
176
     1
 40
1.0
176
     1
 90
        1
176
     1
 90
        6
176
     1
 90
        2
176
     1
 62
     7
176
     1
 90
        3
176
     1
 90
        0
176
     1
 90
        0
176
     1
290
     0
176
     1
 90
        1
176
     1
 40
0.0
176
     1
 90
        0
176
     1
290
     0
176
     1
290
     1
176
     1
290
     1
176
     1
290
     0
176
     1
290
     0
176
     1
290
     0
176
     1
290
     0
176
     1
290
     0
176
     1
290
     0
176
     1
 90
       50
176
     1
 40
0.0
176
     1
 40
1.0
176
     1
 90
        0
176
     1
 62
    18
420
        0
176
     1
 90
       50
176
     1
 90
        3
176
     1
 62
     5
420
      255
176
     1
290
     0
176
     1
 90
       50
176
     1
 90
       50
176
     1
 90
       50
176
     1
290
     0
176
     1
 90
       50
176
     1
 62
   256
176
     0
 40
1.0
176
     0
 90
        2
176
     1
  1
strokes_ogs.tif
176
     1
290
     0
176
     1
 40
1.0
176
     1
 40
1.0
176
     1
  0
VISUALSTYLE
  5
1F1
102
{ACAD_REACTORS
330
EF
102
}
330
EF
100
AcDbVisualStyle
  2
X-Ray
 70
    25
177
     3
291
     0
 70
    58
 90
        2
176
     1
 90
        2
176
     1
 90
        1
176
     1
 90
        1
176
     1
 40
0.5
176
     1
 40
30.0
176
     1
 62
     7
420
 16777215
176
     1
 90
        1
176
     1
 90
        0
176
     1
 62
     7
176
     1
 62
   257
176
     1
 90
        1
176
     1
 90
        1
176
     1
 40
1.0
176
     1
 90
        8
176
     1
 62
     7
176
     1
 40
1.0
176
     1
 90
        1
176
     1
 90
        6
176
     1
 90
        2
176
     1
 62
     7
176
     1
 90
        3
176
     1
 90
        0
176
     1
 90
        0
176
     1
290
     0
176
     1
 90
       13
176
     1
 40
0.0
176
     1
 90
        0
176
     1
290
     0
176
     1
290
     1
176
     1
290
     1
176
     1
290
     0
176
     1
290
     0
176
     1
290
     0
176
     1
290
     0
176
     1
290
     0
176
     1
290
     0
176
     1
 90
       50
176
     1
 40
0.0
176
     1
 40
1.0
176
     1
 90
        0
176
     1
 62
    18
420
        0
176
     1
 90
       50
176
     1
 90
        3
176
     1
 62
     5
420
      255
176
     1
290
     0
176
     1
 90
       50
176
     1
 90
       50
176
     1
 90
       50
176
     1
290
     0
176
     1
 90
       50
176
     1
 62
   256
176
     0
 40
1.0
176
     0
 90
        2
176
     1
  1
strokes_ogs.tif
176
     1
290
     0
176
     1
 40
1.0
176
     1
 40
1.0
176
     1
  0
DICTIONARYVAR
  5
146
102
{ACAD_REACTORS
330
5E
102
}
330
5E
100
DictionaryVariables
280
     0
  1
1:1
  0
DICTIONARYVAR
  5
259
102
{ACAD_REACTORS
330
5E
102
}
330
5E
100
DictionaryVariables
280
     0
  1
3.500000
  0
DICTIONARYVAR
  5
25A
102
{ACAD_REACTORS
330
5E
102
}
330
5E
100
DictionaryVariables
280
     0
  1
acadiso.lin
  0
DICTIONARYVAR
  5
145
102
{ACAD_REACTORS
330
5E
102
}
330
5E
100
DictionaryVariables
280
     0
  1
STANDARD
  0
DICTIONARYVAR
  5
84
102
{ACAD_REACTORS
330
5E
102
}
330
5E
100
DictionaryVariables
280
     0
  1
STANDARD
  0
DICTIONARYVAR
  5
227
102
{ACAD_REACTORS
330
5E
102
}
330
5E
100
DictionaryVariables
280
     0
  1
Metric50
  0
DICTIONARYVAR
  5
228
102
{ACAD_REACTORS
330
5E
102
}
330
5E
100
DictionaryVariables
280
     0
  1
Metric50
  0
DICTIONARYVAR
  5
5F
102
{ACAD_REACTORS
330
5E
102
}
330
5E
100
DictionaryVariables
280
     0
  1
2
  0
DICTIONARYVAR
  5
63
102
{ACAD_REACTORS
330
5E
102
}
330
5E
100
DictionaryVariables
280
     0
  1
1
  0
DICTIONARYVAR
  5
1AE
102
{ACAD_REACTORS
330
5E
102
}
330
5E
100
DictionaryVariables
280
     0
  1
0
  0
DICTIONARYVAR
  5
1AF
102
{ACAD_REACTORS
330
5E
102
}
330
5E
100
DictionaryVariables
280
     0
  1
0
  0
BLOCKVISIBILITYPARAMETER
  5
2CB
330
2CA
100
AcDbEvalExpr
 90
        1
 98
       33
 99
      248
100
AcDbBlockElement
300
Visibility State
 98
       33
 99
      248
1071
        0
100
AcDbBlockParameter
280
     1
281
     0
100
AcDbBlock1PtParameter
1010
0.0
1020
0.0
1030
0.0
 93
        2
170
     0
171
     0
100
AcDbBlockVisibilityParameter
281
     1
301
Visibility1
302

 91
        0
 93
        6
331
2D8
331
2D9
331
2DA
331
2DB
331
2DC
331
2DD
 92
        2
303
арм.25
 94
        4
332
2D8
332
2D9
332
2DA
332
2DD
 95
        0
303
2
 94
        2
332
2DB
332
2DC
 95
        4
333
2CF
333
2D0
333
2D3
333
2D4
  0
BLOCKVISIBILITYGRIP
  5
2CC
330
2CA
100
AcDbEvalExpr
 90
        2
 98
       33
 99
      248
100
AcDbBlockElement
300
Grip
 98
       33
 99
      248
1071
        0
100
AcDbBlockGrip
 91
        3
 92
        4
1010
0.0
1020
0.0
1030
0.0
280
     0
 93
       -1
100
AcDbBlockVisibilityGrip
  0
BLOCKGRIPLOCATIONCOMPONENT
  5
2CD
330
2CA
100
AcDbEvalExpr
 90
        3
 98
       33
 99
      248
  1

 70
    40
140
0.0
100
AcDbBlockGripExpr
 91
        1
300
UpdatedX
  0
BLOCKGRIPLOCATIONCOMPONENT
  5
2CE
330
2CA
100
AcDbEvalExpr
 90
        4
 98
       33
 99
      248
  1

 70
    40
140
0.0
100
AcDbBlockGripExpr
 91
        1
300
UpdatedY
  0
BLOCKLINEARPARAMETER
  5
2CF
330
2CA
100
AcDbEvalExpr
 90
        5
 98
       33
 99
      248
100
AcDbBlockElement
300
Linear
 98
       33
 99
      248
1071
        0
100
AcDbBlockParameter
280
     1
281
     0
100
AcDbBlock2PtParameter
1010
0.0
1020
-0.0134999999999996
1030
0.0
1011
0.0666128209085474
1021
-0.0134999999999998
1031
0.0
170
     4
 91
        0
 91
        6
 91
        0
 91
        0
171
     0
172
     0
173
     1
 94
        6
303
DisplacementX
174
     1
 95
        6
304
DisplacementY
177
     0
100
AcDbBlockLinearParameter
305
Distance1
306

140
-0.0084696218727342
307

 96
        1
141
0.0
142
0.0
143
0.0
175
     0
1001
ACAUTHENVIRON
1010
0.0683500513540476
1020
-0.0237068523182342
1030
0.0
  0
BLOCKLINEARGRIP
  5
2D0
330
2CA
100
AcDbEvalExpr
 90
        6
 98
       33
 99
      248
100
AcDbBlockElement
300
End Grip
 98
       33
 99
      248
1071
        0
100
AcDbBlockGrip
 91
        7
 92
        8
1010
0.0666128209085474
1020
-0.0134999999999998
1030
0.0
280
     1
 93
       -1
100
AcDbBlockLinearGrip
140
0.0666128209085474
141
-0.0000000000000001
142
0.0
  0
BLOCKGRIPLOCATIONCOMPONENT
  5
2D1
330
2CA
100
AcDbEvalExpr
 90
        7
 98
       33
 99
      248
  1

 70
    40
140
1.797693134862314E+99
100
AcDbBlockGripExpr
 91
        5
300
UpdatedEndX
  0
BLOCKGRIPLOCATIONCOMPONENT
  5
2D2
330
2CA
100
AcDbEvalExpr
 90
        8
 98
       33
 99
      248
  1

 70
    40
140
1.797693134862314E+99
100
AcDbBlockGripExpr
 91
        5
300
UpdatedEndY
  0
BLOCKSTRETCHACTION
  5
2D3
330
2CA
100
AcDbEvalExpr
 90
        9
 98
       33
 99
      248
100
AcDbBlockElement
300
Stretch
 98
       33
 99
      248
1071
        4
100
AcDbBlockAction
 70
     0
 71
     0
1010
0.0707821739777478
1020
-0.0176693530692001
1030
0.0
100
AcDbBlockStretchAction
 92
        5
301
EndXDelta
 93
        5
302
EndYDelta
 72
     0
 73
     0
 75
     0
140
1.0
141
0.0
280
     0
  0
BLOCKSTRETCHACTION
  5
2D4
330
2CA
100
AcDbEvalExpr
 90
       10
 98
       33
 99
      248
100
AcDbBlockElement
300
Stretch1
 98
       33
 99
      248
1071
        0
100
AcDbBlockAction
 70
     0
 71
     2
330
2DC
330
2DB
1010
0.0725194044232479
1020
-0.0237068523182342
1030
0.0
100
AcDbBlockStretchAction
 92
        5
301
EndXDelta
 93
        5
302
EndYDelta
 72
     2
1011
0.0750249501310234
1021
0.0308104178854828
1011
0.0613587371990644
1021
-0.0167610652898542
 73
     2
331
2DB
 74
     2
 94
        2
 94
        3
331
2DC
 74
     1
 94
        1
 75
     0
140
1.0
141
0.0
280
     0
  0
ACDB_BLOCKREPRESENTATION_DATA
  5
AE6
102
{ACAD_REACTORS
330
AE5
102
}
330
AE5
100
AcDbBlockRepresentationData
 70
     1
340
2C8
  0
DICTIONARY
  5
AE7
102
{ACAD_REACTORS
330
AE5
102
}
330
AE5
100
AcDbDictionary
280
     1
281
     1
  3
ACAD_ENHANCEDBLOCKDATA
360
AE8
  0
ACDB_BLOCKREPRESENTATION_DATA
  5
AF0
102
{ACAD_REACTORS
330
AEF
102
}
330
AEF
100
AcDbBlockRepresentationData
 70
     1
340
2C8
  0
DICTIONARY
  5
AF1
102
{ACAD_REACTORS
330
AEF
102
}
330
AEF
100
AcDbDictionary
280
     1
281
     1
  3
ACAD_ENHANCEDBLOCKDATA
360
AF2
  0
ACDB_BLOCKREPRESENTATION_DATA
  5
AFA
102
{ACAD_REACTORS
330
AF9
102
}
330
AF9
100
AcDbBlockRepresentationData
 70
     1
340
2C8
  0
DICTIONARY
  5
AFB
102
{ACAD_REACTORS
330
AF9
102
}
330
AF9
100
AcDbDictionary
280
     1
281
     1
  3
ACAD_ENHANCEDBLOCKDATA
360
AFC
  0
ACDB_BLOCKREPRESENTATION_DATA
  5
B04
102
{ACAD_REACTORS
330
B03
102
}
330
B03
100
AcDbBlockRepresentationData
 70
     1
340
2C8
  0
DICTIONARY
  5
B05
102
{ACAD_REACTORS
330
B03
102
}
330
B03
100
AcDbDictionary
280
     1
281
     1
  3
ACAD_ENHANCEDBLOCKDATA
360
B06
  0
ACDB_BLOCKREPRESENTATION_DATA
  5
B0E
102
{ACAD_REACTORS
330
B0D
102
}
330
B0D
100
AcDbBlockRepresentationData
 70
     1
340
2C8
  0
DICTIONARY
  5
B0F
102
{ACAD_REACTORS
330
B0D
102
}
330
B0D
100
AcDbDictionary
280
     1
281
     1
  3
ACAD_ENHANCEDBLOCKDATA
360
B10
  0
ACDB_BLOCKREPRESENTATION_DATA
  5
B18
102
{ACAD_REACTORS
330
B17
102
}
330
B17
100
AcDbBlockRepresentationData
 70
     1
340
2C8
  0
DICTIONARY
  5
B19
102
{ACAD_REACTORS
330
B17
102
}
330
B17
100
AcDbDictionary
280
     1
281
     1
  3
ACAD_ENHANCEDBLOCKDATA
360
B1A
  0
ACDB_BLOCKREPRESENTATION_DATA
  5
B22
102
{ACAD_REACTORS
330
B21
102
}
330
B21
100
AcDbBlockRepresentationData
 70
     1
340
2C8
  0
DICTIONARY
  5
B23
102
{ACAD_REACTORS
330
B21
102
}
330
B21
100
AcDbDictionary
280
     1
281
     1
  3
ACAD_ENHANCEDBLOCKDATA
360
B24
  0
ACDB_BLOCKREPRESENTATION_DATA
  5
B2C
102
{ACAD_REACTORS
330
B2B
102
}
330
B2B
100
AcDbBlockRepresentationData
 70
     1
340
2C8
  0
DICTIONARY
  5
B2D
102
{ACAD_REACTORS
330
B2B
102
}
330
B2B
100
AcDbDictionary
280
     1
281
     1
  3
ACAD_ENHANCEDBLOCKDATA
360
B2E
  0
ACDB_BLOCKREPRESENTATION_DATA
  5
B36
102
{ACAD_REACTORS
330
B35
102
}
330
B35
100
AcDbBlockRepresentationData
 70
     1
340
2C8
  0
DICTIONARY
  5
B37
102
{ACAD_REACTORS
330
B35
102
}
330
B35
100
AcDbDictionary
280
     1
281
     1
  3
ACAD_ENHANCEDBLOCKDATA
360
B38
  0
ACDB_BLOCKREPRESENTATION_DATA
  5
B40
102
{ACAD_REACTORS
330
B3F
102
}
330
B3F
100
AcDbBlockRepresentationData
 70
     1
340
2C8
  0
DICTIONARY
  5
B41
102
{ACAD_REACTORS
330
B3F
102
}
330
B3F
100
AcDbDictionary
280
     1
281
     1
  3
ACAD_ENHANCEDBLOCKDATA
360
B42
  0
ACDB_BLOCKREPRESENTATION_DATA
  5
B4A
102
{ACAD_REACTORS
330
B49
102
}
330
B49
100
AcDbBlockRepresentationData
 70
     1
340
2C8
  0
DICTIONARY
  5
B4B
102
{ACAD_REACTORS
330
B49
102
}
330
B49
100
AcDbDictionary
280
     1
281
     1
  3
ACAD_ENHANCEDBLOCKDATA
360
B4C
  0
ACDB_BLOCKREPRESENTATION_DATA
  5
B54
102
{ACAD_REACTORS
330
B53
102
}
330
B53
100
AcDbBlockRepresentationData
 70
     1
340
2C8
  0
DICTIONARY
  5
B55
102
{ACAD_REACTORS
330
B53
102
}
330
B53
100
AcDbDictionary
280
     1
281
     1
  3
ACAD_ENHANCEDBLOCKDATA
360
B56
  0
ACDB_BLOCKREPRESENTATION_DATA
  5
B5E
102
{ACAD_REACTORS
330
B5D
102
}
330
B5D
100
AcDbBlockRepresentationData
 70
     1
340
2C8
  0
DICTIONARY
  5
B5F
102
{ACAD_REACTORS
330
B5D
102
}
330
B5D
100
AcDbDictionary
280
     1
281
     1
  3
ACAD_ENHANCEDBLOCKDATA
360
B60
  0
ACDB_BLOCKREPRESENTATION_DATA
  5
B68
102
{ACAD_REACTORS
330
B67
102
}
330
B67
100
AcDbBlockRepresentationData
 70
     1
340
2C8
  0
DICTIONARY
  5
B69
102
{ACAD_REACTORS
330
B67
102
}
330
B67
100
AcDbDictionary
280
     1
281
     1
  3
ACAD_ENHANCEDBLOCKDATA
360
B6A
  0
ACDB_BLOCKREPRESENTATION_DATA
  5
B72
102
{ACAD_REACTORS
330
B71
102
}
330
B71
100
AcDbBlockRepresentationData
 70
     1
340
2C8
  0
DICTIONARY
  5
B73
102
{ACAD_REACTORS
330
B71
102
}
330
B71
100
AcDbDictionary
280
     1
281
     1
  3
ACAD_ENHANCEDBLOCKDATA
360
B74
  0
ACDB_BLOCKREPRESENTATION_DATA
  5
B7C
102
{ACAD_REACTORS
330
B7B
102
}
330
B7B
100
AcDbBlockRepresentationData
 70
     1
340
2C8
  0
DICTIONARY
  5
B7D
102
{ACAD_REACTORS
330
B7B
102
}
330
B7B
100
AcDbDictionary
280
     1
281
     1
  3
ACAD_ENHANCEDBLOCKDATA
360
B7E
  0
ACDB_BLOCKREPRESENTATION_DATA
  5
B86
102
{ACAD_REACTORS
330
B85
102
}
330
B85
100
AcDbBlockRepresentationData
 70
     1
340
2C8
  0
DICTIONARY
  5
B87
102
{ACAD_REACTORS
330
B85
102
}
330
B85
100
AcDbDictionary
280
     1
281
     1
  3
ACAD_ENHANCEDBLOCKDATA
360
B88
  0
ACDB_BLOCKREPRESENTATION_DATA
  5
B90
102
{ACAD_REACTORS
330
B8F
102
}
330
B8F
100
AcDbBlockRepresentationData
 70
     1
340
2C8
  0
DICTIONARY
  5
B91
102
{ACAD_REACTORS
330
B8F
102
}
330
B8F
100
AcDbDictionary
280
     1
281
     1
  3
ACAD_ENHANCEDBLOCKDATA
360
B92
  0
ACDB_BLOCKREPRESENTATION_DATA
  5
B9A
102
{ACAD_REACTORS
330
B99
102
}
330
B99
100
AcDbBlockRepresentationData
 70
     1
340
2C8
  0
DICTIONARY
  5
B9B
102
{ACAD_REACTORS
330
B99
102
}
330
B99
100
AcDbDictionary
280
     1
281
     1
  3
ACAD_ENHANCEDBLOCKDATA
360
B9C
  0
ACDB_BLOCKREPRESENTATION_DATA
  5
BA4
102
{ACAD_REACTORS
330
BA3
102
}
330
BA3
100
AcDbBlockRepresentationData
 70
     1
340
2C8
  0
DICTIONARY
  5
BA5
102
{ACAD_REACTORS
330
BA3
102
}
330
BA3
100
AcDbDictionary
280
     1
281
     1
  3
ACAD_ENHANCEDBLOCKDATA
360
BA6
  0
ACDB_BLOCKREPRESENTATION_DATA
  5
BAE
102
{ACAD_REACTORS
330
BAD
102
}
330
BAD
100
AcDbBlockRepresentationData
 70
     1
340
2C8
  0
DICTIONARY
  5
BAF
102
{ACAD_REACTORS
330
BAD
102
}
330
BAD
100
AcDbDictionary
280
     1
281
     1
  3
ACAD_ENHANCEDBLOCKDATA
360
BB0
  0
ACDB_BLOCKREPRESENTATION_DATA
  5
BB8
102
{ACAD_REACTORS
330
BB7
102
}
330
BB7
100
AcDbBlockRepresentationData
 70
     1
340
2C8
  0
DICTIONARY
  5
BB9
102
{ACAD_REACTORS
330
BB7
102
}
330
BB7
100
AcDbDictionary
280
     1
281
     1
  3
ACAD_ENHANCEDBLOCKDATA
360
BBA
  0
ACDB_BLOCKREPRESENTATION_DATA
  5
BC2
102
{ACAD_REACTORS
330
BC1
102
}
330
BC1
100
AcDbBlockRepresentationData
 70
     1
340
2C8
  0
DICTIONARY
  5
BC3
102
{ACAD_REACTORS
330
BC1
102
}
330
BC1
100
AcDbDictionary
280
     1
281
     1
  3
ACAD_ENHANCEDBLOCKDATA
360
BC4
  0
ACDB_BLOCKREPRESENTATION_DATA
  5
BCC
102
{ACAD_REACTORS
330
BCB
102
}
330
BCB
100
AcDbBlockRepresentationData
 70
     1
340
2C8
  0
DICTIONARY
  5
BCD
102
{ACAD_REACTORS
330
BCB
102
}
330
BCB
100
AcDbDictionary
280
     1
281
     1
  3
ACAD_ENHANCEDBLOCKDATA
360
BCE
  0
ACDB_BLOCKREPRESENTATION_DATA
  5
BD6
102
{ACAD_REACTORS
330
BD5
102
}
330
BD5
100
AcDbBlockRepresentationData
 70
     1
340
2C8
  0
DICTIONARY
  5
BD7
102
{ACAD_REACTORS
330
BD5
102
}
330
BD5
100
AcDbDictionary
280
     1
281
     1
  3
ACAD_ENHANCEDBLOCKDATA
360
BD8
  0
ACDB_BLOCKREPRESENTATION_DATA
  5
BE0
102
{ACAD_REACTORS
330
BDF
102
}
330
BDF
100
AcDbBlockRepresentationData
 70
     1
340
2C8
  0
DICTIONARY
  5
BE1
102
{ACAD_REACTORS
330
BDF
102
}
330
BDF
100
AcDbDictionary
280
     1
281
     1
  3
ACAD_ENHANCEDBLOCKDATA
360
BE2
  0
ACDB_BLOCKREPRESENTATION_DATA
  5
BEA
102
{ACAD_REACTORS
330
BE9
102
}
330
BE9
100
AcDbBlockRepresentationData
 70
     1
340
2C8
  0
DICTIONARY
  5
BEB
102
{ACAD_REACTORS
330
BE9
102
}
330
BE9
100
AcDbDictionary
280
     1
281
     1
  3
ACAD_ENHANCEDBLOCKDATA
360
BEC
  0
ACDB_BLOCKREPRESENTATION_DATA
  5
BF4
102
{ACAD_REACTORS
330
BF3
102
}
330
BF3
100
AcDbBlockRepresentationData
 70
     1
340
2C8
  0
DICTIONARY
  5
BF5
102
{ACAD_REACTORS
330
BF3
102
}
330
BF3
100
AcDbDictionary
280
     1
281
     1
  3
ACAD_ENHANCEDBLOCKDATA
360
BF6
  0
ACDB_BLOCKREPRESENTATION_DATA
  5
BFE
102
{ACAD_REACTORS
330
BFD
102
}
330
BFD
100
AcDbBlockRepresentationData
 70
     1
340
2C8
  0
DICTIONARY
  5
BFF
102
{ACAD_REACTORS
330
BFD
102
}
330
BFD
100
AcDbDictionary
280
     1
281
     1
  3
ACAD_ENHANCEDBLOCKDATA
360
C00
  0
ACDB_BLOCKREPRESENTATION_DATA
  5
C08
102
{ACAD_REACTORS
330
C07
102
}
330
C07
100
AcDbBlockRepresentationData
 70
     1
340
2C8
  0
DICTIONARY
  5
C09
102
{ACAD_REACTORS
330
C07
102
}
330
C07
100
AcDbDictionary
280
     1
281
     1
  3
ACAD_ENHANCEDBLOCKDATA
360
C0A
  0
ACDB_BLOCKREPRESENTATION_DATA
  5
C12
102
{ACAD_REACTORS
330
C11
102
}
330
C11
100
AcDbBlockRepresentationData
 70
     1
340
2C8
  0
DICTIONARY
  5
C13
102
{ACAD_REACTORS
330
C11
102
}
330
C11
100
AcDbDictionary
280
     1
281
     1
  3
ACAD_ENHANCEDBLOCKDATA
360
C14
  0
ACDB_BLOCKREPRESENTATION_DATA
  5
C1C
102
{ACAD_REACTORS
330
C1B
102
}
330
C1B
100
AcDbBlockRepresentationData
 70
     1
340
2C8
  0
DICTIONARY
  5
C1D
102
{ACAD_REACTORS
330
C1B
102
}
330
C1B
100
AcDbDictionary
280
     1
281
     1
  3
ACAD_ENHANCEDBLOCKDATA
360
C1E
  0
ACDB_BLOCKREPRESENTATION_DATA
  5
C26
102
{ACAD_REACTORS
330
C25
102
}
330
C25
100
AcDbBlockRepresentationData
 70
     1
340
2C8
  0
DICTIONARY
  5
C27
102
{ACAD_REACTORS
330
C25
102
}
330
C25
100
AcDbDictionary
280
     1
281
     1
  3
ACAD_ENHANCEDBLOCKDATA
360
C28
  0
ACDB_BLOCKREPRESENTATION_DATA
  5
C30
102
{ACAD_REACTORS
330
C2F
102
}
330
C2F
100
AcDbBlockRepresentationData
 70
     1
340
2C8
  0
DICTIONARY
  5
C31
102
{ACAD_REACTORS
330
C2F
102
}
330
C2F
100
AcDbDictionary
280
     1
281
     1
  3
ACAD_ENHANCEDBLOCKDATA
360
C32
  0
ACDB_BLOCKREPRESENTATION_DATA
  5
C3A
102
{ACAD_REACTORS
330
C39
102
}
330
C39
100
AcDbBlockRepresentationData
 70
     1
340
2C8
  0
DICTIONARY
  5
C3B
102
{ACAD_REACTORS
330
C39
102
}
330
C39
100
AcDbDictionary
280
     1
281
     1
  3
ACAD_ENHANCEDBLOCKDATA
360
C3C
  0
ACDB_BLOCKREPRESENTATION_DATA
  5
C44
102
{ACAD_REACTORS
330
C43
102
}
330
C43
100
AcDbBlockRepresentationData
 70
     1
340
2C8
  0
DICTIONARY
  5
C45
102
{ACAD_REACTORS
330
C43
102
}
330
C43
100
AcDbDictionary
280
     1
281
     1
  3
ACAD_ENHANCEDBLOCKDATA
360
C46
  0
ACDB_BLOCKREPRESENTATION_DATA
  5
C4E
102
{ACAD_REACTORS
330
C4D
102
}
330
C4D
100
AcDbBlockRepresentationData
 70
     1
340
2C8
  0
DICTIONARY
  5
C4F
102
{ACAD_REACTORS
330
C4D
102
}
330
C4D
100
AcDbDictionary
280
     1
281
     1
  3
ACAD_ENHANCEDBLOCKDATA
360
C50
  0
ACDB_BLOCKREPRESENTATION_DATA
  5
C58
102
{ACAD_REACTORS
330
C57
102
}
330
C57
100
AcDbBlockRepresentationData
 70
     1
340
2C8
  0
DICTIONARY
  5
C59
102
{ACAD_REACTORS
330
C57
102
}
330
C57
100
AcDbDictionary
280
     1
281
     1
  3
ACAD_ENHANCEDBLOCKDATA
360
C5A
  0
ACDB_BLOCKREPRESENTATION_DATA
  5
C62
102
{ACAD_REACTORS
330
C61
102
}
330
C61
100
AcDbBlockRepresentationData
 70
     1
340
2C8
  0
DICTIONARY
  5
C63
102
{ACAD_REACTORS
330
C61
102
}
330
C61
100
AcDbDictionary
280
     1
281
     1
  3
ACAD_ENHANCEDBLOCKDATA
360
C64
  0
ACDB_BLOCKREPRESENTATION_DATA
  5
C6C
102
{ACAD_REACTORS
330
C6B
102
}
330
C6B
100
AcDbBlockRepresentationData
 70
     1
340
2C8
  0
DICTIONARY
  5
C6D
102
{ACAD_REACTORS
330
C6B
102
}
330
C6B
100
AcDbDictionary
280
     1
281
     1
  3
ACAD_ENHANCEDBLOCKDATA
360
C6E
  0
ACDB_BLOCKREPRESENTATION_DATA
  5
C76
102
{ACAD_REACTORS
330
C75
102
}
330
C75
100
AcDbBlockRepresentationData
 70
     1
340
2C8
  0
DICTIONARY
  5
C77
102
{ACAD_REACTORS
330
C75
102
}
330
C75
100
AcDbDictionary
280
     1
281
     1
  3
ACAD_ENHANCEDBLOCKDATA
360
C78
  0
ACDB_BLOCKREPRESENTATION_DATA
  5
C80
102
{ACAD_REACTORS
330
C7F
102
}
330
C7F
100
AcDbBlockRepresentationData
 70
     1
340
2C8
  0
DICTIONARY
  5
C81
102
{ACAD_REACTORS
330
C7F
102
}
330
C7F
100
AcDbDictionary
280
     1
281
     1
  3
ACAD_ENHANCEDBLOCKDATA
360
C82
  0
ACDB_BLOCKREPRESENTATION_DATA
  5
C8A
102
{ACAD_REACTORS
330
C89
102
}
330
C89
100
AcDbBlockRepresentationData
 70
     1
340
2C8
  0
DICTIONARY
  5
C8B
102
{ACAD_REACTORS
330
C89
102
}
330
C89
100
AcDbDictionary
280
     1
281
     1
  3
ACAD_ENHANCEDBLOCKDATA
360
C8C
  0
ACDB_BLOCKREPRESENTATION_DATA
  5
C94
102
{ACAD_REACTORS
330
C93
102
}
330
C93
100
AcDbBlockRepresentationData
 70
     1
340
2C8
  0
DICTIONARY
  5
C95
102
{ACAD_REACTORS
330
C93
102
}
330
C93
100
AcDbDictionary
280
     1
281
     1
  3
ACAD_ENHANCEDBLOCKDATA
360
C96
  0
ACDB_BLOCKREPRESENTATION_DATA
  5
C9E
102
{ACAD_REACTORS
330
C9D
102
}
330
C9D
100
AcDbBlockRepresentationData
 70
     1
340
2C8
  0
DICTIONARY
  5
C9F
102
{ACAD_REACTORS
330
C9D
102
}
330
C9D
100
AcDbDictionary
280
     1
281
     1
  3
ACAD_ENHANCEDBLOCKDATA
360
CA0
  0
ACDB_BLOCKREPRESENTATION_DATA
  5
CA8
102
{ACAD_REACTORS
330
CA7
102
}
330
CA7
100
AcDbBlockRepresentationData
 70
     1
340
2C8
  0
DICTIONARY
  5
CA9
102
{ACAD_REACTORS
330
CA7
102
}
330
CA7
100
AcDbDictionary
280
     1
281
     1
  3
ACAD_ENHANCEDBLOCKDATA
360
CAA
  0
ACDB_BLOCKREPRESENTATION_DATA
  5
CB2
102
{ACAD_REACTORS
330
CB1
102
}
330
CB1
100
AcDbBlockRepresentationData
 70
     1
340
2C8
  0
DICTIONARY
  5
CB3
102
{ACAD_REACTORS
330
CB1
102
}
330
CB1
100
AcDbDictionary
280
     1
281
     1
  3
ACAD_ENHANCEDBLOCKDATA
360
CB4
  0
ACDB_BLOCKREPRESENTATION_DATA
  5
CBC
102
{ACAD_REACTORS
330
CBB
102
}
330
CBB
100
AcDbBlockRepresentationData
 70
     1
340
2C8
  0
DICTIONARY
  5
CBD
102
{ACAD_REACTORS
330
CBB
102
}
330
CBB
100
AcDbDictionary
280
     1
281
     1
  3
ACAD_ENHANCEDBLOCKDATA
360
CBE
  0
ACDB_BLOCKREPRESENTATION_DATA
  5
CC6
102
{ACAD_REACTORS
330
CC5
102
}
330
CC5
100
AcDbBlockRepresentationData
 70
     1
340
2C8
  0
DICTIONARY
  5
CC7
102
{ACAD_REACTORS
330
CC5
102
}
330
CC5
100
AcDbDictionary
280
     1
281
     1
  3
ACAD_ENHANCEDBLOCKDATA
360
CC8
  0
ACDB_BLOCKREPRESENTATION_DATA
  5
CD0
102
{ACAD_REACTORS
330
CCF
102
}
330
CCF
100
AcDbBlockRepresentationData
 70
     1
340
2C8
  0
DICTIONARY
  5
CD1
102
{ACAD_REACTORS
330
CCF
102
}
330
CCF
100
AcDbDictionary
280
     1
281
     1
  3
ACAD_ENHANCEDBLOCKDATA
360
CD2
  0
ACDB_BLOCKREPRESENTATION_DATA
  5
CDA
102
{ACAD_REACTORS
330
CD9
102
}
330
CD9
100
AcDbBlockRepresentationData
 70
     1
340
2C8
  0
DICTIONARY
  5
CDB
102
{ACAD_REACTORS
330
CD9
102
}
330
CD9
100
AcDbDictionary
280
     1
281
     1
  3
ACAD_ENHANCEDBLOCKDATA
360
CDC
  0
ACDB_BLOCKREPRESENTATION_DATA
  5
CE4
102
{ACAD_REACTORS
330
CE3
102
}
330
CE3
100
AcDbBlockRepresentationData
 70
     1
340
2C8
  0
DICTIONARY
  5
CE5
102
{ACAD_REACTORS
330
CE3
102
}
330
CE3
100
AcDbDictionary
280
     1
281
     1
  3
ACAD_ENHANCEDBLOCKDATA
360
CE6
  0
DICTIONARY
  5
205
330
22
100
AcDbDictionary
280
     1
281
     1
  0
DICTIONARY
  5
1F9
330
ED
100
AcDbDictionary
280
     1
281
     1
  3
FBXASSET
360
1FA
  0
DICTIONARY
  5
1F7
330
EC
100
AcDbDictionary
280
     1
281
     1
  3
FBXASSET
360
1F8
  0
DICTIONARY
  5
173
330
EE
100
AcDbDictionary
280
     1
281
     1
  3
BUMPTILE
360
175
  3
DIFFUSETILE
360
174
  3
FBXASSET
360
1FB
  3
OPACITYTILE
360
176
  3
REFLECTIONTILE
360
177
  0
DICTIONARY
  5
162
330
7F
100
AcDbDictionary
280
     1
281
     1
  3
ACAD_ROUNDTRIP_2008_TABLESTYLE_CELLSTYLEMAP
360
15AE
  0
DICTIONARY
  5
AE8
102
{ACAD_REACTORS
330
AE7
102
}
330
AE7
100
AcDbDictionary
280
     1
281
     1
  3
1
360
AE9
  3
10
360
AEA
  3
5
360
AEB
  3
9
360
AEC
  0
DICTIONARY
  5
AF2
102
{ACAD_REACTORS
330
AF1
102
}
330
AF1
100
AcDbDictionary
280
     1
281
     1
  3
1
360
AF3
  3
10
360
AF4
  3
5
360
AF5
  3
9
360
AF6
  0
DICTIONARY
  5
AFC
102
{ACAD_REACTORS
330
AFB
102
}
330
AFB
100
AcDbDictionary
280
     1
281
     1
  3
1
360
AFD
  3
10
360
AFE
  3
5
360
AFF
  3
9
360
B00
  0
DICTIONARY
  5
B06
102
{ACAD_REACTORS
330
B05
102
}
330
B05
100
AcDbDictionary
280
     1
281
     1
  3
1
360
B07
  3
10
360
B08
  3
5
360
B09
  3
9
360
B0A
  0
DICTIONARY
  5
B10
102
{ACAD_REACTORS
330
B0F
102
}
330
B0F
100
AcDbDictionary
280
     1
281
     1
  3
1
360
B11
  3
10
360
B12
  3
5
360
B13
  3
9
360
B14
  0
DICTIONARY
  5
B1A
102
{ACAD_REACTORS
330
B19
102
}
330
B19
100
AcDbDictionary
280
     1
281
     1
  3
1
360
B1B
  3
10
360
B1C
  3
5
360
B1D
  3
9
360
B1E
  0
DICTIONARY
  5
B24
102
{ACAD_REACTORS
330
B23
102
}
330
B23
100
AcDbDictionary
280
     1
281
     1
  3
1
360
B25
  3
10
360
B26
  3
5
360
B27
  3
9
360
B28
  0
DICTIONARY
  5
B2E
102
{ACAD_REACTORS
330
B2D
102
}
330
B2D
100
AcDbDictionary
280
     1
281
     1
  3
1
360
B2F
  3
10
360
B30
  3
5
360
B31
  3
9
360
B32
  0
DICTIONARY
  5
B38
102
{ACAD_REACTORS
330
B37
102
}
330
B37
100
AcDbDictionary
280
     1
281
     1
  3
1
360
B39
  3
10
360
B3A
  3
5
360
B3B
  3
9
360
B3C
  0
DICTIONARY
  5
B42
102
{ACAD_REACTORS
330
B41
102
}
330
B41
100
AcDbDictionary
280
     1
281
     1
  3
1
360
B43
  3
10
360
B44
  3
5
360
B45
  3
9
360
B46
  0
DICTIONARY
  5
B4C
102
{ACAD_REACTORS
330
B4B
102
}
330
B4B
100
AcDbDictionary
280
     1
281
     1
  3
1
360
B4D
  3
10
360
B4E
  3
5
360
B4F
  3
9
360
B50
  0
DICTIONARY
  5
B56
102
{ACAD_REACTORS
330
B55
102
}
330
B55
100
AcDbDictionary
280
     1
281
     1
  3
1
360
B57
  3
10
360
B58
  3
5
360
B59
  3
9
360
B5A
  0
DICTIONARY
  5
B60
102
{ACAD_REACTORS
330
B5F
102
}
330
B5F
100
AcDbDictionary
280
     1
281
     1
  3
1
360
B61
  3
10
360
B62
  3
5
360
B63
  3
9
360
B64
  0
DICTIONARY
  5
B6A
102
{ACAD_REACTORS
330
B69
102
}
330
B69
100
AcDbDictionary
280
     1
281
     1
  3
1
360
B6B
  3
10
360
B6C
  3
5
360
B6D
  3
9
360
B6E
  0
DICTIONARY
  5
B74
102
{ACAD_REACTORS
330
B73
102
}
330
B73
100
AcDbDictionary
280
     1
281
     1
  3
1
360
B75
  3
10
360
B76
  3
5
360
B77
  3
9
360
B78
  0
DICTIONARY
  5
B7E
102
{ACAD_REACTORS
330
B7D
102
}
330
B7D
100
AcDbDictionary
280
     1
281
     1
  3
1
360
B7F
  3
10
360
B80
  3
5
360
B81
  3
9
360
B82
  0
DICTIONARY
  5
B88
102
{ACAD_REACTORS
330
B87
102
}
330
B87
100
AcDbDictionary
280
     1
281
     1
  3
1
360
B89
  3
10
360
B8A
  3
5
360
B8B
  3
9
360
B8C
  0
DICTIONARY
  5
B92
102
{ACAD_REACTORS
330
B91
102
}
330
B91
100
AcDbDictionary
280
     1
281
     1
  3
1
360
B93
  3
10
360
B94
  3
5
360
B95
  3
9
360
B96
  0
DICTIONARY
  5
B9C
102
{ACAD_REACTORS
330
B9B
102
}
330
B9B
100
AcDbDictionary
280
     1
281
     1
  3
1
360
B9D
  3
10
360
B9E
  3
5
360
B9F
  3
9
360
BA0
  0
DICTIONARY
  5
BA6
102
{ACAD_REACTORS
330
BA5
102
}
330
BA5
100
AcDbDictionary
280
     1
281
     1
  3
1
360
BA7
  3
10
360
BA8
  3
5
360
BA9
  3
9
360
BAA
  0
DICTIONARY
  5
BB0
102
{ACAD_REACTORS
330
BAF
102
}
330
BAF
100
AcDbDictionary
280
     1
281
     1
  3
1
360
BB1
  3
10
360
BB2
  3
5
360
BB3
  3
9
360
BB4
  0
DICTIONARY
  5
BBA
102
{ACAD_REACTORS
330
BB9
102
}
330
BB9
100
AcDbDictionary
280
     1
281
     1
  3
1
360
BBB
  3
10
360
BBC
  3
5
360
BBD
  3
9
360
BBE
  0
DICTIONARY
  5
BC4
102
{ACAD_REACTORS
330
BC3
102
}
330
BC3
100
AcDbDictionary
280
     1
281
     1
  3
1
360
BC5
  3
10
360
BC6
  3
5
360
BC7
  3
9
360
BC8
  0
DICTIONARY
  5
BCE
102
{ACAD_REACTORS
330
BCD
102
}
330
BCD
100
AcDbDictionary
280
     1
281
     1
  3
1
360
BCF
  3
10
360
BD0
  3
5
360
BD1
  3
9
360
BD2
  0
DICTIONARY
  5
BD8
102
{ACAD_REACTORS
330
BD7
102
}
330
BD7
100
AcDbDictionary
280
     1
281
     1
  3
1
360
BD9
  3
10
360
BDA
  3
5
360
BDB
  3
9
360
BDC
  0
DICTIONARY
  5
BE2
102
{ACAD_REACTORS
330
BE1
102
}
330
BE1
100
AcDbDictionary
280
     1
281
     1
  3
1
360
BE3
  3
10
360
BE4
  3
5
360
BE5
  3
9
360
BE6
  0
DICTIONARY
  5
BEC
102
{ACAD_REACTORS
330
BEB
102
}
330
BEB
100
AcDbDictionary
280
     1
281
     1
  3
1
360
BED
  3
10
360
BEE
  3
5
360
BEF
  3
9
360
BF0
  0
DICTIONARY
  5
BF6
102
{ACAD_REACTORS
330
BF5
102
}
330
BF5
100
AcDbDictionary
280
     1
281
     1
  3
1
360
BF7
  3
10
360
BF8
  3
5
360
BF9
  3
9
360
BFA
  0
DICTIONARY
  5
C00
102
{ACAD_REACTORS
330
BFF
102
}
330
BFF
100
AcDbDictionary
280
     1
281
     1
  3
1
360
C01
  3
10
360
C02
  3
5
360
C03
  3
9
360
C04
  0
DICTIONARY
  5
C0A
102
{ACAD_REACTORS
330
C09
102
}
330
C09
100
AcDbDictionary
280
     1
281
     1
  3
1
360
C0B
  3
10
360
C0C
  3
5
360
C0D
  3
9
360
C0E
  0
DICTIONARY
  5
C14
102
{ACAD_REACTORS
330
C13
102
}
330
C13
100
AcDbDictionary
280
     1
281
     1
  3
1
360
C15
  3
10
360
C16
  3
5
360
C17
  3
9
360
C18
  0
DICTIONARY
  5
C1E
102
{ACAD_REACTORS
330
C1D
102
}
330
C1D
100
AcDbDictionary
280
     1
281
     1
  3
1
360
C1F
  3
10
360
C20
  3
5
360
C21
  3
9
360
C22
  0
DICTIONARY
  5
C28
102
{ACAD_REACTORS
330
C27
102
}
330
C27
100
AcDbDictionary
280
     1
281
     1
  3
1
360
C29
  3
10
360
C2A
  3
5
360
C2B
  3
9
360
C2C
  0
DICTIONARY
  5
C32
102
{ACAD_REACTORS
330
C31
102
}
330
C31
100
AcDbDictionary
280
     1
281
     1
  3
1
360
C33
  3
10
360
C34
  3
5
360
C35
  3
9
360
C36
  0
DICTIONARY
  5
C3C
102
{ACAD_REACTORS
330
C3B
102
}
330
C3B
100
AcDbDictionary
280
     1
281
     1
  3
1
360
C3D
  3
10
360
C3E
  3
5
360
C3F
  3
9
360
C40
  0
DICTIONARY
  5
C46
102
{ACAD_REACTORS
330
C45
102
}
330
C45
100
AcDbDictionary
280
     1
281
     1
  3
1
360
C47
  3
10
360
C48
  3
5
360
C49
  3
9
360
C4A
  0
DICTIONARY
  5
C50
102
{ACAD_REACTORS
330
C4F
102
}
330
C4F
100
AcDbDictionary
280
     1
281
     1
  3
1
360
C51
  3
10
360
C52
  3
5
360
C53
  3
9
360
C54
  0
DICTIONARY
  5
C5A
102
{ACAD_REACTORS
330
C59
102
}
330
C59
100
AcDbDictionary
280
     1
281
     1
  3
1
360
C5B
  3
10
360
C5C
  3
5
360
C5D
  3
9
360
C5E
  0
DICTIONARY
  5
C64
102
{ACAD_REACTORS
330
C63
102
}
330
C63
100
AcDbDictionary
280
     1
281
     1
  3
1
360
C65
  3
10
360
C66
  3
5
360
C67
  3
9
360
C68
  0
DICTIONARY
  5
C6E
102
{ACAD_REACTORS
330
C6D
102
}
330
C6D
100
AcDbDictionary
280
     1
281
     1
  3
1
360
C6F
  3
10
360
C70
  3
5
360
C71
  3
9
360
C72
  0
DICTIONARY
  5
C78
102
{ACAD_REACTORS
330
C77
102
}
330
C77
100
AcDbDictionary
280
     1
281
     1
  3
1
360
C79
  3
10
360
C7A
  3
5
360
C7B
  3
9
360
C7C
  0
DICTIONARY
  5
C82
102
{ACAD_REACTORS
330
C81
102
}
330
C81
100
AcDbDictionary
280
     1
281
     1
  3
1
360
C83
  3
10
360
C84
  3
5
360
C85
  3
9
360
C86
  0
DICTIONARY
  5
C8C
102
{ACAD_REACTORS
330
C8B
102
}
330
C8B
100
AcDbDictionary
280
     1
281
     1
  3
1
360
C8D
  3
10
360
C8E
  3
5
360
C8F
  3
9
360
C90
  0
DICTIONARY
  5
C96
102
{ACAD_REACTORS
330
C95
102
}
330
C95
100
AcDbDictionary
280
     1
281
     1
  3
1
360
C97
  3
10
360
C98
  3
5
360
C99
  3
9
360
C9A
  0
DICTIONARY
  5
CA0
102
{ACAD_REACTORS
330
C9F
102
}
330
C9F
100
AcDbDictionary
280
     1
281
     1
  3
1
360
CA1
  3
10
360
CA2
  3
5
360
CA3
  3
9
360
CA4
  0
DICTIONARY
  5
CAA
102
{ACAD_REACTORS
330
CA9
102
}
330
CA9
100
AcDbDictionary
280
     1
281
     1
  3
1
360
CAB
  3
10
360
CAC
  3
5
360
CAD
  3
9
360
CAE
  0
DICTIONARY
  5
CB4
102
{ACAD_REACTORS
330
CB3
102
}
330
CB3
100
AcDbDictionary
280
     1
281
     1
  3
1
360
CB5
  3
10
360
CB6
  3
5
360
CB7
  3
9
360
CB8
  0
DICTIONARY
  5
CBE
102
{ACAD_REACTORS
330
CBD
102
}
330
CBD
100
AcDbDictionary
280
     1
281
     1
  3
1
360
CBF
  3
10
360
CC0
  3
5
360
CC1
  3
9
360
CC2
  0
DICTIONARY
  5
CC8
102
{ACAD_REACTORS
330
CC7
102
}
330
CC7
100
AcDbDictionary
280
     1
281
     1
  3
1
360
CC9
  3
10
360
CCA
  3
5
360
CCB
  3
9
360
CCC
  0
DICTIONARY
  5
CD2
102
{ACAD_REACTORS
330
CD1
102
}
330
CD1
100
AcDbDictionary
280
     1
281
     1
  3
1
360
CD3
  3
10
360
CD4
  3
5
360
CD5
  3
9
360
CD6
  0
DICTIONARY
  5
CDC
102
{ACAD_REACTORS
330
CDB
102
}
330
CDB
100
AcDbDictionary
280
     1
281
     1
  3
1
360
CDD
  3
10
360
CDE
  3
5
360
CDF
  3
9
360
CE0
  0
DICTIONARY
  5
CE6
102
{ACAD_REACTORS
330
CE5
102
}
330
CE5
100
AcDbDictionary
280
     1
281
     1
  3
1
360
CE7
  3
10
360
CE8
  3
5
360
CE9
  3
9
360
CEA
  0
XRECORD
  5
1FA
102
{ACAD_REACTORS
330
1F9
102
}
330
1F9
100
AcDbXrecord
280
     1
 70
     1
 90
429727718
  1
D62C5603-E3A1-4AEA-B7FB-FE5D8D0755AF
310
504B03040A0000080000CC70623B3DEE336E79000000790000001B0000006175746F6465736B2D64657369676E2D7061636B6167652E786D6C3C3F786D6C2076657273696F6E3D22312E302220656E636F64696E673D227574662D3822203F3E3C666F726D6174733E3C666F726D61743E687474703A2F2F736368656D612E
310
6175746F6465736B2E636F6D2F64657369676E2D7061636B6167652F323030393C2F666F726D61743E3C2F666F726D6174733E504B0304140006080800CC70623BD486FD9CA0000000F4000000130000005B436F6E74656E745F54797065735D2E786D6C7D8EC10E82300C865F65E91D8A1E8C310C0EEA1BF002731658846E
310
D98AC1B77784ABF1D8FE5FBFBF75BBCE937A534CCEB38643598122B6FEE978D0B0485F9C41B54DDD7D022595594E1A469170414C76A4D9A4D207E29CF43ECE46F218070CC6BECC4078ACAA135ACF422C856C0E68EA1BF5669944DDD7BCDE7B1F8E415D77AECB980613C2E4AC91FC167A2B244592486606FC29C8FD7F045B9A
310
EF7053A7E60B504B0304140006080800CC70623B853B8169EB0000007C01000008000000636F72652E786D6C8D90416EC3201045AF62CDB6C206821CC7C244919D9CA01740401C94182C03558F5F9C3852BBEB6A467FFE9B197D7EFC9E1EC5975982F5AE035262288C535E5B377690E21535501C055FBC8FBF6C503839990E
310
5619041F179FE64D52DE45E362569DD7661365082642A11EB9E920A89B99642953CC8E702F67A9EE7234257977194EC9EAE275C4EABCCF5EAD5940D4AC6F0E35A568B8F43562CD7046CD199FD07E60174276A7BE677B5EADB0E0D14EEFFB6A31321A0D82627C4084204C3F096B71DD52F6819B16635EADF63F509AF53FA164
310
5DDCD1EDDD17164090FCC8732078B56691CB33A85CD7DCC40F504B0304140006080800CC70623B55019EA25F0000007C00000007000000636E782E786D6C4DCB3B0E80201045D1AD90E915ED2CF8AC45050C11660C8261F98AB1B07AC9C97D42D718D865D3E909258CFD00CCE24AC6E326A164D74DC0B4128928FF32603847
310
2BA13128B1252AC747C6BAB984FC68F0B87FE8960A5C09FE86CFB69FBA01504B0304140006080800CC70623BDBABAAF470010000D40300000C0000006662782F636F72652E786D6CC553D16E823014FD95A6AF4B694182CC941A83FA05FB810A9511A125A5257EFE2E82712ECEB8A7F100CD39F7F69E734AF9FADC366850B6
310
AF8DCE7018308C942E4C59EB2AC3DE1D498AD15A706B8CFB56869196ADCAF00863C12B6B7C374385D14E6907A836A59A41D9F7CA615434B0C8705F7CAA5606D23BA8E84F41278B93AC54100640439DE0BDB320004D43C63716C7C399D30917DCFBBA9CD9BA8469F5B156168B24CED3F7248AC8769F27244EB73B92EED8862C
310
B7F13E0C179B3C8F979C8ECD82BBBABDAA2BAC924E9558448CBD9330242CFA08E3154B5651FCC6D215639C8EE5774DBE2B5F6CF2B5768B68963BB5F5588420E442FC700B1139D4CB01F450C1E918227C2E09DF070D8140C84E1E9AAB8F1340832A9CB13130A5F1376A908D57309505ECF2A0DF179C4E9D30F5B239B87E3823
310
7A79C6F31DE1A8A5AEC08474B03C7837EAE4938639B44E5932B833D2C6B6B279CDC613877FA26EE21F4A2A4C63EC7F29A2F301D1F9F7A0E37D145F504B0304140006080800CC70623B9C113CC27E0000009D0000000B0000006662782F636E782E786D6C4DCCDF0A83201C86E15B91DFB94BFB330DD428C8FB886521330DA7
310
6397BF1A1DECE883878F57749FCDA1B7892F1BBC047A23808C7F84D9FA55424E0BE6803A256208E9EF06C84F9B91703228B1C690F78B66B34CD9A5439DF5CF0BFBF65E35BCA1B8D6A5C6F540381E886698B5741C695F9503EBA150A2F8958E3DC3EA0B504B0304140006080800CC70623B7DF2F77C2A010000120200003100
310
00006662782F41393633353835312D344632462D344230382D423046372D3739314545314133324237412F636F72652E786D6C8D51DB8EC22014FC15C2939B0D2DB4B45643319AE817EC0F6041255A68B86CFCFC856D4D76DF7CE190393373060EDB3DC707F856CE6B6B7A480A0C81328395DA5C7B18C3057510EC3873D686
310
3F34088C18550F330C39BB3A1BA7051AAC09CA84841A2BD5020AEF55806078A44B0FFD7053A328440C89E1EFC52486BBB8AA8214A99D789CF9E05200300FC927E4FB4D5B375D43103D5527440FB843077C5AA3F5861C8F645F5787F59E95B390B318B55CE45AA638FAA2957BD7248B390B7A7CC51F9C124149C82B8C378810
310
84AB2F42B7B8DD56F413775B8C5999E9FF4471926F8AA236A1AE96B8B3CC434E5839373893369E1FAF30EA395917409EB7F26AF8801C171837A4A6AC9C89E9F9C9B1A58BA30FD6A5EF5DDDCF894B9AD9B6A59C957943A9FCAE2FD5BC4DFE03504B0304140006080800CC70623BAD7543B64E01000033030000300000006662
310
782F41393633353835312D344632462D344230382D423046372D3739314545314133324237412F636E782E786D6CD593CD6EC32010845F0571AD6CE3D48AD20813A9873E410FBD12D82434182C7EAAE6EDBB2424CD25871E7B41D6EC30B3FA84F9E67BB2E40B4234DE8DB46F1925E094D7C6ED479AD3AE5951B2113C789FEE
310
6C943839C1488B4C05DF079FE72A69D8C96C13AAD6B8631503449F83828872B949AC57D26200B826A308D316B4064D6E46FCDA41C05550DC9E483A00797BFD207EFB092A45DE9514C1BBD22178396BD39D891265658C238DEA00936C654E5E433CB65A26D9F6EDB5EBC14EBF49A45CB856E66048291F6939A9A81BB5C89177
310
38143CA680F4AA299D66A042CEB3354A2684DC9D8D178FE0D9B8B41CAAD720F880EE7EF93C0C18769E099ECC04D5A102C8049A8A05632F4DDF376CF1DE0F6BB65C2F8627B65A33C6BB62177CEBBDAD973006829F89F22E814B54F4BC2BE347F8AA8F681390B50FA73F804400B5F542E796F19FF974E7F78DB802FE05E20750
310
4B0304140006080800CC70623BE75B7789680500003C100000340000006662782F41393633353835312D344632462D344230382D423046372D3739314545314133324237412F6F626A656374732E786D6CAD575B8F9B3818FD2B887D06C22499CB8AA1CA655245D5B455A356FB305264C061D8018C6C3393D95FBFC7600890
310
A4CD5EF210B0B1BFEBF98E3F7B1FF6596ABC522E1296DF9BAE3D320D9A872C4AF2F8DE2CE5CEBA358D0FBEC719939D65A691938CDE9B6ADAF4BD98B3B2D05311DD91329583D9D5FC0F438434A7A611A644887B5384CF34233629258BA878B12322891DEFF6B66BD70BFB62634E8AE781D082709A4B588AF91C528CDA28B73F
310
1C998EEF39EABBEFA97FBD6A7C7E9553F9D3D79FE442923C3C523610337627CB87ABE99D359D4CC6D6E4FACAB5E6ABF9D2726FC6A3C5F56271377BB88362213924694B38DD99FE47C48627A1E7D49F5A8BB5E1A74C0A599ED3B0F21F1E56366B89112D681E218F0915D0D6F17AD41FBA2A369DCF6335D62ABBD39779D5DDD1
310
11D4D8DE3CBB96B2E04FB8202E41051754A1AA8E8F76B4C6DFE810B580B1547F4B84911149794252234D024EF8BBE963A95AE27B3D310A9D5C215C7960FAEE415ED75694C6AFB17BCACA5D99A60A9AA65F217B0BFC53292ACB92BF283FAD0D3621576592CB5BED907C2FA8E9DF794E35E97BEA31BED21FEB401ABB94C44839
310
DCACBF0E1C5DA8DA5B2F4DFFD32AD86F543D9E565E7056502E157C00AD2671CD534549AB752FCA9CDA00677A313F04E51B22FF19E57B300579E3C97EB29F682D92935CEC18CF901B7B54FD8C51F362B56FC72FE0B3C1EAE335EDCCBF5AEC39ADB17DC238973F804BA5E6F6BFE7AF1FB32E523BE9F3BD571418E3631DCA4D48
310
5250CF639223210A9446CA30052EDF057BD35F8329C1ECD84552BF0DC8D18BE7BCE23BFE6BD960AB4A7DE79923A103BEBD80F911CBAA2C60DB19B01CF164A5583B772EE6D3FFA56666CBCDA74DC97724A48F9A58967497E489C4D979006FD7A05E227A1EBDD0F737C623387A9C844D3709995625106D157315F8B8392CD4E0
310
A0B9A720C4BE9829CEF37EA1E13111214D53925356365ADA634861B52519DD27A00AEB808EAF0628E6F435519D446F45CF2C9CF5214F0A15B2F6D06B79DA3EE3CBF7F56780D2F4E7EF73A0F5E5B02A38D07DC852C6B7C1FBB6664213E0C39E3EBA7FF4E1AD23EA2829407C85E586727488B751B2DB9502BC7B228A3FD68B6E
310
A65A22397E690AA8D158D7E404EC8CDA235CC3B7D1898680131CEC2CDF2638C65196279577750F15884AEE19F94199155B92B13297978469D4F8D358DF0AEF7631E28DC8F0D9F437D5D39A83B2231A1D52D543813A824EF8D44BCFF2FA6A31BD1E8DAD87F1CCB526B3879935BF59CDADD5C37479BB1CDD4CA7B3556B516589
310
EF352754B706114D9C885EC9131DE6EFEB43D99AFE2391C2F958179413D7CFEF6B1B6DB1E7600F00DE6E5C67454A339A4BA2E0FBA85ED26F045D454F463DBFCE484C2F90F2E5E3666003662ED8F755951A7D1BECD5B30B550B2785C8E7320B7292A4838DDA71BBC863ED7613CAF659337A3354231D4FF4A182A54904C2898C
310
98B28C4AD0CE056CCF332A80986E571EE9DBC305BB5FEB7E509220A58D25CF042D712A806AC0AD0C657FDEF80D2D9CEAA2EE4D1C76F60BFE74219A06527D6F82DF6412526107381E55E353090704D085B52408A8913C4ED159D79BDA71BB4BC506F4831350EB6F975CD22D69BF7AC49B91A2C0A9DDA3D5CA36AD20FC478E37
310
E61844E2352865EBCB61A275A65283CAAA9DD27703B4102F5AF51EF5F573B75CBB5AD38BC845F7A49F82A0966A49C2E3EA5EA0ECD326CD965F1DB402C6FA8B51A4658C5C5E2EC9E214602E55810345408596591009A82E7E7FFACA19EEA299B14A0081A705CB3296EBC14CDF658DCD336EA6D1136881AAEB87B81AB9EE53D5
310
F5EB8BC8362082DA24122F98680A4E7930C01A0079749CEA14382A0783E5EBA5A10F8C098456A03D6A4AEB6BB881E2513747552A5DB22C7EDAF83BD5528081A365F7FF06504B0304140006080000CC70623B000000000000000000000000350000006662782F41393633353835312D344632462D344230382D423046372D37
310
39314545314133324237412F76657274696365732E62696E504B0304140006080800CC70623BF270F1330600000004000000360000006662782F41393633353835312D344632462D344230382D423046372D3739314545314133324237412F747269616E676C65732E62696E636660600000504B0304140006080000CC7062
310
3B000000000000000000000000370000006662782F41393633353835312D344632462D344230382D423046372D3739314545314133324237412F617474726962757465732E62696E504B0304140006080800CC70623B08DA0BD19000000041010000360000006662782F41393633353835312D344632462D344230382D4230
310
46372D3739314545314133324237412F6469726563746F72792E786D6C858F410AC3201045AF22B36F53E9A60B35CBEEBAE80D244E44489C6234F4F835464A48035D0DF398FF9F8AF63D0E6CC63039F212F8F9020C7D47C6792B21C5FE7403D62A1188E2E60C98D7234A5830286103A55745067B9D86B8A3CF9C7F90C11DE6
310
07FB144396D7B6A82D282E9A152AD114D5EF2CB866EEE831B8EEA07A7BB5A8D7D61A2BAAEB7FD5F70921FF497D00504B0304140006080800CC70623BEDD1DC58FD000000A00100003B0000006662782F41393633353835312D344632462D344230382D423046372D3739314545314133324237412F7265736F75726365732F
310
636F72652E786D6C8D504B6E833010BD0A9A6D65B00922041947112427E8052C33A156828DFCA97AFC9A40A576D7CDCCE87D344F8F9FBFE667F689CE6B6B3A6039850C8DB2A336530731DC4903D95970676DF82583CCC8193B5861107C72362E3BA4AC096842428D1D7107A5F7182053CF7474E0D507CE32973124857FE48B
310
540F3961CEF244279DE03EB81420DB9EAC1384436FA353E879B1B182C7A8C75DA3C7F453DF353A1075D537A7BA6464B8F535A99AE14A9A2BBD90E350DD183B5CFABE3AF262350B1EF4FC9351399401471025A527C218A1E53BAB5A5AB765F5469B96525EACF23FA6B88CFF34456DC2A1DCE36E360F82A5202F42F062ED2BAD
310
579969AFDD8A6F504B010214000A0000080000CC70623B3DEE336E79000000790000001B00000000000000000000000000000000006175746F6465736B2D64657369676E2D7061636B6167652E786D6C504B01021400140006080800CC70623BD486FD9CA0000000F40000001300000000000000000000000000B20000005B
310
436F6E74656E745F54797065735D2E786D6C504B01021400140006080800CC70623B853B8169EB0000007C010000080000000000000000000000000083010000636F72652E786D6C504B01021400140006080800CC70623B55019EA25F0000007C000000070000000000000000000000000094020000636E782E786D6C504B
310
01021400140006080800CC70623BDBABAAF470010000D40300000C00000000000000000000000000180300006662782F636F72652E786D6C504B01021400140006080800CC70623B9C113CC27E0000009D0000000B00000000000000000000000000B20400006662782F636E782E786D6C504B01021400140006080800CC70
310
623B7DF2F77C2A010000120200003100000000000000000000000000590500006662782F41393633353835312D344632462D344230382D423046372D3739314545314133324237412F636F72652E786D6C504B01021400140006080800CC70623BAD7543B64E010000330300003000000000000000000000000000D2060000
310
6662782F41393633353835312D344632462D344230382D423046372D3739314545314133324237412F636E782E786D6C504B01021400140006080800CC70623BE75B7789680500003C10000034000000000000000000000000006E0800006662782F41393633353835312D344632462D344230382D423046372D3739314545
310
314133324237412F6F626A656374732E786D6C504B01021400140006080000CC70623B0000000000000000000000003500000000000000000000000000280E00006662782F41393633353835312D344632462D344230382D423046372D3739314545314133324237412F76657274696365732E62696E504B01021400140006
310
080800CC70623BF270F133060000000400000036000000000000000000000000007B0E00006662782F41393633353835312D344632462D344230382D423046372D3739314545314133324237412F747269616E676C65732E62696E504B01021400140006080000CC70623B0000000000000000000000003700000000000000
310
000000000000D50E00006662782F41393633353835312D344632462D344230382D423046372D3739314545314133324237412F617474726962757465732E62696E504B01021400140006080800CC70623B08DA0BD1900000004101000036000000000000000000000000002A0F00006662782F41393633353835312D344632
310
462D344230382D423046372D3739314545314133324237412F6469726563746F72792E786D6C504B01021400140006080800CC70623BEDD1DC58FD000000A00100003B000000000000000000000000000E1000006662782F41393633353835312D344632462D344230382D423046372D3739314545314133324237412F7265
310
736F75726365732F636F72652E786D6C504B0506000000000E000E0080040000641100000000
  0
XRECORD
  5
1F8
102
{ACAD_REACTORS
330
1F7
102
}
330
1F7
100
AcDbXrecord
280
     1
 70
     1
 90
429727718
  1
30362254-06B7-45E0-A893-8CFA70E3D6BC
310
504B03040A0000080000CC70623B3DEE336E79000000790000001B0000006175746F6465736B2D64657369676E2D7061636B6167652E786D6C3C3F786D6C2076657273696F6E3D22312E302220656E636F64696E673D227574662D3822203F3E3C666F726D6174733E3C666F726D61743E687474703A2F2F736368656D612E
310
6175746F6465736B2E636F6D2F64657369676E2D7061636B6167652F323030393C2F666F726D61743E3C2F666F726D6174733E504B0304140006080800CC70623BD486FD9CA0000000F4000000130000005B436F6E74656E745F54797065735D2E786D6C7D8EC10E82300C865F65E91D8A1E8C310C0EEA1BF002731658846E
310
D98AC1B77784ABF1D8FE5FBFBF75BBCE937A534CCEB38643598122B6FEE978D0B0485F9C41B54DDD7D022595594E1A469170414C76A4D9A4D207E29CF43ECE46F218070CC6BECC4078ACAA135ACF422C856C0E68EA1BF5669944DDD7BCDE7B1F8E415D77AECB980613C2E4AC91FC167A2B244592486606FC29C8FD7F045B9A
310
EF7053A7E60B504B0304140006080800CC70623B1EC5D7A3EB0000007C01000008000000636F72652E786D6C8D90416EC3201045AF82665B6103C6756C6122AB4D4ED00B204C5C94182C03558F5F9C3852BBEB6A467FFE9B197D71FC9E6FE8CBACC17AD7032D0820E3B41FAD9B7A48F1820F808E52ACDEC75F36404ECDA687
310
4D0629A6D5A76597B477D1B89855E747B38B2A041301E95B6E7A08FAD3CCAA50296647B8168BD2573599823EBB0CA76447F43862C7BCCF5EAC59410E4DDD9C7973C2755553CCCFA4C603E3040F1565ED3B1FDE4E432BCA0D9622DAF9795FAF464533826484B498524CD807E51D79ED187F21878E10516EF63F505AC67F42C9
310
BA58B1FDDD071640D2FCC87D2045B96591CB3DA85CB7DCE40F504B0304140006080800CC70623B55019EA25F0000007C00000007000000636E782E786D6C4DCB3B0E80201045D1AD90E915ED2CF8AC45050C11660C8261F98AB1B07AC9C97D42D718D865D3E909258CFD00CCE24AC6E326A164D74DC0B4128928FF32603847
310
2BA13128B1252AC747C6BAB984FC68F0B87FE8960A5C09FE86CFB69FBA01504B0304140006080800CC70623B8C9102E971010000D40300000C0000006662782F636F72652E786D6CC5535B6E833010BC8AE5DF0A6C08340F1947A84D4ED00B38C6A128602363A31CBFCB234A53A551FA553EC09AD9F5CE8C31DB9E9B1AF5CA
310
7695D1198E428A91D2D214952E33ECDD315861B4E5CC1AE3BE9561A445A3323CC098B3D21ADFCE9034DA29ED00D5A6503328BA4E398C640D8B0C77F253352214DE4145770A5B214FA2546114020D759C75CE8200340D19DE981F0F6746269C33EFAB6266AB02A655C74A59CCF365BADC27CB5D902ED22848F6340DF238A141
310
BE88E2F57B92BFEDF23523433367AE6A2EEAA455C2A902F398D2751045018D3FA264435F3771F242571B4A1919CA6F9A7C5B3CD9E42BED16F12C776AEB308F40C848FC700B1139D4891EF410CEC810227CC6846F8386402064270EF5C5C709A05E49676C024C61FC95EA45ED154CA5211D1FF4FB8291A913A68E9B83EBBB33
310
E2A7673CDE118E5AE8124C0807CB8377834E366998436B950D7A7746DAD846D4CFD978E0F04FD455FC5D49D2D4C6FE9722321F10997F0F32DC47FE05504B0304140006080800CC70623BFFEA85907E0000009D0000000B0000006662782F636E782E786D6C4DCCD10A83201886E15B91FFDC95D95A811AB6F23E625948A6C3
310
E9D8E5AF46073BFAE0E1E365ED67B3E8ADC3CB78C7815C7240DA3DFC64DCC221C519D7805AC182F7F1EF06C88D9BE6703008B6049F9E274D7A1E938DBB5AE3D6131B2589BA0D3D965551E0B2EA732C9B9A624AAEB41E3A557677029960D9AFB4EF11165F504B0304140006080800CC70623B4FEEA4082C0100001202000031
310
0000006662782F39464131463745442D413632322D343644302D413938332D3331353338454246344243312F636F72652E786D6C8D515B6EC32010BC0AE2AB55850DD871ED0813254D72825EC00192A2C460F1A872FC42ED48ED5F7E00CDCECCCEB26C731F6FE05B39AFADE921293004CA082BB5B9F43086336A21D870E6AC
310
0D7F68109861543DCC30E4ECE26C9C164858139409093556AA051CBC570102714B8F1E7AF1A5C6A11862480C7F2DA6415C878B2A4891CA89C7990F2E050073937C42DE1DB7E4F87ED8A36D4329AA9B3D46DBAEAD504556557BD81DEBDD0761E52CE42C462D17B996298E3E6BE59E35C962CE821E1FF18553435012728A7187
310
0841987E927A8D9B35ADDF70BBC6989599FE4F1427F9A4286A132ABAC49D651EF234CD5CE04CDA78BA3DC2A8FB645D00B9DF8B57E215725C60BCA2A463E54C4CE327C7A65E1C7DB02E7DEFCBF594B864C5CA6CDBD49C957943E9FA5D5FBAF336F90F504B0304140006080800CC70623BAD7543B64E01000033030000300000
310
006662782F39464131463745442D413632322D343644302D413938332D3331353338454246344243312F636E782E786D6CD593CD6EC32010845F0571AD6CE3D48AD20813A9873E410FBD12D82434182C7EAAE6EDBB2424CD25871E7B41D6EC30B3FA84F9E67BB2E40B4234DE8DB46F1925E094D7C6ED479AD3AE5951B2113C
310
789FEE6C943839C1488B4C05DF079FE72A69D8C96C13AAD6B8631503449F83828872B949AC57D26200B826A308D316B4064D6E46FCDA41C05550DC9E483A00797BFD207EFB092A45DE9514C1BBD22178396BD39D891265658C238DEA00936C654E5E433CB65A26D9F6EDB5EBC14EBF49A45CB856E66048291F6939A9A81BB5
310
C8917738143CA680F4AA299D66A042CEB3354A2684DC9D8D178FE0D9B8B41CAAD720F880EE7EF93C0C18769E099ECC04D5A102C8049A8A05632F4DDF376CF1DE0F6BB65C2F8627B65A33C6BB62177CEBBDAD973006829F89F22E814B54F4BC2BE347F8AA8F681390B50FA73F804400B5F542E796F19FF974E7F78DB802FE05
310
E207504B0304140006080800CC70623B16AB87BA640500003C100000340000006662782F39464131463745442D413632322D343644302D413938332D3331353338454246344243312F6F626A656374732E786D6CAD575B6FA33818FD2B887DE6924B3BED8A326A92B68A663B534DD4D13E548A0C38942D60649B369D5FBFC7
310
600890A493BDE42160637FD7F31D7FF63E6FB3D478A55C242CBF3247B66B1A340F5994E4F19559CA8D75611A9F7D8F33263BCB4C232719BD32D5B4E97B316765A1A722BA21652A07B3B7B33F0D11D29C9A46981221AE4C113ED38CD8A4942CA2E2C58E882476BCD9DA23BB5ED8171B73523C0F841684D35CC252CCE79062D4
310
468DFA43D7747CCF51DF7D4FFDEB5593E3AB9CCA9FBEFE241792E4E19EB28198C968BAB8199F5D5A67D3E9C49A9E8F47D6EC76B6B0469F26EEFC7C3EBFBCBEB98462213924694B38DD98FE1D62C393D073EA4FADC5DAF04326852CCF6958F90F0F2B9BB5C48816348F90C7840A68EB78EDF68723159BCEE7891A6B95DDE9D3
310
BCEAEEE8086A6C6F9E5D4B59F0175C10A7A0820BAA5055C7473B5AE3CFDD452D602CD5DF12616444529E90D448938013FE6EFA58AA96F85E4F8C42275708571E98FE6827AF6B2B4AE3D7D83D64E5A64C53054DD3AF90BD06FEA9149565C94FCA0F6B834DC85599E4F2423B24DF0B6AFA979E534DFA9E7A4CC6FA631D486393
310
921829879BF5D781A373557BCB85E97FB90DB62B558F8795179C15944B051F40AB495CF35451D26A4727654E6D8033BD98EF82F21D91FF8AF2DD9982BCF1643BDD4EB516C9492E368C67C88DED563FC36D5EACF66DFF057C3658BDBFA69DF9578B3DA735B64F18C7F20770A9D45CFCF7FCF563D6456A277DBEF78A02637CA2
310
43B90A490AEAB94F72244481D24819A6C0E59B606BFA4B3025981DBB48EAB701D97BF19C577CC77F2D1B6C55A9EF3C732474C0B727303F625995056C3B02963D9EAC146BE78EC5FCEC7FA999EBC5EACBAAE41B12D27B4D2C0BBA49F244E2ECDC81B76B502F113D8F5EE8FB1BE3111CDD4FC2AA9B844CAB1288B68AB90A7CDC
310
1C166AB0D3DC5310625FCC14E779BFD0709F8890A629C9292B1B2DED31A4B0DA928CEE135085754027E3018A397D4D5427D15BD1330B677DC8934285AC3DF45A9EB68FF8F2B8FC0A509AFEECFD0FF2DE25CC6047F7214B195F07EFEB9A094D800F7BFAE8FED187B78EA8A3A400F115961BCAD1215E47C966530AF0EE8128FE
310
58CEBB996A8964FFA529A046635D9353B0336A8F700DDF46271A024E70B0B37C9DE01847591E54DED53D54202AB947E4076556AC49C6CA5C9E1226B7F1A7B1BE15DEED62C41B91E1B3E9AFAAA735036547343A925075041DF0A9979E893B391F8FCFA6967B3EFB644DCF6E5CEBFAE272625DCC6FAF3FB93793C5F90CE1EF57
310
407342756B10D1C489E8953CD1617E5CEECAD6F4EF8914CE5D5D504E5C3F1F9736DA62CFC11E00BCDDB8CC8A9466349744C1F75EBDA4DF09BA8A9E8C7A7E9991989E20E5DBDD6A6003664ED8F7A04A8DBE0DF6EAD9B9AA858342E47399053949D2C146EDB85DE4B176BB0965FBAC19BD19AA918E27FA50C1D22402E144464C
310
59462568E704B6E71915404CB72B8FF4EDE184DDAF753F284990D2C6926782963815403548A70C657FDEF80D2D9CEAA2AE4C1C76F60BFE74219A06527D6582DF6412526107381E55E353090704D085B52408D0933C4ED159D79BDA71BB4BC506F4831350EB6F979CD22D69BF7AC49B91A2C0A9DDA3D5CA36AD20FC478E37E6
310
1844E2352865EBCB6EA275A652E3836BE04EFB400BF1A2556F515F1FBB35B2AB35BD889C744FFA1004B5544B121E57F70215746DD2F5E2C1412B602CBF19455AC6C8E5E9922C4E01E65215385004546899059180EAFCF7A707CE7017CD8CDB0410789AB32C63B91E5CEBBBACB17AC6CD347A022D5075FD106377347AAABA7E
310
7D11590744509B44E205134DC1290F06580320F78E537D3D73540E06CB970B431F185308AD40BBD794D6D77003C5A36E8EAA54BA64597CD8F83BD552A080A365F7FF06504B0304140006080000CC70623B000000000000000000000000350000006662782F39464131463745442D413632322D343644302D413938332D3331
310
353338454246344243312F76657274696365732E62696E504B0304140006080800CC70623BF270F1330600000004000000360000006662782F39464131463745442D413632322D343644302D413938332D3331353338454246344243312F747269616E676C65732E62696E636660600000504B0304140006080000CC70623B
310
000000000000000000000000370000006662782F39464131463745442D413632322D343644302D413938332D3331353338454246344243312F617474726962757465732E62696E504B0304140006080800CC70623B08DA0BD19000000041010000360000006662782F39464131463745442D413632322D343644302D413938
310
332D3331353338454246344243312F6469726563746F72792E786D6C858F410AC3201045AF22B36F53E9A60B35CBEEBAE80D244E44489C6234F4F835464A48035D0DF398FF9F8AF63D0E6CC63039F212F8F9020C7D47C6792B21C5FE7403D62A1188E2E60C98D7234A5830286103A55745067B9D86B8A3CF9C7F90C11DE607
310
FB144396D7B6A82D282E9A152AD114D5EF2CB866EEE831B8EEA07A7BB5A8D7D61A2BAAEB7FD5F70921FF497D00504B0304140006080800CC70623B0D6EF93BFE000000A00100003B0000006662782F39464131463745442D413632322D343644302D413938332D3331353338454246344243312F7265736F75726365732F63
310
6F72652E786D6C8D50596E833010BD0A9ADFCA60B334011947A8694ED00B586642AC041B79A97AFC9A40A5F6AF3F33A3B7689E1E3F7DCD8FEC139DD7D6F4C0720A191A65476DA61E62B892236427C19DB5E1970C322367EC618541F0C9D9B8EC90B226A009093576C41D94DE63804C3DD2D18357379C652E63480A7FCF17A9
310
EE72C29CE5894E3AC17D702940B63D59270887DE46A7D0F36263058F518FBB468FE9A7BE6A7420864373B8D4873369AA8691FA421B3294352543C5CAF65C0F6FEF43CB8BD52C78D0F34F46E550061C419494B6843142CB0F5677F4B52BEB177AEC28E5C52AFF638ACBF84F53D42654E51E77B379102C05791282176B5F693D
310
CB4C7BED567C03504B010214000A0000080000CC70623B3DEE336E79000000790000001B00000000000000000000000000000000006175746F6465736B2D64657369676E2D7061636B6167652E786D6C504B01021400140006080800CC70623BD486FD9CA0000000F40000001300000000000000000000000000B20000005B
310
436F6E74656E745F54797065735D2E786D6C504B01021400140006080800CC70623B1EC5D7A3EB0000007C010000080000000000000000000000000083010000636F72652E786D6C504B01021400140006080800CC70623B55019EA25F0000007C000000070000000000000000000000000094020000636E782E786D6C504B
310
01021400140006080800CC70623B8C9102E971010000D40300000C00000000000000000000000000180300006662782F636F72652E786D6C504B01021400140006080800CC70623BFFEA85907E0000009D0000000B00000000000000000000000000B30400006662782F636E782E786D6C504B01021400140006080800CC70
310
623B4FEEA4082C0100001202000031000000000000000000000000005A0500006662782F39464131463745442D413632322D343644302D413938332D3331353338454246344243312F636F72652E786D6C504B01021400140006080800CC70623BAD7543B64E010000330300003000000000000000000000000000D5060000
310
6662782F39464131463745442D413632322D343644302D413938332D3331353338454246344243312F636E782E786D6C504B01021400140006080800CC70623B16AB87BA640500003C1000003400000000000000000000000000710800006662782F39464131463745442D413632322D343644302D413938332D3331353338
310
454246344243312F6F626A656374732E786D6C504B01021400140006080000CC70623B0000000000000000000000003500000000000000000000000000270E00006662782F39464131463745442D413632322D343644302D413938332D3331353338454246344243312F76657274696365732E62696E504B01021400140006
310
080800CC70623BF270F133060000000400000036000000000000000000000000007A0E00006662782F39464131463745442D413632322D343644302D413938332D3331353338454246344243312F747269616E676C65732E62696E504B01021400140006080000CC70623B0000000000000000000000003700000000000000
310
000000000000D40E00006662782F39464131463745442D413632322D343644302D413938332D3331353338454246344243312F617474726962757465732E62696E504B01021400140006080800CC70623B08DA0BD190000000410100003600000000000000000000000000290F00006662782F39464131463745442D413632
310
322D343644302D413938332D3331353338454246344243312F6469726563746F72792E786D6C504B01021400140006080800CC70623B0D6EF93BFE000000A00100003B000000000000000000000000000D1000006662782F39464131463745442D413632322D343644302D413938332D3331353338454246344243312F7265
310
736F75726365732F636F72652E786D6C504B0506000000000E000E0080040000641100000000
  0
XRECORD
  5
175
102
{ACAD_REACTORS
330
173
102
}
330
173
100
AcDbXrecord
280
     1
270
     1
271
     1
  0
XRECORD
  5
174
102
{ACAD_REACTORS
330
173
102
}
330
173
100
AcDbXrecord
280
     1
270
     1
271
     1
  0
XRECORD
  5
1FB
102
{ACAD_REACTORS
330
173
102
}
330
173
100
AcDbXrecord
280
     1
 70
     0
 90
1673772943
  1
ECE7A1D2-D628-4531-984C-D00F80459256
310
504B03040A0000080000CC70623B3DEE336E79000000790000001B0000006175746F6465736B2D64657369676E2D7061636B6167652E786D6C3C3F786D6C2076657273696F6E3D22312E302220656E636F64696E673D227574662D3822203F3E3C666F726D6174733E3C666F726D61743E687474703A2F2F736368656D612E
310
6175746F6465736B2E636F6D2F64657369676E2D7061636B6167652F323030393C2F666F726D61743E3C2F666F726D6174733E504B0304140006080800CC70623BD486FD9CA0000000F4000000130000005B436F6E74656E745F54797065735D2E786D6C7D8EC10E82300C865F65E91D8A1E8C310C0EEA1BF002731658846E
310
D98AC1B77784ABF1D8FE5FBFBF75BBCE937A534CCEB38643598122B6FEE978D0B0485F9C41B54DDD7D022595594E1A469170414C76A4D9A4D207E29CF43ECE46F218070CC6BECC4078ACAA135ACF422C856C0E68EA1BF5669944DDD7BCDE7B1F8E415D77AECB980613C2E4AC91FC167A2B244592486606FC29C8FD7F045B9A
310
EF7053A7E60B504B0304140006080800CC70623BD9DDAED0EC0000007C01000008000000636F72652E786D6C8D90416EC3201045AF82665B61836D9CD8C2444DD39CA01740405C94182C03558F5F9C3852BBEB6A467FFE9B197D7EF89E6EE8CB2CC17A37002D0820E394D7D68D03A478C17B4007C117EFE32F1B20272733C0
310
2A83E0E3E2D3BC49CABB685CCCAAF3DA6CA20CC14440EA969B0182FA34932C648AD911AEC52CD5558EA6A0CF2EC329598D1E47ACCEFBECC59A050463A7EA5833865FEBDD0E37353BE3EE8DBDE3F6786A48D375FBF6CC78B9C282473B3DEFABC5C86834888A900E538A49F5419B9EB47DD5BC907D4F082F57FB1F28CDFA9F50
310
B22ED6D5F6EE030B20687EE43E10BC5CB3C8E51E54AE6B6EE207504B0304140006080800CC70623B55019EA25F0000007C00000007000000636E782E786D6C4DCB3B0E80201045D1AD90E915ED2CF8AC45050C11660C8261F98AB1B07AC9C97D42D718D865D3E909258CFD00CCE24AC6E326A164D74DC0B4128928FF326038
310
472BA13128B1252AC747C6BAB984FC68F0B87FE8960A5C09FE86CFB69FBA01504B0304140006080800CC70623BA24EB22D72010000D40300000C0000006662782F636F72652E786D6CC5535B6E833010BC8AE5DF0A6C5E49888CA3A6694ED00B38E05014B091B1518EDFE511A5A9D228FD2A1F60CDEC7A67C6986DCE4D8D7A
310
69BA4AAB0C073EC548AA5C17952A33ECECD15B61B4E1CC686DBF9561A44423333CC098B3D268D7CE50AE9595CA02AA74216750749DB418E5352C32DCE59FB211BE70162ABA93DF8AFC244AE9073ED050C759670D0840D390E18DF9F1706664C23973AE2A66B62A605A75ACA4C13C4976E1364A12EF355A2EBD384AF65EFA96
310
BC7B8BED2EA6719AAE16FB8491A199335B351775B991C2CA02F390D2D40B028F861F41BCA68B7518BFD0D59A524686F29B26D7164F36B94AD9289CE54E6D1DE6010819891F6E21228B3AD1831EC219194284CF98F06DD01008846CC5A1BEF83801D4CBDC6A1303536877A57A513B0953A94FC707FDBE6064EA84A9E3E6E0FA
310
EE8CF0E9198F7784A316AA0413C2C2F2E0ECA0934D1AE6D05A69BCDE9E91D2A611F573361E38FC1375157F5752AE6B6DFE4B11990F88CCBF0719EE23FF02504B0304140006080800CC70623B408A7D3B7C0000009D0000000B0000006662782F636E782E786D6C4DCCD10A83201886E15B91FFDC552A92A0064DBC8F581632
310
D3703A76F9ABD1C18E3E78F878E5F0D9027ABBFCF2292AE86E2D20171F69F6715550CB827B40839639A5F2770314A7CD293819B45C73AAFB45B35BA61ACAA1C1C7E7855C58C15BC331339661262CC762340413D68D77DA5B42298546CBE6573AF60CEB2F504B0304140006080800CC70623B449FB9BD290100001202000031
310
0000006662782F36394639363044362D344446342D343946362D394244322D3234314243333846323333332F636F72652E786D6C8D515B6EC32010BC0AE22B55850D98B871848994463E412FE002495162B07854397EA176A4F62F3F2C9A9D991D587EB84F37F0AD7D30CEF6905418026DA553C65E7A98E219ED203808EE9D
310
8B7F6810D871D23D2C3014FCE25D9A57483A1BB58D19B54EE9151C43D0110279CB971E06F9A5A7B11A53CC8C70ADE6515EC78BAE4895DB992778883E0700CB907242D17643D7E2538BD869608875438BBAE38922CAC8F1BDD90DB4691A5E2F42C153326A951B95E398B3D1FE599322163C9AE9115F7A3D46ADA0A018778810
310
84E907617BDCEE297BC5BB3DC6BC2EF47FA234AB2745C9D8D8D035EE220B50105E2F0DC1954B9FB747187D9F9D8FA0CCDB042D5FA0C015C65B42DF78BD10F3F3B363CB56C7109DCFDFBBB97E662ED92EB62D13BC2E1BCAE5777DB9966D8A1F504B0304140006080800CC70623BAD7543B64E01000033030000300000006662
310
782F36394639363044362D344446342D343946362D394244322D3234314243333846323333332F636E782E786D6CD593CD6EC32010845F0571AD6CE3D48AD20813A9873E410FBD12D82434182C7EAAE6EDBB2424CD25871E7B41D6EC30B3FA84F9E67BB2E40B4234DE8DB46F1925E094D7C6ED479AD3AE5951B2113C789FEE
310
6C943839C1488B4C05DF079FE72A69D8C96C13AAD6B8631503449F83828872B949AC57D26200B826A308D316B4064D6E46FCDA41C05550DC9E483A00797BFD207EFB092A45DE9514C1BBD22178396BD39D891265658C238DEA00936C654E5E433CB65A26D9F6EDB5EBC14EBF49A45CB856E66048291F6939A9A81BB5C89177
310
38143CA680F4AA299D66A042CEB3354A2684DC9D8D178FE0D9B8B41CAAD720F880EE7EF93C0C18769E099ECC04D5A102C8049A8A05632F4DDF376CF1DE0F6BB65C2F8627B65A33C6BB62177CEBBDAD973006829F89F22E814B54F4BC2BE347F8AA8F681390B50FA73F804400B5F542E796F19FF974E7F78DB802FE05E20750
310
4B0304140006080800CC70623B8D05915C650500003B100000340000006662782F36394639363044362D344446342D343946362D394244322D3234314243333846323333332F6F626A656374732E786D6CAD575B6FA33814FE2B887D06429276DA1565D4266D158D3A339A6846FB502932E050B66023DB74D2FDF5FB190C01
310
9276B2973C046C8ECFF53B17071F77456EBD502133CEAE6CDF9DD81665314F32965ED995DA3A17B6F5310C04E7AA47665B8C14F4CAD6DB7618A48257A5D94AE89654B91AEDDEDDFC61C998326A5B714EA4BCB265FC440BE2924AF184CA6737218AB8E976E7FA6E4338649B0A523E8D98964450A6A029F619B8588D52FE7039
310
B1BD30F0F4F730D0FF866AF6369557DB33949F31A9088B0F848DD8CCFCF9F2767A76E99CCDE733677E3EF59D9BBB9BA5E37F984D16E78BC5E5F5ED25044B25C0C96822E8D60EEFE11B91C581D77CEA34368A1F5329E68CD1B8B61F16D63A1B8E092D294B10C78C4A48EB593D192E7DED9BDEE7995E1B91FDEDD3ACEA9FE831
310
6A756F9F7D4D79F4274C90A7A04248AA51D5F8C718DAE06FB2F75AC4796EBE65D22A88A22223B995679120E2D50E41AA49C260C046A35368846B0BECD0DFF3EBEB8AD4F835768F69B9ADF25C43D30E6B646F807FAA64AD59F61715C7A54127C4AACA98BA3006A9D792DAE165E0D59B61A01FB3A9F9D838D2DAE62445C86166
310
F37564E842E7DE6A69879FEEA2DD5AE7E371E1A5E025154AC307D06A03D73EB5978C58FFA4C8E9033066E0F3BD53BEC1F39F91BE7B55103791EDE6BBB991A2046172CB4581D8B893FA674DDA17A77B3B7C413D1B511FD2743BFF8A38F03A658705E3ADF8015C3A3417FF3D7E439FF591DA0B5F18BC20C1B8981957AE6392A3
310
F43C640C01D1A0B4728E2DD4F26DB4B3C3152A252A3B4E913CEC1C72F012782FF88EFF8637AA552DBEF76408E8A8DE9E50F9E1CB3A2DA0DB1B6039A893B56063DC5B3E3FFB5F72E67AB9FEB4AEC496C4F4C1149625DD662C53E89D7BF0F6151A046260D1337DFDC94502430F83B0EE07A130A224BCAD7DAE1D9FB6CD422FF6
310
920702629C4BB9AE79C12F243C6432A6794E18E5552BA56B431AAB5D91317302B2B071E86C3A42B1A02F999E24061403B5D0EB639195DA655DD3EBEAB4FB862DDF579F014AD0E73C22F99E28DA57FB98E75C6CA2D74D53086D600F4786E0FE3144B771A8A7B900F03594DB8A633CBC49B2EDB69228BB479CF863B5E807AAAB
310
23872F6DFEB4129B949CA33823F58830E86D65621E10047D9DB34D862E8EAC3C2ABC2F7B2C40D67CDFE01F5545B92105AF983AC54D93D69E56FB8E797F88913F898A9FEC705D3F9D1B54EC8426FB500D40A03BD0119B06E1B95DDC7EB8F6975367793EBD70E66733DFB9BC982F9CE564727731999F5D4ECFCE3B8D6A4DC2A0
310
6D50FD148437D110834A64C6CDDF57FBACB5C307A2A477DFE4939736CFEF2B175371E0E10CF0DD1D5C15654E0BCA14D1E87DD02FF93782A162C0A3D95F1524A52770F972BF1EE9809D13CE7DD599467F8ECE9ADD85CE85A34CD45355448C64F9E8A031DC2D596ACC6E5DD93D9B82DE2EF5CAF81363A8E47996A0DE24564A79
310
4115AACE09C55E14540231FDA13C319787134EBF34E3A022514E5B4D9E0826E25C02D5805B15ABE1BEF51B26383D445DD9E875EE33FE4C22DA16427D65A3BCA92CA6D28DD01DF5DC53330704308475351050232CCD31583787BA75774AFB06E5070DD0C8EF484E19968C5D83BA5B90B244D31E54D55A372320FE4786B7EA58
310
44E135AA5467CB7EA333A61683CC6A8C3257034C10CF46F40EF9F5BE59BE5BD30C3C72D235E95D10345C1D45445A5F0BB47E46A5EBE5570F9380B5FA629579952296A773720405982B9DE04011506178964401AA8BDF1FBF0A8EAB6861DD6580C0E38217056766716DAEB2D6FA0917D3E4116581EADB879C4E7CFFB11EFACD
310
3D641311495D92C8676CB409A72D18610D803CE8A626049E8EC1887CB5B44CC39883690DDA8399B4B9855B481E7D71D4A9D22F96E5BB73BF5793020C02137BF837504B0304140006080000CC70623B000000000000000000000000350000006662782F36394639363044362D344446342D343946362D394244322D32343142
310
43333846323333332F76657274696365732E62696E504B0304140006080800CC70623BF270F1330600000004000000360000006662782F36394639363044362D344446342D343946362D394244322D3234314243333846323333332F747269616E676C65732E62696E636660600000504B0304140006080000CC70623B0000
310
00000000000000000000370000006662782F36394639363044362D344446342D343946362D394244322D3234314243333846323333332F617474726962757465732E62696E504B0304140006080800CC70623B08DA0BD19000000041010000360000006662782F36394639363044362D344446342D343946362D394244322D
310
3234314243333846323333332F6469726563746F72792E786D6C858F410AC3201045AF22B36F53E9A60B35CBEEBAE80D244E44489C6234F4F835464A48035D0DF398FF9F8AF63D0E6CC63039F212F8F9020C7D47C6792B21C5FE7403D62A1188E2E60C98D7234A5830286103A55745067B9D86B8A3CF9C7F90C11DE607FB14
310
4396D7B6A82D282E9A152AD114D5EF2CB866EEE831B8EEA07A7BB5A8D7D61A2BAAEB7FD5F70921FF497D00504B0304140006080800CC70623BCA768048FE000000A00100003B0000006662782F36394639363044362D344446342D343946362D394244322D3234314243333846323333332F7265736F75726365732F636F72
310
652E786D6C8D50596E833010BD0A9ADFCA60D600328E9AA639412F609909B1126CE4A5EAF16B0295DABFFECC8CDEA2797AECF8353F924FB44E193D409E5248504B332A3D0D10FC95B4901C39B3C6F85F3248B49871801506CE266BC2B243D2688FDA47549B11775038871E12F988C7004EDE7016A9083E2ADC3D5D84BC8B09
310
D33C8D74D471E6BC8D0192EDC93A815B742658898E651BCB59086ADC356A8C3FD555A1055ED7E7E254D615792D0F075295F585746FF53B694EE78A565DD736979A65AB9933AFE69F8CD2A2F038022F28ED489E135A7CE4554F9BBEA85E68DB53CAB255FEC71496F19FA6A0B42F8B3DEE6673C0F318E4497096AD7DC5F52C33
310
EEB55BFE0D504B010214000A0000080000CC70623B3DEE336E79000000790000001B00000000000000000000000000000000006175746F6465736B2D64657369676E2D7061636B6167652E786D6C504B01021400140006080800CC70623BD486FD9CA0000000F40000001300000000000000000000000000B20000005B436F
310
6E74656E745F54797065735D2E786D6C504B01021400140006080800CC70623BD9DDAED0EC0000007C010000080000000000000000000000000083010000636F72652E786D6C504B01021400140006080800CC70623B55019EA25F0000007C000000070000000000000000000000000095020000636E782E786D6C504B0102
310
1400140006080800CC70623BA24EB22D72010000D40300000C00000000000000000000000000190300006662782F636F72652E786D6C504B01021400140006080800CC70623B408A7D3B7C0000009D0000000B00000000000000000000000000B50400006662782F636E782E786D6C504B01021400140006080800CC70623B
310
449FB9BD290100001202000031000000000000000000000000005A0500006662782F36394639363044362D344446342D343946362D394244322D3234314243333846323333332F636F72652E786D6C504B01021400140006080800CC70623BAD7543B64E010000330300003000000000000000000000000000D20600006662
310
782F36394639363044362D344446342D343946362D394244322D3234314243333846323333332F636E782E786D6C504B01021400140006080800CC70623B8D05915C650500003B10000034000000000000000000000000006E0800006662782F36394639363044362D344446342D343946362D394244322D32343142433338
310
46323333332F6F626A656374732E786D6C504B01021400140006080000CC70623B0000000000000000000000003500000000000000000000000000250E00006662782F36394639363044362D344446342D343946362D394244322D3234314243333846323333332F76657274696365732E62696E504B010214001400060808
310
00CC70623BF270F13306000000040000003600000000000000000000000000780E00006662782F36394639363044362D344446342D343946362D394244322D3234314243333846323333332F747269616E676C65732E62696E504B01021400140006080000CC70623B00000000000000000000000037000000000000000000
310
00000000D20E00006662782F36394639363044362D344446342D343946362D394244322D3234314243333846323333332F617474726962757465732E62696E504B01021400140006080800CC70623B08DA0BD190000000410100003600000000000000000000000000270F00006662782F36394639363044362D344446342D
310
343946362D394244322D3234314243333846323333332F6469726563746F72792E786D6C504B01021400140006080800CC70623BCA768048FE000000A00100003B000000000000000000000000000B1000006662782F36394639363044362D344446342D343946362D394244322D3234314243333846323333332F7265736F
310
75726365732F636F72652E786D6C504B0506000000000E000E0080040000621100000000
  0
XRECORD
  5
176
102
{ACAD_REACTORS
330
173
102
}
330
173
100
AcDbXrecord
280
     1
270
     1
271
     1
  0
XRECORD
  5
177
102
{ACAD_REACTORS
330
173
102
}
330
173
100
AcDbXrecord
280
     1
270
     1
271
     1
  0
CELLSTYLEMAP
  5
15AE
102
{ACAD_REACTORS
330
162
102
}
330
162
100
AcDbCellStyleMap
 90
        3
300
CELLSTYLE
  1
TABLEFORMAT_BEGIN
 90
        5
170
     1
 91
        0
 92
    32768
 62
   257
 93
        1
300
CONTENTFORMAT
  1
CONTENTFORMAT_BEGIN
 90
        0
 91
        0
 92
      512
 93
        0
300

 40
0.0
140
1.0
 94
        5
 62
     0
340
11
144
6.0
309
CONTENTFORMAT_END
171
     1
301
MARGIN
  1
CELLMARGIN_BEGIN
 40
1.5
 40
1.5
 40
1.5
 40
1.5
 40
4.5
 40
4.5
309
CELLMARGIN_END
 94
        6
 95
        1
302
GRIDFORMAT
  1
GRIDFORMAT_BEGIN
 90
        0
 91
        1
 62
     0
 92
       -2
340
14
 93
        0
 40
1.125
309
GRIDFORMAT_END
 95
        2
302
GRIDFORMAT
  1
GRIDFORMAT_BEGIN
 90
        0
 91
        1
 62
     0
 92
       -2
340
14
 93
        0
 40
1.125
309
GRIDFORMAT_END
 95
        4
302
GRIDFORMAT
  1
GRIDFORMAT_BEGIN
 90
        0
 91
        1
 62
     0
 92
       -2
340
14
 93
        0
 40
1.125
309
GRIDFORMAT_END
 95
        8
302
GRIDFORMAT
  1
GRIDFORMAT_BEGIN
 90
        0
 91
        1
 62
     0
 92
       -2
340
14
 93
        0
 40
1.125
309
GRIDFORMAT_END
 95
       16
302
GRIDFORMAT
  1
GRIDFORMAT_BEGIN
 90
        0
 91
        1
 62
     0
 92
       -2
340
14
 93
        0
 40
1.125
309
GRIDFORMAT_END
 95
       32
302
GRIDFORMAT
  1
GRIDFORMAT_BEGIN
 90
        0
 91
        1
 62
     0
 92
       -2
340
14
 93
        0
 40
1.125
309
GRIDFORMAT_END
309
TABLEFORMAT_END
  1
CELLSTYLE_BEGIN
 90
        1
 91
        1
300
_TITLE
309
CELLSTYLE_END
300
CELLSTYLE
  1
TABLEFORMAT_BEGIN
 90
        5
170
     1
 91
        0
 92
        0
 62
   257
 93
        1
300
CONTENTFORMAT
  1
CONTENTFORMAT_BEGIN
 90
        0
 91
        0
 92
      512
 93
        0
300

 40
0.0
140
1.0
 94
        5
 62
     0
340
11
144
4.5
309
CONTENTFORMAT_END
171
     1
301
MARGIN
  1
CELLMARGIN_BEGIN
 40
1.5
 40
1.5
 40
1.5
 40
1.5
 40
4.5
 40
4.5
309
CELLMARGIN_END
 94
        6
 95
        1
302
GRIDFORMAT
  1
GRIDFORMAT_BEGIN
 90
        0
 91
        1
 62
     0
 92
       -2
340
14
 93
        0
 40
1.125
309
GRIDFORMAT_END
 95
        2
302
GRIDFORMAT
  1
GRIDFORMAT_BEGIN
 90
        0
 91
        1
 62
     0
 92
       -2
340
14
 93
        0
 40
1.125
309
GRIDFORMAT_END
 95
        4
302
GRIDFORMAT
  1
GRIDFORMAT_BEGIN
 90
        0
 91
        1
 62
     0
 92
       -2
340
14
 93
        0
 40
1.125
309
GRIDFORMAT_END
 95
        8
302
GRIDFORMAT
  1
GRIDFORMAT_BEGIN
 90
        0
 91
        1
 62
     0
 92
       -2
340
14
 93
        0
 40
1.125
309
GRIDFORMAT_END
 95
       16
302
GRIDFORMAT
  1
GRIDFORMAT_BEGIN
 90
        0
 91
        1
 62
     0
 92
       -2
340
14
 93
        0
 40
1.125
309
GRIDFORMAT_END
 95
       32
302
GRIDFORMAT
  1
GRIDFORMAT_BEGIN
 90
        0
 91
        1
 62
     0
 92
       -2
340
14
 93
        0
 40
1.125
309
GRIDFORMAT_END
309
TABLEFORMAT_END
  1
CELLSTYLE_BEGIN
 90
        2
 91
        1
300
_HEADER
309
CELLSTYLE_END
300
CELLSTYLE
  1
TABLEFORMAT_BEGIN
 90
        5
170
     1
 91
        0
 92
        0
 62
   257
 93
        1
300
CONTENTFORMAT
  1
CONTENTFORMAT_BEGIN
 90
        0
 91
        0
 92
      512
 93
        0
300

 40
0.0
140
1.0
 94
        2
 62
     0
340
11
144
4.5
309
CONTENTFORMAT_END
171
     1
301
MARGIN
  1
CELLMARGIN_BEGIN
 40
1.5
 40
1.5
 40
1.5
 40
1.5
 40
4.5
 40
4.5
309
CELLMARGIN_END
 94
        6
 95
        1
302
GRIDFORMAT
  1
GRIDFORMAT_BEGIN
 90
        0
 91
        1
 62
     0
 92
       -2
340
14
 93
        0
 40
1.125
309
GRIDFORMAT_END
 95
        2
302
GRIDFORMAT
  1
GRIDFORMAT_BEGIN
 90
        0
 91
        1
 62
     0
 92
       -2
340
14
 93
        0
 40
1.125
309
GRIDFORMAT_END
 95
        4
302
GRIDFORMAT
  1
GRIDFORMAT_BEGIN
 90
        0
 91
        1
 62
     0
 92
       -2
340
14
 93
        0
 40
1.125
309
GRIDFORMAT_END
 95
        8
302
GRIDFORMAT
  1
GRIDFORMAT_BEGIN
 90
        0
 91
        1
 62
     0
 92
       -2
340
14
 93
        0
 40
1.125
309
GRIDFORMAT_END
 95
       16
302
GRIDFORMAT
  1
GRIDFORMAT_BEGIN
 90
        0
 91
        1
 62
     0
 92
       -2
340
14
 93
        0
 40
1.125
309
GRIDFORMAT_END
 95
       32
302
GRIDFORMAT
  1
GRIDFORMAT_BEGIN
 90
        0
 91
        1
 62
     0
 92
       -2
340
14
 93
        0
 40
1.125
309
GRIDFORMAT_END
309
TABLEFORMAT_END
  1
CELLSTYLE_BEGIN
 90
        3
 91
        2
300
_DATA
309
CELLSTYLE_END
  0
XRECORD
  5
AE9
102
{ACAD_REACTORS
330
AE8
102
}
330
AE8
100
AcDbXrecord
280
     1
1071
135625452
1071
184556386
 70
    25
 70
   104
 10
0.0
 20
0.0
 30
0.0
  1
арм.25
  0
XRECORD
  5
AEA
102
{ACAD_REACTORS
330
AE8
102
}
330
AE8
100
AcDbXrecord
280
     1
1071
  6895636
1071
  9291323
 70
    25
 70
   104
 40
0.0
  0
XRECORD
  5
AEB
102
{ACAD_REACTORS
330
AE8
102
}
330
AE8
100
AcDbXrecord
280
     1
1071
 18597260
1071
 25303744
 70
    25
 70
   104
 10
0.0
 20
-0.0134999999999996
 30
0.0
 10
0.0732502248931351
 20
-0.0134999999999998
 30
0.0
 10
0.0
 20
0.0
 30
-1.0
  0
XRECORD
  5
AEC
102
{ACAD_REACTORS
330
AE8
102
}
330
AE8
100
AcDbXrecord
280
     1
1071
  6895636
1071
  9291323
 70
    25
 70
   104
 40
0.0
  0
XRECORD
  5
AF3
102
{ACAD_REACTORS
330
AF2
102
}
330
AF2
100
AcDbXrecord
280
     1
1071
135625452
1071
184556386
 70
    25
 70
   104
 10
0.0
 20
0.0
 30
0.0
  1
арм.25
  0
XRECORD
  5
AF4
102
{ACAD_REACTORS
330
AF2
102
}
330
AF2
100
AcDbXrecord
280
     1
1071
  6895636
1071
  9291323
 70
    25
 70
   104
 40
0.0
  0
XRECORD
  5
AF5
102
{ACAD_REACTORS
330
AF2
102
}
330
AF2
100
AcDbXrecord
280
     1
1071
 18597260
1071
 25303744
 70
    25
 70
   104
 10
0.0
 20
-0.0134999999999996
 30
0.0
 10
0.0732502248931351
 20
-0.0134999999999998
 30
0.0
 10
0.0
 20
0.0
 30
-1.0
  0
XRECORD
  5
AF6
102
{ACAD_REACTORS
330
AF2
102
}
330
AF2
100
AcDbXrecord
280
     1
1071
  6895636
1071
  9291323
 70
    25
 70
   104
 40
0.0
  0
XRECORD
  5
AFD
102
{ACAD_REACTORS
330
AFC
102
}
330
AFC
100
AcDbXrecord
280
     1
1071
135625452
1071
184556386
 70
    25
 70
   104
 10
0.0
 20
0.0
 30
0.0
  1
арм.25
  0
XRECORD
  5
AFE
102
{ACAD_REACTORS
330
AFC
102
}
330
AFC
100
AcDbXrecord
280
     1
1071
  6895636
1071
  9291323
 70
    25
 70
   104
 40
0.0
  0
XRECORD
  5
AFF
102
{ACAD_REACTORS
330
AFC
102
}
330
AFC
100
AcDbXrecord
280
     1
1071
 18597260
1071
 25303744
 70
    25
 70
   104
 10
0.0
 20
-0.0134999999999996
 30
0.0
 10
0.0732502248931351
 20
-0.0134999999999998
 30
0.0
 10
0.0
 20
0.0
 30
-1.0
  0
XRECORD
  5
B00
102
{ACAD_REACTORS
330
AFC
102
}
330
AFC
100
AcDbXrecord
280
     1
1071
  6895636
1071
  9291323
 70
    25
 70
   104
 40
0.0
  0
XRECORD
  5
B07
102
{ACAD_REACTORS
330
B06
102
}
330
B06
100
AcDbXrecord
280
     1
1071
135625452
1071
184556386
 70
    25
 70
   104
 10
0.0
 20
0.0
 30
0.0
  1
арм.25
  0
XRECORD
  5
B08
102
{ACAD_REACTORS
330
B06
102
}
330
B06
100
AcDbXrecord
280
     1
1071
  6895636
1071
  9291323
 70
    25
 70
   104
 40
0.0
  0
XRECORD
  5
B09
102
{ACAD_REACTORS
330
B06
102
}
330
B06
100
AcDbXrecord
280
     1
1071
 18597260
1071
 25303744
 70
    25
 70
   104
 10
0.0
 20
-0.0134999999999996
 30
0.0
 10
0.0732502248931351
 20
-0.0134999999999998
 30
0.0
 10
0.0
 20
0.0
 30
-1.0
  0
XRECORD
  5
B0A
102
{ACAD_REACTORS
330
B06
102
}
330
B06
100
AcDbXrecord
280
     1
1071
  6895636
1071
  9291323
 70
    25
 70
   104
 40
0.0
  0
XRECORD
  5
B11
102
{ACAD_REACTORS
330
B10
102
}
330
B10
100
AcDbXrecord
280
     1
1071
135625452
1071
184556386
 70
    25
 70
   104
 10
0.0
 20
0.0
 30
0.0
  1
арм.25
  0
XRECORD
  5
B12
102
{ACAD_REACTORS
330
B10
102
}
330
B10
100
AcDbXrecord
280
     1
1071
  6895636
1071
  9291323
 70
    25
 70
   104
 40
0.0
  0
XRECORD
  5
B13
102
{ACAD_REACTORS
330
B10
102
}
330
B10
100
AcDbXrecord
280
     1
1071
 18597260
1071
 25303744
 70
    25
 70
   104
 10
0.0
 20
-0.0134999999999996
 30
0.0
 10
0.0732502248931351
 20
-0.0134999999999998
 30
0.0
 10
0.0
 20
0.0
 30
-1.0
  0
XRECORD
  5
B14
102
{ACAD_REACTORS
330
B10
102
}
330
B10
100
AcDbXrecord
280
     1
1071
  6895636
1071
  9291323
 70
    25
 70
   104
 40
0.0
  0
XRECORD
  5
B1B
102
{ACAD_REACTORS
330
B1A
102
}
330
B1A
100
AcDbXrecord
280
     1
1071
135625452
1071
184556386
 70
    25
 70
   104
 10
0.0
 20
0.0
 30
0.0
  1
арм.25
  0
XRECORD
  5
B1C
102
{ACAD_REACTORS
330
B1A
102
}
330
B1A
100
AcDbXrecord
280
     1
1071
  6895636
1071
  9291323
 70
    25
 70
   104
 40
0.0
  0
XRECORD
  5
B1D
102
{ACAD_REACTORS
330
B1A
102
}
330
B1A
100
AcDbXrecord
280
     1
1071
 18597260
1071
 25303744
 70
    25
 70
   104
 10
0.0
 20
-0.0134999999999996
 30
0.0
 10
0.0732502248931351
 20
-0.0134999999999998
 30
0.0
 10
0.0
 20
0.0
 30
-1.0
  0
XRECORD
  5
B1E
102
{ACAD_REACTORS
330
B1A
102
}
330
B1A
100
AcDbXrecord
280
     1
1071
  6895636
1071
  9291323
 70
    25
 70
   104
 40
0.0
  0
XRECORD
  5
B25
102
{ACAD_REACTORS
330
B24
102
}
330
B24
100
AcDbXrecord
280
     1
1071
135625452
1071
184556386
 70
    25
 70
   104
 10
0.0
 20
0.0
 30
0.0
  1
арм.25
  0
XRECORD
  5
B26
102
{ACAD_REACTORS
330
B24
102
}
330
B24
100
AcDbXrecord
280
     1
1071
  6895636
1071
  9291323
 70
    25
 70
   104
 40
0.0
  0
XRECORD
  5
B27
102
{ACAD_REACTORS
330
B24
102
}
330
B24
100
AcDbXrecord
280
     1
1071
 18597260
1071
 25303744
 70
    25
 70
   104
 10
0.0
 20
-0.0134999999999996
 30
0.0
 10
0.0732502248931351
 20
-0.0134999999999998
 30
0.0
 10
0.0
 20
0.0
 30
-1.0
  0
XRECORD
  5
B28
102
{ACAD_REACTORS
330
B24
102
}
330
B24
100
AcDbXrecord
280
     1
1071
  6895636
1071
  9291323
 70
    25
 70
   104
 40
0.0
  0
XRECORD
  5
B2F
102
{ACAD_REACTORS
330
B2E
102
}
330
B2E
100
AcDbXrecord
280
     1
1071
135625452
1071
184556386
 70
    25
 70
   104
 10
0.0
 20
0.0
 30
0.0
  1
арм.25
  0
XRECORD
  5
B30
102
{ACAD_REACTORS
330
B2E
102
}
330
B2E
100
AcDbXrecord
280
     1
1071
  6895636
1071
  9291323
 70
    25
 70
   104
 40
0.0
  0
XRECORD
  5
B31
102
{ACAD_REACTORS
330
B2E
102
}
330
B2E
100
AcDbXrecord
280
     1
1071
 18597260
1071
 25303744
 70
    25
 70
   104
 10
0.0
 20
-0.0134999999999996
 30
0.0
 10
0.0732502248931351
 20
-0.0134999999999998
 30
0.0
 10
0.0
 20
0.0
 30
-1.0
  0
XRECORD
  5
B32
102
{ACAD_REACTORS
330
B2E
102
}
330
B2E
100
AcDbXrecord
280
     1
1071
  6895636
1071
  9291323
 70
    25
 70
   104
 40
0.0
  0
XRECORD
  5
B39
102
{ACAD_REACTORS
330
B38
102
}
330
B38
100
AcDbXrecord
280
     1
1071
135625452
1071
184556386
 70
    25
 70
   104
 10
0.0
 20
0.0
 30
0.0
  1
арм.25
  0
XRECORD
  5
B3A
102
{ACAD_REACTORS
330
B38
102
}
330
B38
100
AcDbXrecord
280
     1
1071
  6895636
1071
  9291323
 70
    25
 70
   104
 40
0.0
  0
XRECORD
  5
B3B
102
{ACAD_REACTORS
330
B38
102
}
330
B38
100
AcDbXrecord
280
     1
1071
 18597260
1071
 25303744
 70
    25
 70
   104
 10
0.0
 20
-0.0134999999999996
 30
0.0
 10
0.0732502248931351
 20
-0.0134999999999998
 30
0.0
 10
0.0
 20
0.0
 30
-1.0
  0
XRECORD
  5
B3C
102
{ACAD_REACTORS
330
B38
102
}
330
B38
100
AcDbXrecord
280
     1
1071
  6895636
1071
  9291323
 70
    25
 70
   104
 40
0.0
  0
XRECORD
  5
B43
102
{ACAD_REACTORS
330
B42
102
}
330
B42
100
AcDbXrecord
280
     1
1071
135625452
1071
184556386
 70
    25
 70
   104
 10
0.0
 20
0.0
 30
0.0
  1
арм.25
  0
XRECORD
  5
B44
102
{ACAD_REACTORS
330
B42
102
}
330
B42
100
AcDbXrecord
280
     1
1071
  6895636
1071
  9291323
 70
    25
 70
   104
 40
0.0
  0
XRECORD
  5
B45
102
{ACAD_REACTORS
330
B42
102
}
330
B42
100
AcDbXrecord
280
     1
1071
 18597260
1071
 25303744
 70
    25
 70
   104
 10
0.0
 20
-0.0134999999999996
 30
0.0
 10
0.0732502248931351
 20
-0.0134999999999998
 30
0.0
 10
0.0
 20
0.0
 30
-1.0
  0
XRECORD
  5
B46
102
{ACAD_REACTORS
330
B42
102
}
330
B42
100
AcDbXrecord
280
     1
1071
  6895636
1071
  9291323
 70
    25
 70
   104
 40
0.0
  0
XRECORD
  5
B4D
102
{ACAD_REACTORS
330
B4C
102
}
330
B4C
100
AcDbXrecord
280
     1
1071
135625452
1071
184556386
 70
    25
 70
   104
 10
0.0
 20
0.0
 30
0.0
  1
арм.25
  0
XRECORD
  5
B4E
102
{ACAD_REACTORS
330
B4C
102
}
330
B4C
100
AcDbXrecord
280
     1
1071
  6895636
1071
  9291323
 70
    25
 70
   104
 40
0.0
  0
XRECORD
  5
B4F
102
{ACAD_REACTORS
330
B4C
102
}
330
B4C
100
AcDbXrecord
280
     1
1071
 18597260
1071
 25303744
 70
    25
 70
   104
 10
0.0
 20
-0.0134999999999996
 30
0.0
 10
0.0732502248931351
 20
-0.0134999999999998
 30
0.0
 10
0.0
 20
0.0
 30
-1.0
  0
XRECORD
  5
B50
102
{ACAD_REACTORS
330
B4C
102
}
330
B4C
100
AcDbXrecord
280
     1
1071
  6895636
1071
  9291323
 70
    25
 70
   104
 40
0.0
  0
XRECORD
  5
B57
102
{ACAD_REACTORS
330
B56
102
}
330
B56
100
AcDbXrecord
280
     1
1071
135625452
1071
184556386
 70
    25
 70
   104
 10
0.0
 20
0.0
 30
0.0
  1
арм.25
  0
XRECORD
  5
B58
102
{ACAD_REACTORS
330
B56
102
}
330
B56
100
AcDbXrecord
280
     1
1071
  6895636
1071
  9291323
 70
    25
 70
   104
 40
0.0
  0
XRECORD
  5
B59
102
{ACAD_REACTORS
330
B56
102
}
330
B56
100
AcDbXrecord
280
     1
1071
 18597260
1071
 25303744
 70
    25
 70
   104
 10
0.0
 20
-0.0134999999999996
 30
0.0
 10
0.0732502248931351
 20
-0.0134999999999998
 30
0.0
 10
0.0
 20
0.0
 30
-1.0
  0
XRECORD
  5
B5A
102
{ACAD_REACTORS
330
B56
102
}
330
B56
100
AcDbXrecord
280
     1
1071
  6895636
1071
  9291323
 70
    25
 70
   104
 40
0.0
  0
XRECORD
  5
B61
102
{ACAD_REACTORS
330
B60
102
}
330
B60
100
AcDbXrecord
280
     1
1071
135625452
1071
184556386
 70
    25
 70
   104
 10
0.0
 20
0.0
 30
0.0
  1
арм.25
  0
XRECORD
  5
B62
102
{ACAD_REACTORS
330
B60
102
}
330
B60
100
AcDbXrecord
280
     1
1071
  6895636
1071
  9291323
 70
    25
 70
   104
 40
0.0
  0
XRECORD
  5
B63
102
{ACAD_REACTORS
330
B60
102
}
330
B60
100
AcDbXrecord
280
     1
1071
 18597260
1071
 25303744
 70
    25
 70
   104
 10
0.0
 20
-0.0134999999999996
 30
0.0
 10
0.0732502248931351
 20
-0.0134999999999998
 30
0.0
 10
0.0
 20
0.0
 30
-1.0
  0
XRECORD
  5
B64
102
{ACAD_REACTORS
330
B60
102
}
330
B60
100
AcDbXrecord
280
     1
1071
  6895636
1071
  9291323
 70
    25
 70
   104
 40
0.0
  0
XRECORD
  5
B6B
102
{ACAD_REACTORS
330
B6A
102
}
330
B6A
100
AcDbXrecord
280
     1
1071
135625452
1071
184556386
 70
    25
 70
   104
 10
0.0
 20
0.0
 30
0.0
  1
арм.25
  0
XRECORD
  5
B6C
102
{ACAD_REACTORS
330
B6A
102
}
330
B6A
100
AcDbXrecord
280
     1
1071
  6895636
1071
  9291323
 70
    25
 70
   104
 40
0.0
  0
XRECORD
  5
B6D
102
{ACAD_REACTORS
330
B6A
102
}
330
B6A
100
AcDbXrecord
280
     1
1071
 18597260
1071
 25303744
 70
    25
 70
   104
 10
0.0
 20
-0.0134999999999996
 30
0.0
 10
0.0732502248931351
 20
-0.0134999999999998
 30
0.0
 10
0.0
 20
0.0
 30
-1.0
  0
XRECORD
  5
B6E
102
{ACAD_REACTORS
330
B6A
102
}
330
B6A
100
AcDbXrecord
280
     1
1071
  6895636
1071
  9291323
 70
    25
 70
   104
 40
0.0
  0
XRECORD
  5
B75
102
{ACAD_REACTORS
330
B74
102
}
330
B74
100
AcDbXrecord
280
     1
1071
135625452
1071
184556386
 70
    25
 70
   104
 10
0.0
 20
0.0
 30
0.0
  1
арм.25
  0
XRECORD
  5
B76
102
{ACAD_REACTORS
330
B74
102
}
330
B74
100
AcDbXrecord
280
     1
1071
  6895636
1071
  9291323
 70
    25
 70
   104
 40
0.0
  0
XRECORD
  5
B77
102
{ACAD_REACTORS
330
B74
102
}
330
B74
100
AcDbXrecord
280
     1
1071
 18597260
1071
 25303744
 70
    25
 70
   104
 10
0.0
 20
-0.0134999999999996
 30
0.0
 10
0.0732502248931351
 20
-0.0134999999999998
 30
0.0
 10
0.0
 20
0.0
 30
-1.0
  0
XRECORD
  5
B78
102
{ACAD_REACTORS
330
B74
102
}
330
B74
100
AcDbXrecord
280
     1
1071
  6895636
1071
  9291323
 70
    25
 70
   104
 40
0.0
  0
XRECORD
  5
B7F
102
{ACAD_REACTORS
330
B7E
102
}
330
B7E
100
AcDbXrecord
280
     1
1071
135625452
1071
184556386
 70
    25
 70
   104
 10
0.0
 20
0.0
 30
0.0
  1
арм.25
  0
XRECORD
  5
B80
102
{ACAD_REACTORS
330
B7E
102
}
330
B7E
100
AcDbXrecord
280
     1
1071
  6895636
1071
  9291323
 70
    25
 70
   104
 40
0.0
  0
XRECORD
  5
B81
102
{ACAD_REACTORS
330
B7E
102
}
330
B7E
100
AcDbXrecord
280
     1
1071
 18597260
1071
 25303744
 70
    25
 70
   104
 10
0.0
 20
-0.0134999999999996
 30
0.0
 10
0.0732502248931351
 20
-0.0134999999999998
 30
0.0
 10
0.0
 20
0.0
 30
-1.0
  0
XRECORD
  5
B82
102
{ACAD_REACTORS
330
B7E
102
}
330
B7E
100
AcDbXrecord
280
     1
1071
  6895636
1071
  9291323
 70
    25
 70
   104
 40
0.0
  0
XRECORD
  5
B89
102
{ACAD_REACTORS
330
B88
102
}
330
B88
100
AcDbXrecord
280
     1
1071
135625452
1071
184556386
 70
    25
 70
   104
 10
0.0
 20
0.0
 30
0.0
  1
арм.25
  0
XRECORD
  5
B8A
102
{ACAD_REACTORS
330
B88
102
}
330
B88
100
AcDbXrecord
280
     1
1071
  6895636
1071
  9291323
 70
    25
 70
   104
 40
0.0
  0
XRECORD
  5
B8B
102
{ACAD_REACTORS
330
B88
102
}
330
B88
100
AcDbXrecord
280
     1
1071
 18597260
1071
 25303744
 70
    25
 70
   104
 10
0.0
 20
-0.0134999999999996
 30
0.0
 10
0.0732502248931351
 20
-0.0134999999999998
 30
0.0
 10
0.0
 20
0.0
 30
-1.0
  0
XRECORD
  5
B8C
102
{ACAD_REACTORS
330
B88
102
}
330
B88
100
AcDbXrecord
280
     1
1071
  6895636
1071
  9291323
 70
    25
 70
   104
 40
0.0
  0
XRECORD
  5
B93
102
{ACAD_REACTORS
330
B92
102
}
330
B92
100
AcDbXrecord
280
     1
1071
135625452
1071
184556386
 70
    25
 70
   104
 10
0.0
 20
0.0
 30
0.0
  1
арм.25
  0
XRECORD
  5
B94
102
{ACAD_REACTORS
330
B92
102
}
330
B92
100
AcDbXrecord
280
     1
1071
  6895636
1071
  9291323
 70
    25
 70
   104
 40
0.0
  0
XRECORD
  5
B95
102
{ACAD_REACTORS
330
B92
102
}
330
B92
100
AcDbXrecord
280
     1
1071
 18597260
1071
 25303744
 70
    25
 70
   104
 10
0.0
 20
-0.0134999999999996
 30
0.0
 10
0.0732502248931351
 20
-0.0134999999999998
 30
0.0
 10
0.0
 20
0.0
 30
-1.0
  0
XRECORD
  5
B96
102
{ACAD_REACTORS
330
B92
102
}
330
B92
100
AcDbXrecord
280
     1
1071
  6895636
1071
  9291323
 70
    25
 70
   104
 40
0.0
  0
XRECORD
  5
B9D
102
{ACAD_REACTORS
330
B9C
102
}
330
B9C
100
AcDbXrecord
280
     1
1071
135625452
1071
184556386
 70
    25
 70
   104
 10
0.0
 20
0.0
 30
0.0
  1
арм.25
  0
XRECORD
  5
B9E
102
{ACAD_REACTORS
330
B9C
102
}
330
B9C
100
AcDbXrecord
280
     1
1071
  6895636
1071
  9291323
 70
    25
 70
   104
 40
0.0
  0
XRECORD
  5
B9F
102
{ACAD_REACTORS
330
B9C
102
}
330
B9C
100
AcDbXrecord
280
     1
1071
 18597260
1071
 25303744
 70
    25
 70
   104
 10
0.0
 20
-0.0134999999999996
 30
0.0
 10
0.0732502248931351
 20
-0.0134999999999998
 30
0.0
 10
0.0
 20
0.0
 30
-1.0
  0
XRECORD
  5
BA0
102
{ACAD_REACTORS
330
B9C
102
}
330
B9C
100
AcDbXrecord
280
     1
1071
  6895636
1071
  9291323
 70
    25
 70
   104
 40
0.0
  0
XRECORD
  5
BA7
102
{ACAD_REACTORS
330
BA6
102
}
330
BA6
100
AcDbXrecord
280
     1
1071
135625452
1071
184556386
 70
    25
 70
   104
 10
0.0
 20
0.0
 30
0.0
  1
арм.25
  0
XRECORD
  5
BA8
102
{ACAD_REACTORS
330
BA6
102
}
330
BA6
100
AcDbXrecord
280
     1
1071
  6895636
1071
  9291323
 70
    25
 70
   104
 40
0.0
  0
XRECORD
  5
BA9
102
{ACAD_REACTORS
330
BA6
102
}
330
BA6
100
AcDbXrecord
280
     1
1071
 18597260
1071
 25303744
 70
    25
 70
   104
 10
0.0
 20
-0.0134999999999996
 30
0.0
 10
0.0732502248931351
 20
-0.0134999999999998
 30
0.0
 10
0.0
 20
0.0
 30
-1.0
  0
XRECORD
  5
BAA
102
{ACAD_REACTORS
330
BA6
102
}
330
BA6
100
AcDbXrecord
280
     1
1071
  6895636
1071
  9291323
 70
    25
 70
   104
 40
0.0
  0
XRECORD
  5
BB1
102
{ACAD_REACTORS
330
BB0
102
}
330
BB0
100
AcDbXrecord
280
     1
1071
135625452
1071
184556386
 70
    25
 70
   104
 10
0.0
 20
0.0
 30
0.0
  1
арм.25
  0
XRECORD
  5
BB2
102
{ACAD_REACTORS
330
BB0
102
}
330
BB0
100
AcDbXrecord
280
     1
1071
  6895636
1071
  9291323
 70
    25
 70
   104
 40
0.0
  0
XRECORD
  5
BB3
102
{ACAD_REACTORS
330
BB0
102
}
330
BB0
100
AcDbXrecord
280
     1
1071
 18597260
1071
 25303744
 70
    25
 70
   104
 10
0.0
 20
-0.0134999999999996
 30
0.0
 10
0.0732502248931351
 20
-0.0134999999999998
 30
0.0
 10
0.0
 20
0.0
 30
-1.0
  0
XRECORD
  5
BB4
102
{ACAD_REACTORS
330
BB0
102
}
330
BB0
100
AcDbXrecord
280
     1
1071
  6895636
1071
  9291323
 70
    25
 70
   104
 40
0.0
  0
XRECORD
  5
BBB
102
{ACAD_REACTORS
330
BBA
102
}
330
BBA
100
AcDbXrecord
280
     1
1071
135625452
1071
184556386
 70
    25
 70
   104
 10
0.0
 20
0.0
 30
0.0
  1
арм.25
  0
XRECORD
  5
BBC
102
{ACAD_REACTORS
330
BBA
102
}
330
BBA
100
AcDbXrecord
280
     1
1071
  6895636
1071
  9291323
 70
    25
 70
   104
 40
0.0
  0
XRECORD
  5
BBD
102
{ACAD_REACTORS
330
BBA
102
}
330
BBA
100
AcDbXrecord
280
     1
1071
 18597260
1071
 25303744
 70
    25
 70
   104
 10
0.0
 20
-0.0134999999999996
 30
0.0
 10
0.0732502248931351
 20
-0.0134999999999998
 30
0.0
 10
0.0
 20
0.0
 30
-1.0
  0
XRECORD
  5
BBE
102
{ACAD_REACTORS
330
BBA
102
}
330
BBA
100
AcDbXrecord
280
     1
1071
  6895636
1071
  9291323
 70
    25
 70
   104
 40
0.0
  0
XRECORD
  5
BC5
102
{ACAD_REACTORS
330
BC4
102
}
330
BC4
100
AcDbXrecord
280
     1
1071
135625452
1071
184556386
 70
    25
 70
   104
 10
0.0
 20
0.0
 30
0.0
  1
арм.25
  0
XRECORD
  5
BC6
102
{ACAD_REACTORS
330
BC4
102
}
330
BC4
100
AcDbXrecord
280
     1
1071
  6895636
1071
  9291323
 70
    25
 70
   104
 40
0.0
  0
XRECORD
  5
BC7
102
{ACAD_REACTORS
330
BC4
102
}
330
BC4
100
AcDbXrecord
280
     1
1071
 18597260
1071
 25303744
 70
    25
 70
   104
 10
0.0
 20
-0.0134999999999996
 30
0.0
 10
0.0732502248931351
 20
-0.0134999999999998
 30
0.0
 10
0.0
 20
0.0
 30
-1.0
  0
XRECORD
  5
BC8
102
{ACAD_REACTORS
330
BC4
102
}
330
BC4
100
AcDbXrecord
280
     1
1071
  6895636
1071
  9291323
 70
    25
 70
   104
 40
0.0
  0
XRECORD
  5
BCF
102
{ACAD_REACTORS
330
BCE
102
}
330
BCE
100
AcDbXrecord
280
     1
1071
135625452
1071
184556386
 70
    25
 70
   104
 10
0.0
 20
0.0
 30
0.0
  1
арм.25
  0
XRECORD
  5
BD0
102
{ACAD_REACTORS
330
BCE
102
}
330
BCE
100
AcDbXrecord
280
     1
1071
  6895636
1071
  9291323
 70
    25
 70
   104
 40
0.0
  0
XRECORD
  5
BD1
102
{ACAD_REACTORS
330
BCE
102
}
330
BCE
100
AcDbXrecord
280
     1
1071
 18597260
1071
 25303744
 70
    25
 70
   104
 10
0.0
 20
-0.0134999999999996
 30
0.0
 10
0.0732502248931351
 20
-0.0134999999999998
 30
0.0
 10
0.0
 20
0.0
 30
-1.0
  0
XRECORD
  5
BD2
102
{ACAD_REACTORS
330
BCE
102
}
330
BCE
100
AcDbXrecord
280
     1
1071
  6895636
1071
  9291323
 70
    25
 70
   104
 40
0.0
  0
XRECORD
  5
BD9
102
{ACAD_REACTORS
330
BD8
102
}
330
BD8
100
AcDbXrecord
280
     1
1071
135625452
1071
184556386
 70
    25
 70
   104
 10
0.0
 20
0.0
 30
0.0
  1
арм.25
  0
XRECORD
  5
BDA
102
{ACAD_REACTORS
330
BD8
102
}
330
BD8
100
AcDbXrecord
280
     1
1071
  6895636
1071
  9291323
 70
    25
 70
   104
 40
0.0
  0
XRECORD
  5
BDB
102
{ACAD_REACTORS
330
BD8
102
}
330
BD8
100
AcDbXrecord
280
     1
1071
 18597260
1071
 25303744
 70
    25
 70
   104
 10
0.0
 20
-0.0134999999999996
 30
0.0
 10
0.0732502248931351
 20
-0.0134999999999998
 30
0.0
 10
0.0
 20
0.0
 30
-1.0
  0
XRECORD
  5
BDC
102
{ACAD_REACTORS
330
BD8
102
}
330
BD8
100
AcDbXrecord
280
     1
1071
  6895636
1071
  9291323
 70
    25
 70
   104
 40
0.0
  0
XRECORD
  5
BE3
102
{ACAD_REACTORS
330
BE2
102
}
330
BE2
100
AcDbXrecord
280
     1
1071
135625452
1071
184556386
 70
    25
 70
   104
 10
0.0
 20
0.0
 30
0.0
  1
арм.25
  0
XRECORD
  5
BE4
102
{ACAD_REACTORS
330
BE2
102
}
330
BE2
100
AcDbXrecord
280
     1
1071
  6895636
1071
  9291323
 70
    25
 70
   104
 40
0.0
  0
XRECORD
  5
BE5
102
{ACAD_REACTORS
330
BE2
102
}
330
BE2
100
AcDbXrecord
280
     1
1071
 18597260
1071
 25303744
 70
    25
 70
   104
 10
0.0
 20
-0.0134999999999996
 30
0.0
 10
0.0732502248931351
 20
-0.0134999999999998
 30
0.0
 10
0.0
 20
0.0
 30
-1.0
  0
XRECORD
  5
BE6
102
{ACAD_REACTORS
330
BE2
102
}
330
BE2
100
AcDbXrecord
280
     1
1071
  6895636
1071
  9291323
 70
    25
 70
   104
 40
0.0
  0
XRECORD
  5
BED
102
{ACAD_REACTORS
330
BEC
102
}
330
BEC
100
AcDbXrecord
280
     1
1071
135625452
1071
184556386
 70
    25
 70
   104
 10
0.0
 20
0.0
 30
0.0
  1
арм.25
  0
XRECORD
  5
BEE
102
{ACAD_REACTORS
330
BEC
102
}
330
BEC
100
AcDbXrecord
280
     1
1071
  6895636
1071
  9291323
 70
    25
 70
   104
 40
0.0
  0
XRECORD
  5
BEF
102
{ACAD_REACTORS
330
BEC
102
}
330
BEC
100
AcDbXrecord
280
     1
1071
 18597260
1071
 25303744
 70
    25
 70
   104
 10
0.0
 20
-0.0134999999999996
 30
0.0
 10
0.0732502248931351
 20
-0.0134999999999998
 30
0.0
 10
0.0
 20
0.0
 30
-1.0
  0
XRECORD
  5
BF0
102
{ACAD_REACTORS
330
BEC
102
}
330
BEC
100
AcDbXrecord
280
     1
1071
  6895636
1071
  9291323
 70
    25
 70
   104
 40
0.0
  0
XRECORD
  5
BF7
102
{ACAD_REACTORS
330
BF6
102
}
330
BF6
100
AcDbXrecord
280
     1
1071
135625452
1071
184556386
 70
    25
 70
   104
 10
0.0
 20
0.0
 30
0.0
  1
арм.25
  0
XRECORD
  5
BF8
102
{ACAD_REACTORS
330
BF6
102
}
330
BF6
100
AcDbXrecord
280
     1
1071
  6895636
1071
  9291323
 70
    25
 70
   104
 40
0.0
  0
XRECORD
  5
BF9
102
{ACAD_REACTORS
330
BF6
102
}
330
BF6
100
AcDbXrecord
280
     1
1071
 18597260
1071
 25303744
 70
    25
 70
   104
 10
0.0
 20
-0.0134999999999996
 30
0.0
 10
0.0732502248931351
 20
-0.0134999999999998
 30
0.0
 10
0.0
 20
0.0
 30
-1.0
  0
XRECORD
  5
BFA
102
{ACAD_REACTORS
330
BF6
102
}
330
BF6
100
AcDbXrecord
280
     1
1071
  6895636
1071
  9291323
 70
    25
 70
   104
 40
0.0
  0
XRECORD
  5
C01
102
{ACAD_REACTORS
330
C00
102
}
330
C00
100
AcDbXrecord
280
     1
1071
135625452
1071
184556386
 70
    25
 70
   104
 10
0.0
 20
0.0
 30
0.0
  1
арм.25
  0
XRECORD
  5
C02
102
{ACAD_REACTORS
330
C00
102
}
330
C00
100
AcDbXrecord
280
     1
1071
  6895636
1071
  9291323
 70
    25
 70
   104
 40
0.0
  0
XRECORD
  5
C03
102
{ACAD_REACTORS
330
C00
102
}
330
C00
100
AcDbXrecord
280
     1
1071
 18597260
1071
 25303744
 70
    25
 70
   104
 10
0.0
 20
-0.0134999999999996
 30
0.0
 10
0.0732502248931351
 20
-0.0134999999999998
 30
0.0
 10
0.0
 20
0.0
 30
-1.0
  0
XRECORD
  5
C04
102
{ACAD_REACTORS
330
C00
102
}
330
C00
100
AcDbXrecord
280
     1
1071
  6895636
1071
  9291323
 70
    25
 70
   104
 40
0.0
  0
XRECORD
  5
C0B
102
{ACAD_REACTORS
330
C0A
102
}
330
C0A
100
AcDbXrecord
280
     1
1071
135625452
1071
184556386
 70
    25
 70
   104
 10
0.0
 20
0.0
 30
0.0
  1
арм.25
  0
XRECORD
  5
C0C
102
{ACAD_REACTORS
330
C0A
102
}
330
C0A
100
AcDbXrecord
280
     1
1071
  6895636
1071
  9291323
 70
    25
 70
   104
 40
0.0
  0
XRECORD
  5
C0D
102
{ACAD_REACTORS
330
C0A
102
}
330
C0A
100
AcDbXrecord
280
     1
1071
 18597260
1071
 25303744
 70
    25
 70
   104
 10
0.0
 20
-0.0134999999999996
 30
0.0
 10
0.0732502248931351
 20
-0.0134999999999998
 30
0.0
 10
0.0
 20
0.0
 30
-1.0
  0
XRECORD
  5
C0E
102
{ACAD_REACTORS
330
C0A
102
}
330
C0A
100
AcDbXrecord
280
     1
1071
  6895636
1071
  9291323
 70
    25
 70
   104
 40
0.0
  0
XRECORD
  5
C15
102
{ACAD_REACTORS
330
C14
102
}
330
C14
100
AcDbXrecord
280
     1
1071
135625452
1071
184556386
 70
    25
 70
   104
 10
0.0
 20
0.0
 30
0.0
  1
арм.25
  0
XRECORD
  5
C16
102
{ACAD_REACTORS
330
C14
102
}
330
C14
100
AcDbXrecord
280
     1
1071
  6895636
1071
  9291323
 70
    25
 70
   104
 40
0.0
  0
XRECORD
  5
C17
102
{ACAD_REACTORS
330
C14
102
}
330
C14
100
AcDbXrecord
280
     1
1071
 18597260
1071
 25303744
 70
    25
 70
   104
 10
0.0
 20
-0.0134999999999996
 30
0.0
 10
0.0732502248931351
 20
-0.0134999999999998
 30
0.0
 10
0.0
 20
0.0
 30
-1.0
  0
XRECORD
  5
C18
102
{ACAD_REACTORS
330
C14
102
}
330
C14
100
AcDbXrecord
280
     1
1071
  6895636
1071
  9291323
 70
    25
 70
   104
 40
0.0
  0
XRECORD
  5
C1F
102
{ACAD_REACTORS
330
C1E
102
}
330
C1E
100
AcDbXrecord
280
     1
1071
135625452
1071
184556386
 70
    25
 70
   104
 10
0.0
 20
0.0
 30
0.0
  1
арм.25
  0
XRECORD
  5
C20
102
{ACAD_REACTORS
330
C1E
102
}
330
C1E
100
AcDbXrecord
280
     1
1071
  6895636
1071
  9291323
 70
    25
 70
   104
 40
0.0
  0
XRECORD
  5
C21
102
{ACAD_REACTORS
330
C1E
102
}
330
C1E
100
AcDbXrecord
280
     1
1071
 18597260
1071
 25303744
 70
    25
 70
   104
 10
0.0
 20
-0.0134999999999996
 30
0.0
 10
0.0732502248931351
 20
-0.0134999999999998
 30
0.0
 10
0.0
 20
0.0
 30
-1.0
  0
XRECORD
  5
C22
102
{ACAD_REACTORS
330
C1E
102
}
330
C1E
100
AcDbXrecord
280
     1
1071
  6895636
1071
  9291323
 70
    25
 70
   104
 40
0.0
  0
XRECORD
  5
C29
102
{ACAD_REACTORS
330
C28
102
}
330
C28
100
AcDbXrecord
280
     1
1071
135625452
1071
184556386
 70
    25
 70
   104
 10
0.0
 20
0.0
 30
0.0
  1
арм.25
  0
XRECORD
  5
C2A
102
{ACAD_REACTORS
330
C28
102
}
330
C28
100
AcDbXrecord
280
     1
1071
  6895636
1071
  9291323
 70
    25
 70
   104
 40
0.0
  0
XRECORD
  5
C2B
102
{ACAD_REACTORS
330
C28
102
}
330
C28
100
AcDbXrecord
280
     1
1071
 18597260
1071
 25303744
 70
    25
 70
   104
 10
0.0
 20
-0.0134999999999996
 30
0.0
 10
0.0732502248931351
 20
-0.0134999999999998
 30
0.0
 10
0.0
 20
0.0
 30
-1.0
  0
XRECORD
  5
C2C
102
{ACAD_REACTORS
330
C28
102
}
330
C28
100
AcDbXrecord
280
     1
1071
  6895636
1071
  9291323
 70
    25
 70
   104
 40
0.0
  0
XRECORD
  5
C33
102
{ACAD_REACTORS
330
C32
102
}
330
C32
100
AcDbXrecord
280
     1
1071
135625452
1071
184556386
 70
    25
 70
   104
 10
0.0
 20
0.0
 30
0.0
  1
арм.25
  0
XRECORD
  5
C34
102
{ACAD_REACTORS
330
C32
102
}
330
C32
100
AcDbXrecord
280
     1
1071
  6895636
1071
  9291323
 70
    25
 70
   104
 40
0.0
  0
XRECORD
  5
C35
102
{ACAD_REACTORS
330
C32
102
}
330
C32
100
AcDbXrecord
280
     1
1071
 18597260
1071
 25303744
 70
    25
 70
   104
 10
0.0
 20
-0.0134999999999996
 30
0.0
 10
0.0732502248931351
 20
-0.0134999999999998
 30
0.0
 10
0.0
 20
0.0
 30
-1.0
  0
XRECORD
  5
C36
102
{ACAD_REACTORS
330
C32
102
}
330
C32
100
AcDbXrecord
280
     1
1071
  6895636
1071
  9291323
 70
    25
 70
   104
 40
0.0
  0
XRECORD
  5
C3D
102
{ACAD_REACTORS
330
C3C
102
}
330
C3C
100
AcDbXrecord
280
     1
1071
135625452
1071
184556386
 70
    25
 70
   104
 10
0.0
 20
0.0
 30
0.0
  1
арм.25
  0
XRECORD
  5
C3E
102
{ACAD_REACTORS
330
C3C
102
}
330
C3C
100
AcDbXrecord
280
     1
1071
  6895636
1071
  9291323
 70
    25
 70
   104
 40
0.0
  0
XRECORD
  5
C3F
102
{ACAD_REACTORS
330
C3C
102
}
330
C3C
100
AcDbXrecord
280
     1
1071
 18597260
1071
 25303744
 70
    25
 70
   104
 10
0.0
 20
-0.0134999999999996
 30
0.0
 10
0.0732502248931351
 20
-0.0134999999999998
 30
0.0
 10
0.0
 20
0.0
 30
-1.0
  0
XRECORD
  5
C40
102
{ACAD_REACTORS
330
C3C
102
}
330
C3C
100
AcDbXrecord
280
     1
1071
  6895636
1071
  9291323
 70
    25
 70
   104
 40
0.0
  0
XRECORD
  5
C47
102
{ACAD_REACTORS
330
C46
102
}
330
C46
100
AcDbXrecord
280
     1
1071
135625452
1071
184556386
 70
    25
 70
   104
 10
0.0
 20
0.0
 30
0.0
  1
арм.25
  0
XRECORD
  5
C48
102
{ACAD_REACTORS
330
C46
102
}
330
C46
100
AcDbXrecord
280
     1
1071
  6895636
1071
  9291323
 70
    25
 70
   104
 40
0.0
  0
XRECORD
  5
C49
102
{ACAD_REACTORS
330
C46
102
}
330
C46
100
AcDbXrecord
280
     1
1071
 18597260
1071
 25303744
 70
    25
 70
   104
 10
0.0
 20
-0.0134999999999996
 30
0.0
 10
0.0732502248931351
 20
-0.0134999999999998
 30
0.0
 10
0.0
 20
0.0
 30
-1.0
  0
XRECORD
  5
C4A
102
{ACAD_REACTORS
330
C46
102
}
330
C46
100
AcDbXrecord
280
     1
1071
  6895636
1071
  9291323
 70
    25
 70
   104
 40
0.0
  0
XRECORD
  5
C51
102
{ACAD_REACTORS
330
C50
102
}
330
C50
100
AcDbXrecord
280
     1
1071
135625452
1071
184556386
 70
    25
 70
   104
 10
0.0
 20
0.0
 30
0.0
  1
арм.25
  0
XRECORD
  5
C52
102
{ACAD_REACTORS
330
C50
102
}
330
C50
100
AcDbXrecord
280
     1
1071
  6895636
1071
  9291323
 70
    25
 70
   104
 40
0.0
  0
XRECORD
  5
C53
102
{ACAD_REACTORS
330
C50
102
}
330
C50
100
AcDbXrecord
280
     1
1071
 18597260
1071
 25303744
 70
    25
 70
   104
 10
0.0
 20
-0.0134999999999996
 30
0.0
 10
0.0732502248931351
 20
-0.0134999999999998
 30
0.0
 10
0.0
 20
0.0
 30
-1.0
  0
XRECORD
  5
C54
102
{ACAD_REACTORS
330
C50
102
}
330
C50
100
AcDbXrecord
280
     1
1071
  6895636
1071
  9291323
 70
    25
 70
   104
 40
0.0
  0
XRECORD
  5
C5B
102
{ACAD_REACTORS
330
C5A
102
}
330
C5A
100
AcDbXrecord
280
     1
1071
135625452
1071
184556386
 70
    25
 70
   104
 10
0.0
 20
0.0
 30
0.0
  1
арм.25
  0
XRECORD
  5
C5C
102
{ACAD_REACTORS
330
C5A
102
}
330
C5A
100
AcDbXrecord
280
     1
1071
  6895636
1071
  9291323
 70
    25
 70
   104
 40
0.0
  0
XRECORD
  5
C5D
102
{ACAD_REACTORS
330
C5A
102
}
330
C5A
100
AcDbXrecord
280
     1
1071
 18597260
1071
 25303744
 70
    25
 70
   104
 10
0.0
 20
-0.0134999999999996
 30
0.0
 10
0.0732502248931351
 20
-0.0134999999999998
 30
0.0
 10
0.0
 20
0.0
 30
-1.0
  0
XRECORD
  5
C5E
102
{ACAD_REACTORS
330
C5A
102
}
330
C5A
100
AcDbXrecord
280
     1
1071
  6895636
1071
  9291323
 70
    25
 70
   104
 40
0.0
  0
XRECORD
  5
C65
102
{ACAD_REACTORS
330
C64
102
}
330
C64
100
AcDbXrecord
280
     1
1071
135625452
1071
184556386
 70
    25
 70
   104
 10
0.0
 20
0.0
 30
0.0
  1
арм.25
  0
XRECORD
  5
C66
102
{ACAD_REACTORS
330
C64
102
}
330
C64
100
AcDbXrecord
280
     1
1071
  6895636
1071
  9291323
 70
    25
 70
   104
 40
0.0
  0
XRECORD
  5
C67
102
{ACAD_REACTORS
330
C64
102
}
330
C64
100
AcDbXrecord
280
     1
1071
 18597260
1071
 25303744
 70
    25
 70
   104
 10
0.0
 20
-0.0134999999999996
 30
0.0
 10
0.0732502248931351
 20
-0.0134999999999998
 30
0.0
 10
0.0
 20
0.0
 30
-1.0
  0
XRECORD
  5
C68
102
{ACAD_REACTORS
330
C64
102
}
330
C64
100
AcDbXrecord
280
     1
1071
  6895636
1071
  9291323
 70
    25
 70
   104
 40
0.0
  0
XRECORD
  5
C6F
102
{ACAD_REACTORS
330
C6E
102
}
330
C6E
100
AcDbXrecord
280
     1
1071
135625452
1071
184556386
 70
    25
 70
   104
 10
0.0
 20
0.0
 30
0.0
  1
арм.25
  0
XRECORD
  5
C70
102
{ACAD_REACTORS
330
C6E
102
}
330
C6E
100
AcDbXrecord
280
     1
1071
  6895636
1071
  9291323
 70
    25
 70
   104
 40
0.0
  0
XRECORD
  5
C71
102
{ACAD_REACTORS
330
C6E
102
}
330
C6E
100
AcDbXrecord
280
     1
1071
 18597260
1071
 25303744
 70
    25
 70
   104
 10
0.0
 20
-0.0134999999999996
 30
0.0
 10
0.0732502248931351
 20
-0.0134999999999998
 30
0.0
 10
0.0
 20
0.0
 30
-1.0
  0
XRECORD
  5
C72
102
{ACAD_REACTORS
330
C6E
102
}
330
C6E
100
AcDbXrecord
280
     1
1071
  6895636
1071
  9291323
 70
    25
 70
   104
 40
0.0
  0
XRECORD
  5
C79
102
{ACAD_REACTORS
330
C78
102
}
330
C78
100
AcDbXrecord
280
     1
1071
135625452
1071
184556386
 70
    25
 70
   104
 10
0.0
 20
0.0
 30
0.0
  1
арм.25
  0
XRECORD
  5
C7A
102
{ACAD_REACTORS
330
C78
102
}
330
C78
100
AcDbXrecord
280
     1
1071
  6895636
1071
  9291323
 70
    25
 70
   104
 40
0.0
  0
XRECORD
  5
C7B
102
{ACAD_REACTORS
330
C78
102
}
330
C78
100
AcDbXrecord
280
     1
1071
 18597260
1071
 25303744
 70
    25
 70
   104
 10
0.0
 20
-0.0134999999999996
 30
0.0
 10
0.0732502248931351
 20
-0.0134999999999998
 30
0.0
 10
0.0
 20
0.0
 30
-1.0
  0
XRECORD
  5
C7C
102
{ACAD_REACTORS
330
C78
102
}
330
C78
100
AcDbXrecord
280
     1
1071
  6895636
1071
  9291323
 70
    25
 70
   104
 40
0.0
  0
XRECORD
  5
C83
102
{ACAD_REACTORS
330
C82
102
}
330
C82
100
AcDbXrecord
280
     1
1071
135625452
1071
184556386
 70
    25
 70
   104
 10
0.0
 20
0.0
 30
0.0
  1
арм.25
  0
XRECORD
  5
C84
102
{ACAD_REACTORS
330
C82
102
}
330
C82
100
AcDbXrecord
280
     1
1071
  6895636
1071
  9291323
 70
    25
 70
   104
 40
0.0
  0
XRECORD
  5
C85
102
{ACAD_REACTORS
330
C82
102
}
330
C82
100
AcDbXrecord
280
     1
1071
 18597260
1071
 25303744
 70
    25
 70
   104
 10
0.0
 20
-0.0134999999999996
 30
0.0
 10
0.0732502248931351
 20
-0.0134999999999998
 30
0.0
 10
0.0
 20
0.0
 30
-1.0
  0
XRECORD
  5
C86
102
{ACAD_REACTORS
330
C82
102
}
330
C82
100
AcDbXrecord
280
     1
1071
  6895636
1071
  9291323
 70
    25
 70
   104
 40
0.0
  0
XRECORD
  5
C8D
102
{ACAD_REACTORS
330
C8C
102
}
330
C8C
100
AcDbXrecord
280
     1
1071
135625452
1071
184556386
 70
    25
 70
   104
 10
0.0
 20
0.0
 30
0.0
  1
арм.25
  0
XRECORD
  5
C8E
102
{ACAD_REACTORS
330
C8C
102
}
330
C8C
100
AcDbXrecord
280
     1
1071
  6895636
1071
  9291323
 70
    25
 70
   104
 40
0.0
  0
XRECORD
  5
C8F
102
{ACAD_REACTORS
330
C8C
102
}
330
C8C
100
AcDbXrecord
280
     1
1071
 18597260
1071
 25303744
 70
    25
 70
   104
 10
0.0
 20
-0.0134999999999996
 30
0.0
 10
0.0732502248931351
 20
-0.0134999999999998
 30
0.0
 10
0.0
 20
0.0
 30
-1.0
  0
XRECORD
  5
C90
102
{ACAD_REACTORS
330
C8C
102
}
330
C8C
100
AcDbXrecord
280
     1
1071
  6895636
1071
  9291323
 70
    25
 70
   104
 40
0.0
  0
XRECORD
  5
C97
102
{ACAD_REACTORS
330
C96
102
}
330
C96
100
AcDbXrecord
280
     1
1071
135625452
1071
184556386
 70
    25
 70
   104
 10
0.0
 20
0.0
 30
0.0
  1
арм.25
  0
XRECORD
  5
C98
102
{ACAD_REACTORS
330
C96
102
}
330
C96
100
AcDbXrecord
280
     1
1071
  6895636
1071
  9291323
 70
    25
 70
   104
 40
0.0
  0
XRECORD
  5
C99
102
{ACAD_REACTORS
330
C96
102
}
330
C96
100
AcDbXrecord
280
     1
1071
 18597260
1071
 25303744
 70
    25
 70
   104
 10
0.0
 20
-0.0134999999999996
 30
0.0
 10
0.0732502248931351
 20
-0.0134999999999998
 30
0.0
 10
0.0
 20
0.0
 30
-1.0
  0
XRECORD
  5
C9A
102
{ACAD_REACTORS
330
C96
102
}
330
C96
100
AcDbXrecord
280
     1
1071
  6895636
1071
  9291323
 70
    25
 70
   104
 40
0.0
  0
XRECORD
  5
CA1
102
{ACAD_REACTORS
330
CA0
102
}
330
CA0
100
AcDbXrecord
280
     1
1071
135625452
1071
184556386
 70
    25
 70
   104
 10
0.0
 20
0.0
 30
0.0
  1
арм.25
  0
XRECORD
  5
CA2
102
{ACAD_REACTORS
330
CA0
102
}
330
CA0
100
AcDbXrecord
280
     1
1071
  6895636
1071
  9291323
 70
    25
 70
   104
 40
0.0
  0
XRECORD
  5
CA3
102
{ACAD_REACTORS
330
CA0
102
}
330
CA0
100
AcDbXrecord
280
     1
1071
 18597260
1071
 25303744
 70
    25
 70
   104
 10
0.0
 20
-0.0134999999999996
 30
0.0
 10
0.0732502248931351
 20
-0.0134999999999998
 30
0.0
 10
0.0
 20
0.0
 30
-1.0
  0
XRECORD
  5
CA4
102
{ACAD_REACTORS
330
CA0
102
}
330
CA0
100
AcDbXrecord
280
     1
1071
  6895636
1071
  9291323
 70
    25
 70
   104
 40
0.0
  0
XRECORD
  5
CAB
102
{ACAD_REACTORS
330
CAA
102
}
330
CAA
100
AcDbXrecord
280
     1
1071
135625452
1071
184556386
 70
    25
 70
   104
 10
0.0
 20
0.0
 30
0.0
  1
арм.25
  0
XRECORD
  5
CAC
102
{ACAD_REACTORS
330
CAA
102
}
330
CAA
100
AcDbXrecord
280
     1
1071
  6895636
1071
  9291323
 70
    25
 70
   104
 40
0.0
  0
XRECORD
  5
CAD
102
{ACAD_REACTORS
330
CAA
102
}
330
CAA
100
AcDbXrecord
280
     1
1071
 18597260
1071
 25303744
 70
    25
 70
   104
 10
0.0
 20
-0.0134999999999996
 30
0.0
 10
0.0732502248931351
 20
-0.0134999999999998
 30
0.0
 10
0.0
 20
0.0
 30
-1.0
  0
XRECORD
  5
CAE
102
{ACAD_REACTORS
330
CAA
102
}
330
CAA
100
AcDbXrecord
280
     1
1071
  6895636
1071
  9291323
 70
    25
 70
   104
 40
0.0
  0
XRECORD
  5
CB5
102
{ACAD_REACTORS
330
CB4
102
}
330
CB4
100
AcDbXrecord
280
     1
1071
135625452
1071
184556386
 70
    25
 70
   104
 10
0.0
 20
0.0
 30
0.0
  1
арм.25
  0
XRECORD
  5
CB6
102
{ACAD_REACTORS
330
CB4
102
}
330
CB4
100
AcDbXrecord
280
     1
1071
  6895636
1071
  9291323
 70
    25
 70
   104
 40
0.0
  0
XRECORD
  5
CB7
102
{ACAD_REACTORS
330
CB4
102
}
330
CB4
100
AcDbXrecord
280
     1
1071
 18597260
1071
 25303744
 70
    25
 70
   104
 10
0.0
 20
-0.0134999999999996
 30
0.0
 10
0.0732502248931351
 20
-0.0134999999999998
 30
0.0
 10
0.0
 20
0.0
 30
-1.0
  0
XRECORD
  5
CB8
102
{ACAD_REACTORS
330
CB4
102
}
330
CB4
100
AcDbXrecord
280
     1
1071
  6895636
1071
  9291323
 70
    25
 70
   104
 40
0.0
  0
XRECORD
  5
CBF
102
{ACAD_REACTORS
330
CBE
102
}
330
CBE
100
AcDbXrecord
280
     1
1071
135625452
1071
184556386
 70
    25
 70
   104
 10
0.0
 20
0.0
 30
0.0
  1
арм.25
  0
XRECORD
  5
CC0
102
{ACAD_REACTORS
330
CBE
102
}
330
CBE
100
AcDbXrecord
280
     1
1071
  6895636
1071
  9291323
 70
    25
 70
   104
 40
0.0
  0
XRECORD
  5
CC1
102
{ACAD_REACTORS
330
CBE
102
}
330
CBE
100
AcDbXrecord
280
     1
1071
 18597260
1071
 25303744
 70
    25
 70
   104
 10
0.0
 20
-0.0134999999999996
 30
0.0
 10
0.0732502248931351
 20
-0.0134999999999998
 30
0.0
 10
0.0
 20
0.0
 30
-1.0
  0
XRECORD
  5
CC2
102
{ACAD_REACTORS
330
CBE
102
}
330
CBE
100
AcDbXrecord
280
     1
1071
  6895636
1071
  9291323
 70
    25
 70
   104
 40
0.0
  0
XRECORD
  5
CC9
102
{ACAD_REACTORS
330
CC8
102
}
330
CC8
100
AcDbXrecord
280
     1
1071
135625452
1071
184556386
 70
    25
 70
   104
 10
0.0
 20
0.0
 30
0.0
  1
арм.25
  0
XRECORD
  5
CCA
102
{ACAD_REACTORS
330
CC8
102
}
330
CC8
100
AcDbXrecord
280
     1
1071
  6895636
1071
  9291323
 70
    25
 70
   104
 40
0.0
  0
XRECORD
  5
CCB
102
{ACAD_REACTORS
330
CC8
102
}
330
CC8
100
AcDbXrecord
280
     1
1071
 18597260
1071
 25303744
 70
    25
 70
   104
 10
0.0
 20
-0.0134999999999996
 30
0.0
 10
0.0732502248931351
 20
-0.0134999999999998
 30
0.0
 10
0.0
 20
0.0
 30
-1.0
  0
XRECORD
  5
CCC
102
{ACAD_REACTORS
330
CC8
102
}
330
CC8
100
AcDbXrecord
280
     1
1071
  6895636
1071
  9291323
 70
    25
 70
   104
 40
0.0
  0
XRECORD
  5
CD3
102
{ACAD_REACTORS
330
CD2
102
}
330
CD2
100
AcDbXrecord
280
     1
1071
135625452
1071
184556386
 70
    25
 70
   104
 10
0.0
 20
0.0
 30
0.0
  1
арм.25
  0
XRECORD
  5
CD4
102
{ACAD_REACTORS
330
CD2
102
}
330
CD2
100
AcDbXrecord
280
     1
1071
  6895636
1071
  9291323
 70
    25
 70
   104
 40
0.0
  0
XRECORD
  5
CD5
102
{ACAD_REACTORS
330
CD2
102
}
330
CD2
100
AcDbXrecord
280
     1
1071
 18597260
1071
 25303744
 70
    25
 70
   104
 10
0.0
 20
-0.0134999999999996
 30
0.0
 10
0.0732502248931351
 20
-0.0134999999999998
 30
0.0
 10
0.0
 20
0.0
 30
-1.0
  0
XRECORD
  5
CD6
102
{ACAD_REACTORS
330
CD2
102
}
330
CD2
100
AcDbXrecord
280
     1
1071
  6895636
1071
  9291323
 70
    25
 70
   104
 40
0.0
  0
XRECORD
  5
CDD
102
{ACAD_REACTORS
330
CDC
102
}
330
CDC
100
AcDbXrecord
280
     1
1071
135625452
1071
184556386
 70
    25
 70
   104
 10
0.0
 20
0.0
 30
0.0
  1
арм.25
  0
XRECORD
  5
CDE
102
{ACAD_REACTORS
330
CDC
102
}
330
CDC
100
AcDbXrecord
280
     1
1071
  6895636
1071
  9291323
 70
    25
 70
   104
 40
0.0
  0
XRECORD
  5
CDF
102
{ACAD_REACTORS
330
CDC
102
}
330
CDC
100
AcDbXrecord
280
     1
1071
 18597260
1071
 25303744
 70
    25
 70
   104
 10
0.0
 20
-0.0134999999999996
 30
0.0
 10
0.0732502248931351
 20
-0.0134999999999998
 30
0.0
 10
0.0
 20
0.0
 30
-1.0
  0
XRECORD
  5
CE0
102
{ACAD_REACTORS
330
CDC
102
}
330
CDC
100
AcDbXrecord
280
     1
1071
  6895636
1071
  9291323
 70
    25
 70
   104
 40
0.0
  0
XRECORD
  5
CE7
102
{ACAD_REACTORS
330
CE6
102
}
330
CE6
100
AcDbXrecord
280
     1
1071
135625452
1071
184556386
 70
    25
 70
   104
 10
0.0
 20
0.0
 30
0.0
  1
арм.25
  0
XRECORD
  5
CE8
102
{ACAD_REACTORS
330
CE6
102
}
330
CE6
100
AcDbXrecord
280
     1
1071
  6895636
1071
  9291323
 70
    25
 70
   104
 40
0.0
  0
XRECORD
  5
CE9
102
{ACAD_REACTORS
330
CE6
102
}
330
CE6
100
AcDbXrecord
280
     1
1071
 18597260
1071
 25303744
 70
    25
 70
   104
 10
0.0
 20
-0.0134999999999996
 30
0.0
 10
0.0732502248931351
 20
-0.0134999999999998
 30
0.0
 10
0.0
 20
0.0
 30
-1.0
  0
XRECORD
  5
CEA
102
{ACAD_REACTORS
330
CE6
102
}
330
CE6
100
AcDbXrecord
280
     1
1071
  6895636
1071
  9291323
 70
    25
 70
   104
 40
0.0
  0
ENDSEC
  0
SECTION
  2
ACDSDATA
 70
     2
 71
     8
  0
ACDSSCHEMA
 90
        0
  1
AcDb_Thumbnail_Schema
  2
AcDbDs::ID
280
    10
 91
        8
  2
Thumbnail_Data
280
    15
 91
        0
101
ACDSRECORD
 95
        0
 90
        1
  2
AcDbDs::TreatedAsObjectData
280
     1
291
     1
101
ACDSRECORD
 95
        0
 90
        2
  2
AcDbDs::Legacy
280
     1
291
     1
101
ACDSRECORD
  1
AcDbDs::ID
 90
        3
  2
AcDs:Indexable
280
     1
291
     1
101
ACDSRECORD
  1
AcDbDs::ID
 90
        4
  2
AcDbDs::HandleAttribute
280
     7
282
     1
  0
ACDSSCHEMA
 90
        1
  1
AcDbDs::TreatedAsObjectDataSchema
  2
AcDbDs::TreatedAsObjectData
280
     1
 91
        0
  0
ACDSSCHEMA
 90
        2
  1
AcDbDs::LegacySchema
  2
AcDbDs::Legacy
280
     1
 91
        0
  0
ACDSSCHEMA
 90
        3
  1
AcDbDs::IndexedPropertySchema
  2
AcDs:Indexable
280
     1
 91
        0
  0
ACDSSCHEMA
 90
        4
  1
AcDbDs::HandleAttributeSchema
  2
AcDbDs::HandleAttribute
280
     7
 91
        1
284
     1
  0
ACDSRECORD
 90
        0
  2
AcDbDs::ID
280
    10
320
22
  2
Thumbnail_Data
280
    15
 94
      896
310
89504E470D0A1A0A0000000D49484452000001000000009108030000001BE1960600000300504C5445212830FFFFFF2128300000000000000000000000000000000000000000000000000000330000660000990000CC0000FF0033000033330033660033990033CC0033FF0066000066330066660066990066CC0066FF0099
310
000099330099660099990099CC0099FF00CC0000CC3300CC6600CC9900CCCC00CCFF00FF0000FF3300FF6600FF9900FFCC00FFFF3300003300333300663300993300CC3300FF3333003333333333663333993333CC3333FF3366003366333366663366993366CC3366FF3399003399333399663399993399CC3399FF33CC00
310
33CC3333CC6633CC9933CCCC33CCFF33FF0033FF3333FF6633FF9933FFCC33FFFF6600006600336600666600996600CC6600FF6633006633336633666633996633CC6633FF6666006666336666666666996666CC6666FF6699006699336699666699996699CC6699FF66CC0066CC3366CC6666CC9966CCCC66CCFF66FF0066
310
FF3366FF6666FF9966FFCC66FFFF9900009900339900669900999900CC9900FF9933009933339933669933999933CC9933FF9966009966339966669966999966CC9966FF9999009999339999669999999999CC9999FF99CC0099CC3399CC6699CC9999CCCC99CCFF99FF0099FF3399FF6699FF9999FFCC99FFFFCC0000CC00
310
33CC0066CC0099CC00CCCC00FFCC3300CC3333CC3366CC3399CC33CCCC33FFCC6600CC6633CC6666CC6699CC66CCCC66FFCC9900CC9933CC9966CC9999CC99CCCC99FFCCCC00CCCC33CCCC66CCCC99CCCCCCCCCCFFCCFF00CCFF33CCFF66CCFF99CCFFCCCCFFFFFF0000FF0033FF0066FF0099FF00CCFF00FFFF3300FF3333
310
FF3366FF3399FF33CCFF33FFFF6600FF6633FF6666FF6699FF66CCFF66FFFF9900FF9933FF9966FF9999FF99CCFF99FFFFCC00FFCC33FFCC66FFCC99FFCCCCFFCCFFFFFF00FFFF33FFFF66FFFF99FFFFCCFFFFFF0000000D0D0D1A1A1A2828283535354343435050505D5D5D6B6B6B787878868686939393A1A1A1AEAEAEBB
310
BBBBC9C9C9D6D6D6E4E4E4F1F1F1FFFFFF0000000000000000000000000000000000000000000000000000000000002E4550F10000003B4944415478DAEDC13101000000C2A0F54F6D0B2FA0000000000000000000000000000000000000000000000000000000000000000000000000CE06919100016C9A5B1B0000000049
310
454E44AE426082
  0
ENDSEC
  0
EOF
